acc_ref,beat_no,severity,no_vehicle,no_casualt,a_date,a_day,a_date_day,a_date_mon,a_date_yr,a_time_hr,a_time_min,loc_auth,road1_class,road1_no,road_type,speed_limi,junc_det,junc_ctrl,road2_class,road2_no,light_cond,weather,road_surf,spec_cond,cway_hzrds,ovrtk_patrn,easting,northing,net_id,net_type,acc_type,text_id,division,Postcode,ped_xing_hc,ped_xing_p,place_reported,latitude,longitude
88910,,Serious,1,1,03/02/2010,Wednesday,3,February,10,17,35,230,Unclassified,,Single carriageway - 2 lanes,30,'T' or staggered junction,Give way sign or markings,Unclassified,,Darkness: street lights present and lit,Fine (without high winds),Dry,None,None,No overtaking,327550,671780,12228057,Junction,Pedestrian,344756,unset,EH165EH,Control by other authorised person,No physical crossing facility within 50m,At scene,55.93359998223903,-3.1612403018944577
89810,,Slight,1,1,01/02/2010,Monday,1,February,10,17,15,230,A,8,Single carriageway - 2 lanes,30,Multiple junction,Automatic Traffic Signal,C,,Darkness: street lights present and lit,Raining (without high winds),Dry,None,None,No overtaking,325330,673850,521040,Junction,Cyclist,344757,unset,EH22HG,Control by other authorised person,"Pelican, puffin, toucan or similar non-junction pedestrian light crossing",Elsewhere,55.951854322875185,-3.197339644476114
90010,,Slight,2,1,03/02/2010,Wednesday,3,February,10,17,10,230,Unclassified,,Single carriageway - 2 lanes,30,Not at or within 20 metres of junction,unset,\,,Darkness: street lights present but unlit,Fine (without high winds),Dry,None,None,No overtaking,318030,670150,0,Unset,T.V.N.P.,344758,unset,EH144AW,No crossing facility within 50m or physical crossing facility not controlled by authorised person,No physical crossing facility within 50m,At scene,55.917428144445786,-3.313083596466968
90510,,Slight,2,1,04/02/2010,Thursday,4,February,10,12,45,230,Unclassified,,Single carriageway - 2 lanes,30,Multiple junction,Automatic Traffic Signal,Unclassified,,Daylight: street lights present,Fine (without high winds),Dry,None,None,No overtaking,327970,674200,520758,Junction,T.V.N.P.,344759,unset,EH88JE,Control by other authorised person,Pedestrian phase at traffic signal junction,At scene,55.955401869004646,-3.1551662619276466
90810,,Slight,2,1,04/02/2010,Thursday,4,February,10,17,55,230,Unclassified,,Single carriageway - 2 lanes,30,Other junction,Give way sign or markings,B,701,Darkness: street lights present but unlit,Fine (without high winds),Dry,None,None,No overtaking,321820,669090,532933,Junction,Cyclist,344760,unset,EH130LB,No crossing facility within 50m or physical crossing facility not controlled by authorised person,No physical crossing facility within 50m,At scene,55.90853803981418,-3.2521538223012962
92210,,Slight,2,1,03/02/2010,Wednesday,3,February,10,13,0,230,Unclassified,,Single carriageway - 2 lanes,30,Not at or within 20 metres of junction,unset,\,,Daylight: no street lighting,Fine (without high winds),Dry,None,None,No overtaking,327870,674670,557950,Segment,T.V.N.P.,344761,unset,EH76BP,No crossing facility within 50m or physical crossing facility not controlled by authorised person,No physical crossing facility within 50m,Elsewhere,55.959608813991466,-3.15689339143275
93210,,Slight,1,1,05/02/2010,Friday,5,February,10,15,10,230,C,,Single carriageway - 2 lanes,30,Not at or within 20 metres of junction,unset,\,,Daylight: street lights present,Fine (without high winds),Dry,None,None,No overtaking,324160,672700,559466,Segment,Pedestrian,344762,unset,EH111AL,Control by other authorised person,"Pelican, puffin, toucan or similar non-junction pedestrian light crossing",At scene,55.941340709395334,-3.215747482634793
93310,,Serious,1,1,05/02/2010,Friday,5,February,10,14,0,230,Unclassified,,Single carriageway - 2 lanes,30,Crossroads,Authorised Person,A,902,Daylight: street lights present,Fine (without high winds),Dry,None,None,No overtaking,318570,675000,519951,Junction,Pedestrian,344763,unset,EH46AS,Control by other authorised person,Pedestrian phase at traffic signal junction,At scene,55.96108476151516,-3.305911573703771
93710,,Slight,2,1,05/02/2010,Friday,5,February,10,20,15,230,Unclassified,,Single carriageway - 2 lanes,30,Crossroads,Give way sign or markings,Unclassified,,Darkness: street lights present and lit,Fine (without high winds),Dry,None,None,No overtaking,321520,674390,520395,Junction,T.V.N.P.,344764,unset,EH43RG,No crossing facility within 50m or physical crossing facility not controlled by authorised person,No physical crossing facility within 50m,Elsewhere,55.95609700663069,-3.2584940987390287
94910,,Slight,3,1,29/01/2010,Friday,29,January,10,23,30,230,A,702,Single carriageway - 2 lanes,30,'T' or staggered junction,Give way sign or markings,Unclassified,,Darkness: street lights present and lit,Fine (without high winds),Dry,None,None,No overtaking,324920,672880,533347,Junction,Cyclist,344656,unset,EH39LZ,Control by other authorised person,Pedestrian phase at traffic signal junction,At scene,55.94307706445884,-3.2036333503782846
95110,,Slight,2,1,05/02/2010,Friday,5,February,10,19,20,230,B,700,Single carriageway - 2 lanes,30,Not at or within 20 metres of junction,unset,\,,Darkness: street lights present and lit,Raining (without high winds),Dry,None,None,No overtaking,324660,673180,566213,Segment,T.V.N.P.,344765,unset,EH38BL,No crossing facility within 50m or physical crossing facility not controlled by authorised person,No physical crossing facility within 50m,At scene,55.94573116028587,-3.207878902281088
96310,,Slight,1,1,06/02/2010,Saturday,6,February,10,7,25,230,Unclassified,,Single carriageway - 2 lanes,30,'T' or staggered junction,Give way sign or markings,Unclassified,,Darkness: street lights present and lit,Fine (without high winds),Dry,None,None,No overtaking,320910,675460,519765,Junction,S.V.N.P.,344766,unset,EH45AG,Control by other authorised person,Central refuge - no other controls,At scene,55.96560816779223,-3.268575472297375
96710,,Slight,2,1,06/02/2010,Saturday,6,February,10,23,50,230,Unclassified,,Single carriageway - 2 lanes,30,Roundabout,Give way sign or markings,Unclassified,,Darkness: street lights present and lit,Fine (without high winds),Dry,None,None,No overtaking,325700,673740,2310553,Junction,T.V.N.P.,344767,unset,EH11BQ,No crossing facility within 50m or physical crossing facility not controlled by authorised person,No physical crossing facility within 50m,Elsewhere,55.9509236418144,-3.191385568943554
96810,,Slight,2,1,07/02/2010,Sunday,7,February,10,17,14,230,A,702,Single carriageway - 2 lanes,30,'T' or staggered junction,Give way sign or markings,Unclassified,,Darkness: street lights present and lit,Fine (without high winds),Dry,None,None,No overtaking,324330,670340,530005,Junction,T.V.N.P.,344768,unset,EH106ER,No crossing facility within 50m or physical crossing facility not controlled by authorised person,Pedestrian phase at traffic signal junction,At scene,55.92016820162037,-3.212364202729718
97010,,Slight,1,1,06/02/2010,Saturday,6,February,10,14,0,230,C,,Single carriageway - 2 lanes,30,Not at or within 20 metres of junction,unset,\,,Daylight: street lights present,Fine (without high winds),Dry,None,None,No overtaking,322770,676650,559928,Segment,Pedestrian,344769,unset,EH51LL,No crossing facility within 50m or physical crossing facility not controlled by authorised person,No physical crossing facility within 50m,Elsewhere,55.97660055449482,-3.2391284817402854
99010,,Slight,2,1,08/02/2010,Monday,8,February,10,11,25,230,Unclassified,,One way Street,30,Roundabout,Give way sign or markings,A,1140,Daylight: street lights present,Fine (without high winds),Dry,None,None,No overtaking,329970,674390,530854,Junction,T.V.N.P.,344770,unset,EH76TH,No crossing facility within 50m or physical crossing facility not controlled by authorised person,Pedestrian phase at traffic signal junction,At scene,55.95740472760211,-3.1231919189982533
100410,,Slight,2,1,08/02/2010,Monday,8,February,10,19,0,230,C,,Single carriageway - 2 lanes,30,Crossroads,Automatic Traffic Signal,C,,Darkness: street lights present and lit,Fine (without high winds),Dry,None,None,No overtaking,325110,674140,520548,Junction,T.V.N.P.,344771,unset,EH21JX,No crossing facility within 50m or physical crossing facility not controlled by authorised person,Pedestrian phase at traffic signal junction,At scene,55.95442504612916,-3.2009425119857275
101510,,Slight,1,1,08/02/2010,Monday,8,February,10,18,36,230,B,924,Single carriageway - 2 lanes,60,Slip road,Give way sign or markings,A,90,Darkness: no street lighting,Fine (without high winds),Dry,None,None,No overtaking,316150,676970,0,Unset,S.V.N.P.,344772,unset,EH309TR,No crossing facility within 50m or physical crossing facility not controlled by authorised person,No physical crossing facility within 50m,At scene,55.97836298442695,-3.3452770067048925
102110,,Slight,2,1,10/02/2010,Wednesday,10,February,10,0,1,230,B,9080,Single carriageway - 2 lanes,60,Not at or within 20 metres of junction,unset,\,,Darkness: street lighting unknown,Fine (without high winds),Dry,None,None,No overtaking,313440,675110,0,Unset,T.V.N.P.,344773,unset,EH299EQ,No crossing facility within 50m or physical crossing facility not controlled by authorised person,No physical crossing facility within 50m,At scene,55.96117477766499,-3.3880922406771163
103910,,Slight,2,1,02/02/2010,Tuesday,2,February,10,8,55,230,A,71,Roundabout,40,Roundabout,Automatic Traffic Signal,Unclassified,,Daylight: no street lighting,Snowing (without high winds),Dry,None,None,No overtaking,318640,670430,2586683,Junction,T.V.N.P.,344774,unset,EH144AW,No crossing facility within 50m or physical crossing facility not controlled by authorised person,No physical crossing facility within 50m,At scene,55.920046893212415,-3.3034109497605253
106110,,Slight,2,1,10/02/2010,Wednesday,10,February,10,15,10,230,Unclassified,,Single carriageway - 2 lanes,30,Crossroads,Give way sign or markings,Unclassified,,Daylight: street lights present,Fine (without high winds),Dry,None,None,No overtaking,319720,670360,0,Unset,Cyclist,344775,unset,EH114QD,No crossing facility within 50m or physical crossing facility not controlled by authorised person,No physical crossing facility within 50m,At scene,55.91959976060544,-3.286114049257863
106510,,Slight,1,1,10/02/2010,Wednesday,10,February,10,13,45,230,A,6106,Single carriageway - 2 lanes,30,Crossroads,Automatic Traffic Signal,C,,Daylight: street lights present,Fine (without high winds),Dry,None,None,No overtaking,330150,673500,523662,Junction,Pedestrian,344776,unset,EH151LZ,Control by other authorised person,Pedestrian phase at traffic signal junction,At scene,55.94943607209967,-3.1200786958169657
107010,,Slight,2,1,10/02/2010,Wednesday,10,February,10,14,33,230,C,,Single carriageway - 2 lanes,30,Crossroads,Give way sign or markings,Unclassified,,Daylight: no street lighting,Fine (without high winds),Dry,None,None,No overtaking,327030,675220,519900,Junction,Cyclist,344777,unset,EH68RT,No crossing facility within 50m or physical crossing facility not controlled by authorised person,No physical crossing facility within 50m,At scene,55.96442235549646,-3.1704937998010405
107210,,Slight,1,1,10/02/2010,Wednesday,10,February,10,15,30,230,Unclassified,,Single carriageway - 2 lanes,20,Not at or within 20 metres of junction,unset,\,,Daylight: no street lighting,Fine (without high winds),Dry,None,None,No overtaking,327310,675640,557437,Segment,Pedestrian,344778,unset,EH68BR,No crossing facility within 50m or physical crossing facility not controlled by authorised person,"Pelican, puffin, toucan or similar non-junction pedestrian light crossing",At scene,55.96823767462652,-3.166122981439444
108210,,Slight,2,1,11/02/2010,Thursday,11,February,10,8,5,230,A,900,Single carriageway - 2 lanes,30,'T' or staggered junction,Automatic Traffic Signal,Unclassified,,Daylight: street lights present,Fine (without high winds),Dry,None,None,No overtaking,327290,676430,519265,Junction,Cyclist,344779,unset,EH67BG,No crossing facility within 50m or physical crossing facility not controlled by authorised person,Pedestrian phase at traffic signal junction,At scene,55.97533110064722,-3.1666569277350303
109410,,Slight,1,1,11/02/2010,Thursday,11,February,10,16,55,230,Unclassified,,Single carriageway - 2 lanes,30,Not at or within 20 metres of junction,unset,\,,Daylight: street lights present,Fine (without high winds),Dry,None,None,No overtaking,325840,674480,12222952,Segment,Pedestrian,344780,unset,EH13QR,No crossing facility within 50m or physical crossing facility not controlled by authorised person,No physical crossing facility within 50m,Elsewhere,55.95759257595306,-3.18934805641128
111710,,Slight,1,1,12/02/2010,Friday,12,February,10,14,0,230,C,,Single carriageway - 2 lanes,40,Not at or within 20 metres of junction,unset,\,,Daylight: street lights present,Fine (without high winds),Dry,None,None,No overtaking,316970,672010,0,Unset,S.V.N.P.,344781,unset,EH129BS,No crossing facility within 50m or physical crossing facility not controlled by authorised person,No physical crossing facility within 50m,At scene,55.93395338265726,-3.3306108471150564
112010,,Slight,1,1,12/02/2010,Friday,12,February,10,21,44,230,A,7,Single carriageway - 2 lanes,30,Not at or within 20 metres of junction,unset,\,,Darkness: street lights present and lit,Raining (without high winds),Dry,None,None,No overtaking,329060,670130,568105,Segment,Pedestrian,350559,unset,EH177SE,No crossing facility within 50m or physical crossing facility not controlled by authorised person,No physical crossing facility within 50m,At scene,55.91900345175289,-3.1366419850078047
114110,,Slight,1,1,13/02/2010,Saturday,13,February,10,9,25,230,Unclassified,,Single carriageway - 2 lanes,30,Not at or within 20 metres of junction,unset,\,,Daylight: street lights present,Fine (without high winds),Dry,None,None,No overtaking,328090,674990,557824,Segment,Pedestrian,344782,unset,EH76DY,No crossing facility within 50m or physical crossing facility not controlled by authorised person,No physical crossing facility within 50m,At scene,55.962516374545295,-3.1534559412203627
115410,,Slight,1,1,13/02/2010,Saturday,13,February,10,1,10,230,Unclassified,,Single carriageway - 2 lanes,30,Crossroads,Authorised Person,C,,Darkness: street lights present and lit,Raining (without high winds),Dry,None,None,No overtaking,325090,673220,521478,Junction,Pedestrian,344783,unset,EH39DR,Control by other authorised person,Pedestrian phase at traffic signal junction,At scene,55.946157769162504,-3.2010068106817644
118610,,Slight,2,1,15/02/2010,Monday,15,February,10,20,10,230,A,7,Single carriageway - 2 lanes,30,'T' or staggered junction,Automatic Traffic Signal,A,7,Darkness: street lights present and lit,Other,Dry,None,None,No overtaking,326660,672480,522093,Junction,Cyclist,344784,unset,EH165BR,No crossing facility within 50m or physical crossing facility not controlled by authorised person,No physical crossing facility within 50m,At scene,55.93975289833364,-3.1756731386580985
118910,,Slight,2,1,15/02/2010,Monday,15,February,10,16,0,230,Unclassified,,Single carriageway - 2 lanes,30,'T' or staggered junction,Give way sign or markings,Unclassified,,Daylight: no street lighting,Fine (without high winds),Dry,None,None,No overtaking,326500,672680,522462,Junction,Cyclist,344785,unset,EH89RB,No crossing facility within 50m or physical crossing facility not controlled by authorised person,No physical crossing facility within 50m,At scene,55.941525003536334,-3.17828851968807
120210,,Slight,1,1,16/02/2010,Tuesday,16,February,10,7,19,230,Unclassified,,Single carriageway - 2 lanes,30,'T' or staggered junction,Give way sign or markings,Unclassified,,Daylight: no street lighting,Fine (without high winds),Dry,None,None,No overtaking,317890,670060,12229737,Junction,S.V.N.P.,344786,unset,EH144AH,No crossing facility within 50m or physical crossing facility not controlled by authorised person,Pedestrian phase at traffic signal junction,At scene,55.91659582649762,-3.3152955328713896
122510,,Slight,2,1,16/02/2010,Tuesday,16,February,10,18,37,230,Unclassified,,Single carriageway - 2 lanes,30,Not at or within 20 metres of junction,unset,\,,Darkness: street lights present and lit,Fine (without high winds),Dry,None,None,No overtaking,328880,674160,558023,Segment,T.V.N.P.,344787,unset,EH87RU,No crossing facility within 50m or physical crossing facility not controlled by authorised person,No physical crossing facility within 50m,At scene,55.95517830084788,-3.140584948781879
122710,,Slight,3,1,16/02/2010,Tuesday,16,February,10,16,1,230,Unclassified,,Single carriageway - 2 lanes,30,'T' or staggered junction,Give way sign or markings,Unclassified,,Daylight: street lights present,Fine (without high winds),Dry,None,None,No overtaking,322290,669570,533227,Junction,M.V.N.P.,344788,unset,EH141EF,No crossing facility within 50m or physical crossing facility not controlled by authorised person,No physical crossing facility within 50m,At scene,55.91292593914999,-3.2447757938901667
123010,,Slight,1,1,17/02/2010,Wednesday,17,February,10,15,0,230,A,901,Single carriageway - 2 lanes,30,'T' or staggered junction,Give way sign or markings,Unclassified,,Daylight: street lights present,Fine (without high winds),Dry,None,None,No overtaking,326480,676640,531301,Junction,Pedestrian,344789,unset,EH64AR,No crossing facility within 50m or physical crossing facility not controlled by authorised person,No physical crossing facility within 50m,At scene,55.97709397094612,-3.179690428366659
123710,,Slight,2,1,05/02/2010,Friday,5,February,10,15,0,230,C,,Single carriageway - 2 lanes,30,Other junction,Automatic Traffic Signal,C,,Daylight: street lights present,Unknown,Dry,None,None,No overtaking,325950,674380,520599,Junction,Cyclist,344790,unset,EH13JT,Control by other authorised person,Pedestrian phase at traffic signal junction,Elsewhere,55.956711284582795,-3.1875591754762063
124210,,Slight,1,1,17/02/2010,Wednesday,17,February,10,18,10,230,Unclassified,,Single carriageway - 2 lanes,30,Not at or within 20 metres of junction,unset,\,,Darkness: street lights present and lit,Fine (without high winds),Dry,None,None,No overtaking,317940,672770,0,Unset,S.V.N.P.,344791,unset,EH128LX,No crossing facility within 50m or physical crossing facility not controlled by authorised person,No physical crossing facility within 50m,At scene,55.94094671615543,-3.315320365759728
129510,,Slight,1,1,19/02/2010,Friday,19,February,10,12,15,230,C,,Single carriageway - 2 lanes,30,Not at or within 20 metres of junction,unset,\,,Daylight: street lights present,Fine (without high winds),Dry,None,None,No overtaking,320200,672180,564454,Segment,Pedestrian,344792,unset,EH127JB,Control by other authorised person,Central refuge - no other controls,Elsewhere,55.936027947451485,-3.2789743662763873
131910,,Slight,1,1,20/02/2010,Saturday,20,February,10,10,5,230,C,,Single carriageway - 2 lanes,30,Crossroads,Automatic Traffic Signal,C,,Daylight: street lights present,Fine (without high winds),Dry,None,None,No overtaking,325080,674130,520548,Junction,Pedestrian,344793,unset,EH23NH,Control by other authorised person,Pedestrian phase at traffic signal junction,Elsewhere,55.954330535460635,-3.2014200612136388
132410,,Slight,1,1,20/02/2010,Saturday,20,February,10,11,45,230,Unclassified,,Single carriageway - 2 lanes,30,Not at or within 20 metres of junction,unset,\,,Daylight: street lights present,Fine (without high winds),Dry,None,None,No overtaking,327090,675840,557458,Segment,Bus,344794,unset,EH68HH,No crossing facility within 50m or physical crossing facility not controlled by authorised person,No physical crossing facility within 50m,Elsewhere,55.97000084956126,-3.1697009294805434
132710,,Slight,2,1,20/02/2010,Saturday,20,February,10,11,0,230,A,6106,Single carriageway - 2 lanes,40,Not at or within 20 metres of junction,unset,\,,Daylight: street lights present,Fine (without high winds),Dry,None,None,No overtaking,330090,673680,559865,Segment,T.V.N.P.,344795,unset,EH151NA,No crossing facility within 50m or physical crossing facility not controlled by authorised person,No physical crossing facility within 50m,At scene,55.951044280887885,-3.121085998761859
132810,,Slight,2,3,20/02/2010,Saturday,20,February,10,15,35,230,B,701,Single carriageway - 2 lanes,30,'T' or staggered junction,Give way sign or markings,Unclassified,,Daylight: street lights present,Fine (without high winds),Dry,None,None,No overtaking,319160,673860,520791,Junction,T.V.N.P.,344796,unset,EH128TD,Control by other authorised person,Pedestrian phase at traffic signal junction,At scene,55.95094454683626,-3.296121458696691
133810,,Slight,2,2,20/02/2010,Saturday,20,February,10,15,50,230,B,800,Single carriageway - 2 lanes,60,Not at or within 20 metres of junction,unset,\,,Daylight: street lights present,Fine (without high winds),Dry,None,None,No overtaking,311840,673460,555180,Segment,T.V.N.P.,344797,unset,EH299EA,No crossing facility within 50m or physical crossing facility not controlled by authorised person,No physical crossing facility within 50m,Elsewhere,55.94606316620945,-3.4131721323316375
135210,,Slight,1,1,20/02/2010,Saturday,20,February,10,15,30,230,Unclassified,,Single carriageway - 2 lanes,30,Not at or within 20 metres of junction,unset,\,,Daylight: no street lighting,Fine (without high winds),Dry,None,None,No overtaking,326450,672360,569466,Segment,Bus,344798,unset,EH91QS,No crossing facility within 50m or physical crossing facility not controlled by authorised person,"Pelican, puffin, toucan or similar non-junction pedestrian light crossing",At scene,55.93864282924763,-3.179001466971184
137810,,Slight,2,1,22/02/2010,Monday,22,February,10,14,0,230,A,90,Single carriageway - 2 lanes,30,Not at or within 20 metres of junction,unset,\,,Daylight: street lighting unknown,Unknown,Dry,None,None,No overtaking,323770,674230,555573,Segment,T.V.N.P.,344799,unset,EH43TP,No crossing facility within 50m or physical crossing facility not controlled by authorised person,No physical crossing facility within 50m,At scene,55.955022491465165,-3.2224226887920175
139110,,Serious,1,1,22/02/2010,Monday,22,February,10,15,40,230,A,90,Single carriageway - 2 lanes,40,'T' or staggered junction,Give way sign or markings,Unclassified,,Daylight: street lights present,Fine (without high winds),Dry,None,None,No overtaking,319350,674950,519975,Junction,Pedestrian,344800,unset,EH46ER,Control by other authorised person,Pedestrian phase at traffic signal junction,At scene,55.96076738549486,-3.293406259140709
141410,,Slight,1,1,23/02/2010,Tuesday,23,February,10,9,24,230,A,90,Single carriageway - 2 lanes,30,Other junction,Automatic Traffic Signal,C,,Daylight: street lights present,Fine (without high winds),Dry,None,None,No overtaking,324370,673880,520902,Junction,Bus,344801,unset,EH37TT,No crossing facility within 50m or physical crossing facility not controlled by authorised person,Pedestrian phase at traffic signal junction,At scene,55.9519734756448,-3.2127176285397425
141610,,Slight,1,1,23/02/2010,Tuesday,23,February,10,12,5,230,A,772,Single carriageway - 2 lanes,30,Crossroads,Automatic Traffic Signal,B,701,Daylight: street lights present,Fine (without high winds),Dry,None,None,No overtaking,329240,668670,530257,Junction,Pedestrian,344802,unset,EH178RQ,Control by other authorised person,"Pelican, puffin, toucan or similar non-junction pedestrian light crossing",At scene,55.90591474423881,-3.1333797951012388
141910,,Slight,2,1,23/02/2010,Tuesday,23,February,10,12,30,230,Unclassified,,Single carriageway - 2 lanes,30,Other junction,Give way sign or markings,Unclassified,,Daylight: street lights present,Fine (without high winds),Dry,None,None,No overtaking,324110,671640,522306,Junction,T.V.N.P.,344803,unset,EH105EH,No crossing facility within 50m or physical crossing facility not controlled by authorised person,No physical crossing facility within 50m,At scene,55.93181109664145,-3.216249302397036
145910,,Slight,1,1,23/02/2010,Tuesday,23,February,10,18,35,230,A,702,Single carriageway - 2 lanes,30,Not at or within 20 metres of junction,unset,\,,Darkness: street lights present and lit,Fine (without high winds),Dry,None,None,No overtaking,324730,673600,548952,Segment,Pedestrian,344804,unset,EH12DA,No crossing facility within 50m or physical crossing facility not controlled by authorised person,No physical crossing facility within 50m,Elsewhere,55.94951490216397,-3.2068757558669274
147710,,Slight,2,1,24/02/2010,Wednesday,24,February,10,12,0,230,A,720,Dual carriageway - 2 lanes,70,Not at or within 20 metres of junction,unset,\,,Daylight: no street lighting,Snowing (without high winds),Dry,None,None,No overtaking,325130,667460,2588221,Segment,T.V.N.P.,344805,unset,EH107DUA,No crossing facility within 50m or physical crossing facility not controlled by authorised person,No physical crossing facility within 50m,At scene,55.89442292872885,-3.1987680974119392
150310,,Slight,1,1,25/02/2010,Thursday,25,February,10,9,29,230,Unclassified,,Dual carriageway - 2 lanes,30,Crossroads,Automatic Traffic Signal,Unclassified,,Daylight: street lights present,Raining (without high winds),Dry,None,None,No overtaking,324600,673400,10254960,Junction,S.V.N.P.,344806,unset,EH12DA,No crossing facility within 50m or physical crossing facility not controlled by authorised person,No physical crossing facility within 50m,At scene,55.94769794593962,-3.2089009332457095
151710,,Slight,2,1,25/02/2010,Thursday,25,February,10,2,30,230,Unclassified,,Roundabout,40,Roundabout,Give way sign or markings,Unclassified,,Daylight: street lights present,Fine (without high winds),Dry,None,None,No overtaking,317880,672280,9658505,Junction,T.V.N.P.,344807,unset,EH129DF,No crossing facility within 50m or physical crossing facility not controlled by authorised person,No physical crossing facility within 50m,At scene,55.936535083637516,-3.3161313587170578
151910,,Slight,2,1,25/02/2010,Thursday,25,February,10,17,36,230,Unclassified,,Single carriageway - 3 lanes,40,Not at or within 20 metres of junction,unset,\,,Darkness: no street lighting,Raining (without high winds),Dry,None,None,No overtaking,323920,672680,559236,Segment,T.V.N.P.,344808,unset,EH112EF,No crossing facility within 50m or physical crossing facility not controlled by authorised person,No physical crossing facility within 50m,At scene,55.9411230829017,-3.219583171805182
152310,,Slight,2,1,25/02/2010,Thursday,25,February,10,6,23,230,A,8,Roundabout,30,Roundabout,Give way sign or markings,B,701,Darkness: street lights present and lit,Raining (without high winds),Dry,None,None,No overtaking,319320,672940,522894,Junction,Cyclist,344809,unset,EH128SQ,No crossing facility within 50m or physical crossing facility not controlled by authorised person,No physical crossing facility within 50m,At scene,55.94270759843469,-3.293284464657027
152910,,Slight,2,1,25/02/2010,Thursday,25,February,10,21,20,230,A,7,Single carriageway - 2 lanes,30,Not at or within 20 metres of junction,unset,\,,Darkness: street lights present and lit,Raining (without high winds),Dry,None,None,No overtaking,326160,673050,569460,Segment,T.V.N.P.,344810,unset,EH89EW,No crossing facility within 50m or physical crossing facility not controlled by authorised person,No physical crossing facility within 50m,At scene,55.94479648130193,-3.183831922143527
153010,,Slight,1,1,25/02/2010,Thursday,25,February,10,19,0,230,C,,Single carriageway - 2 lanes,30,'T' or staggered junction,Give way sign or markings,Unclassified,,Darkness: street lights present and lit,Raining (without high winds),Dry,None,None,No overtaking,324460,672870,521832,Junction,Pedestrian,344811,unset,EH38AP,No crossing facility within 50m or physical crossing facility not controlled by authorised person,No physical crossing facility within 50m,At scene,55.94291507456974,-3.21099346196186
153110,,Slight,2,1,26/02/2010,Friday,26,February,10,8,0,230,A,702,Single carriageway - 2 lanes,40,'T' or staggered junction,Give way sign or markings,Unclassified,,Daylight: street lights present,Raining (without high winds),Dry,None,None,No overtaking,324930,667470,2587334,Junction,T.V.N.P.,344812,unset,EH107DUA,No crossing facility within 50m or physical crossing facility not controlled by authorised person,No physical crossing facility within 50m,At scene,55.894481580527106,-3.2019681457357616
153810,,Slight,1,1,25/02/2010,Thursday,25,February,10,21,0,230,Unclassified,,Single carriageway - 2 lanes,30,Crossroads,Give way sign or markings,Unclassified,,Darkness: street lights present and lit,Raining (without high winds),Dry,None,None,No overtaking,328190,674790,523293,Junction,Pedestrian,344813,unset,EH76EQ,No crossing facility within 50m or physical crossing facility not controlled by authorised person,No physical crossing facility within 50m,Elsewhere,55.960734771498295,-3.151801096868184
154810,,Slight,2,1,26/02/2010,Friday,26,February,10,17,30,230,A,900,Roundabout,30,Roundabout,Give way sign or markings,Unclassified,,Daylight: street lights present,Raining (without high winds),Dry,None,None,No overtaking,326020,674350,520653,Junction,Cyclist,344814,unset,EH13JT,Control by other authorised person,Pedestrian phase at traffic signal junction,At scene,55.95645259831874,-3.186430083383508
155310,,Slight,1,1,27/02/2010,Saturday,27,February,10,1,20,230,A,7,Single carriageway - 2 lanes,30,Crossroads,Automatic Traffic Signal,C,,Darkness: street lights present and lit,Snowing with high winds,Dry,None,None,No overtaking,325940,673670,521103,Junction,Pedestrian,344815,unset,EH11SB,Control by other authorised person,Pedestrian phase at traffic signal junction,Elsewhere,55.95033194118018,-3.1875239883244775
156810,,Slight,2,1,25/02/2010,Thursday,25,February,10,17,0,230,A,6106,Single carriageway - 2 lanes,30,Not at or within 20 metres of junction,unset,\,,Darkness: street lights present and lit,Raining (without high winds),Dry,None,None,No overtaking,330480,671810,569114,Segment,Cyclist,344816,unset,EH153EL,No crossing facility within 50m or physical crossing facility not controlled by authorised person,No physical crossing facility within 50m,At scene,55.93430261319423,-3.1143594472828116
157210,,Serious,1,3,27/02/2010,Saturday,27,February,10,7,55,230,Unclassified,,Single carriageway - 2 lanes,30,'T' or staggered junction,Give way sign or markings,C,,Daylight: street lights present,Snowing (without high winds),Dry,None,None,No overtaking,328650,670350,530125,Junction,S.V.N.P.,344817,unset,EH164SZ,No crossing facility within 50m or physical crossing facility not controlled by authorised person,No physical crossing facility within 50m,At scene,55.92091900096514,-3.143258858427917
158210,,Slight,2,1,26/02/2010,Friday,26,February,10,20,30,230,A,6095,Single carriageway - 2 lanes,30,Crossroads,Automatic Traffic Signal,A,6106,Darkness: street lights present and lit,Unknown,Dry,None,None,No overtaking,330500,671750,530029,Junction,T.V.N.P.,344818,unset,EH153HH,Control by other authorised person,Pedestrian phase at traffic signal junction,At scene,55.93376652384715,-3.1140239107978265
159710,,Slight,2,2,28/02/2010,Sunday,28,February,10,11,30,230,Unclassified,,Single carriageway - 2 lanes,30,'T' or staggered junction,Give way sign or markings,Unclassified,,Daylight: street lights present,Fine (without high winds),Dry,None,None,No overtaking,324730,673950,520983,Junction,T.V.N.P.,344819,unset,EH24HQ,No crossing facility within 50m or physical crossing facility not controlled by authorised person,Pedestrian phase at traffic signal junction,At scene,55.9526588671574,-3.2069735898456666