acc_ref,beat_no,severity,no_vehicle,no_casualt,a_date,a_day,a_date_day,a_date_mon,a_date_yr,a_time_hr,a_time_min,loc_auth,road1_class,road1_no,road_type,speed_limi,junc_det,junc_ctrl,road2_class,road2_no,light_cond,weather,road_surf,spec_cond,cway_hzrds,ovrtk_patrn,easting,northing,net_id,net_type,acc_type,text_id,division,Postcode,ped_xing_hc,ped_xing_p,place_reported,latitude,longitude
159910,,Slight,1,1,26/02/2010,Friday,26,February,10,19,20,230,C,,Single carriageway - 2 lanes,30,Roundabout,Authorised Person,C,,Darkness: street lights present and lit,Raining (without high winds),Dry,None,None,No overtaking,325330,674060,520515,Junction,Pedestrian,344820,unset,EH21EL,Control by other authorised person,Zebra crossing,At scene,55.95374070795177,-3.197397884009806
160810,,Slight,2,1,15/02/2010,Monday,15,February,10,17,37,230,C,,Single carriageway - 2 lanes,30,Not at or within 20 metres of junction,unset,\,,Darkness: street lights present but unlit,Fine (without high winds),Dry,None,None,No overtaking,326900,669430,553525,Segment,T.V.N.P.,344821,unset,EH166NP,No crossing facility within 50m or physical crossing facility not controlled by authorised person,No physical crossing facility within 50m,At scene,55.91239162665234,-3.171005189717326
162310,,Slight,1,1,01/03/2010,Monday,1,March,10,15,45,230,Unclassified,,Single carriageway - 2 lanes,30,Not at or within 20 metres of junction,unset,\,,Daylight: street lights present,Fine (without high winds),Dry,None,None,No overtaking,327120,675820,557458,Segment,Pedestrian,353643,unset,EH68HN,Control by other authorised person,Central refuge - no other controls,At scene,55.96982575267925,-3.169214979132203
162510,,Slight,2,1,01/03/2010,Monday,1,March,10,16,10,230,Unclassified,,Single carriageway - 2 lanes,30,Crossroads,Automatic Traffic Signal,A,900,Daylight: street lights present,Fine (without high winds),Dry,None,None,No overtaking,326370,674900,520266,Junction,Cyclist,353644,unset,EH74LU,Control by other authorised person,"Pelican, puffin, toucan or similar non-junction pedestrian light crossing",Elsewhere,55.96144699287212,-3.1809763461245084
163010,,Serious,2,1,01/03/2010,Monday,1,March,10,18,45,230,A,901,Single carriageway - 2 lanes,30,'T' or staggered junction,Automatic Traffic Signal,A,901,Darkness: street lights present and lit,Fine (without high winds),Dry,None,None,No overtaking,326460,676740,531307,Junction,Pedestrian,353645,unset,EH66PJ,Control by other authorised person,Pedestrian phase at traffic signal junction,At scene,55.97798918420887,-3.180038196452137
163110,,Slight,3,2,01/03/2010,Monday,1,March,10,14,2,230,Unclassified,,Single carriageway - 2 lanes,30,'T' or staggered junction,Give way sign or markings,Unclassified,,Daylight: street lights present,Fine (without high winds),Dry,None,None,No overtaking,321890,671530,522207,Junction,M.V.N.P.,353646,unset,EH141TB,No crossing facility within 50m or physical crossing facility not controlled by authorised person,"Pelican, puffin, toucan or similar non-junction pedestrian light crossing",At scene,55.93046709433436,-3.2517407133799816
163410,,Serious,1,1,01/03/2010,Monday,1,March,10,18,37,230,Unclassified,,Single carriageway - 2 lanes,30,'T' or staggered junction,Stop sign,Unclassified,,Darkness: street lights present and lit,Fine (without high winds),Dry,None,None,No overtaking,323560,670830,529783,Junction,Pedestrian,353647,unset,EH105LF,Control by other authorised person,Central refuge - no other controls,At scene,55.924447862358406,-3.224820593680744
165010,,Slight,1,1,02/03/2010,Tuesday,2,March,10,9,5,230,Unclassified,,Single carriageway - 2 lanes,30,Not at or within 20 metres of junction,unset,\,,Daylight: street lights present,Fine (without high winds),Dry,None,None,No overtaking,325960,673030,0,Unset,Pedestrian,353648,unset,EH89AL,No crossing facility within 50m or physical crossing facility not controlled by authorised person,No physical crossing facility within 50m,At scene,55.94458601757089,-3.187027861731694
166810,,Slight,1,1,01/03/2010,Monday,1,March,10,22,30,230,Unclassified,,Single carriageway - 2 lanes,30,Not at or within 20 metres of junction,unset,\,,Darkness: street lighting unknown,Other,Dry,None,None,No overtaking,312650,672190,12231523,Segment,S.V.N.P.,353649,unset,EH288PL,No crossing facility within 50m or physical crossing facility not controlled by authorised person,No physical crossing facility within 50m,Elsewhere,55.93480396971089,-3.399795392949666
167310,,Slight,2,2,01/03/2010,Monday,1,March,10,18,5,230,A,720,Dual carriageway - 2 lanes,70,Not at or within 20 metres of junction,unset,\,,Darkness: street lights present and lit,Fine (without high winds),Dry,None,None,No overtaking,317520,672350,6453019,Segment,T.V.N.P.,353650,unset,EH129BS,No crossing facility within 50m or physical crossing facility not controlled by authorised person,No physical crossing facility within 50m,At scene,55.93710215718073,-3.3219138407800815
167510,,Slight,1,1,02/03/2010,Tuesday,2,March,10,17,25,230,Unclassified,,One way Street,30,'T' or staggered junction,Automatic Traffic Signal,C,,Daylight: street lighting unknown,Fine (without high winds),Dry,None,None,No overtaking,325730,673130,521514,Junction,Pedestrian,353651,unset,EH12QZ,No crossing facility within 50m or physical crossing facility not controlled by authorised person,No physical crossing facility within 50m,Elsewhere,55.94544876877215,-3.1907370602899823
169310,,Slight,1,1,01/03/2010,Monday,1,March,10,13,29,230,A,901,Single carriageway - 2 lanes,30,Not at or within 20 metres of junction,unset,\,,Daylight: no street lighting,Fine (without high winds),Dry,None,None,No overtaking,324730,677000,558719,Segment,Pedestrian,353652,unset,EH53RU,No crossing facility within 50m or physical crossing facility not controlled by authorised person,No physical crossing facility within 50m,At scene,55.980056203215106,-3.207826968430444
170210,,Slight,2,1,03/03/2010,Wednesday,3,March,10,13,50,230,A,1,Roundabout,40,Roundabout,Give way sign or markings,A,1,Daylight: street lights present,Fine (without high winds),Dry,None,None,No overtaking,331270,672440,530980,Junction,T.V.N.P.,353653,unset,EH153SA,No crossing facility within 50m or physical crossing facility not controlled by authorised person,No physical crossing facility within 50m,Elsewhere,55.940075704648436,-3.101877508873124
170610,,Slight,2,1,18/02/2010,Thursday,18,February,10,19,0,230,A,702,Single carriageway - 2 lanes,30,Not at or within 20 metres of junction,unset,\,,Daylight: street lighting unknown,Fine (without high winds),Dry,None,None,No overtaking,324910,672860,549186,Segment,Cyclist,344822,unset,EH39LZ,No crossing facility within 50m or physical crossing facility not controlled by authorised person,No physical crossing facility within 50m,At scene,55.94289584480237,-3.2037878398094923
173310,,Slight,2,2,04/03/2010,Thursday,4,March,10,15,30,230,A,701,Single carriageway - 2 lanes,30,Not at or within 20 metres of junction,unset,\,,Daylight: no street lighting,Fine (without high winds),Dry,None,None,No overtaking,327100,671160,569336,Segment,T.V.N.P.,353654,unset,EH165PS,No crossing facility within 50m or physical crossing facility not controlled by authorised person,No physical crossing facility within 50m,At scene,55.927962473070025,-3.1682738648299242
174210,,Slight,3,2,04/03/2010,Thursday,4,March,10,16,0,230,Motorway,9,Dual carriageway - 2 lanes,70,Not at or within 20 metres of junction,unset,\,,Daylight: street lights present,Fine (without high winds),Dry,None,None,No overtaking,312180,673490,562738,Segment,M.V.N.P.,353655,unset,EH299EA,No crossing facility within 50m or physical crossing facility not controlled by authorised person,No physical crossing facility within 50m,At scene,55.94639493779688,-3.407739769206996
176110,,Serious,1,1,05/03/2010,Friday,5,March,10,12,53,230,Unclassified,,Single carriageway - 2 lanes,30,'T' or staggered junction,Give way sign or markings,A,900,Daylight: street lights present,Fine (without high winds),Dry,None,None,No overtaking,326880,675740,519487,Junction,Pedestrian,353656,unset,EH68LX,No crossing facility within 50m or physical crossing facility not controlled by authorised person,No physical crossing facility within 50m,At scene,55.969070591940806,-3.173037452639218
176810,,Slight,1,1,05/03/2010,Friday,5,March,10,19,10,230,A,720,Dual carriageway - 2 lanes,70,Not at or within 20 metres of junction,unset,\,,Darkness: no street lighting,Fine (without high winds),Dry,None,None,No overtaking,320290,668950,570543,Segment,S.V.N.P.,353657,unset,EH145BQ,No crossing facility within 50m or physical crossing facility not controlled by authorised person,No physical crossing facility within 50m,At scene,55.90702921918796,-3.2765798421013694
177010,,Slight,2,1,06/03/2010,Saturday,6,March,10,2,5,230,Unclassified,,One way Street,30,Not at or within 20 metres of junction,unset,\,,Darkness: street lights present and lit,Fine (without high winds),Dry,None,None,No overtaking,325970,673030,0,Unset,Pedestrian,353658,unset,EH89AL,No crossing facility within 50m or physical crossing facility not controlled by authorised person,No physical crossing facility within 50m,At scene,55.9445875598903,-3.1868677907877756
178210,,Slight,2,1,23/02/2010,Tuesday,23,February,10,8,40,230,A,702,Single carriageway - 2 lanes,30,'T' or staggered junction,Give way sign or markings,Unclassified,,Daylight: street lights present,Unknown,Dry,None,None,No overtaking,324500,671620,523827,Junction,Cyclist,344823,unset,EH104BX,Control by other authorised person,Pedestrian phase at traffic signal junction,Elsewhere,55.93169290876087,-3.210003043963057
179010,,Slight,1,1,06/03/2010,Saturday,6,March,10,14,0,230,A,90,Single carriageway - 2 lanes,30,Other junction,Give way sign or markings,Unclassified,,Daylight: street lights present,Fine (without high winds),Dry,None,None,No overtaking,324660,673720,520962,Junction,Pedestrian,353659,unset,EH24DB,No crossing facility within 50m or physical crossing facility not controlled by authorised person,Pedestrian phase at traffic signal junction,At scene,55.95058184961717,-3.2080299582435505
180310,,Slight,2,2,07/03/2010,Sunday,7,March,10,1,50,230,Unclassified,,Roundabout,30,Roundabout,Give way sign or markings,Unclassified,,Darkness: street lights present and lit,Fine (without high winds),Dry,None,None,No overtaking,327910,674590,520323,Junction,T.V.N.P.,353660,unset,EH76AP,No crossing facility within 50m or physical crossing facility not controlled by authorised person,No physical crossing facility within 50m,Elsewhere,55.95889619376705,-3.1562314227907584
180410,,Slight,2,1,07/03/2010,Sunday,7,March,10,3,5,230,A,700,Single carriageway - 2 lanes,30,Multiple junction,Automatic Traffic Signal,C,,Darkness: street lights present and lit,Fine (without high winds),Dry,None,None,No overtaking,324930,672960,533371,Junction,T.V.N.P.,350570,unset,EH39JG,Control by other authorised person,Pedestrian phase at traffic signal junction,At scene,55.943797250697074,-3.203495578554468
181410,,Slight,1,1,03/03/2010,Wednesday,3,March,10,15,10,230,C,,Single carriageway - 2 lanes,30,Not at or within 20 metres of junction,unset,\,,Daylight: no street lighting,Fine (without high winds),Dry,None,None,No overtaking,326880,674190,2106496,Segment,Bus,353661,unset,EH88EJ,No crossing facility within 50m or physical crossing facility not controlled by authorised person,No physical crossing facility within 50m,At scene,55.95514717122182,-3.172616249633778
182110,,Serious,1,1,07/03/2010,Sunday,7,March,10,14,45,230,Unclassified,,Single carriageway - 2 lanes,30,'T' or staggered junction,Give way sign or markings,Unclassified,,Daylight: no street lighting,Fine (without high winds),Dry,None,None,No overtaking,328190,670680,530083,Junction,Pedestrian,353662,unset,EH165RH,No crossing facility within 50m or physical crossing facility not controlled by authorised person,No physical crossing facility within 50m,At scene,55.92381484753435,-3.1507055829437904
182310,,Slight,2,1,08/03/2010,Monday,8,March,10,9,15,230,A,902,Single carriageway - 2 lanes,40,Not at or within 20 metres of junction,unset,\,,Daylight: street lights present,Fine (without high winds),Dry,None,None,No overtaking,318110,672940,566096,Segment,T.V.N.P.,353663,unset,EH128LA,No crossing facility within 50m or physical crossing facility not controlled by authorised person,No physical crossing facility within 50m,At scene,55.94250274798863,-3.312651206972433
183210,,Slight,2,1,08/03/2010,Monday,8,March,10,19,20,230,A,71,Single carriageway - 2 lanes,50,'T' or staggered junction,Give way sign or markings,Unclassified,,Darkness: no street lighting,Fine (without high winds),Dry,None,None,No overtaking,313320,668510,517828,Junction,T.V.N.P.,353664,unset,EH278ED,No crossing facility within 50m or physical crossing facility not controlled by authorised person,No physical crossing facility within 50m,At scene,55.90187099993674,-3.387892319035999
183410,,Slight,2,1,08/03/2010,Monday,8,March,10,8,0,230,A,90,Dual carriageway - 2 lanes,50,Not at or within 20 metres of junction,unset,\,,Daylight: street lights present,Fine (without high winds),Dry,None,None,No overtaking,313130,677100,555681,Segment,T.V.N.P.,353665,unset,EH309SE,No crossing facility within 50m or physical crossing facility not controlled by authorised person,No physical crossing facility within 50m,At scene,55.97899306581271,-3.3936987744758182
185310,,Slight,2,1,09/03/2010,Tuesday,9,March,10,10,30,230,Unclassified,,Single carriageway - 3 lanes,40,Slip road,Give way sign or markings,Unclassified,,Daylight: street lighting unknown,Fine (without high winds),Dry,None,None,No overtaking,317650,672510,9658454,Junction,T.V.N.P.,353666,unset,EH129BS,No crossing facility within 50m or physical crossing facility not controlled by authorised person,No physical crossing facility within 50m,At scene,55.93856164853849,-3.319882308725085
186110,,Serious,1,1,09/03/2010,Tuesday,9,March,10,13,40,230,A,772,Single carriageway - 2 lanes,30,Not at or within 20 metres of junction,unset,\,,Daylight: street lights present,Fine (without high winds),Dry,None,None,No overtaking,327760,670210,569351,Segment,Bus,353667,unset,EH166AU,No crossing facility within 50m or physical crossing facility not controlled by authorised person,No physical crossing facility within 50m,At scene,55.9195283842068,-3.1574591646793477
186610,,Slight,2,1,09/03/2010,Tuesday,9,March,10,18,51,230,C,,Single carriageway - 2 lanes,30,Crossroads,Give way sign or markings,Unclassified,,Darkness: street lights present and lit,Fine (without high winds),Dry,None,None,No overtaking,325170,674600,520158,Junction,T.V.N.P.,353668,unset,EH36QZ,No crossing facility within 50m or physical crossing facility not controlled by authorised person,No physical crossing facility within 50m,At scene,55.95856648149432,-3.200109722600881
186910,,Slight,1,1,10/03/2010,Wednesday,10,March,10,20,25,230,Unclassified,,Roundabout,30,Mini-roundabout,Give way sign or markings,Unclassified,,Daylight: no street lighting,Fine (without high winds),Dry,None,None,No overtaking,321250,675480,519774,Junction,Bus,353669,unset,EH45QA,No crossing facility within 50m or physical crossing facility not controlled by authorised person,No physical crossing facility within 50m,At scene,55.965843755931274,-3.2631361210381233
187010,,Slight,1,2,10/03/2010,Wednesday,10,March,10,16,30,230,C,,Single carriageway - 2 lanes,30,Roundabout,Give way sign or markings,Unclassified,,Daylight: street lights present,Other,Dry,None,None,No overtaking,324930,673910,521016,Junction,Pedestrian,353670,unset,EH24LH,Control by other authorised person,Zebra crossing,At scene,55.9523308845212,-3.203760372773212
187410,,Slight,2,1,02/03/2010,Tuesday,2,March,10,13,0,230,Unclassified,,Single carriageway - 2 lanes,30,'T' or staggered junction,Automatic Traffic Signal,Unclassified,,Daylight: street lights present,Fine (without high winds),Dry,None,None,No overtaking,324030,673560,520887,Junction,T.V.N.P.,353671,unset,EH125BJ,Control by other authorised person,Pedestrian phase at traffic signal junction,At scene,55.94904530323756,-3.2180707409155045
190110,,Slight,2,1,10/03/2010,Wednesday,10,March,10,8,30,230,Unclassified,,Single carriageway - 2 lanes,30,Not at or within 20 metres of junction,unset,\,,Daylight: street lights present,Fine (without high winds),Dry,None,None,No overtaking,324420,674960,12232793,Segment,T.V.N.P.,353672,unset,EH35NY,No crossing facility within 50m or physical crossing facility not controlled by authorised person,No physical crossing facility within 50m,At scene,55.961682702863186,-3.212220368165842
190310,,Slight,3,2,11/03/2010,Thursday,11,March,10,11,30,230,B,701,Single carriageway - 2 lanes,30,Other junction,Give way sign or markings,Unclassified,,Daylight: no street lighting,Fine (without high winds),Dry,None,None,No overtaking,319250,673470,521211,Junction,M.V.N.P.,353673,unset,EH128HG,No crossing facility within 50m or physical crossing facility not controlled by authorised person,No physical crossing facility within 50m,At scene,55.94745653748764,-3.2945637180207537
190410,,Slight,2,1,11/03/2010,Thursday,11,March,10,7,20,230,A,70,Single carriageway - 2 lanes,30,'T' or staggered junction,Give way sign or markings,Unclassified,,Daylight: no street lighting,Fine (without high winds),Dry,None,None,No overtaking,324020,673020,521394,Junction,T.V.N.P.,353674,unset,EH112BZ,No crossing facility within 50m or physical crossing facility not controlled by authorised person,No physical crossing facility within 50m,At scene,55.94419304805715,-3.2180785061714534
190810,,Slight,2,1,10/03/2010,Wednesday,10,March,10,10,0,230,A,71,Roundabout,40,Roundabout,Give way sign or markings,Unclassified,,Daylight: street lights present,Fine (without high winds),Dry,None,None,No overtaking,318020,670160,0,Unset,Cyclist,353675,unset,EH144AW,No crossing facility within 50m or physical crossing facility not controlled by authorised person,No physical crossing facility within 50m,At scene,55.91751626311949,-3.313246585354348
191610,,Slight,3,1,12/03/2010,Friday,12,March,10,8,0,230,Unclassified,,Single carriageway - 2 lanes,30,Not at or within 20 metres of junction,unset,\,,Daylight: no street lighting,Fine (without high winds),Dry,None,None,No overtaking,327920,674180,559000,Segment,Cyclist,353676,unset,EH88JE,No crossing facility within 50m or physical crossing facility not controlled by authorised person,No physical crossing facility within 50m,At scene,55.95521470195771,-3.1559614932631432
192010,,Slight,1,1,11/03/2010,Thursday,11,March,10,11,35,230,Unclassified,,Dual carriageway - 2 lanes,50,Not at or within 20 metres of junction,unset,\,,Daylight: street lights present,Fine (without high winds),Dry,None,None,No overtaking,313770,677040,0,Unset,S.V.N.P.,353677,unset,EH309SR,No crossing facility within 50m or physical crossing facility not controlled by authorised person,No physical crossing facility within 50m,Elsewhere,55.978569655816216,-3.3834266948645584
193010,,Slight,2,2,11/03/2010,Thursday,11,March,10,14,20,230,A,90,Single carriageway - 2 lanes,30,'T' or staggered junction,Give way sign or markings,Unclassified,,Daylight: street lights present,Fine (without high winds),Dry,None,None,No overtaking,323860,674230,520461,Junction,T.V.N.P.,353678,unset,EH43DJ,Control by other authorised person,Pedestrian phase at traffic signal junction,At scene,55.955036780363905,-3.2209816809086242
193410,,Slight,2,1,11/03/2010,Thursday,11,March,10,8,0,230,A,70,Single carriageway - 2 lanes,30,'T' or staggered junction,Give way sign or markings,Unclassified,,Daylight: street lights present,Fine (without high winds),Dry,None,None,No overtaking,320390,668970,533023,Junction,T.V.N.P.,353679,unset,EH145BA,No crossing facility within 50m or physical crossing facility not controlled by authorised person,No physical crossing facility within 50m,At scene,55.90722544079516,-3.2749866288144918
194210,,Slight,1,1,12/03/2010,Friday,12,March,10,7,40,230,Unclassified,,Roundabout,30,Roundabout,Give way sign or markings,Unclassified,,Daylight: street lights present,Fine (without high winds),Dry,None,None,No overtaking,320180,669380,533248,Junction,Pedestrian,353680,unset,EH143BA,Control by other authorised person,Zebra crossing,At scene,55.91087347599133,-3.278465970645196
194910,,Slight,1,1,12/03/2010,Friday,12,March,10,16,15,230,A,70,Single carriageway - 2 lanes,30,'T' or staggered junction,Give way sign or markings,Unclassified,,Daylight: street lights present,Fine (without high winds),Dry,None,None,No overtaking,324050,673110,521385,Junction,Pedestrian,353681,unset,EH112BA,No crossing facility within 50m or physical crossing facility not controlled by authorised person,No physical crossing facility within 50m,Elsewhere,55.945006241171605,-3.2176236774135316
195210,,Slight,1,1,12/03/2010,Friday,12,March,10,20,10,230,C,,Single carriageway - 2 lanes,30,Crossroads,Automatic Traffic Signal,C,,Darkness: street lights present and lit,Fine (without high winds),Dry,None,None,No overtaking,325330,674060,520512,Junction,Pedestrian,353682,unset,EH21EL,Control by other authorised person,"Pelican, puffin, toucan or similar non-junction pedestrian light crossing",At scene,55.95374070795177,-3.197397884009806
195610,,Serious,2,1,10/03/2010,Wednesday,10,March,10,15,40,230,Unclassified,,Single carriageway - 2 lanes,30,Crossroads,Give way sign or markings,Unclassified,,Daylight: street lights present,Fine (without high winds),Dry,None,None,No overtaking,326640,671360,531451,Junction,T.V.N.P.,353683,unset,EH93AF,Control by other authorised person,"Pelican, puffin, toucan or similar non-junction pedestrian light crossing",At scene,55.92968901423107,-3.1756884207514835
196910,,Slight,1,1,19/02/2010,Friday,19,February,10,22,30,230,Unclassified,,Single carriageway - 2 lanes,30,'T' or staggered junction,Give way sign or markings,Unclassified,,Darkness: street lights present and lit,Unknown,Dry,None,None,No overtaking,319580,674090,0,Unset,Pedestrian,344824,unset,EH47JQ,No crossing facility within 50m or physical crossing facility not controlled by authorised person,No physical crossing facility within 50m,Elsewhere,55.95308107087937,-3.289466327078309
197110,,Slight,2,1,13/03/2010,Saturday,13,March,10,11,40,230,B,701,Single carriageway - 2 lanes,30,Crossroads,Automatic Traffic Signal,Unclassified,,Daylight: street lights present,Fine (without high winds),Dry,None,None,No overtaking,329240,668680,530257,Junction,T.V.N.P.,353684,unset,EH178RQ,Control by other authorised person,"Pelican, puffin, toucan or similar non-junction pedestrian light crossing",At scene,55.90600457483015,-3.133382415644291
197210,,Slight,1,1,13/03/2010,Saturday,13,March,10,19,20,230,Motorway,8,Dual carriageway - 2 lanes,70,Not at or within 20 metres of junction,unset,\,,Darkness: street lights present and lit,Fine (without high winds),Dry,None,None,No overtaking,313310,671310,6452039,Segment,S.V.N.P.,353685,unset,EH288LU,No crossing facility within 50m or physical crossing facility not controlled by authorised person,No physical crossing facility within 50m,At scene,55.927019260825496,-3.3889513379774496
197510,,Slight,2,1,12/03/2010,Friday,12,March,10,17,35,230,A,7,Single carriageway - 2 lanes,30,'T' or staggered junction,Give way sign or markings,Unclassified,,Daylight: street lights present,Fine (without high winds),Dry,None,None,No overtaking,326210,672840,532699,Junction,T.V.N.P.,353686,unset,EH89EZ,No crossing facility within 50m or physical crossing facility not controlled by authorised person,No physical crossing facility within 50m,At scene,55.94291777241493,-3.1829740402865605
199610,,Slight,3,1,15/03/2010,Monday,15,March,10,11,10,230,Unclassified,,Single carriageway - 2 lanes,30,Crossroads,Give way sign or markings,Unclassified,,Daylight: street lights present,Fine (without high winds),Dry,None,None,No overtaking,325810,671290,533416,Junction,M.V.N.P.,353687,unset,EH92LA,No crossing facility within 50m or physical crossing facility not controlled by authorised person,No physical crossing facility within 50m,Elsewhere,55.9289327225286,-3.1889499519249975
200410,,Slight,2,1,14/03/2010,Sunday,14,March,10,18,52,230,A,720,Roundabout,40,Roundabout,Give way sign or markings,A,701,Darkness: street lights present and lit,Fine (without high winds),Dry,None,None,No overtaking,327430,667000,2587878,Junction,T.V.N.P.,353688,unset,EH178SG,No crossing facility within 50m or physical crossing facility not controlled by authorised person,No physical crossing facility within 50m,At scene,55.89064332096162,-3.161875519109354
201910,,Slight,1,1,15/03/2010,Monday,15,March,10,16,45,230,C,,Roundabout,30,Roundabout,Give way sign or markings,A,71,Daylight: street lights present,Fine (without high winds),Dry,None,None,No overtaking,320700,671160,529507,Junction,Pedestrian,353689,unset,EH113RQ,No crossing facility within 50m or physical crossing facility not controlled by authorised person,No physical crossing facility within 50m,Elsewhere,55.926948551695304,-3.270672854592531
202810,,Slight,2,1,16/03/2010,Tuesday,16,March,10,13,55,230,A,901,Single carriageway - 2 lanes,30,Not at or within 20 metres of junction,unset,\,,Daylight: no street lighting,Fine (without high winds),Dry,None,None,No overtaking,326340,676800,558749,Segment,T.V.N.P.,353690,unset,EH66PD,No crossing facility within 50m or physical crossing facility not controlled by authorised person,No physical crossing facility within 50m,At scene,55.97850972987791,-3.1819771481000694
202910,,Slight,1,1,05/03/2010,Friday,5,March,10,13,55,230,C,,Single carriageway - 2 lanes,30,Not at or within 20 metres of junction,unset,\,,Daylight: no street lighting,Fine (without high winds),Dry,None,None,No overtaking,323180,675140,2581032,Segment,Pedestrian,353691,unset,EH42LG,No crossing facility within 50m or physical crossing facility not controlled by authorised person,No physical crossing facility within 50m,At scene,55.96310262478725,-3.232128992019758
204610,,Slight,1,1,11/03/2010,Thursday,11,March,10,20,20,230,Unclassified,,Single carriageway - 2 lanes,60,Not at or within 20 metres of junction,unset,\,,Darkness: no street lighting,Fine (without high winds),Dry,None,None,No overtaking,311990,672050,12231328,Segment,S.V.N.P.,353692,unset,EH288PJ,No crossing facility within 50m or physical crossing facility not controlled by authorised person,No physical crossing facility within 50m,At scene,55.933426003814844,-3.4103107890706323
205110,,Slight,2,1,17/03/2010,Wednesday,17,March,10,11,0,230,Unclassified,,Single carriageway - 2 lanes,30,'T' or staggered junction,Give way sign or markings,Unclassified,,Daylight: street lights present,Fine (without high winds),Dry,Road works present,None,No overtaking,327050,675860,519550,Junction,Pedestrian,353693,unset,EH68HH,No crossing facility within 50m or physical crossing facility not controlled by authorised person,No physical crossing facility within 50m,At scene,55.97017442339884,-3.170347061734564
205910,,Serious,1,1,13/03/2010,Saturday,13,March,10,20,30,230,A,90,One way Street,30,Not at or within 20 metres of junction,unset,\,,Darkness: street lighting unknown,Fine (without high winds),Dry,None,None,No overtaking,324620,673840,555636,Segment,Bus,353694,unset,EH24DF,No crossing facility within 50m or physical crossing facility not controlled by authorised person,No physical crossing facility within 50m,At scene,55.95165349885207,-3.208703927967472
206210,,Slight,1,1,17/03/2010,Wednesday,17,March,10,9,30,230,A,7,Single carriageway - 2 lanes,30,Not at or within 20 metres of junction,unset,\,,Daylight: street lights present,Fine (without high winds),Dry,None,None,No overtaking,326020,673360,569291,Segment,Pedestrian,353695,unset,EH11LS,No crossing facility within 50m or physical crossing facility not controlled by authorised person,No physical crossing facility within 50m,Elsewhere,55.94755960315677,-3.186158072188925
206310,,Slight,2,1,11/03/2010,Thursday,11,March,10,7,45,230,Unclassified,,Single carriageway - 2 lanes,30,Mini-roundabout,Give way sign or markings,Unclassified,,Daylight: street lighting unknown,Fine (without high winds),Dry,None,None,No overtaking,323790,668340,533116,Junction,Cyclist,353696,unset,EH139NG,No crossing facility within 50m or physical crossing facility not controlled by authorised person,"Pelican, puffin, toucan or similar non-junction pedestrian light crossing",Elsewhere,55.90211731500615,-3.220437905041292
206410,,Slight,1,1,17/03/2010,Wednesday,17,March,10,11,50,230,Unclassified,,Unknown,30,Not at or within 20 metres of junction,unset,\,,Daylight: street lights present,Fine (without high winds),Dry,None,None,No overtaking,326050,672380,0,Unset,Bus,353697,unset,EH91LS,No crossing facility within 50m or physical crossing facility not controlled by authorised person,No physical crossing facility within 50m,Elsewhere,55.93876104421832,-3.1854088184809757
206510,,Slight,1,2,16/03/2010,Tuesday,16,March,10,23,0,230,Unclassified,,Single carriageway - 2 lanes,30,Other junction,Give way sign or markings,Unclassified,,Darkness: street lights present and lit,Fine (without high winds),Dry,None,None,No overtaking,329540,674780,523362,Junction,S.V.N.P.,353698,unset,EH76TP,No crossing facility within 50m or physical crossing facility not controlled by authorised person,No physical crossing facility within 50m,At scene,55.96084513382883,-3.130179496315875
207110,,Slight,2,1,17/03/2010,Wednesday,17,March,10,6,40,230,A,772,Roundabout,30,Roundabout,Give way sign or markings,Unclassified,,Daylight: street lights present,Fine (without high winds),Dry,None,None,No overtaking,329760,668360,4526677,Junction,Bus,353699,unset,EH178RZ,No crossing facility within 50m or physical crossing facility not controlled by authorised person,No physical crossing facility within 50m,At scene,55.90320625448211,-3.1249835785713165
207310,,Slight,2,1,17/03/2010,Wednesday,17,March,10,11,0,230,A,702,Single carriageway - 2 lanes,30,Not at or within 20 metres of junction,unset,\,,Daylight: no street lighting,Other,Dry,None,None,No overtaking,324750,673480,548970,Segment,T.V.N.P.,353700,unset,EH12DA,No crossing facility within 50m or physical crossing facility not controlled by authorised person,No physical crossing facility within 50m,At scene,55.948440106957186,-3.2065220459136694
207810,,Slight,1,2,18/03/2010,Thursday,18,March,10,8,59,230,C,,Single carriageway - 2 lanes,30,Crossroads,Automatic Traffic Signal,Unclassified,,Daylight: no street lighting,Fine (without high winds),Dry,None,None,No overtaking,325070,671830,523857,Junction,Pedestrian,353701,unset,EH92AJ,Control by other authorised person,Pedestrian phase at traffic signal junction,At scene,55.93366856576845,-3.2009404490806657
208810,,Serious,2,1,18/03/2010,Thursday,18,March,10,23,56,230,A,902,Single carriageway - 2 lanes,40,Not at or within 20 metres of junction,unset,\,,Darkness: street lights present but unlit,Raining (without high winds),Dry,None,None,No overtaking,318210,674060,566078,Segment,T.V.N.P.,353702,unset,EH128XB,No crossing facility within 50m or physical crossing facility not controlled by authorised person,No physical crossing facility within 50m,At scene,55.95258008407616,-3.311390726216474
208910,,Slight,2,1,18/03/2010,Thursday,18,March,10,18,0,230,A,7,Single carriageway - 2 lanes,30,Other junction,Give way sign or markings,Unclassified,,Darkness: street lights present and lit,Fine (without high winds),Dry,None,None,No overtaking,327180,671840,530392,Junction,Cyclist,353703,unset,EH92BD,No crossing facility within 50m or physical crossing facility not controlled by authorised person,No physical crossing facility within 50m,At scene,55.93408299153421,-3.1671775034990346