acc_ref,beat_no,severity,no_vehicle,no_casualt,a_date,a_day,a_date_day,a_date_mon,a_date_yr,a_time_hr,a_time_min,loc_auth,road1_class,road1_no,road_type,speed_limi,junc_det,junc_ctrl,road2_class,road2_no,light_cond,weather,road_surf,spec_cond,cway_hzrds,ovrtk_patrn,easting,northing,net_id,net_type,acc_type,text_id,division,Postcode,ped_xing_hc,ped_xing_p,place_reported,latitude,longitude
210010,,Slight,1,1,19/03/2010,Friday,19,March,10,8,30,230,Unclassified,,Single carriageway - 2 lanes,30,Not at or within 20 metres of junction,unset,\,,Daylight: street lights present,Fine (without high winds),Dry,None,None,No overtaking,325960,673400,10251123,Segment,Pedestrian,353704,unset,EH89AA,No crossing facility within 50m or physical crossing facility not controlled by authorised person,No physical crossing facility within 50m,At scene,55.94790966441196,-3.187129567693464
210210,,Slight,1,1,19/03/2010,Friday,19,March,10,6,40,230,A,70,Single carriageway - 2 lanes,30,Not at or within 20 metres of junction,unset,\,,Daylight: no street lighting,Fine (without high winds),Dry,None,None,No overtaking,315450,666600,561617,Segment,S.V.N.P.,353705,unset,EH147BN,No crossing facility within 50m or physical crossing facility not controlled by authorised person,No physical crossing facility within 50m,At scene,55.88509396382195,-3.3532395259709316
210310,,Slight,1,1,07/02/2010,Sunday,7,February,10,23,35,230,Unclassified,,Single carriageway - 2 lanes,30,'T' or staggered junction,Give way sign or markings,Unclassified,,Darkness: street lights present and lit,Fine (without high winds),Dry,None,None,No overtaking,324060,673960,0,Unset,Pedestrian,344825,unset,EH43BA,No crossing facility within 50m or physical crossing facility not controlled by authorised person,No physical crossing facility within 50m,At scene,55.952643139534025,-3.217703280508277
211410,,Slight,1,1,19/03/2010,Friday,19,March,10,13,0,230,A,7,Single carriageway - 2 lanes,30,'T' or staggered junction,Automatic Traffic Signal,Unclassified,,Daylight: street lighting unknown,Fine with high winds,Dry,None,None,No overtaking,329740,669480,530233,Junction,Pedestrian,353706,unset,EH164SP,No crossing facility within 50m or physical crossing facility not controlled by authorised person,"Pelican, puffin, toucan or similar non-junction pedestrian light crossing",Elsewhere,55.91326438178338,-3.1255948588839195
211810,,Slight,2,1,18/03/2010,Thursday,18,March,10,11,20,230,Unclassified,,Single carriageway - 2 lanes,30,Not at or within 20 metres of junction,unset,\,,Daylight: street lights present,Fine with high winds,Dry,None,None,No overtaking,322570,676110,0,Unset,T.V.N.P.,353707,unset,EH44DE,No crossing facility within 50m or physical crossing facility not controlled by authorised person,No physical crossing facility within 50m,Elsewhere,55.97171769235009,-3.2421769836413037
212810,,Slight,2,1,19/03/2010,Friday,19,March,10,14,30,230,A,701,Single carriageway - 2 lanes,30,'T' or staggered junction,Automatic Traffic Signal,C,,Daylight: street lights present,Fine (without high winds),Dry,None,None,No overtaking,327140,670250,530089,Junction,Cyclist,353708,unset,EH166AJ,Control by other authorised person,Pedestrian phase at traffic signal junction,Elsewhere,55.91979408050786,-3.1673880375163987
213310,,Slight,2,2,19/03/2010,Friday,19,March,10,22,15,230,A,90,Single carriageway - 2 lanes,40,Crossroads,Automatic Traffic Signal,B,9085,Darkness: street lights present and lit,Fine (without high winds),Dry,None,None,No overtaking,320650,675130,519720,Junction,T.V.N.P.,353709,unset,EH47AG,Control by other authorised person,Central refuge - no other controls,At scene,55.96260100014012,-3.2726421242541774
213510,,Slight,2,3,19/03/2010,Friday,19,March,10,16,45,230,A,7,Single carriageway - 2 lanes,30,Crossroads,Automatic Traffic Signal,Unclassified,,Daylight: street lights present,Fine (without high winds),Dry,None,None,No overtaking,326330,672610,532690,Junction,T.V.N.P.,353710,unset,EH89PR,Control by other authorised person,Pedestrian phase at traffic signal junction,At scene,55.94087014625774,-3.180990377791298
213610,,Slight,2,1,15/03/2010,Monday,15,March,10,20,40,230,A,900,Dual carriageway - 2 lanes,30,Roundabout,Give way sign or markings,A,900,Darkness: street lights present and lit,Fine (without high winds),Dry,None,None,No overtaking,326040,674380,520656,Junction,Cyclist,353711,unset,EH13AA,Control by other authorised person,"Pelican, puffin, toucan or similar non-junction pedestrian light crossing",Elsewhere,55.95672516613966,-3.186118086416495
213710,,Slight,1,1,17/03/2010,Wednesday,17,March,10,20,25,230,C,,Single carriageway - 2 lanes,30,Not at or within 20 metres of junction,unset,\,,Darkness: street lights present and lit,Fine (without high winds),Dry,None,None,No overtaking,325800,674330,566777,Segment,Pedestrian,353712,unset,EH13HP,Control by other authorised person,"Pelican, puffin, toucan or similar non-junction pedestrian light crossing",At scene,55.95623897096997,-3.1899472051404243
214410,,Slight,2,1,20/03/2010,Saturday,20,March,10,12,30,230,A,8,Single carriageway - 2 lanes,40,'T' or staggered junction,Give way sign or markings,Unclassified,,Daylight: street lights present,Fine (without high winds),Dry,None,None,No overtaking,318390,672760,4550135,Junction,T.V.N.P.,353713,unset,EH128NG,No crossing facility within 50m or physical crossing facility not controlled by authorised person,No physical crossing facility within 50m,At scene,55.94093358602726,-3.308115155682174
215410,,Slight,2,1,20/03/2010,Saturday,20,March,10,14,10,230,Unclassified,,Single carriageway - 2 lanes,30,Not at or within 20 metres of junction,unset,\,,Daylight: no street lighting,Fine (without high winds),Dry,None,None,No overtaking,320830,672600,0,Unset,Cyclist,353714,unset,EH127DQ,No crossing facility within 50m or physical crossing facility not controlled by authorised person,No physical crossing facility within 50m,At scene,55.939904899098494,-3.2690158074182403
216310,,Slight,1,2,20/03/2010,Saturday,20,March,10,12,5,230,Unclassified,,Single carriageway - 2 lanes,30,Not at or within 20 metres of junction,unset,\,,Daylight: street lights present,Fine (without high winds),Dry,None,None,No overtaking,323700,669130,564896,Segment,Pedestrian,353715,unset,EH139JD,No crossing facility within 50m or physical crossing facility not controlled by authorised person,No physical crossing facility within 50m,At scene,55.90919943253004,-3.222100150035047
216510,,Slight,2,1,20/03/2010,Saturday,20,March,10,19,40,230,C,,Single carriageway - 2 lanes,30,Not at or within 20 metres of junction,unset,\,,Darkness: street lights present and lit,Fine (without high winds),Dry,None,None,No overtaking,325680,673350,567153,Segment,T.V.N.P.,353716,unset,EH11EN,No crossing facility within 50m or physical crossing facility not controlled by authorised person,No physical crossing facility within 50m,At scene,55.94741724905912,-3.1915981343248903
216910,,Slight,1,1,21/03/2010,Sunday,21,March,10,3,45,230,A,7,Single carriageway - 2 lanes,30,Not at or within 20 metres of junction,unset,\,,Darkness: street lights present and lit,Fine (without high winds),Dry,None,None,No overtaking,325920,673690,569273,Segment,Pedestrian,353717,unset,EH11QN,No crossing facility within 50m or physical crossing facility not controlled by authorised person,Pedestrian phase at traffic signal junction,At scene,55.95050851083596,-3.187849679553626
217510,,Slight,1,1,21/03/2010,Sunday,21,March,10,20,5,230,Unclassified,,Single carriageway - 2 lanes,30,Other junction,Give way sign or markings,Unclassified,,Darkness: street lights present and lit,Fine (without high winds),Dry,None,None,No overtaking,327330,675620,519529,Junction,Bus,353718,unset,EH68DL,No crossing facility within 50m or physical crossing facility not controlled by authorised person,No physical crossing facility within 50m,At scene,55.968061048268325,-3.1657972383277584
218310,,Slight,4,1,22/03/2010,Monday,22,March,10,11,0,230,Unclassified,,Single carriageway - 2 lanes,30,Not at or within 20 metres of junction,unset,\,,Daylight: street lights present,Raining (without high winds),Dry,None,None,No overtaking,321960,670700,564608,Segment,M.V.N.P.,353719,unset,EH142EP,Control by other authorised person,"Pelican, puffin, toucan or similar non-junction pedestrian light crossing",At scene,55.92302287638529,-3.2503804907227978
220510,,Slight,1,1,23/03/2010,Tuesday,23,March,10,19,30,230,C,,Single carriageway - 2 lanes,30,Not at or within 20 metres of junction,unset,\,,Darkness: street lights present and lit,Fine with high winds,Dry,None,None,No overtaking,320030,672660,564442,Segment,Pedestrian,353720,unset,EH127HG,No crossing facility within 50m or physical crossing facility not controlled by authorised person,No physical crossing facility within 50m,At scene,55.940311278819706,-3.2818372957944177
223010,,Slight,2,2,24/03/2010,Wednesday,24,March,10,7,0,230,A,90,Single carriageway - 2 lanes,30,Other junction,Give way sign or markings,Unclassified,,Daylight: street lights present,Fine (without high winds),Dry,None,None,No overtaking,324720,673950,520983,Junction,T.V.N.P.,353721,unset,EH24DR,No crossing facility within 50m or physical crossing facility not controlled by authorised person,No physical crossing facility within 50m,At scene,55.952657298574785,-3.2071336929138785
223410,,Slight,1,1,24/03/2010,Wednesday,24,March,10,12,50,230,Unclassified,,Single carriageway - 2 lanes,30,Not at or within 20 metres of junction,unset,\,,Daylight: street lights present,Fine (without high winds),Dry,None,None,No overtaking,320170,674470,565949,Segment,Bus,353722,unset,EH126UF,No crossing facility within 50m or physical crossing facility not controlled by authorised person,No physical crossing facility within 50m,At scene,55.95659292302079,-3.2801330812902583
224210,,Slight,3,2,24/03/2010,Wednesday,24,March,10,16,15,230,Unclassified,,Unknown,30,'T' or staggered junction,Give way sign or markings,A,90,Daylight: street lights present,Fine (without high winds),Dry,None,None,No overtaking,322500,674420,520404,Junction,M.V.N.P.,353723,unset,EH42LJ,No crossing facility within 50m or physical crossing facility not controlled by authorised person,No physical crossing facility within 50m,At scene,55.9565257629537,-3.242811467965592
224310,,Slight,2,1,24/03/2010,Wednesday,24,March,10,17,0,230,Unclassified,,Single carriageway - 2 lanes,30,Multiple junction,Authorised Person,Unclassified,,Daylight: street lights present,Fine (without high winds),Dry,None,None,No overtaking,326000,671000,533401,Junction,Cyclist,353724,unset,EH93ER,Control by other authorised person,Pedestrian phase at traffic signal junction,Elsewhere,55.92635700360717,-3.1858302507605725
224810,,Slight,2,1,24/03/2010,Wednesday,24,March,10,18,55,230,A,900,Single carriageway - 2 lanes,30,'T' or staggered junction,Automatic Traffic Signal,C,,Darkness: street lights present and lit,Fine (without high winds),Dry,None,None,No overtaking,326570,675150,519867,Junction,T.V.N.P.,353725,unset,EH68SE,Control by other authorised person,No physical crossing facility within 50m,Elsewhere,55.963723357373354,-3.1778417512947335
225810,,Slight,2,1,25/03/2010,Thursday,25,March,10,8,0,230,Motorway,8,Dual carriageway - 2 lanes,70,Not at or within 20 metres of junction,unset,\,,Daylight: street lights present,Raining (without high winds),Dry,None,None,No overtaking,313230,671280,6452039,Segment,T.V.N.P.,353726,unset,EH288LU,No crossing facility within 50m or physical crossing facility not controlled by authorised person,No physical crossing facility within 50m,Elsewhere,55.92673535532928,-3.390221573984084
226710,,Slight,2,1,25/03/2010,Thursday,25,March,10,7,35,230,Unclassified,,Dual carriageway - 2 lanes,30,Crossroads,Automatic Traffic Signal,Unclassified,,Daylight: street lights present,Fog (or mist if hazard),Dry,None,None,No overtaking,325570,673920,521100,Junction,Cyclist,353727,unset,EH22EJ,Control by other authorised person,Pedestrian phase at traffic signal junction,Elsewhere,55.952520401737594,-3.1935165823763967
226810,,Slight,1,1,25/03/2010,Thursday,25,March,10,12,15,230,Unclassified,,Single carriageway - 2 lanes,30,'T' or staggered junction,Authorised Person,C,,Daylight: street lights present,Fog (or mist if hazard),Dry,None,None,No overtaking,325490,674250,520524,Junction,Bus,353728,unset,EH21AW,Control by other authorised person,Pedestrian phase at traffic signal junction,Elsewhere,55.955472308682985,-3.1948887386008185
228210,,Slight,5,1,26/03/2010,Friday,26,March,10,6,25,230,Motorway,8,Dual carriageway - 2 lanes,70,Slip road,Give way sign or markings,Motorway,8,Daylight: no street lighting,Raining (without high winds),Dry,None,None,No overtaking,311620,671160,6452027,Junction,M.V.N.P.,353729,unset,EH288LQ,No crossing facility within 50m or physical crossing facility not controlled by authorised person,No physical crossing facility within 50m,At scene,55.92536405663538,-3.415939539290836
228310,,Slight,1,1,26/03/2010,Friday,26,March,10,11,50,230,A,8,Single carriageway - 2 lanes,30,'T' or staggered junction,Give way sign or markings,Unclassified,,Daylight: street lights present,Fine (without high winds),Dry,None,None,No overtaking,324520,673580,520884,Junction,Bus,353730,unset,EH24RT,Control by other authorised person,"Pelican, puffin, toucan or similar non-junction pedestrian light crossing",At scene,55.94930226716479,-3.2102320391655206
228610,,Slight,2,1,26/03/2010,Friday,26,March,10,8,40,230,A,8,Dual carriageway - 2 lanes,40,Not at or within 20 metres of junction,unset,\,,Daylight: street lights present,Raining (without high winds),Dry,None,None,No overtaking,317210,672550,550821,Segment,T.V.N.P.,353731,unset,EH129BQ,No crossing facility within 50m or physical crossing facility not controlled by authorised person,No physical crossing facility within 50m,Elsewhere,55.93884528756422,-3.326936248974327
230110,,Slight,2,1,26/03/2010,Friday,26,March,10,14,56,230,Unclassified,,One way Street,30,Other junction,Automatic Traffic Signal,C,,Daylight: street lights present,Other,Dry,None,None,No overtaking,325750,673140,521514,Junction,T.V.N.P.,353732,unset,EH12QZ,Control by other authorised person,Pedestrian phase at traffic signal junction,Elsewhere,55.9455416910654,-3.190419668162092
230710,,Slight,1,1,26/03/2010,Friday,26,March,10,14,50,230,Unclassified,,Single carriageway - 2 lanes,40,Not at or within 20 metres of junction,unset,\,,Daylight: street lights present,Raining (without high winds),Dry,None,None,No overtaking,318080,668770,12229654,Segment,S.V.N.P.,353733,unset,EH145AB,No crossing facility within 50m or physical crossing facility not controlled by authorised person,No physical crossing facility within 50m,At scene,55.90504088495783,-3.311865127234529
231010,,Slight,1,1,26/03/2010,Friday,26,March,10,21,49,230,Unclassified,,Single carriageway - 2 lanes,30,'T' or staggered junction,Give way sign or markings,A,901,Darkness: street lights present but unlit,Fine with high winds,Dry,None,None,No overtaking,326880,676020,531346,Junction,S.V.N.P.,353734,unset,EH66BS,No crossing facility within 50m or physical crossing facility not controlled by authorised person,No physical crossing facility within 50m,At scene,55.97158578692013,-3.1731135805587023
231410,,Slight,2,1,17/03/2010,Wednesday,17,March,10,14,30,230,C,,Single carriageway - 2 lanes,30,'T' or staggered junction,Automatic Traffic Signal,Unclassified,,Daylight: street lights present,Fine (without high winds),Dry,None,None,No overtaking,322230,670830,529735,Junction,T.V.N.P.,353735,unset,EH141LS,Control by school crossing patrol,Pedestrian phase at traffic signal junction,At scene,55.92423440347923,-3.246098549009281
232510,,Slight,2,1,27/03/2010,Saturday,27,March,10,8,10,230,C,,Single carriageway - 2 lanes,30,Not at or within 20 metres of junction,unset,\,,Daylight: street lights present,Fine (without high winds),Dry,None,None,No overtaking,324120,672660,559466,Segment,T.V.N.P.,353736,unset,EH111AW,No crossing facility within 50m or physical crossing facility not controlled by authorised person,No physical crossing facility within 50m,At scene,55.94097507944657,-3.2163764415739644
233310,,Slight,2,1,27/03/2010,Saturday,27,March,10,18,0,230,Unclassified,,Single carriageway - 2 lanes,40,Not at or within 20 metres of junction,unset,\,,Daylight: street lights present,Fine (without high winds),Dry,None,None,No overtaking,329980,674290,554057,Segment,T.V.N.P.,353737,unset,EH151DL,Control by other authorised person,Pedestrian phase at traffic signal junction,At scene,55.956507885594135,-3.1230057758553915
234210,,Slight,1,1,14/03/2010,Sunday,14,March,10,12,40,230,Unclassified,,Single carriageway - 2 lanes,20,Other junction,Give way sign or markings,Unclassified,,Daylight: street lights present,Fine (without high winds),Dry,None,None,No overtaking,328860,669500,12219945,Junction,Pedestrian,353738,unset,EH177EX,No crossing facility within 50m or physical crossing facility not controlled by authorised person,No physical crossing facility within 50m,At scene,55.913314574185335,-3.1396752629001856
234810,,Slight,2,1,22/03/2010,Monday,22,March,10,9,30,230,Unclassified,,Single carriageway - 2 lanes,30,Not at or within 20 metres of junction,unset,\,,Daylight: street lights present,Fine (without high winds),Dry,None,None,No overtaking,320970,670930,565151,Segment,T.V.N.P.,353739,unset,EH142AR,No crossing facility within 50m or physical crossing facility not controlled by authorised person,No physical crossing facility within 50m,At scene,55.92492704937863,-3.266285641765289
235010,,Serious,1,5,28/03/2010,Sunday,28,March,10,23,33,230,Unclassified,,Single carriageway - 2 lanes,60,Not at or within 20 metres of junction,unset,\,,Darkness: no street lighting,Fine (without high winds),Dry,None,None,No overtaking,329340,667600,562879,Segment,S.V.N.P.,353740,unset,EH178RZ,No crossing facility within 50m or physical crossing facility not controlled by authorised person,No physical crossing facility within 50m,At scene,55.89631756795416,-3.131500730860238
237010,,Slight,2,1,29/03/2010,Monday,29,March,10,21,7,230,Motorway,9,Dual carriageway - 2 lanes,70,Not at or within 20 metres of junction,unset,\,,Darkness: no street lighting,Raining with high winds,Dry,None,None,No overtaking,312650,675510,0,Unset,T.V.N.P.,353741,unset,EH299EQ,No crossing facility within 50m or physical crossing facility not controlled by authorised person,No physical crossing facility within 50m,At scene,55.96462443720755,-3.4008720185548116
237110,,Slight,2,4,29/03/2010,Monday,29,March,10,16,30,230,Unclassified,,Single carriageway - 2 lanes,30,Not at or within 20 metres of junction,unset,\,,Daylight: street lights present,Raining (without high winds),Dry,None,None,No overtaking,323630,671160,564166,Segment,T.V.N.P.,353742,unset,EH105BZ,No crossing facility within 50m or physical crossing facility not controlled by authorised person,No physical crossing facility within 50m,At scene,55.92742329880562,-3.223794133790385
237210,,Slight,1,1,26/03/2010,Friday,26,March,10,11,0,230,A,8,Single carriageway - 2 lanes,30,'T' or staggered junction,Automatic Traffic Signal,Unclassified,,Daylight: street lights present,Fine (without high winds),Dry,None,None,No overtaking,325680,673950,521082,Junction,S.V.N.P.,353743,unset,EH22EJ,No crossing facility within 50m or physical crossing facility not controlled by authorised person,No physical crossing facility within 50m,At scene,55.95280693423868,-3.1917637261319327
238410,,Slight,1,1,30/03/2010,Tuesday,30,March,10,8,35,230,B,701,Single carriageway - 2 lanes,30,Not at or within 20 metres of junction,unset,\,,Daylight: street lights present,Raining (without high winds),Dry,None,None,No overtaking,328070,668360,2105918,Segment,Pedestrian,353744,unset,EH178HR,No crossing facility within 50m or physical crossing facility not controlled by authorised person,No physical crossing facility within 50m,At scene,55.90295635961246,-3.152007138916875
238910,,Slight,2,1,30/03/2010,Tuesday,30,March,10,15,45,230,Unclassified,,Single carriageway - 2 lanes,30,Roundabout,Give way sign or markings,Unclassified,,Daylight: street lights present,Raining with high winds,Dry,None,None,No overtaking,328130,674940,523299,Junction,T.V.N.P.,353745,unset,EH76EH,No crossing facility within 50m or physical crossing facility not controlled by authorised person,No physical crossing facility within 50m,At scene,55.96207322361555,-3.15280199822976
239210,,Serious,1,2,30/03/2010,Tuesday,30,March,10,19,50,230,Unclassified,,Single carriageway - 2 lanes,30,'T' or staggered junction,Give way sign or markings,Unclassified,,Darkness: street lights present and lit,Snowing with high winds,Dry,None,None,No overtaking,327520,668430,0,Unset,Pedestrian,353746,unset,EH166PU,No crossing facility within 50m or physical crossing facility not controlled by authorised person,No physical crossing facility within 50m,At scene,55.90350256259001,-3.1608204816212693
239310,,Slight,1,2,30/03/2010,Tuesday,30,March,10,18,30,230,Unclassified,,Single carriageway - 2 lanes,30,'T' or staggered junction,Give way sign or markings,C,,Daylight: street lights present,Raining with high winds,Dry,None,Other object in carriageway,No overtaking,326170,673720,521160,Junction,S.V.N.P.,353747,unset,EH88BD,Control by other authorised person,Pedestrian phase at traffic signal junction,At scene,55.95081652078285,-3.1838555170338774
239410,,Slight,1,1,30/03/2010,Tuesday,30,March,10,17,50,230,Unclassified,,Single carriageway - 2 lanes,30,Not at or within 20 metres of junction,unset,\,,Daylight: no street lighting,Raining with high winds,Dry,None,None,No overtaking,320730,675450,519759,Junction,Bus,353748,unset,EH45AA,Control by other authorised person,Pedestrian phase at traffic signal junction,At scene,55.96548863143289,-3.271455273941716
240610,,Slight,2,1,30/03/2010,Tuesday,30,March,10,21,30,230,Unclassified,,Single carriageway - 2 lanes,30,Not at or within 20 metres of junction,unset,\,,Darkness: street lights present and lit,Snowing with high winds,Dry,None,None,No overtaking,326330,676400,563718,Segment,T.V.N.P.,353749,unset,EH64AQ,Control by other authorised person,"Pelican, puffin, toucan or similar non-junction pedestrian light crossing",At scene,55.974915072989425,-3.1820277442032285
241110,,Slight,3,3,31/03/2010,Wednesday,31,March,10,16,10,230,Unclassified,,Dual carriageway - 2 lanes,30,Not at or within 20 metres of junction,unset,\,,Daylight: street lights present,Fine (without high winds),Dry,None,None,No overtaking,317810,672350,9658643,Segment,M.V.N.P.,353750,unset,EH129DF,No crossing facility within 50m or physical crossing facility not controlled by authorised person,No physical crossing facility within 50m,At scene,55.93715187662107,-3.317272910746228
247210,,Slight,2,1,02/04/2010,Friday,2,April,10,9,46,230,A,90,Single carriageway - 2 lanes,30,'T' or staggered junction,Give way sign or markings,Unclassified,,Daylight: street lights present,Fine (without high winds),Dry,None,None,No overtaking,324650,673720,520962,Junction,T.V.N.P.,353849,unset,EH24DB,Control by other authorised person,Pedestrian phase at traffic signal junction,At scene,55.950580279700226,-3.2081900526788925
248010,,Slight,3,1,02/04/2010,Friday,2,April,10,13,5,230,A,90,Single carriageway - 2 lanes,40,Not at or within 20 metres of junction,unset,\,,Daylight: street lights present,Fine (without high winds),Dry,None,None,No overtaking,319210,674930,555498,Segment,Cyclist,353850,unset,EH46ER,No crossing facility within 50m or physical crossing facility not controlled by authorised person,No physical crossing facility within 50m,At scene,55.96056418352246,-3.2956420917709766
248110,,Slight,2,2,22/03/2010,Monday,22,March,10,10,7,230,B,701,Single carriageway - 2 lanes,30,Not at or within 20 metres of junction,unset,\,,Daylight: street lights present,Fine (without high winds),Dry,None,None,No overtaking,329330,668760,2105876,Segment,T.V.N.P.,353751,unset,EH177AN,No crossing facility within 50m or physical crossing facility not controlled by authorised person,No physical crossing facility within 50m,At scene,55.90673646017547,-3.131964118018294
248310,,Slight,2,2,02/04/2010,Friday,2,April,10,18,30,230,Unclassified,,Single carriageway - 2 lanes,30,'T' or staggered junction,Give way sign or markings,Unclassified,,Daylight: street lights present,Fine (without high winds),Dry,None,None,No overtaking,313870,671090,12231785,Junction,T.V.N.P.,353851,unset,EH288NP,No crossing facility within 50m or physical crossing facility not controlled by authorised person,No physical crossing facility within 50m,At scene,55.92514389776775,-3.3799218600860983
249110,,Serious,1,1,03/04/2010,Saturday,3,April,10,0,1,230,Unclassified,,Single carriageway - 2 lanes,30,Not at or within 20 metres of junction,unset,\,,Darkness: street lights present and lit,Fine (without high winds),Dry,None,None,No overtaking,329810,670970,12228386,Segment,S.V.N.P.,353852,unset,EH164JJ,No crossing facility within 50m or physical crossing facility not controlled by authorised person,No physical crossing facility within 50m,At scene,55.92665937893415,-3.1248629055882624
250810,,Slight,1,1,09/03/2010,Tuesday,9,March,10,18,30,230,Unclassified,,Single carriageway - 2 lanes,30,Not at or within 20 metres of junction,unset,\,,Daylight: no street lighting,Fine (without high winds),Dry,None,None,No overtaking,322710,675350,0,Unset,Pedestrian,353752,unset,EH42NW,No crossing facility within 50m or physical crossing facility not controlled by authorised person,No physical crossing facility within 50m,Elsewhere,55.9649134835019,-3.2397160968563257
251010,,Slight,2,1,02/04/2010,Friday,2,April,10,20,55,230,Unclassified,,Single carriageway - 2 lanes,30,'T' or staggered junction,Automatic Traffic Signal,C,,Darkness: street lights present and lit,Fine (without high winds),Dry,None,None,No overtaking,322210,670830,529735,Junction,T.V.N.P.,353853,unset,EH141LS,Control by other authorised person,Pedestrian phase at traffic signal junction,Elsewhere,55.924231165528404,-3.246418516061617
251810,,Slight,1,1,03/04/2010,Saturday,3,April,10,11,30,230,Unclassified,,Single carriageway - 2 lanes,30,Not at or within 20 metres of junction,unset,\,,Daylight: street lights present,Fine (without high winds),Dry,None,None,No overtaking,322430,671160,561769,Segment,Bus,353854,unset,EH141QA,No crossing facility within 50m or physical crossing facility not controlled by authorised person,No physical crossing facility within 50m,Elsewhere,55.92723101953329,-3.242993780043428
251910,,Slight,1,1,02/04/2010,Friday,2,April,10,16,0,230,A,901,Single carriageway - 2 lanes,30,Crossroads,Automatic Traffic Signal,B,900,Daylight: street lights present,Fine (without high winds),Dry,None,None,No overtaking,326730,676160,531355,Junction,Pedestrian,353855,unset,EH65JB,Control by other authorised person,Pedestrian phase at traffic signal junction,Elsewhere,55.972820487082565,-3.175554473182839
252410,,Fatal,1,1,04/04/2010,Sunday,4,April,10,2,18,230,A,702,Single carriageway - 2 lanes,30,'T' or staggered junction,Automatic Traffic Signal,Unclassified,,Darkness: street lights present and lit,Fine (without high winds),Dry,None,None,No overtaking,324770,673360,522333,Junction,S.V.N.P.,353856,unset,EH38BR,Control by other authorised person,"Pelican, puffin, toucan or similar non-junction pedestrian light crossing",At scene,55.94736531046265,-3.206168355966336
252710,,Slight,1,1,03/04/2010,Saturday,3,April,10,15,0,230,A,6106,Single carriageway - 2 lanes,30,Not at or within 20 metres of junction,unset,\,,Daylight: no street lighting,Raining (without high winds),Dry,None,None,No overtaking,330380,672700,569123,Segment,Pedestrian,353857,unset,EH153NY,No crossing facility within 50m or physical crossing facility not controlled by authorised person,No physical crossing facility within 50m,At scene,55.94228305204708,-3.1161897199588076
253010,,Slight,1,1,03/04/2010,Saturday,3,April,10,16,0,230,Unclassified,,Single carriageway - 2 lanes,30,Crossroads,Automatic Traffic Signal,Unclassified,,Daylight: street lights present,Fine (without high winds),Dry,None,None,No overtaking,323050,671920,522270,Junction,Bus,353858,unset,EH111QW,Control by other authorised person,Pedestrian phase at traffic signal junction,Elsewhere,55.93415758878387,-3.233290885805975
253210,,Slight,2,2,04/04/2010,Sunday,4,April,10,14,30,230,Unclassified,,Single carriageway - 2 lanes,30,Crossroads,Stop sign,Unclassified,,Daylight: street lights present,Fine (without high winds),Dry,None,None,No overtaking,321520,674380,520395,Junction,T.V.N.P.,353859,unset,EH43RG,Control by other authorised person,Zebra crossing,At scene,55.95600718087357,-3.2584911835510693
255210,,Slight,2,1,05/04/2010,Monday,5,April,10,16,45,230,C,,Single carriageway - 2 lanes,30,Not at or within 20 metres of junction,unset,\,,Daylight: street lights present,Fine (without high winds),Dry,None,None,No overtaking,323960,672570,559451,Segment,Pedestrian,353860,unset,EH111BP,No crossing facility within 50m or physical crossing facility not controlled by authorised person,No physical crossing facility within 50m,At scene,55.94014131923887,-3.2189119114016203
255910,,Slight,2,1,05/04/2010,Monday,5,April,10,16,15,230,Unclassified,,Single carriageway - 2 lanes,30,'T' or staggered junction,Give way sign or markings,Unclassified,,Daylight: street lights present,Fine (without high winds),Dry,None,None,No overtaking,319550,669460,0,Unset,T.V.N.P.,353861,unset,EH143BX,No crossing facility within 50m or physical crossing facility not controlled by authorised person,No physical crossing facility within 50m,Elsewhere,55.91148705284104,-3.2885651471724775
257610,,Slight,3,1,05/04/2010,Monday,5,April,10,22,0,230,Unclassified,,Single carriageway - 2 lanes,30,Not at or within 20 metres of junction,unset,\,,Darkness: street lights present and lit,Fine with high winds,Dry,None,None,No overtaking,328830,674360,12239340,Segment,M.V.N.P.,353862,unset,EH76PW,No crossing facility within 50m or physical crossing facility not controlled by authorised person,No physical crossing facility within 50m,At scene,55.956967478953985,-3.141438416513022
260710,,Slight,1,1,07/04/2010,Wednesday,7,April,10,17,5,230,Unclassified,,Single carriageway - 2 lanes,30,'T' or staggered junction,Give way sign or markings,Unclassified,,Daylight: street lights present,Fine (without high winds),Dry,None,None,No overtaking,326810,674070,520701,Junction,Pedestrian,353863,unset,EH88DX,No crossing facility within 50m or physical crossing facility not controlled by authorised person,No physical crossing facility within 50m,At scene,55.954058555662634,-3.173704431742484
263110,,Slight,3,2,08/04/2010,Thursday,8,April,10,16,35,230,Unclassified,,Single carriageway - 2 lanes,30,Not at or within 20 metres of junction,unset,\,,Daylight: street lights present,Fine (without high winds),Dry,None,None,No overtaking,320840,670860,565148,Segment,M.V.N.P.,353864,unset,EH114SR,No crossing facility within 50m or physical crossing facility not controlled by authorised person,No physical crossing facility within 50m,At scene,55.924276865737795,-3.2683449055318254
263210,,Slight,2,1,08/04/2010,Thursday,8,April,10,18,0,230,A,772,Single carriageway - 2 lanes,30,Not at or within 20 metres of junction,unset,\,,Daylight: street lights present,Fine (without high winds),Dry,None,None,No overtaking,328770,669210,569375,Segment,Cyclist,353865,unset,EH177JG,Control by other authorised person,Pedestrian phase at traffic signal junction,Elsewhere,55.91069616476573,-3.1410382363094502