acc_ref,beat_no,severity,no_vehicle,no_casualt,a_date,a_day,a_date_day,a_date_mon,a_date_yr,a_time_hr,a_time_min,loc_auth,road1_class,road1_no,road_type,speed_limi,junc_det,junc_ctrl,road2_class,road2_no,light_cond,weather,road_surf,spec_cond,cway_hzrds,ovrtk_patrn,easting,northing,net_id,net_type,acc_type,text_id,division,Postcode,ped_xing_hc,ped_xing_p,place_reported,latitude,longitude
263610,,Slight,2,1,04/04/2010,Sunday,4,April,10,23,35,230,Unclassified,,Single carriageway - 2 lanes,30,Not at or within 20 metres of junction,unset,\,,Darkness: street lights present but unlit,Fine (without high winds),Dry,None,None,No overtaking,328440,674550,0,Unset,T.V.N.P.,353866,unset,EH76LH,No crossing facility within 50m or physical crossing facility not controlled by authorised person,No physical crossing facility within 50m,At scene,55.95861622570329,-3.1477337827733782
264810,,Slight,2,1,09/04/2010,Friday,9,April,10,11,44,230,A,8,Single carriageway - 2 lanes,40,'T' or staggered junction,Give way sign or markings,Unclassified,,Daylight: street lights present,Fine (without high winds),Dry,None,None,No overtaking,321080,672870,521751,Junction,Cyclist,353867,unset,EH125YS,No crossing facility within 50m or physical crossing facility not controlled by authorised person,No physical crossing facility within 50m,At scene,55.94237135008314,-3.2650937103102855
264910,,Serious,2,1,17/03/2010,Wednesday,17,March,10,17,0,230,Unclassified,,Single carriageway - 2 lanes,30,'T' or staggered junction,Give way sign or markings,Unclassified,,Darkness: street lights present and lit,Unknown,Dry,None,None,No overtaking,329230,671800,0,Unset,T.V.N.P.,353753,unset,EH164NQ,No crossing facility within 50m or physical crossing facility not controlled by authorised person,No physical crossing facility within 50m,Elsewhere,55.93403017718629,-3.134360783363283
265010,,Slight,1,1,09/04/2010,Friday,9,April,10,12,0,230,Unclassified,,Single carriageway - 2 lanes,30,Not at or within 20 metres of junction,unset,\,,Daylight: street lights present,Fine (without high winds),Dry,None,None,No overtaking,313440,678030,12230279,Segment,Bus,353868,unset,EH309JX,No crossing facility within 50m or physical crossing facility not controlled by authorised person,No physical crossing facility within 50m,Elsewhere,55.98740244370591,-3.3890320628076176
265310,,Slight,3,3,09/04/2010,Friday,9,April,10,10,20,230,A,8,Single carriageway - 2 lanes,30,'T' or staggered junction,Give way sign or markings,Unclassified,,Daylight: street lights present,Fine (without high winds),Dry,None,None,No overtaking,320790,672820,521739,Junction,M.V.N.P.,353869,unset,EH127AU,No crossing facility within 50m or physical crossing facility not controlled by authorised person,No physical crossing facility within 50m,At scene,55.94187446514893,-3.2697206617698034
265510,,Slight,2,1,09/04/2010,Friday,9,April,10,14,20,230,A,7,Single carriageway - 2 lanes,30,'T' or staggered junction,Give way sign or markings,Unclassified,,Daylight: street lights present,Fine (without high winds),Dry,None,None,No overtaking,326390,672490,532687,Junction,T.V.N.P.,353870,unset,EH89PT,Control by other authorised person,"Pelican, puffin, toucan or similar non-junction pedestrian light crossing",At scene,55.93980140629917,-3.1799972595554586
265610,,Slight,2,1,08/04/2010,Thursday,8,April,10,18,40,230,A,71,Single carriageway - 2 lanes,30,Crossroads,Automatic Traffic Signal,Unclassified,,Daylight: street lights present,Fine (without high winds),Dry,None,None,No overtaking,322850,672230,521964,Junction,Cyclist,353871,unset,EH111TX,No crossing facility within 50m or physical crossing facility not controlled by authorised person,No physical crossing facility within 50m,At scene,55.93691013188406,-3.2365801128997806
266910,,Slight,1,1,30/03/2010,Tuesday,30,March,10,8,30,230,Unclassified,,Single carriageway - 2 lanes,30,Not at or within 20 metres of junction,unset,\,,Daylight: street lights present,Raining (without high winds),Dry,None,None,No overtaking,325640,676730,10310421,Segment,Bus,353754,unset,EH64QD,Control by school crossing patrol,"Pelican, puffin, toucan or similar non-junction pedestrian light crossing",At scene,55.97777287369587,-3.193172537060956
267210,,Slight,1,2,09/04/2010,Friday,9,April,10,17,40,230,A,700,Single carriageway - 2 lanes,30,Multiple junction,Automatic Traffic Signal,A,702,Daylight: street lights present,Fine (without high winds),Dry,None,None,No overtaking,324920,672970,533371,Junction,Pedestrian,353872,unset,EH39JG,Control by other authorised person,Pedestrian phase at traffic signal junction,At scene,55.943885514579335,-3.203658432201296
269310,,Slight,2,1,11/04/2010,Sunday,11,April,10,10,30,230,A,90,Single carriageway - 2 lanes,30,Crossroads,Automatic Traffic Signal,Unclassified,,Daylight: street lights present,Fine (without high winds),Dry,None,None,No overtaking,323770,674230,520464,Junction,Cyclist,353873,unset,EH43TP,No crossing facility within 50m or physical crossing facility not controlled by authorised person,No physical crossing facility within 50m,At scene,55.955022491465165,-3.2224226887920175
269510,,Slight,1,1,11/04/2010,Sunday,11,April,10,13,40,230,A,1140,Single carriageway - 2 lanes,30,Not at or within 20 metres of junction,unset,\,,Daylight: street lights present,Fine (without high winds),Dry,None,None,No overtaking,328430,674150,523368,Junction,Bus,353874,unset,EH87EH,No crossing facility within 50m or physical crossing facility not controlled by authorised person,No physical crossing facility within 50m,At scene,55.95502155826933,-3.147787552317982
270110,,Slight,1,1,10/04/2010,Saturday,10,April,10,16,0,230,A,70,Single carriageway - 2 lanes,30,'T' or staggered junction,Give way sign or markings,Unclassified,,Daylight: street lights present,Fine (without high winds),Dry,None,None,No overtaking,322760,671610,522231,Junction,Pedestrian,353875,unset,EH141NY,No crossing facility within 50m or physical crossing facility not controlled by authorised person,No physical crossing facility within 50m,Elsewhere,55.93132640316921,-3.2378427960962735
270210,,Slight,2,1,11/04/2010,Sunday,11,April,10,13,30,230,A,8,Single carriageway - 2 lanes,30,'T' or staggered junction,Give way sign or markings,Unclassified,,Daylight: no street lighting,Fine (without high winds),Dry,None,None,No overtaking,320560,672820,521745,Junction,Cyclist,353876,unset,EH126JP,No crossing facility within 50m or physical crossing facility not controlled by authorised person,No physical crossing facility within 50m,At scene,55.94183646519122,-3.2734019176357028
272010,,Serious,2,1,12/04/2010,Monday,12,April,10,12,55,230,A,901,Single carriageway - 2 lanes,30,'T' or staggered junction,Give way sign or markings,Unclassified,,Daylight: street lights present,Fine (without high winds),Dry,None,None,No overtaking,326860,676010,531349,Junction,Cyclist,353877,unset,EH65HX,No crossing facility within 50m or physical crossing facility not controlled by authorised person,"Pelican, puffin, toucan or similar non-junction pedestrian light crossing",At scene,55.97149290848444,-3.1734312271153966
273110,,Serious,1,1,12/04/2010,Monday,12,April,10,11,48,230,A,71,Roundabout,40,Roundabout,Automatic Traffic Signal,A,71,Daylight: no street lighting,Other,Dry,None,None,No overtaking,318630,670430,2586683,Junction,Cyclist,353878,unset,EH144AW,No crossing facility within 50m or physical crossing facility not controlled by authorised person,No physical crossing facility within 50m,At scene,55.92004519999882,-3.303570912484006
273810,,Slight,3,1,13/04/2010,Tuesday,13,April,10,12,45,230,B,6415,Single carriageway - 2 lanes,30,'T' or staggered junction,Give way sign or markings,Unclassified,,Daylight: street lights present,Fine (without high winds),Dry,None,None,No overtaking,330340,674080,523473,Junction,M.V.N.P.,353879,unset,EH151AN,No crossing facility within 50m or physical crossing facility not controlled by authorised person,Central refuge - no other controls,At scene,55.95467385397158,-3.1171869637508047
273910,,Slight,2,1,12/04/2010,Monday,12,April,10,12,30,230,Unclassified,,Single carriageway - 2 lanes,30,Crossroads,Give way sign or markings,Unclassified,,Daylight: street lights present,Fine (without high winds),Dry,None,None,No overtaking,323280,676730,12233130,Junction,T.V.N.P.,353880,unset,EH51NG,No crossing facility within 50m or physical crossing facility not controlled by authorised person,No physical crossing facility within 50m,At scene,55.9774010404726,-3.2309810886623893
274310,,Slight,2,1,13/04/2010,Tuesday,13,April,10,18,0,230,A,8,Roundabout,40,Roundabout,Automatic Traffic Signal,Unclassified,,Darkness: street lights present and lit,Fine (without high winds),Dry,None,None,No overtaking,317560,672570,9658425,Junction,T.V.N.P.,353881,unset,EH129BS,No crossing facility within 50m or physical crossing facility not controlled by authorised person,No physical crossing facility within 50m,At scene,55.93908514905549,-3.321341001992274
274910,,Slight,3,1,13/04/2010,Tuesday,13,April,10,17,15,230,A,199,Single carriageway - 2 lanes,30,'T' or staggered junction,Automatic Traffic Signal,Unclassified,,Daylight: street lights present,Fine (without high winds),Dry,None,None,No overtaking,328790,675690,523248,Junction,M.V.N.P.,353882,unset,EH67LW,No crossing facility within 50m or physical crossing facility not controlled by authorised person,Pedestrian phase at traffic signal junction,At scene,55.96890886418658,-3.142430927420424
275910,,Slight,2,1,14/04/2010,Wednesday,14,April,10,9,0,230,Unclassified,,Single carriageway - 2 lanes,30,Crossroads,Give way sign or markings,Unclassified,,Daylight: street lights present,Fine (without high winds),Dry,None,None,No overtaking,327620,674420,520743,Junction,Cyclist,353883,unset,EH76AE,No crossing facility within 50m or physical crossing facility not controlled by authorised person,Central refuge - no other controls,At scene,55.95732543648163,-3.160829519011971
276010,,Slight,1,1,14/04/2010,Wednesday,14,April,10,9,0,230,A,1,Single carriageway - 2 lanes,30,Not at or within 20 metres of junction,unset,\,,Daylight: street lights present,Fine (without high winds),Dry,None,None,No overtaking,327590,674320,2106028,Segment,Bus,353884,unset,EH75TP,No crossing facility within 50m or physical crossing facility not controlled by authorised person,No physical crossing facility within 50m,Elsewhere,55.956422620032235,-3.1612829919247245
276110,,Slight,1,1,13/04/2010,Tuesday,13,April,10,18,40,230,Unclassified,,Single carriageway - 2 lanes,30,'T' or staggered junction,Give way sign or markings,Unclassified,,Daylight: street lights present,Fine (without high winds),Dry,None,None,No overtaking,312390,674160,517330,Junction,S.V.N.P.,353885,unset,EH299DY,Control by other authorised person,Central refuge - no other controls,Elsewhere,55.952451279365555,-3.4045963251099844
276810,,Slight,2,1,14/04/2010,Wednesday,14,April,10,17,30,230,Unclassified,,Single carriageway - 2 lanes,30,'T' or staggered junction,Give way sign or markings,Unclassified,,Daylight: no street lighting,Fine (without high winds),Dry,None,None,No overtaking,323800,670250,529993,Junction,T.V.N.P.,353886,unset,EH105QY,No crossing facility within 50m or physical crossing facility not controlled by authorised person,No physical crossing facility within 50m,At scene,55.91927599283785,-3.220817110598649
279010,,Slight,2,1,15/04/2010,Thursday,15,April,10,17,50,230,Unclassified,,Single carriageway - 2 lanes,30,'T' or staggered junction,Give way sign or markings,A,901,Daylight: street lights present,Fine (without high winds),Dry,None,None,No overtaking,325000,676980,519037,Junction,T.V.N.P.,353887,unset,EH53BY,No crossing facility within 50m or physical crossing facility not controlled by authorised person,No physical crossing facility within 50m,At scene,55.979918865172635,-3.203495544949477
279110,,Slight,2,1,15/04/2010,Thursday,15,April,10,20,25,230,C,,Single carriageway - 2 lanes,30,Not at or within 20 metres of junction,unset,\,,Daylight: no street lighting,Fine (without high winds),Dry,None,None,No overtaking,325330,674200,566762,Segment,T.V.N.P.,353888,unset,EH21JE,Control by other authorised person,"Pelican, puffin, toucan or similar non-junction pedestrian light crossing",At scene,55.95499829765743,-3.1974367142320292
280010,,Slight,2,1,15/04/2010,Thursday,15,April,10,13,45,230,A,702,Single carriageway - 2 lanes,30,Not at or within 20 metres of junction,unset,\,,Daylight: street lights present,Fine (without high winds),Dry,None,None,No overtaking,324540,671090,549078,Segment,T.V.N.P.,353889,unset,EH104RD,No crossing facility within 50m or physical crossing facility not controlled by authorised person,No physical crossing facility within 50m,Elsewhere,55.92693832114936,-3.2092146607293492
280910,,Slight,2,1,16/04/2010,Friday,16,April,10,7,50,230,C,,Single carriageway - 2 lanes,30,Not at or within 20 metres of junction,unset,\,,Daylight: street lights present,Fine (without high winds),Dry,None,None,No overtaking,325710,674320,566771,Segment,T.V.N.P.,353890,unset,EH13EP,Control by other authorised person,Pedestrian phase at traffic signal junction,Elsewhere,55.95613521671507,-3.1913855143254732
281710,,Slight,2,1,14/04/2010,Wednesday,14,April,10,18,15,230,A,8,Single carriageway - 2 lanes,30,Not at or within 20 metres of junction,unset,\,,Daylight: street lights present,Fine (without high winds),Dry,None,None,No overtaking,322770,673240,550586,Segment,T.V.N.P.,353891,unset,EH126DE,No crossing facility within 50m or physical crossing facility not controlled by authorised person,No physical crossing facility within 50m,At scene,55.94596976597771,-3.238149886707739
281810,,Slight,2,1,16/04/2010,Friday,16,April,10,16,10,230,A,7,Single carriageway - 2 lanes,30,'T' or staggered junction,Automatic Traffic Signal,Unclassified,,Daylight: street lights present,Fine (without high winds),Dry,None,None,No overtaking,325990,673420,521589,Junction,Cyclist,353892,unset,EH11HR,Control by other authorised person,Pedestrian phase at traffic signal junction,At scene,55.948093947883876,-3.1866548097091085
282210,,Slight,1,1,17/04/2010,Saturday,17,April,10,18,40,230,Unclassified,,Single carriageway - 2 lanes,30,Not at or within 20 metres of junction,unset,\,,Daylight: street lights present,Fine (without high winds),Dry,None,None,No overtaking,322520,670230,554747,Segment,Bus,353893,unset,EH141DL,No crossing facility within 50m or physical crossing facility not controlled by authorised person,No physical crossing facility within 50m,At scene,55.918891649432496,-3.2412867098474174
284710,,Slight,2,2,16/04/2010,Friday,16,April,10,21,39,230,Unclassified,,Single carriageway - 2 lanes,30,'T' or staggered junction,Give way sign or markings,Unclassified,,Darkness: street lights present and lit,Fine (without high winds),Dry,None,None,No overtaking,326010,675940,10217442,Junction,T.V.N.P.,353894,unset,EH65QB,No crossing facility within 50m or physical crossing facility not controlled by authorised person,No physical crossing facility within 50m,At scene,55.970733715848596,-3.1870274495670894
285310,,Slight,2,1,18/04/2010,Sunday,18,April,10,15,10,230,A,8,Single carriageway - 2 lanes,30,Not at or within 20 metres of junction,unset,\,,Daylight: street lights present,Raining (without high winds),Dry,None,None,No overtaking,320010,672930,550692,Segment,T.V.N.P.,353895,unset,EH127SD,No crossing facility within 50m or physical crossing facility not controlled by authorised person,No physical crossing facility within 50m,Elsewhere,55.942733226357966,-3.2822375392829297
287510,,Slight,1,1,19/04/2010,Monday,19,April,10,17,28,230,Unclassified,,Single carriageway - 2 lanes,30,Roundabout,Give way sign or markings,Unclassified,,Daylight: street lights present,Fine (without high winds),Dry,None,None,No overtaking,319740,671450,9659167,Junction,Pedestrian,353896,unset,EH113UP,Control by other authorised person,Pedestrian phase at traffic signal junction,At scene,55.9293940551832,-3.286118427825939
288010,,Slight,1,1,09/01/2010,Saturday,9,January,10,12,0,230,Unclassified,,Single carriageway - 2 lanes,30,Other junction,Give way sign or markings,Unclassified,,Daylight: street lighting unknown,Unknown,Dry,None,None,No overtaking,321540,675500,12285884,Junction,Pedestrian,344657,unset,EH44QT,No crossing facility within 50m or physical crossing facility not controlled by authorised person,No physical crossing facility within 50m,At scene,55.96607092859425,-3.2584974770900486
288110,,Slight,1,3,20/04/2010,Tuesday,20,April,10,1,0,230,Unclassified,,Single carriageway - 2 lanes,60,Not at or within 20 metres of junction,unset,\,,Darkness: street lights present and lit,Fine (without high winds),Dry,None,None,No overtaking,316680,664970,0,Unset,S.V.N.P.,353897,unset,EH147JU,No crossing facility within 50m or physical crossing facility not controlled by authorised person,No physical crossing facility within 50m,At scene,55.87066716543509,-3.3330801089936695
288410,,Slight,2,1,19/04/2010,Monday,19,April,10,9,56,230,A,900,Roundabout,30,Roundabout,Give way sign or markings,A,900,Daylight: no street lighting,Fine (without high winds),Dry,None,None,No overtaking,326130,674520,520242,Junction,Cyclist,353898,unset,EH13NH,Control by other authorised person,Pedestrian phase at traffic signal junction,At scene,55.957996625749296,-3.1847154182656388
289410,,Serious,2,1,20/04/2010,Tuesday,20,April,10,11,12,230,Unclassified,,Roundabout,30,Roundabout,Give way sign or markings,Unclassified,,Daylight: street lights present,Fine (without high winds),Dry,None,None,No overtaking,326910,673690,0,Unset,T.V.N.P.,353899,unset,EH88DX,No crossing facility within 50m or physical crossing facility not controlled by authorised person,Central refuge - no other controls,At scene,55.95066030794614,-3.17200016642222
290210,,Slight,1,1,21/04/2010,Wednesday,21,April,10,13,39,230,A,7,Single carriageway - 2 lanes,30,Crossroads,Automatic Traffic Signal,Unclassified,,Daylight: street lights present,Fine (without high winds),Dry,None,None,No overtaking,326140,673070,521568,Junction,Bus,353900,unset,EH89DD,No crossing facility within 50m or physical crossing facility not controlled by authorised person,No physical crossing facility within 50m,At scene,55.94497306115046,-3.184157549892632
290710,,Slight,2,2,15/04/2010,Thursday,15,April,10,18,25,230,Unclassified,,Single carriageway - 2 lanes,30,Not at or within 20 metres of junction,unset,\,,Daylight: street lights present,Fine (without high winds),Dry,None,None,No overtaking,321870,672180,0,Unset,T.V.N.P.,353901,unset,EH113BA,No crossing facility within 50m or physical crossing facility not controlled by authorised person,No physical crossing facility within 50m,Elsewhere,55.93630255150684,-3.252249103940422
290910,,Slight,2,1,21/04/2010,Wednesday,21,April,10,15,30,230,B,6415,Single carriageway - 2 lanes,30,Crossroads,Automatic Traffic Signal,Unclassified,,Daylight: street lights present,Fine (without high winds),Dry,None,None,No overtaking,330510,673870,523602,Junction,Cyclist,353902,unset,EH151AF,Control by school crossing patrol,Pedestrian phase at traffic signal junction,Elsewhere,55.952812065856676,-3.1144107721972
291010,,Slight,1,2,21/04/2010,Wednesday,21,April,10,8,10,230,A,90,Single carriageway - 2 lanes,30,'T' or staggered junction,Give way sign or markings,Unclassified,,Daylight: no street lighting,Fine (without high winds),Dry,None,None,No overtaking,323870,674230,520461,Junction,Pedestrian,353903,unset,EH43AP,Control by other authorised person,Central refuge - no other controls,At scene,55.95503836697948,-3.220821568841084
291110,,Slight,2,2,21/04/2010,Wednesday,21,April,10,7,30,230,Unclassified,,Single carriageway - 2 lanes,30,Crossroads,Give way sign or markings,Unclassified,,Daylight: street lights present,Fine (without high winds),Dry,None,None,No overtaking,323370,677260,12227194,Junction,T.V.N.P.,353904,unset,EH51PN,No crossing facility within 50m or physical crossing facility not controlled by authorised person,No physical crossing facility within 50m,At scene,55.98217623198119,-3.229690349206109
292710,,Slight,1,1,21/04/2010,Wednesday,21,April,10,4,0,230,A,701,Single carriageway - 2 lanes,30,Not at or within 20 metres of junction,unset,\,,Darkness: street lights present and lit,Fine (without high winds),Dry,None,Any animal in carriagway (except riden hors,No overtaking,327330,668150,570770,Segment,Bus,353905,unset,EH166PN,No crossing facility within 50m or physical crossing facility not controlled by authorised person,No physical crossing facility within 50m,At scene,55.90095864829457,-3.163783305181198
294110,,Slight,2,1,21/04/2010,Wednesday,21,April,10,14,0,230,Unclassified,,Single carriageway - 2 lanes,30,Roundabout,Give way sign or markings,Unclassified,,Daylight: street lights present,Fine (without high winds),Dry,None,None,No overtaking,326500,676890,0,Unset,T.V.N.P.,353906,unset,EH66NL,No crossing facility within 50m or physical crossing facility not controlled by authorised person,No physical crossing facility within 50m,Elsewhere,55.97934273928337,-3.1794383753702355
294710,,Slight,1,1,18/04/2010,Sunday,18,April,10,19,55,230,A,900,Single carriageway - 2 lanes,30,Not at or within 20 metres of junction,unset,\,,Daylight: street lights present,Fine (without high winds),Dry,None,None,No overtaking,327170,676170,558461,Segment,Bus,353907,unset,EH67AE,Control by other authorised person,Central refuge - no other controls,Elsewhere,55.97297734708579,-3.1685088877812633
295110,,Slight,1,1,23/04/2010,Friday,23,April,10,2,0,230,A,900,Dual carriageway - 2 lanes,30,'T' or staggered junction,Automatic Traffic Signal,A,900,Darkness: street lights present and lit,Fine (without high winds),Dry,None,None,No overtaking,326110,674460,520659,Junction,S.V.N.P.,353908,unset,EH13AF,Control by other authorised person,Pedestrian phase at traffic signal junction,At scene,55.95745457686682,-3.1850191995785497
295810,,Slight,2,1,22/04/2010,Thursday,22,April,10,20,30,230,C,,Roundabout,40,Roundabout,Give way sign or markings,A,71,Darkness: street lights present and lit,Fine (without high winds),Dry,None,None,No overtaking,320740,671130,529504,Junction,T.V.N.P.,353909,unset,EH113PA,No crossing facility within 50m or physical crossing facility not controlled by authorised person,No physical crossing facility within 50m,Elsewhere,55.92668567559965,-3.2700240655855093
297710,,Slight,1,1,23/04/2010,Friday,23,April,10,17,30,230,A,7,Single carriageway - 2 lanes,30,Crossroads,Automatic Traffic Signal,C,,Daylight: street lights present,Fine (without high winds),Dry,None,None,No overtaking,325940,673650,521103,Junction,Pedestrian,353910,unset,EH11LL,Control by other authorised person,Pedestrian phase at traffic signal junction,At scene,55.950152284740255,-3.187518487830953
298710,,Slight,1,1,24/04/2010,Saturday,24,April,10,18,50,230,A,90,One way Street,30,'T' or staggered junction,Give way sign or markings,Unclassified,,Daylight: street lights present,Fine (without high winds),Dry,None,None,No overtaking,324620,673890,520971,Junction,Bus,353911,unset,EH24DR,No crossing facility within 50m or physical crossing facility not controlled by authorised person,No physical crossing facility within 50m,Elsewhere,55.95210263635472,-3.2087179253436235
299210,,Slight,2,1,22/04/2010,Thursday,22,April,10,14,0,230,A,8,Roundabout,30,Roundabout,Automatic Traffic Signal,Unclassified,,Daylight: street lights present,Fine (without high winds),Dry,None,None,No overtaking,317560,672570,9658425,Junction,T.V.N.P.,353912,unset,EH129BS,No crossing facility within 50m or physical crossing facility not controlled by authorised person,No physical crossing facility within 50m,At scene,55.93908514905549,-3.321341001992274
299310,,Slight,2,1,24/04/2010,Saturday,24,April,10,22,15,230,Unclassified,,Roundabout,30,Roundabout,Give way sign or markings,C,,Darkness: street lights present and lit,Fine (without high winds),Dry,None,None,No overtaking,322950,675750,519397,Junction,T.V.N.P.,353913,unset,EH52DG,No crossing facility within 50m or physical crossing facility not controlled by authorised person,No physical crossing facility within 50m,At scene,55.968545148225886,-3.2359870148142402
299410,,Slight,2,1,24/04/2010,Saturday,24,April,10,13,0,230,A,8,Single carriageway - 2 lanes,30,Other junction,Automatic Traffic Signal,Unclassified,,Daylight: street lights present,Fine (without high winds),Dry,None,None,No overtaking,324280,673390,521310,Junction,Bus,353914,unset,EH38HP,No crossing facility within 50m or physical crossing facility not controlled by authorised person,Pedestrian phase at traffic signal junction,At scene,55.94755774356735,-3.2140207535566345
300010,,Slight,2,1,24/04/2010,Saturday,24,April,10,17,0,230,Unclassified,,Single carriageway - 2 lanes,30,Crossroads,Automatic Traffic Signal,C,,Daylight: street lights present,Fine (without high winds),Dry,None,None,No overtaking,326900,674330,520689,Junction,Cyclist,353915,unset,EH75AN,Control by other authorised person,Central refuge - no other controls,At scene,55.95640781940943,-3.1723340374232607
300210,,Slight,1,1,25/04/2010,Sunday,25,April,10,12,35,230,Unclassified,,Single carriageway - 2 lanes,30,'T' or staggered junction,Give way sign or markings,Unclassified,,Daylight: street lights present,Fine (without high winds),Dry,None,None,No overtaking,327350,675040,12239017,Junction,Pedestrian,353916,unset,EH76BU,No crossing facility within 50m or physical crossing facility not controlled by authorised person,No physical crossing facility within 50m,At scene,55.962854013222525,-3.165320266924064
302310,,Slight,1,1,24/04/2010,Saturday,24,April,10,13,20,230,B,6415,Single carriageway - 2 lanes,30,Not at or within 20 metres of junction,unset,\,,Daylight: street lights present,Fine (without high winds),Dry,None,None,No overtaking,330570,673830,563352,Segment,Bus,353917,unset,EH151EU,No crossing facility within 50m or physical crossing facility not controlled by authorised person,No physical crossing facility within 50m,Elsewhere,55.952461429454196,-3.1134398022844927
303010,,Slight,2,1,26/04/2010,Monday,26,April,10,8,5,230,B,701,Single carriageway - 2 lanes,30,Not at or within 20 metres of junction,unset,\,,Daylight: no street lighting,Fine (without high winds),Dry,None,None,No overtaking,319230,673600,551726,Segment,T.V.N.P.,353918,unset,EH128SZ,Control by other authorised person,Pedestrian phase at traffic signal junction,At scene,55.94862089257499,-3.2949228522562413
303510,,Slight,2,1,27/04/2010,Tuesday,27,April,10,11,15,230,Unclassified,,Single carriageway - 2 lanes,30,Crossroads,Automatic Traffic Signal,Unclassified,,Daylight: street lights present,Fine (without high winds),Dry,None,None,No overtaking,324600,673380,10254956,Junction,T.V.N.P.,353919,unset,EH12DA,Control by other authorised person,Pedestrian phase at traffic signal junction,At scene,55.947518290825585,-3.2088953343265887
303610,,Slight,2,1,27/04/2010,Tuesday,27,April,10,8,10,230,Unclassified,,Roundabout,30,Roundabout,Give way sign or markings,Unclassified,,Daylight: street lights present,Fine (without high winds),Dry,None,None,No overtaking,327910,674590,520323,Junction,Cyclist,353920,unset,EH76AP,No crossing facility within 50m or physical crossing facility not controlled by authorised person,No physical crossing facility within 50m,At scene,55.95889619376705,-3.1562314227907584
303910,,Slight,1,1,22/04/2010,Thursday,22,April,10,16,40,230,Unclassified,,Unknown,30,'T' or staggered junction,Give way sign or markings,Unclassified,,Daylight: street lights present,Fine (without high winds),Dry,None,None,No overtaking,325550,674000,520554,Junction,Pedestrian,353921,unset,EH22DF,Control by other authorised person,Pedestrian phase at traffic signal junction,Elsewhere,55.95323592313142,-3.1938589102695985
304810,,Slight,2,1,27/04/2010,Tuesday,27,April,10,11,50,230,C,,Dual carriageway - 2 lanes,30,Not at or within 20 metres of junction,unset,\,,Darkness: street lights present but unlit,Fine (without high winds),Dry,None,None,No overtaking,325270,674010,566570,Segment,T.V.N.P.,353922,unset,EH22LR,No crossing facility within 50m or physical crossing facility not controlled by authorised person,No physical crossing facility within 50m,At scene,55.95328222876408,-3.1983446540388116
305110,,Slight,1,1,27/04/2010,Tuesday,27,April,10,16,45,230,Unclassified,,Single carriageway - 2 lanes,30,Not at or within 20 metres of junction,unset,\,,Daylight: street lights present,Fine (without high winds),Dry,None,None,No overtaking,321040,675390,0,Unset,Pedestrian,353923,unset,EH45AN,No crossing facility within 50m or physical crossing facility not controlled by authorised person,No physical crossing facility within 50m,Elsewhere,55.965000806540615,-3.2664729413475633
307810,,Slight,2,1,28/04/2010,Wednesday,28,April,10,9,25,230,Unclassified,,Dual carriageway - 2 lanes,40,Not at or within 20 metres of junction,unset,\,,Daylight: street lights present,Fine (without high winds),Dry,None,None,No overtaking,317710,672440,9658643,Segment,T.V.N.P.,353924,unset,EH129DF,No crossing facility within 50m or physical crossing facility not controlled by authorised person,No physical crossing facility within 50m,Elsewhere,55.93794316680212,-3.3189007092801783
308710,,Slight,2,1,28/04/2010,Wednesday,28,April,10,7,40,230,C,,Single carriageway - 2 lanes,30,Crossroads,Automatic Traffic Signal,Unclassified,,Daylight: street lights present,Fine (without high winds),Dry,None,None,No overtaking,323340,674890,520071,Junction,Cyclist,353925,unset,EH41QL,Control by other authorised person,Pedestrian phase at traffic signal junction,At scene,55.96088255335853,-3.229495455836919
309610,,Slight,2,1,29/04/2010,Thursday,29,April,10,12,10,230,A,8,Dual carriageway - 2 lanes,40,Not at or within 20 metres of junction,unset,\,,Daylight: street lights present,Fine (without high winds),Dry,None,None,No overtaking,317860,672710,9659466,Segment,T.V.N.P.,353926,unset,EH128ND,No crossing facility within 50m or physical crossing facility not controlled by authorised person,No physical crossing facility within 50m,At scene,55.94039409398146,-3.316582462216936
309710,,Serious,1,1,29/04/2010,Thursday,29,April,10,8,0,230,B,900,Single carriageway - 2 lanes,30,Not at or within 20 metres of junction,unset,\,,Daylight: street lights present,Fine (without high winds),Dry,None,None,No overtaking,324460,674660,554192,Segment,Pedestrian,353927,unset,EH41HU,Control by other authorised person,"Pelican, puffin, toucan or similar non-junction pedestrian light crossing",At scene,55.958994184560765,-3.211495600607736
312210,,Slight,2,1,27/04/2010,Tuesday,27,April,10,13,0,230,A,7,Single carriageway - 2 lanes,30,'T' or staggered junction,Automatic Traffic Signal,Unclassified,,Daylight: street lights present,Fine (without high winds),Dry,None,None,No overtaking,326000,673420,521589,Junction,Cyclist,353928,unset,EH11LL,Control by other authorised person,Pedestrian phase at traffic signal junction,At scene,55.94809548978164,-3.186494724273221
313610,,Slight,2,1,30/04/2010,Friday,30,April,10,16,5,230,C,,Single carriageway - 2 lanes,30,Crossroads,Give way sign or markings,Unclassified,,Daylight: street lights present,Fine (without high winds),Dry,None,None,No overtaking,322420,670490,530467,Junction,Cyclist,353929,unset,EH141HZ,No crossing facility within 50m or physical crossing facility not controlled by authorised person,No physical crossing facility within 50m,At scene,55.92121101216184,-3.242961083719596
314010,,Slight,2,1,30/04/2010,Friday,30,April,10,20,0,230,A,71,Single carriageway - 2 lanes,30,Crossroads,Automatic Traffic Signal,Unclassified,,Daylight: street lights present,Fine (without high winds),Dry,None,None,No overtaking,322300,671870,522219,Junction,T.V.N.P.,353930,unset,EH112RT,No crossing facility within 50m or physical crossing facility not controlled by authorised person,Pedestrian phase at traffic signal junction,At scene,55.933587697600046,-3.2452783194223005