acc_ref,beat_no,severity,no_vehicle,no_casualt,a_date,a_day,a_date_day,a_date_mon,a_date_yr,a_time_hr,a_time_min,loc_auth,road1_class,road1_no,road_type,speed_limi,junc_det,junc_ctrl,road2_class,road2_no,light_cond,weather,road_surf,spec_cond,cway_hzrds,ovrtk_patrn,easting,northing,net_id,net_type,acc_type,text_id,division,Postcode,ped_xing_hc,ped_xing_p,place_reported,latitude,longitude
365210,,Slight,2,1,21/05/2010,Friday,21,May,10,12,0,230,Unclassified,,Single carriageway - 2 lanes,20,Crossroads,Automatic Traffic Signal,A,700,Daylight: street lights present,Fine (without high winds),Dry,None,None,No overtaking,326420,672400,532786,Junction,Bus,337471,unset,EH91QS,Control by other authorised person,Pedestrian phase at traffic signal junction,Elsewhere,55.938997547229874,-3.1794925294728777
365510,,Slight,2,1,23/05/2010,Sunday,23,May,10,15,20,230,C,,Single carriageway - 2 lanes,30,Not at or within 20 metres of junction,unset,\,,Daylight: street lights present,Fine (without high winds),Dry,None,None,No overtaking,322870,676000,559931,Segment,T.V.N.P.,337472,unset,EH52NG,No crossing facility within 50m or physical crossing facility not controlled by authorised person,No physical crossing facility within 50m,At scene,55.97077794689147,-3.237340039526933
365710,,Slight,2,1,23/05/2010,Sunday,23,May,10,10,45,230,Unclassified,,Single carriageway - 2 lanes,30,'T' or staggered junction,Give way sign or markings,Unclassified,,Daylight: street lights present,Fine (without high winds),Dry,None,None,No overtaking,326170,671660,0,Unset,Cyclist,337473,unset,EH92EW,No crossing facility within 50m or physical crossing facility not controlled by authorised person,No physical crossing facility within 50m,At scene,55.93231185480985,-3.183291033081794
367310,,Slight,2,1,22/05/2010,Saturday,22,May,10,13,20,230,B,900,Single carriageway - 2 lanes,30,'T' or staggered junction,Give way sign or markings,Unclassified,,Daylight: street lights present,Fine (without high winds),Dry,None,None,No overtaking,323080,674490,520455,Junction,Cyclist,337474,unset,EH42EH,No crossing facility within 50m or physical crossing facility not controlled by authorised person,No physical crossing facility within 50m,Elsewhere,55.9572478754497,-3.2335446631648797
371110,,Slight,1,1,24/05/2010,Monday,24,May,10,12,5,230,Unclassified,,Single carriageway - 2 lanes,30,Crossroads,Automatic Traffic Signal,A,71,Daylight: no street lighting,Fine (without high winds),Dry,None,None,No overtaking,322680,672210,521970,Junction,Bus,337475,unset,EH112QT,Control by other authorised person,Pedestrian phase at traffic signal junction,Elsewhere,55.93670313551027,-3.239294991227117
371610,,Slight,2,1,24/05/2010,Monday,24,May,10,16,45,230,Unclassified,,Single carriageway - 2 lanes,30,Mini-roundabout,Give way sign or markings,Unclassified,,Daylight: street lights present,Fine (without high winds),Dry,None,None,No overtaking,324290,675500,12232951,Junction,Cyclist,337476,unset,EH35PA,No crossing facility within 50m or physical crossing facility not controlled by authorised person,No physical crossing facility within 50m,Elsewhere,55.96651286950222,-3.214454136898038
371710,,Serious,1,1,25/05/2010,Tuesday,25,May,10,15,30,230,Unclassified,,Single carriageway - 2 lanes,30,Not at or within 20 metres of junction,unset,\,,Daylight: no street lighting,Fine (without high winds),Dry,None,None,No overtaking,323520,677200,12226718,Segment,Pedestrian,337477,unset,EH51PN,No crossing facility within 50m or physical crossing facility not controlled by authorised person,No physical crossing facility within 50m,At scene,55.981661227975174,-3.227269918631736
372710,,Slight,2,1,26/05/2010,Wednesday,26,May,10,8,15,230,C,,Single carriageway - 2 lanes,30,'T' or staggered junction,Give way sign or markings,Unclassified,,Daylight: no street lighting,Fine (without high winds),Dry,None,None,No overtaking,326440,675310,519855,Junction,Cyclist,337478,unset,EH65AL,Control by other authorised person,Pedestrian phase at traffic signal junction,At scene,55.96514069109752,-3.1799674524375896
373710,,Slight,1,1,25/05/2010,Tuesday,25,May,10,14,0,230,B,701,Single carriageway - 2 lanes,40,Other junction,Give way sign or markings,Unclassified,,Daylight: street lights present,Fine (without high winds),Dry,None,None,No overtaking,319070,674180,520356,Junction,Pedestrian,337479,unset,EH48DB,No crossing facility within 50m or physical crossing facility not controlled by authorised person,Central refuge - no other controls,At scene,55.95380376230477,-3.2976584442216783
375610,,Slight,1,1,26/05/2010,Wednesday,26,May,10,21,29,230,Unclassified,,Single carriageway - 2 lanes,30,Crossroads,Give way sign or markings,Unclassified,,Daylight: street lights present,Fine (without high winds),Dry,None,None,No overtaking,321170,671740,0,Unset,Pedestrian,337480,unset,EH113EP,No crossing facility within 50m or physical crossing facility not controlled by authorised person,No physical crossing facility within 50m,At scene,55.93223581354661,-3.2633227049118982
375810,,Slight,1,1,27/05/2010,Thursday,27,May,10,16,37,230,B,900,Single carriageway - 2 lanes,30,'T' or staggered junction,Give way sign or markings,Unclassified,,Daylight: street lights present,Fine (without high winds),Dry,None,None,No overtaking,326550,675980,522321,Junction,Pedestrian,337481,unset,EH65ND,No crossing facility within 50m or physical crossing facility not controlled by authorised person,No physical crossing facility within 50m,Elsewhere,55.97117604144951,-3.1783886924703832
377510,,Serious,1,1,28/05/2010,Friday,28,May,10,9,40,230,A,7,Single carriageway - 2 lanes,30,Other junction,Automatic Traffic Signal,Unclassified,,Daylight: street lights present,Fine (without high winds),Dry,None,None,No overtaking,326010,673400,2305729,Junction,Pedestrian,337482,unset,EH11LL,Control by other authorised person,Pedestrian phase at traffic signal junction,At scene,55.9479173748886,-3.186329144296461
377610,,Slight,3,1,27/05/2010,Thursday,27,May,10,14,10,230,Unclassified,,Dual carriageway - 2 lanes,30,Not at or within 20 metres of junction,unset,\,,Daylight: street lights present,Fine (without high winds),Dry,None,None,No overtaking,319520,671430,9659219,Segment,M.V.N.P.,337483,unset,EH113UP,No crossing facility within 50m or physical crossing facility not controlled by authorised person,No physical crossing facility within 50m,At scene,55.92917759636158,-3.2896325063339726
378910,,Slight,1,2,18/05/2010,Tuesday,18,May,10,22,33,230,Unclassified,,Single carriageway - 2 lanes,60,Not at or within 20 metres of junction,unset,\,,Darkness: no street lighting,Fine (without high winds),Dry,None,None,No overtaking,314870,675580,0,Unset,S.V.N.P.,337484,unset,EH299EJ,No crossing facility within 50m or physical crossing facility not controlled by authorised person,No physical crossing facility within 50m,At scene,55.96565223818779,-3.3653426049298956
379010,,Slight,2,1,26/05/2010,Wednesday,26,May,10,8,0,230,Unclassified,,Single carriageway - 2 lanes,30,Not at or within 20 metres of junction,unset,\,,Daylight: street lights present,Fine (without high winds),Dry,None,None,No overtaking,323550,674970,560030,Segment,Cyclist,337485,unset,EH41QL,No crossing facility within 50m or physical crossing facility not controlled by authorised person,No physical crossing facility within 50m,At scene,55.961634677392865,-3.2261553296673258
379610,,Slight,2,1,28/05/2010,Friday,28,May,10,14,30,230,A,6106,Single carriageway - 2 lanes,30,'T' or staggered junction,Give way sign or markings,Unclassified,,Daylight: street lights present,Fine (without high winds),Dry,None,None,No overtaking,330060,673760,529624,Junction,T.V.N.P.,337486,unset,EH151LU,No crossing facility within 50m or physical crossing facility not controlled by authorised person,No physical crossing facility within 50m,Elsewhere,55.951758551626014,-3.1215870840870674
380710,,Slight,2,3,26/05/2010,Wednesday,26,May,10,20,25,230,Unclassified,,Single carriageway - 2 lanes,30,Crossroads,Give way sign or markings,Unclassified,,Daylight: no street lighting,Raining (without high winds),Dry,None,None,No overtaking,323370,677260,12227194,Junction,T.V.N.P.,337487,unset,EH51PN,No crossing facility within 50m or physical crossing facility not controlled by authorised person,No physical crossing facility within 50m,At scene,55.98217623198119,-3.229690349206109
380810,,Slight,1,1,27/05/2010,Thursday,27,May,10,15,18,230,Unclassified,,Single carriageway - 2 lanes,30,Not at or within 20 metres of junction,unset,\,,Daylight: street lights present,Fine (without high winds),Dry,None,None,No overtaking,327410,671790,12227950,Segment,Bus,337488,unset,EH165EE,No crossing facility within 50m or physical crossing facility not controlled by authorised person,No physical crossing facility within 50m,Elsewhere,55.93366866883367,-3.1634833729389467
381110,,Slight,1,1,29/05/2010,Saturday,29,May,10,12,32,230,A,8,Single carriageway - 2 lanes,30,Not at or within 20 metres of junction,unset,\,,Daylight: street lights present,Fine (without high winds),Dry,None,None,No overtaking,319920,672950,550689,Segment,Bus,337489,unset,EH128AX,No crossing facility within 50m or physical crossing facility not controlled by authorised person,No physical crossing facility within 50m,Elsewhere,55.94289787358604,-3.283684000681646
381410,,Slight,2,1,29/05/2010,Saturday,29,May,10,12,45,230,Unclassified,,Single carriageway - 2 lanes,30,Other junction,Give way sign or markings,Unclassified,,Daylight: street lights present,Fine (without high winds),Dry,None,None,No overtaking,320330,675730,519328,Junction,T.V.N.P.,337490,unset,EH46AF,No crossing facility within 50m or physical crossing facility not controlled by authorised person,No physical crossing facility within 50m,Elsewhere,55.967937463414074,-3.2779442629205677
384210,,Slight,2,1,30/05/2010,Sunday,30,May,10,11,40,230,Unclassified,,Roundabout,30,Roundabout,Automatic Traffic Signal,Unclassified,,Daylight: no street lighting,Unknown,Dry,None,None,No overtaking,311800,674660,12230719,Junction,Cyclist,337491,unset,EH299ED,No crossing facility within 50m or physical crossing facility not controlled by authorised person,No physical crossing facility within 50m,Elsewhere,55.95683423572456,-3.4142053489700355
384710,,Slight,2,1,30/05/2010,Sunday,30,May,10,3,50,230,Unclassified,,Single carriageway - 2 lanes,30,Not at or within 20 metres of junction,unset,\,,Darkness: street lights present and lit,Raining (without high winds),Dry,None,None,No overtaking,323430,672220,561697,Segment,T.V.N.P.,337492,unset,EH111NX,No crossing facility within 50m or physical crossing facility not controlled by authorised person,No physical crossing facility within 50m,At scene,55.936913140583734,-3.227295136161241
384810,,Slight,1,1,29/05/2010,Saturday,29,May,10,1,30,230,A,7,Single carriageway - 2 lanes,30,Crossroads,Automatic Traffic Signal,C,,Darkness: street lights present and lit,Fine (without high winds),Dry,None,None,No overtaking,325930,673670,521103,Junction,Pedestrian,337493,unset,EH11QN,Control by other authorised person,Pedestrian phase at traffic signal junction,At scene,55.95033039790526,-3.1876840829278543
384910,,Slight,3,1,30/05/2010,Sunday,30,May,10,11,10,230,A,90,Dual carriageway - 2 lanes,70,Not at or within 20 metres of junction,unset,\,,Daylight: street lights present,Fine (without high winds),Dry,None,None,No overtaking,315130,677140,555414,Segment,M.V.N.P.,337494,unset,EH309UA,No crossing facility within 50m or physical crossing facility not controlled by authorised person,No physical crossing facility within 50m,At scene,55.97971050787869,-3.3616710412814523
385410,,Slight,2,2,31/05/2010,Monday,31,May,10,16,10,230,Unclassified,,Single carriageway - 2 lanes,30,Crossroads,Give way sign or markings,Unclassified,,Daylight: street lights present,Fine (without high winds),Dry,None,None,No overtaking,320880,669060,0,Unset,T.V.N.P.,337495,unset,EH130LP,No crossing facility within 50m or physical crossing facility not controlled by authorised person,No physical crossing facility within 50m,At scene,55.9081147688024,-3.267177302871477
386910,,Slight,1,1,01/06/2010,Tuesday,1,June,10,7,0,230,B,900,Single carriageway - 2 lanes,30,'T' or staggered junction,Give way sign or markings,Unclassified,,Daylight: street lights present,Raining (without high winds),Dry,None,None,No overtaking,324320,674680,520110,Junction,Pedestrian,361151,unset,EH41JH,Control by other authorised person,Pedestrian phase at traffic signal junction,Elsewhere,55.95915177606851,-3.213743028211961
387110,,Serious,2,1,29/05/2010,Saturday,29,May,10,15,0,230,C,,Single carriageway - 2 lanes,30,'T' or staggered junction,Give way sign or markings,Unclassified,,Daylight: no street lighting,Fine (without high winds),Dry,None,None,No overtaking,325000,673290,521490,Junction,Cyclist,337496,unset,EH39DT,No crossing facility within 50m or physical crossing facility not controlled by authorised person,No physical crossing facility within 50m,At scene,55.94677250976315,-3.202466990487273
387410,,Slight,2,1,29/05/2010,Saturday,29,May,10,18,40,230,A,901,Single carriageway - 2 lanes,30,'T' or staggered junction,Automatic Traffic Signal,A,901,Daylight: street lights present,Fine (without high winds),Dry,None,None,No overtaking,326450,676750,531307,Junction,T.V.N.P.,337497,unset,EH66PJ,Control by other authorised person,Pedestrian phase at traffic signal junction,Elsewhere,55.97807747821434,-3.180201141857295
388910,,Slight,2,1,31/05/2010,Monday,31,May,10,18,5,230,Unclassified,,Single carriageway - 2 lanes,30,Crossroads,Give way sign or markings,Unclassified,,Daylight: street lights present,Fine (without high winds),Dry,None,None,No overtaking,325970,674960,0,Unset,Cyclist,337498,unset,EH74BB,No crossing facility within 50m or physical crossing facility not controlled by authorised person,No physical crossing facility within 50m,Elsewhere,55.96192440023924,-3.1873984750889477
389110,,Slight,1,1,01/06/2010,Tuesday,1,June,10,6,21,230,Unclassified,,Single carriageway - 2 lanes,30,Not at or within 20 metres of junction,unset,\,,Daylight: no street lighting,Fine (without high winds),Dry,None,None,No overtaking,329060,670290,0,Unset,Pedestrian,361152,unset,EH164SQ,No crossing facility within 50m or physical crossing facility not controlled by authorised person,No physical crossing facility within 50m,At scene,55.920440736346634,-3.1366840568001644
390410,,Slight,1,1,02/06/2010,Wednesday,2,June,10,10,0,230,B,900,Single carriageway - 2 lanes,30,'T' or staggered junction,Give way sign or markings,Unclassified,,Daylight: street lights present,Fine (without high winds),Dry,None,None,No overtaking,326460,675930,519469,Junction,Pedestrian,361153,unset,EH65NQ,Control by other authorised person,Pedestrian phase at traffic signal junction,Elsewhere,55.9707131071161,-3.179816649890017
390610,,Slight,1,1,02/06/2010,Wednesday,2,June,10,11,25,230,Unclassified,,Dual carriageway - 2 lanes,30,Not at or within 20 metres of junction,unset,\,,Daylight: no street lighting,Fine (without high winds),Dry,Road suface defective,None,No overtaking,319140,671630,12232546,Segment,S.V.N.P.,361154,unset,EH129EB,No crossing facility within 50m or physical crossing facility not controlled by authorised person,No physical crossing facility within 50m,At scene,55.93091027802552,-3.2957725103615476
391210,,Slight,2,1,01/06/2010,Tuesday,1,June,10,18,50,230,Unclassified,,Roundabout,30,Mini-roundabout,Give way sign or markings,Unclassified,,Daylight: street lights present,Fine (without high winds),Dry,None,None,No overtaking,322570,669810,532855,Junction,T.V.N.P.,361155,unset,EH130PN,No crossing facility within 50m or physical crossing facility not controlled by authorised person,No physical crossing facility within 50m,At scene,55.91512697708473,-3.2403663964110265
392410,,Slight,1,1,02/06/2010,Wednesday,2,June,10,17,54,230,B,900,Single carriageway - 2 lanes,30,Not at or within 20 metres of junction,unset,\,,Daylight: street lights present,Fine (without high winds),Dry,None,None,No overtaking,325470,675100,554285,Segment,Pedestrian,361156,unset,EH74EB,Control by other authorised person,Pedestrian phase at traffic signal junction,At scene,55.963104568362745,-3.195444356298027
392610,,Slight,1,1,02/06/2010,Wednesday,2,June,10,14,0,230,B,900,Single carriageway - 2 lanes,30,Crossroads,Automatic Traffic Signal,C,,Daylight: street lights present,Fine (without high winds),Dry,None,None,No overtaking,324560,674630,520152,Junction,Pedestrian,361157,unset,EH41LZ,Control by other authorised person,"Pelican, puffin, toucan or similar non-junction pedestrian light crossing",At scene,55.95874043677356,-3.209885901401586
394210,,Slight,2,1,28/05/2010,Friday,28,May,10,17,45,230,B,6415,Single carriageway - 2 lanes,30,Not at or within 20 metres of junction,unset,\,,Daylight: no street lighting,Fine (without high winds),Dry,None,None,No overtaking,331510,673430,563355,Segment,T.V.N.P.,337499,unset,EH152ET,No crossing facility within 50m or physical crossing facility not controlled by authorised person,No physical crossing facility within 50m,At scene,55.94900328557883,-3.0982878740014717
394910,,Slight,1,1,18/05/2010,Tuesday,18,May,10,15,5,230,B,1350,Single carriageway - 2 lanes,30,Not at or within 20 metres of junction,unset,\,,Daylight: street lights present,Fine (without high winds),Dry,None,None,No overtaking,326230,674510,557671,Segment,Bus,337500,unset,EH75JW,No crossing facility within 50m or physical crossing facility not controlled by authorised person,"Pelican, puffin, toucan or similar non-junction pedestrian light crossing",At scene,55.95792218369774,-3.183111412581942
395910,,Slight,1,1,04/06/2010,Friday,4,June,10,7,35,230,Unclassified,,Single carriageway - 2 lanes,30,Not at or within 20 metres of junction,unset,\,,Daylight: street lights present,Fine (without high winds),Dry,None,None,No overtaking,314790,673310,0,Unset,Pedestrian,361158,unset,EH129DN,No crossing facility within 50m or physical crossing facility not controlled by authorised person,No physical crossing facility within 50m,At scene,55.94524846630841,-3.365905400048984
396010,,Slight,2,1,04/06/2010,Friday,4,June,10,7,55,230,A,8,Single carriageway - 2 lanes,30,Not at or within 20 metres of junction,unset,\,,Daylight: no street lighting,Fine (without high winds),Dry,None,None,No overtaking,320660,672810,550716,Segment,Cyclist,361159,unset,EH126TS,No crossing facility within 50m or physical crossing facility not controlled by authorised person,No physical crossing facility within 50m,At scene,55.941763174917405,-3.27179842826996
396510,,Slight,2,1,04/03/2010,Thursday,4,March,10,16,15,230,Unclassified,,Single carriageway - 2 lanes,30,Not at or within 20 metres of junction,unset,\,,Daylight: street lights present,Fine (without high winds),Dry,None,None,No overtaking,330530,673310,0,Unset,T.V.N.P.,353757,unset,EH151JJ,No crossing facility within 50m or physical crossing facility not controlled by authorised person,No physical crossing facility within 50m,Elsewhere,55.947784451893,-3.1139460696536987
396610,,Slight,1,1,04/06/2010,Friday,4,June,10,9,40,230,A,900,Single carriageway - 2 lanes,30,Not at or within 20 metres of junction,unset,\,,Daylight: street lights present,Fine (without high winds),Dry,None,None,No overtaking,327230,676290,558431,Segment,Pedestrian,361160,unset,EH67AF,No crossing facility within 50m or physical crossing facility not controlled by authorised person,No physical crossing facility within 50m,Elsewhere,55.9740643988209,-3.1675802291653556
396710,,Slight,2,3,04/06/2010,Friday,4,June,10,16,15,230,A,702,Single carriageway - 2 lanes,30,Not at or within 20 metres of junction,unset,\,,Daylight: street lights present,Fine (without high winds),Dry,None,None,No overtaking,324270,670030,549123,Segment,T.V.N.P.,361161,unset,EH106JB,No crossing facility within 50m or physical crossing facility not controlled by authorised person,No physical crossing facility within 50m,Elsewhere,55.917374085676144,-3.213237011919354
396910,,Serious,2,1,04/06/2010,Friday,4,June,10,17,20,230,Unclassified,,Single carriageway - 2 lanes,30,'T' or staggered junction,Give way sign or markings,Unclassified,,Daylight: street lights present,Fine (without high winds),Dry,None,None,No overtaking,323570,671500,529597,Junction,T.V.N.P.,361162,unset,EH105BR,No crossing facility within 50m or physical crossing facility not controlled by authorised person,No physical crossing facility within 50m,At scene,55.93046788412809,-3.224850487416546
397910,,Slight,2,1,04/06/2010,Friday,4,June,10,19,45,230,Unclassified,,Single carriageway - 2 lanes,30,Not at or within 20 metres of junction,unset,\,,Daylight: no street lighting,Fine (without high winds),Dry,None,None,No overtaking,319740,676330,557148,Segment,T.V.N.P.,361163,unset,EH46JH,No crossing facility within 50m or physical crossing facility not controlled by authorised person,No physical crossing facility within 50m,At scene,55.97322857630299,-3.287572819081163
399310,,Slight,2,1,05/06/2010,Saturday,5,June,10,14,5,230,A,70,Single carriageway - 2 lanes,30,'T' or staggered junction,Give way sign or markings,Unclassified,,Daylight: street lights present,Fine (without high winds),Dry,None,None,No overtaking,323910,672940,521805,Junction,Cyclist,361164,unset,EH112AB,No crossing facility within 50m or physical crossing facility not controlled by authorised person,No physical crossing facility within 50m,Elsewhere,55.94345700725378,-3.2198166527538685
399810,,Slight,1,1,05/06/2010,Saturday,5,June,10,18,34,230,B,6415,Single carriageway - 2 lanes,30,'T' or staggered junction,Give way sign or markings,Unclassified,,Daylight: street lights present,Raining (without high winds),Dry,None,None,No overtaking,330360,674050,523470,Junction,S.V.N.P.,361165,unset,EH151AN,Control by other authorised person,No physical crossing facility within 50m,Elsewhere,55.95440726614346,-3.116858969508589
400510,,Slight,1,1,05/06/2010,Saturday,5,June,10,19,44,230,C,,Single carriageway - 2 lanes,30,Not at or within 20 metres of junction,unset,\,,Daylight: street lights present,Raining (without high winds),Dry,None,None,No overtaking,320370,671960,564475,Segment,Pedestrian,361166,unset,EH127DU,No crossing facility within 50m or physical crossing facility not controlled by authorised person,No physical crossing facility within 50m,At scene,55.93408000622102,-3.2761888658651754
400710,,Slight,2,1,21/05/2010,Friday,21,May,10,14,57,230,B,701,Single carriageway - 2 lanes,30,Crossroads,Automatic Traffic Signal,B,701,Daylight: street lights present,Fine (without high winds),Dry,None,None,No overtaking,327380,668070,530284,Junction,Bus,337501,unset,EH178AE,Control by other authorised person,Pedestrian phase at traffic signal junction,Elsewhere,55.900247565097175,-3.162962334937709
401410,,Serious,1,1,06/06/2010,Sunday,6,June,10,15,45,230,B,901,Single carriageway - 2 lanes,30,'T' or staggered junction,Automatic Traffic Signal,Unclassified,,Daylight: street lights present,Raining (without high winds),Dry,None,None,No overtaking,325220,675050,519825,Junction,Pedestrian,361167,unset,EH35LF,Control by other authorised person,Pedestrian phase at traffic signal junction,At scene,55.96261652286624,-3.1994341273947935
402910,,Slight,3,1,06/06/2010,Sunday,6,June,10,21,0,230,A,902,Single carriageway - 2 lanes,40,'T' or staggered junction,Give way sign or markings,A,90,Daylight: street lights present,Raining (without high winds),Dry,None,None,No overtaking,318570,674950,519960,Junction,M.V.N.P.,361168,unset,EH48DZ,No crossing facility within 50m or physical crossing facility not controlled by authorised person,Pedestrian phase at traffic signal junction,At scene,55.96063564140814,-3.305896446116828
403610,,Slight,1,1,07/06/2010,Monday,7,June,10,7,24,230,A,8,Dual carriageway - 2 lanes,30,Other junction,Automatic Traffic Signal,C,,Daylight: no street lighting,Raining (without high winds),Dry,None,None,No overtaking,325220,673820,521037,Junction,Cyclist,361169,unset,EH22HG,No crossing facility within 50m or physical crossing facility not controlled by authorised person,Pedestrian phase at traffic signal junction,At scene,55.95156771139312,-3.19909241546628
404110,,Slight,2,1,28/05/2010,Friday,28,May,10,10,50,230,A,720,Dual carriageway - 2 lanes,70,Roundabout,Automatic Traffic Signal,A,7,Daylight: street lights present,Fine (without high winds),Dry,None,None,No overtaking,331740,667970,2608104,Junction,T.V.N.P.,337502,unset,EH221RT,No crossing facility within 50m or physical crossing facility not controlled by authorised person,No physical crossing facility within 50m,At scene,55.89998804539122,-3.093223732741215
405110,,Serious,1,1,07/06/2010,Monday,7,June,10,22,30,230,Unclassified,,Single carriageway - 2 lanes,30,'T' or staggered junction,Give way sign or markings,A,901,Daylight: street lights present,Fine (without high winds),Dry,None,None,No overtaking,326860,676010,531346,Junction,Pedestrian,361170,unset,EH65HX,No crossing facility within 50m or physical crossing facility not controlled by authorised person,Central refuge - no other controls,At scene,55.97149290848444,-3.1734312271153966
406510,,Slight,2,1,04/06/2010,Friday,4,June,10,21,15,230,Unclassified,,Single carriageway - 2 lanes,30,'T' or staggered junction,Give way sign or markings,Unclassified,,Daylight: street lights present,Raining (without high winds),Dry,None,None,No overtaking,326480,672710,532735,Junction,Cyclist,361171,unset,EH89QZ,No crossing facility within 50m or physical crossing facility not controlled by authorised person,No physical crossing facility within 50m,At scene,55.94179142699067,-3.1786168235166588
406610,,Slight,2,1,28/05/2010,Friday,28,May,10,15,0,230,C,,Single carriageway - 2 lanes,30,Crossroads,Automatic Traffic Signal,C,,Daylight: street lights present,Fine (without high winds),Dry,None,None,No overtaking,326890,674320,520689,Junction,T.V.N.P.,337503,unset,EH75AN,No crossing facility within 50m or physical crossing facility not controlled by authorised person,No physical crossing facility within 50m,At scene,55.956316467143,-3.1724914418978565
406810,,Serious,2,2,08/06/2010,Tuesday,8,June,10,10,10,230,Unclassified,,Single carriageway - 2 lanes,30,'T' or staggered junction,Give way sign or markings,Unclassified,,Daylight: no street lighting,Fine (without high winds),Dry,None,None,No overtaking,314180,678210,3948107,Junction,T.V.N.P.,361172,unset,EH309TF,No crossing facility within 50m or physical crossing facility not controlled by authorised person,No physical crossing facility within 50m,At scene,55.98915227352543,-3.377232108952054
406910,,Slight,2,3,07/06/2010,Monday,7,June,10,17,20,230,A,720,Single carriageway - 3 lanes,70,Roundabout,Give way sign or markings,A,702,Daylight: no street lighting,Raining (without high winds),Dry,None,None,No overtaking,324810,667700,522507,Junction,T.V.N.P.,361173,unset,EH107DUA,No crossing facility within 50m or physical crossing facility not controlled by authorised person,No physical crossing facility within 50m,At scene,55.89652888976455,-3.203950506496113
407310,,Slight,1,1,08/06/2010,Tuesday,8,June,10,11,30,230,A,71,Dual carriageway - 2 lanes,40,Slip road,Give way sign or markings,Unclassified,,Daylight: no street lighting,Raining (without high winds),Dry,None,None,No overtaking,318730,670470,2307061,Junction,S.V.N.P.,361174,unset,EH144AW,No crossing facility within 50m or physical crossing facility not controlled by authorised person,"Pelican, puffin, toucan or similar non-junction pedestrian light crossing",At scene,55.92042142182186,-3.3019833317766047
407410,,Slight,2,2,08/06/2010,Tuesday,8,June,10,13,0,230,A,71,Single carriageway - 2 lanes,30,Not at or within 20 metres of junction,unset,\,,Daylight: no street lighting,Raining (without high winds),Dry,None,None,No overtaking,315130,669430,549647,Segment,T.V.N.P.,350413,unset,EH288NT,No crossing facility within 50m or physical crossing facility not controlled by authorised person,No physical crossing facility within 50m,At scene,55.91045754465099,-3.359242399395396
407910,,Slight,2,1,02/06/2010,Wednesday,2,June,10,16,53,230,C,,Single carriageway - 2 lanes,30,Not at or within 20 metres of junction,unset,\,,Daylight: street lights present,Fine (without high winds),Dry,None,None,No overtaking,326550,673830,558221,Segment,Cyclist,361175,unset,EH88BP,Control by other authorised person,Zebra crossing,At scene,55.95186294409468,-3.177801832600654
409110,,Slight,2,2,08/06/2010,Tuesday,8,June,10,13,15,230,C,,Roundabout,30,Roundabout,Give way sign or markings,A,71,Daylight: street lights present,Raining (without high winds),Dry,None,None,No overtaking,320710,671140,529507,Junction,T.V.N.P.,361176,unset,EH113RQ,No crossing facility within 50m or physical crossing facility not controlled by authorised person,No physical crossing facility within 50m,Elsewhere,55.9267705507841,-3.270506981790708
409710,,Slight,2,1,23/05/2010,Sunday,23,May,10,23,15,230,Unclassified,,Single carriageway - 2 lanes,30,'T' or staggered junction,Give way sign or markings,Unclassified,,Darkness: street lights present and lit,Fine (without high winds),Dry,None,None,No overtaking,325510,673400,521553,Junction,Cyclist,337504,unset,EH12HH,No crossing facility within 50m or physical crossing facility not controlled by authorised person,"Pelican, puffin, toucan or similar non-junction pedestrian light crossing",Elsewhere,55.94784003621424,-3.1943333606389324
410510,,Serious,1,1,09/06/2010,Wednesday,9,June,10,8,10,230,C,,Single carriageway - 2 lanes,20,Not at or within 20 metres of junction,unset,\,,Daylight: street lights present,Raining (without high winds),Dry,None,None,No overtaking,327760,669730,553495,Segment,Pedestrian,361177,unset,EH166DY,No crossing facility within 50m or physical crossing facility not controlled by authorised person,No physical crossing facility within 50m,At scene,55.91521656003571,-3.1573306594030974
410610,,Slight,2,2,06/05/2010,Thursday,6,May,10,11,40,230,B,1350,Single carriageway - 2 lanes,30,'T' or staggered junction,Give way sign or markings,Unclassified,,Daylight: street lights present,Fine (without high winds),Dry,None,None,No overtaking,326270,674500,520233,Junction,T.V.N.P.,337505,unset,EH75DX,No crossing facility within 50m or physical crossing facility not controlled by authorised person,No physical crossing facility within 50m,At scene,55.957838504060646,-3.1824681683508875
412110,,Slight,2,1,22/05/2010,Saturday,22,May,10,16,10,230,C,,Single carriageway - 2 lanes,30,Crossroads,Automatic Traffic Signal,Unclassified,,Daylight: no street lighting,Fine (without high winds),Dry,None,None,No overtaking,326150,673700,521157,Junction,T.V.N.P.,337506,unset,EH11TB,Control by other authorised person,Pedestrian phase at traffic signal junction,At scene,55.950633786895224,-3.184170225559201
412610,,Slight,2,1,09/06/2010,Wednesday,9,June,10,16,45,230,Unclassified,,Single carriageway - 2 lanes,30,'T' or staggered junction,Give way sign or markings,Unclassified,,Daylight: street lights present,Unknown,Dry,None,None,No overtaking,318620,670910,12232045,Junction,T.V.N.P.,361178,unset,EH114DW,No crossing facility within 50m or physical crossing facility not controlled by authorised person,No physical crossing facility within 50m,Elsewhere,55.924355090457794,-3.3038756560889126
413310,,Slight,1,1,18/05/2010,Tuesday,18,May,10,16,12,230,A,70,Single carriageway - 2 lanes,30,Not at or within 20 metres of junction,unset,\,,Daylight: street lights present,Fine (without high winds),Dry,None,None,No overtaking,319740,668550,561868,Segment,Bus,337507,unset,EH145EL,No crossing facility within 50m or physical crossing facility not controlled by authorised person,No physical crossing facility within 50m,Elsewhere,55.903344691418866,-3.285256048209575