acc_ref,beat_no,severity,no_vehicle,no_casualt,a_date,a_day,a_date_day,a_date_mon,a_date_yr,a_time_hr,a_time_min,loc_auth,road1_class,road1_no,road_type,speed_limi,junc_det,junc_ctrl,road2_class,road2_no,light_cond,weather,road_surf,spec_cond,cway_hzrds,ovrtk_patrn,easting,northing,net_id,net_type,acc_type,text_id,division,Postcode,ped_xing_hc,ped_xing_p,place_reported,latitude,longitude
414410,,Slight,2,1,01/06/2010,Tuesday,1,June,10,8,34,230,A,8,Dual carriageway - 2 lanes,60,Not at or within 20 metres of junction,unset,\,,Daylight: street lights present,Raining (without high winds),Dry,None,None,No overtaking,315510,672360,550794,Segment,T.V.N.P.,361179,unset,EH288NQ,No crossing facility within 50m or physical crossing facility not controlled by authorised person,No physical crossing facility within 50m,At scene,55.9368425692547,-3.3540830160625834
414910,,Slight,1,1,10/06/2010,Thursday,10,June,10,15,25,230,Unclassified,,Single carriageway - 2 lanes,30,'T' or staggered junction,Give way sign or markings,A,70,Daylight: street lights present,Fine (without high winds),Dry,None,None,No overtaking,323750,672800,521796,Junction,Pedestrian,361180,unset,EH112JB,No crossing facility within 50m or physical crossing facility not controlled by authorised person,No physical crossing facility within 50m,At scene,55.94217404025221,-3.2223380588682833
415010,,Slight,1,1,10/06/2010,Thursday,10,June,10,16,40,230,A,720,Unknown,60,Not at or within 20 metres of junction,unset,\,,Daylight: street lighting unknown,Unknown,Dry,None,None,No overtaking,326990,666970,2588155,Segment,S.V.N.P.,361181,unset,EH209NR,No crossing facility within 50m or physical crossing facility not controlled by authorised person,No physical crossing facility within 50m,At scene,55.89030724364963,-3.1689008127629683
415910,,Serious,2,1,10/06/2010,Thursday,10,June,10,18,45,230,B,701,Single carriageway - 2 lanes,40,'T' or staggered junction,Give way sign or markings,Unclassified,,Daylight: street lights present,Fine (without high winds),Dry,None,None,No overtaking,326780,668020,533149,Junction,Cyclist,361182,unset,EH178RS,No crossing facility within 50m or physical crossing facility not controlled by authorised person,No physical crossing facility within 50m,At scene,55.89970742125583,-3.1725421367271878
416010,,Slight,2,1,10/06/2010,Thursday,10,June,10,18,0,230,C,,Single carriageway - 2 lanes,30,Not at or within 20 metres of junction,unset,\,,Daylight: street lights present,Fine (without high winds),Dry,None,None,No overtaking,321480,670960,564589,Segment,Cyclist,361183,unset,EH142BJ,No crossing facility within 50m or physical crossing facility not controlled by authorised person,No physical crossing facility within 50m,At scene,55.92528015268171,-3.2581351099626064
417110,,Slight,1,1,11/06/2010,Friday,11,June,10,13,30,230,A,772,Single carriageway - 2 lanes,30,Not at or within 20 metres of junction,unset,\,,Daylight: street lights present,Fine (without high winds),Dry,None,None,No overtaking,329030,668970,569390,Segment,Bus,361184,unset,EH178NQ,No crossing facility within 50m or physical crossing facility not controlled by authorised person,No physical crossing facility within 50m,At scene,55.90857869890356,-3.136816855312651
417210,,Slight,2,1,11/06/2010,Friday,11,June,10,14,52,230,Unclassified,,Roundabout,30,Roundabout,Give way sign or markings,A,902,Daylight: street lights present,Fine with high winds,Dry,None,None,No overtaking,322920,675720,519406,Junction,T.V.N.P.,361185,unset,EH42PW,Control by other authorised person,"Pelican, puffin, toucan or similar non-junction pedestrian light crossing",At scene,55.96827084890971,-3.2364589190270525
417410,,Slight,1,1,11/06/2010,Friday,11,June,10,12,30,230,C,,One way Street,30,Crossroads,Automatic Traffic Signal,A,702,Daylight: street lights present,Fine (without high winds),Dry,None,None,No overtaking,324830,673070,521403,Junction,Pedestrian,361186,unset,EH39BN,Control by other authorised person,Pedestrian phase at traffic signal junction,At scene,55.94476970735203,-3.205126938776231
417810,,Slight,2,1,08/06/2010,Tuesday,8,June,10,8,0,230,Unclassified,,Single carriageway - 2 lanes,40,Other junction,Give way sign or markings,Unclassified,,Daylight: street lights present,Other,Dry,None,None,No overtaking,312170,669530,12231740,Junction,T.V.N.P.,361187,unset,EH278BBA,No crossing facility within 50m or physical crossing facility not controlled by authorised person,No physical crossing facility within 50m,Elsewhere,55.91082409986788,-3.406610343621957
419610,,Slight,2,1,11/06/2010,Friday,11,June,10,11,57,230,C,,Single carriageway - 2 lanes,30,Not at or within 20 metres of junction,unset,\,,Daylight: no street lighting,Fine (without high winds),Dry,None,None,No overtaking,325320,674080,566705,Segment,T.V.N.P.,361188,unset,EH21EL,No crossing facility within 50m or physical crossing facility not controlled by authorised person,No physical crossing facility within 50m,Elsewhere,55.95391880746754,-3.1975635398309876
419810,,Slight,1,1,12/06/2010,Saturday,12,June,10,11,25,230,C,,Single carriageway - 2 lanes,30,'T' or staggered junction,Give way sign or markings,Unclassified,,Daylight: no street lighting,Fine (without high winds),Dry,None,None,No overtaking,325920,673480,521565,Junction,Pedestrian,361189,unset,EH11JJ,No crossing facility within 50m or physical crossing facility not controlled by authorised person,Pedestrian phase at traffic signal junction,At scene,55.94862211821273,-3.1877919112766957
420210,,Fatal,2,2,12/06/2010,Saturday,12,June,10,14,0,230,Unclassified,,Single carriageway - 2 lanes,60,Not at or within 20 metres of junction,unset,\,,Daylight: no street lighting,Fine (without high winds),Dry,None,None,No overtaking,311580,674750,12230591,Segment,Cyclist,361190,unset,EH299EF,No crossing facility within 50m or physical crossing facility not controlled by authorised person,No physical crossing facility within 50m,At scene,55.95760213382176,-3.417757256150844
420310,,Slight,1,1,12/06/2010,Saturday,12,June,10,11,0,230,Unclassified,,Dual carriageway - 2 lanes,30,Not at or within 20 metres of junction,unset,\,,Daylight: street lights present,Fine (without high winds),Dry,None,None,No overtaking,325540,673920,551196,Segment,Pedestrian,361191,unset,EH22DF,Control by other authorised person,Pedestrian phase at traffic signal junction,Elsewhere,55.95251574781715,-3.1939968921855177
420610,,Slight,1,1,01/06/2010,Tuesday,1,June,10,13,20,230,C,,Single carriageway - 2 lanes,30,Not at or within 20 metres of junction,unset,\,,Daylight: street lights present,Fine (without high winds),Dry,None,None,No overtaking,327980,669890,553480,Segment,Pedestrian,361192,unset,EH166BR,No crossing facility within 50m or physical crossing facility not controlled by authorised person,No physical crossing facility within 50m,At scene,55.916686859997846,-3.1538544213668604
420810,,Slight,2,1,12/06/2010,Saturday,12,June,10,19,30,230,A,199,Single carriageway - 2 lanes,30,'T' or staggered junction,Give way sign or markings,Unclassified,,Daylight: no street lighting,Fine (without high winds),Dry,None,None,No overtaking,326830,676630,531337,Junction,T.V.N.P.,361193,unset,EH66EP,No crossing facility within 50m or physical crossing facility not controlled by authorised person,No physical crossing facility within 50m,At scene,55.977057686716364,-3.174080501648498
420910,,Slight,1,1,13/06/2010,Sunday,13,June,10,1,30,230,Unclassified,,Single carriageway - 2 lanes,30,Not at or within 20 metres of junction,unset,\,,Darkness: street lights present and lit,Fine (without high winds),Dry,None,None,No overtaking,323880,676580,570129,Segment,S.V.N.P.,361194,unset,EH52BJ,No crossing facility within 50m or physical crossing facility not controlled by authorised person,No physical crossing facility within 50m,At scene,55.976149272637116,-3.2213263589503156
423610,,Slight,2,1,13/06/2010,Sunday,13,June,10,18,47,230,A,8000,Roundabout,30,Roundabout,Give way sign or markings,Unclassified,,Daylight: street lights present,Fine (without high winds),Dry,None,None,No overtaking,312920,677600,10292768,Junction,T.V.N.P.,361195,unset,EH309PA,Control by other authorised person,Pedestrian phase at traffic signal junction,At scene,55.98344599383585,-3.397224934675748
425510,,Slight,1,1,12/06/2010,Saturday,12,June,10,10,0,230,Unclassified,,Single carriageway - 2 lanes,40,Not at or within 20 metres of junction,unset,\,,Daylight: street lights present,Fine (without high winds),Dry,Road suface defective,Other object in carriageway,No overtaking,329100,673770,558104,Segment,Cyclist,361196,unset,EH87PL,No crossing facility within 50m or physical crossing facility not controlled by authorised person,Pedestrian phase at traffic signal junction,At scene,55.95170749921172,-3.136959653570222
426110,,Slight,2,1,13/06/2010,Sunday,13,June,10,14,36,230,A,199,Single carriageway - 2 lanes,30,'T' or staggered junction,Give way sign or markings,Unclassified,,Daylight: street lights present,Fine (without high winds),Dry,None,None,No overtaking,326810,676630,531337,Junction,T.V.N.P.,361197,unset,EH66JD,No crossing facility within 50m or physical crossing facility not controlled by authorised person,"Pelican, puffin, toucan or similar non-junction pedestrian light crossing",At scene,55.97705463393662,-3.1744009131236317
426310,,Slight,2,1,14/06/2010,Monday,14,June,10,11,47,230,A,720,Dual carriageway - 2 lanes,70,Not at or within 20 metres of junction,unset,\,,Daylight: street lights present,Fine (without high winds),Dry,None,None,No overtaking,320260,669010,570543,Segment,T.V.N.P.,361198,unset,EH145BP,No crossing facility within 50m or physical crossing facility not controlled by authorised person,No physical crossing facility within 50m,At scene,55.907563199168585,-3.2770772912655715
427010,,Serious,2,1,15/06/2010,Tuesday,15,June,10,8,30,230,C,,Single carriageway - 2 lanes,30,Crossroads,Give way sign or markings,Unclassified,,Daylight: street lights present,Fine (without high winds),Dry,None,None,No overtaking,327030,675220,519900,Junction,Cyclist,361199,unset,EH68RT,No crossing facility within 50m or physical crossing facility not controlled by authorised person,No physical crossing facility within 50m,At scene,55.96442235549646,-3.1704937998010405
427310,,Slight,2,1,15/06/2010,Tuesday,15,June,10,13,0,230,A,902,Single carriageway - 2 lanes,40,Not at or within 20 metres of junction,unset,\,,Daylight: street lights present,Fine (without high winds),Dry,None,None,No overtaking,318110,672940,566096,Segment,T.V.N.P.,361200,unset,EH128LA,No crossing facility within 50m or physical crossing facility not controlled by authorised person,No physical crossing facility within 50m,At scene,55.94250274798863,-3.312651206972433
428010,,Slight,1,1,15/06/2010,Tuesday,15,June,10,8,30,230,Unclassified,,Single carriageway - 2 lanes,30,Not at or within 20 metres of junction,unset,\,,Daylight: street lights present,Fine (without high winds),Dry,None,None,No overtaking,312150,672620,12231263,Segment,S.V.N.P.,350563,unset,EH288SS,No crossing facility within 50m or physical crossing facility not controlled by authorised person,No physical crossing facility within 50m,Elsewhere,55.938575066507674,-3.4079363519704975
428210,,Slight,2,1,15/06/2010,Tuesday,15,June,10,18,9,230,A,900,Single carriageway - 2 lanes,30,Not at or within 20 metres of junction,unset,\,,Daylight: street lights present,Fine (without high winds),Dry,None,None,No overtaking,326730,675430,558479,Segment,T.V.N.P.,361201,unset,EH68NY,No crossing facility within 50m or physical crossing facility not controlled by authorised person,No physical crossing facility within 50m,At scene,55.966263019202366,-3.1753556002456147
429310,,Slight,1,1,15/06/2010,Tuesday,15,June,10,18,40,230,A,1140,Single carriageway - 2 lanes,30,'T' or staggered junction,Give way sign or markings,Unclassified,,Daylight: street lights present,Fine (without high winds),Dry,None,None,No overtaking,329050,674250,523440,Junction,Bus,361202,unset,EH76RS,No crossing facility within 50m or physical crossing facility not controlled by authorised person,No physical crossing facility within 50m,Elsewhere,55.95601193704582,-3.1378866754338763
430110,,Slight,1,1,16/06/2010,Wednesday,16,June,10,15,10,230,Unclassified,,Single carriageway - 2 lanes,30,'T' or staggered junction,Give way sign or markings,Unclassified,,Daylight: street lights present,Fine (without high winds),Dry,None,None,No overtaking,323510,676540,522864,Junction,Pedestrian,361203,unset,EH52DA,No crossing facility within 50m or physical crossing facility not controlled by authorised person,No physical crossing facility within 50m,At scene,55.97573108444878,-3.2272423397255827
431510,,Slight,2,1,17/06/2010,Thursday,17,June,10,13,35,230,Unclassified,,Dual carriageway - 2 lanes,40,Not at or within 20 metres of junction,unset,\,,Daylight: street lights present,Fine (without high winds),Dry,None,None,No overtaking,312770,672650,550499,Segment,T.V.N.P.,361204,unset,EH288LH,No crossing facility within 50m or physical crossing facility not controlled by authorised person,No physical crossing facility within 50m,At scene,55.938957542034366,-3.3980240309814236
432310,,Slight,2,1,17/06/2010,Thursday,17,June,10,19,20,230,A,900,Dual carriageway - 2 lanes,30,Roundabout,Give way sign or markings,Unclassified,,Daylight: street lights present,Fine (without high winds),Dry,None,None,No overtaking,326120,674500,520242,Junction,Bus,361205,unset,EH13NH,Control by other authorised person,"Pelican, puffin, toucan or similar non-junction pedestrian light crossing",At scene,55.9578154295985,-3.1848700548536106
435810,,Slight,1,1,19/06/2010,Saturday,19,June,10,0,10,230,A,1,Single carriageway - 2 lanes,30,Crossroads,Automatic Traffic Signal,A,1,Darkness: street lights present and lit,Fine (without high winds),Dry,None,None,No overtaking,328320,674140,523374,Junction,Pedestrian,361206,unset,EH87AB,No crossing facility within 50m or physical crossing facility not controlled by authorised person,No physical crossing facility within 50m,At scene,55.95491530834966,-3.1495461671191047
437810,,Slight,1,1,19/06/2010,Saturday,19,June,10,22,45,230,A,7,Single carriageway - 2 lanes,30,Crossroads,Automatic Traffic Signal,Unclassified,,Daylight: street lights present,Fine (without high winds),Dry,None,None,No overtaking,325950,673630,521103,Junction,Pedestrian,361207,unset,EH11LL,Control by other authorised person,Pedestrian phase at traffic signal junction,Elsewhere,55.94997417134093,-3.187352894262895
437910,,Slight,3,1,19/06/2010,Saturday,19,June,10,19,30,230,Unclassified,,Single carriageway - 2 lanes,30,Not at or within 20 metres of junction,unset,\,,Daylight: street lights present,Fine (without high winds),Dry,None,None,No overtaking,321160,674370,565685,Segment,M.V.N.P.,361208,unset,EH43PE,No crossing facility within 50m or physical crossing facility not controlled by authorised person,No physical crossing facility within 50m,At scene,55.95585834380485,-3.26425234086792
440310,,Serious,1,1,21/06/2010,Monday,21,June,10,11,15,230,A,8,Unknown,30,Not at or within 20 metres of junction,unset,\,,Daylight: street lighting unknown,Fine (without high winds),Dry,None,None,No overtaking,320650,672810,550716,Segment,S.V.N.P.,361209,unset,EH126TS,No crossing facility within 50m or physical crossing facility not controlled by authorised person,No physical crossing facility within 50m,Elsewhere,55.94176152233517,-3.2719584824691426
441810,,Slight,1,1,22/06/2010,Tuesday,22,June,10,4,45,230,A,901,Single carriageway - 2 lanes,30,Not at or within 20 metres of junction,unset,\,,Daylight: no street lighting,Fine (without high winds),Dry,None,None,No overtaking,326000,676940,558755,Segment,S.V.N.P.,361210,unset,EH64JG,No crossing facility within 50m or physical crossing facility not controlled by authorised person,No physical crossing facility within 50m,At scene,55.979714958812956,-3.187462865968921
442310,,Slight,2,1,22/06/2010,Tuesday,22,June,10,7,50,230,A,720,Dual carriageway - 2 lanes,60,Not at or within 20 metres of junction,unset,\,,Daylight: no street lighting,Fine (without high winds),Dry,None,None,No overtaking,323840,667970,570534,Segment,T.V.N.P.,361211,unset,EH107DS,No crossing facility within 50m or physical crossing facility not controlled by authorised person,No physical crossing facility within 50m,Elsewhere,55.89880160551619,-3.2195341240116035
443210,,Slight,2,1,25/05/2010,Tuesday,25,May,10,11,55,230,B,701,Dual carriageway - 2 lanes,40,'T' or staggered junction,Automatic Traffic Signal,Unclassified,,Daylight: street lights present,Fine (without high winds),Dry,None,None,No overtaking,319620,669920,12201408,Junction,T.V.N.P.,337508,unset,EH142RU,Control by other authorised person,"Pelican, puffin, toucan or similar non-junction pedestrian light crossing",At scene,55.915630730391996,-3.2875826188660766
444310,,Slight,1,1,23/06/2010,Wednesday,23,June,10,0,20,230,A,90,Single carriageway - 2 lanes,30,'T' or staggered junction,Automatic Traffic Signal,A,8,Darkness: street lights present and lit,Fine (without high winds),Dry,None,None,No overtaking,324790,673730,520932,Junction,Cyclist,361212,unset,EH24AX,No crossing facility within 50m or physical crossing facility not controlled by authorised person,"Pelican, puffin, toucan or similar non-junction pedestrian light crossing",At scene,55.95069206722525,-3.205951522090438
445110,,Slight,2,1,21/06/2010,Monday,21,June,10,20,25,230,A,71,Single carriageway - 2 lanes,50,'T' or staggered junction,Give way sign or markings,Unclassified,,Daylight: street lights present,Fine (without high winds),Dry,None,None,No overtaking,314560,669180,517744,Junction,T.V.N.P.,361213,unset,EH278EB,No crossing facility within 50m or physical crossing facility not controlled by authorised person,No physical crossing facility within 50m,At scene,55.90811101676858,-3.368278691199551
445210,,Serious,1,1,18/06/2010,Friday,18,June,10,13,0,230,C,,Single carriageway - 2 lanes,30,'T' or staggered junction,Give way sign or markings,Unclassified,,Daylight: street lights present,Fine (without high winds),Dry,None,None,No overtaking,326200,672500,532732,Junction,Pedestrian,361214,unset,EH91ND,No crossing facility within 50m or physical crossing facility not controlled by authorised person,No physical crossing facility within 50m,At scene,55.93986206639021,-3.1830409761494844
446110,,Slight,2,1,23/06/2010,Wednesday,23,June,10,8,45,230,C,,Single carriageway - 2 lanes,30,Not at or within 20 metres of junction,unset,\,,Daylight: street lights present,Fine (without high winds),Dry,None,None,No overtaking,325990,672080,566264,Segment,T.V.N.P.,361215,unset,EH91UF,Control by school crossing patrol,Pedestrian phase at traffic signal junction,At scene,55.93605694576324,-3.186286715468965
446610,,Serious,3,1,23/06/2010,Wednesday,23,June,10,8,10,230,A,7,Single carriageway - 2 lanes,30,'T' or staggered junction,Give way sign or markings,Unclassified,,Daylight: street lights present,Fine (without high winds),Dry,None,None,No overtaking,328210,670660,530083,Junction,M.V.N.P.,361216,unset,EH165RH,Control by other authorised person,"Pelican, puffin, toucan or similar non-junction pedestrian light crossing",At scene,55.92363817728503,-3.1503802849013076
447110,,Slight,2,1,23/06/2010,Wednesday,23,June,10,9,20,230,Unclassified,,Single carriageway - 2 lanes,30,'T' or staggered junction,Automatic Traffic Signal,A,702,Daylight: street lights present,Fine (without high winds),Dry,None,None,No overtaking,324500,671930,522291,Junction,T.V.N.P.,361217,unset,EH104DH,Control by other authorised person,Pedestrian phase at traffic signal junction,Elsewhere,55.93447756846042,-3.2100898622404053
447210,,Slight,2,1,23/06/2010,Wednesday,23,June,10,14,30,230,C,,Single carriageway - 2 lanes,30,'T' or staggered junction,Automatic Traffic Signal,C,,Daylight: street lights present,Fine (without high winds),Dry,None,None,No overtaking,325930,674380,520599,Junction,Bus,361218,unset,EH13JG,Control by other authorised person,Pedestrian phase at traffic signal junction,Elsewhere,55.956708197504504,-3.1878794173173253
447310,,Slight,2,1,23/06/2010,Wednesday,23,June,10,14,20,230,A,900,Single carriageway - 2 lanes,30,Not at or within 20 metres of junction,unset,\,,Daylight: street lights present,Fine (without high winds),Dry,None,None,No overtaking,327010,675940,558521,Segment,T.V.N.P.,361219,unset,EH67AA,No crossing facility within 50m or physical crossing facility not controlled by authorised person,No physical crossing facility within 50m,Elsewhere,55.970886964546224,-3.171009484207544
447410,,Serious,1,1,23/06/2010,Wednesday,23,June,10,15,15,230,C,,Single carriageway - 2 lanes,30,Crossroads,Automatic Traffic Signal,Unclassified,,Daylight: street lights present,Fine (without high winds),Dry,None,None,No overtaking,325170,673890,521058,Junction,Pedestrian,361220,unset,EH22HB,Control by other authorised person,Pedestrian phase at traffic signal junction,At scene,55.95218871222747,-3.199912364020928
448110,,Slight,2,1,23/06/2010,Wednesday,23,June,10,20,30,230,A,7,Single carriageway - 2 lanes,30,'T' or staggered junction,Give way sign or markings,Unclassified,,Daylight: street lights present,Fine (without high winds),Dry,None,None,No overtaking,325950,673600,521106,Junction,T.V.N.P.,361221,unset,EH11HN,Control by other authorised person,"Pelican, puffin, toucan or similar non-junction pedestrian light crossing",At scene,55.949704686646506,-3.1873446448452576
448210,,Slight,3,1,18/06/2010,Friday,18,June,10,14,20,230,C,,Single carriageway - 2 lanes,30,Not at or within 20 metres of junction,unset,\,,Daylight: street lights present,Fine (without high winds),Dry,None,None,No overtaking,325430,674240,566762,Segment,M.V.N.P.,361222,unset,EH21JX,No crossing facility within 50m or physical crossing facility not controlled by authorised person,No physical crossing facility within 50m,At scene,55.95537316008311,-3.195846660629949
448310,,Slight,2,1,22/06/2010,Tuesday,22,June,10,19,25,230,Unclassified,,Single carriageway - 2 lanes,30,Other junction,Give way sign or markings,Unclassified,,Daylight: no street lighting,Fine (without high winds),Dry,None,None,No overtaking,322560,675810,0,Unset,Cyclist,361223,unset,EH44BE,No crossing facility within 50m or physical crossing facility not controlled by authorised person,No physical crossing facility within 50m,At scene,55.96902129462671,-3.2422507864824848
449110,,Slight,3,1,24/06/2010,Thursday,24,June,10,8,20,230,A,772,Single carriageway - 2 lanes,20,Not at or within 20 metres of junction,unset,\,,Daylight: street lights present,Fine (without high winds),Dry,None,None,No overtaking,327230,670710,569303,Segment,M.V.N.P.,361224,unset,EH165TY,Control by other authorised person,Pedestrian phase at traffic signal junction,Elsewhere,55.92393986954765,-3.1660723961469506
450310,,Slight,1,1,24/06/2010,Thursday,24,June,10,9,0,230,Unclassified,,Single carriageway - 2 lanes,30,'T' or staggered junction,Give way sign or markings,Unclassified,,Daylight: street lights present,Fine (without high winds),Dry,None,None,No overtaking,325370,676730,10310007,Junction,Cyclist,361225,unset,EH53BJ,No crossing facility within 50m or physical crossing facility not controlled by authorised person,No physical crossing facility within 50m,At scene,55.97773092073903,-3.1974981366517463
450710,,Slight,1,1,22/06/2010,Tuesday,22,June,10,8,55,230,Unclassified,,Single carriageway - 2 lanes,30,Multiple junction,Give way sign or markings,Unclassified,,Daylight: street lights present,Fine (without high winds),Dry,None,None,No overtaking,322050,675520,12233423,Junction,Pedestrian,361226,unset,EH42RG,No crossing facility within 50m or physical crossing facility not controlled by authorised person,No physical crossing facility within 50m,At scene,55.96633372870596,-3.2503353277611557
452610,,Slight,1,1,25/06/2010,Friday,25,June,10,12,30,230,A,702,Single carriageway - 2 lanes,30,'T' or staggered junction,Give way sign or markings,Unclassified,,Daylight: street lights present,Fine (without high winds),Dry,None,None,No overtaking,324460,670720,529795,Junction,Pedestrian,361227,unset,EH106AB,No crossing facility within 50m or physical crossing facility not controlled by authorised person,No physical crossing facility within 50m,At scene,55.92360211728698,-3.210391010042542
453310,,Slight,2,1,25/06/2010,Friday,25,June,10,17,30,230,Unclassified,,Single carriageway - 2 lanes,30,Other junction,Give way sign or markings,Unclassified,,Daylight: street lights present,Fine (without high winds),Dry,None,None,No overtaking,321980,668750,0,Unset,Cyclist,361228,unset,EH130BH,No crossing facility within 50m or physical crossing facility not controlled by authorised person,No physical crossing facility within 50m,Elsewhere,55.9055099239153,-3.2494968923675103
455510,,Slight,2,1,21/06/2010,Monday,21,June,10,15,20,230,A,90,Dual carriageway - 2 lanes,50,Not at or within 20 metres of junction,unset,\,,Daylight: street lighting unknown,Fine (without high winds),Dry,None,None,No overtaking,312850,677250,555684,Segment,T.V.N.P.,361229,unset,EH309SS,No crossing facility within 50m or physical crossing facility not controlled by authorised person,No physical crossing facility within 50m,Elsewhere,55.98028956468006,-3.3982329901746726
456110,,Slight,2,1,27/06/2010,Sunday,27,June,10,10,40,230,A,8,Roundabout,30,Roundabout,Automatic Traffic Signal,Unclassified,,Daylight: street lights present,Fine (without high winds),Dry,None,None,No overtaking,317560,672610,9658421,Junction,T.V.N.P.,361230,unset,EH129BS,No crossing facility within 50m or physical crossing facility not controlled by authorised person,No physical crossing facility within 50m,Elsewhere,55.9394444441867,-3.321353237192154
456310,,Slight,2,2,27/06/2010,Sunday,27,June,10,18,15,230,Unclassified,,Single carriageway - 2 lanes,30,Not at or within 20 metres of junction,unset,\,,Daylight: street lights present,Fine (without high winds),Dry,None,None,No overtaking,320640,676130,557318,Segment,T.V.N.P.,361231,unset,EH45EX,No crossing facility within 50m or physical crossing facility not controlled by authorised person,No physical crossing facility within 50m,At scene,55.971581855446175,-3.2730972531316667
456410,,Slight,1,2,27/06/2010,Sunday,27,June,10,20,20,230,A,901,Single carriageway - 2 lanes,30,'T' or staggered junction,Give way sign or markings,Unclassified,,Daylight: street lights present,Fine (without high winds),Dry,None,None,No overtaking,326630,676290,531370,Junction,Pedestrian,361232,unset,EH66TG,No crossing facility within 50m or physical crossing facility not controlled by authorised person,No physical crossing facility within 50m,Elsewhere,55.9739729632573,-3.177191826618795
456510,,Slight,1,1,27/06/2010,Sunday,27,June,10,5,0,230,A,90,Single carriageway - 2 lanes,40,Not at or within 20 metres of junction,unset,\,,Daylight: street lights present,Fine (without high winds),Dry,None,None,No overtaking,320530,675140,555456,Segment,S.V.N.P.,361233,unset,EH46AH,No crossing facility within 50m or physical crossing facility not controlled by authorised person,No physical crossing facility within 50m,At scene,55.96267096256677,-3.2745667578741924
456610,,Serious,3,1,25/06/2010,Friday,25,June,10,22,30,230,Unclassified,,Single carriageway - 2 lanes,30,Not at or within 20 metres of junction,unset,\,,Darkness: street lights present and lit,Fine (without high winds),Dry,None,None,No overtaking,324210,671700,559388,Segment,M.V.N.P.,361234,unset,EH105EN,No crossing facility within 50m or physical crossing facility not controlled by authorised person,No physical crossing facility within 50m,At scene,55.93236585326208,-3.2146660029888663
460110,,Slight,2,1,28/06/2010,Monday,28,June,10,20,30,230,C,,Single carriageway - 2 lanes,30,Not at or within 20 metres of junction,unset,\,,Daylight: street lights present,Fine (without high winds),Dry,Road works present,None,No overtaking,322740,672750,559290,Segment,T.V.N.P.,361235,unset,EH125NZ,No crossing facility within 50m or physical crossing facility not controlled by authorised person,No physical crossing facility within 50m,At scene,55.94156343414338,-3.238489589792431
460410,,Slight,2,1,28/06/2010,Monday,28,June,10,16,45,230,A,6095,Single carriageway - 2 lanes,30,Roundabout,Give way sign or markings,Unclassified,,Daylight: no street lighting,Fine (without high winds),Dry,None,None,No overtaking,331030,671650,530053,Junction,T.V.N.P.,361236,unset,EH153HP,No crossing facility within 50m or physical crossing facility not controlled by authorised person,No physical crossing facility within 50m,At scene,55.93294463442248,-3.105516689733181
462010,,Slight,1,1,28/06/2010,Monday,28,June,10,18,15,230,B,701,Dual carriageway - 2 lanes,30,Not at or within 20 metres of junction,unset,\,,Daylight: street lights present,Raining (without high winds),Dry,None,None,No overtaking,319680,669790,551624,Segment,Bus,361237,unset,EH142SW,Control by other authorised person,Central refuge - no other controls,Elsewhere,55.91447303154736,-3.2865842612344074
462110,,Slight,2,1,29/06/2010,Tuesday,29,June,10,12,20,230,C,,Dual carriageway - 2 lanes,30,Crossroads,Give way sign or markings,Unclassified,,Daylight: street lights present,Fine (without high winds),Dry,None,None,No overtaking,321900,676200,519118,Junction,Cyclist,361238,unset,EH44TY,Control by other authorised person,Central refuge - no other controls,At scene,55.97241748074683,-3.25293512074743
463210,,Slight,1,1,28/06/2010,Monday,28,June,10,16,45,230,A,8,Single carriageway - 2 lanes,30,Not at or within 20 metres of junction,unset,\,,Daylight: street lights present,Fine (without high winds),Dry,None,None,No overtaking,324030,673210,550604,Segment,Pedestrian,361239,unset,EH125EY,No crossing facility within 50m or physical crossing facility not controlled by authorised person,No physical crossing facility within 50m,Elsewhere,55.94590134928601,-3.217972021162439
463610,,Slight,2,1,21/06/2010,Monday,21,June,10,8,40,230,A,700,Single carriageway - 2 lanes,30,Other junction,Automatic Traffic Signal,Unclassified,,Daylight: no street lighting,Fine (without high winds),Dry,None,None,No overtaking,325670,672510,521871,Junction,Cyclist,361240,unset,EH91JU,No crossing facility within 50m or physical crossing facility not controlled by authorised person,"Pelican, puffin, toucan or similar non-junction pedestrian light crossing",At scene,55.93987013320798,-3.191526451972471
463710,,Slight,2,1,19/06/2010,Saturday,19,June,10,14,25,230,Unclassified,,Single carriageway - 2 lanes,30,'T' or staggered junction,Give way sign or markings,Unclassified,,Daylight: street lights present,Fine (without high winds),Dry,None,None,No overtaking,320570,671960,0,Unset,Cyclist,361241,unset,EH127EB,No crossing facility within 50m or physical crossing facility not controlled by authorised person,No physical crossing facility within 50m,Elsewhere,55.93411312531333,-3.272988417324767
464110,,Slight,2,1,29/06/2010,Tuesday,29,June,10,19,50,230,Unclassified,,Single carriageway - 2 lanes,30,Not at or within 20 metres of junction,unset,\,,Daylight: no street lighting,Fine (without high winds),Dry,None,None,No overtaking,327500,672100,0,Unset,T.V.N.P.,361242,unset,EH165HX,No crossing facility within 50m or physical crossing facility not controlled by authorised person,No physical crossing facility within 50m,At scene,55.93646697235277,-3.1621265114497232