acc_ref,beat_no,severity,no_vehicle,no_casualt,a_date,a_day,a_date_day,a_date_mon,a_date_yr,a_time_hr,a_time_min,loc_auth,road1_class,road1_no,road_type,speed_limi,junc_det,junc_ctrl,road2_class,road2_no,light_cond,weather,road_surf,spec_cond,cway_hzrds,ovrtk_patrn,easting,northing,net_id,net_type,acc_type,text_id,division,Postcode,ped_xing_hc,ped_xing_p,place_reported,latitude,longitude
464910,,Slight,1,1,29/06/2010,Tuesday,29,June,10,0,30,230,Unclassified,,Single carriageway - 2 lanes,30,Not at or within 20 metres of junction,unset,\,,Darkness: street lighting unknown,Other,Dry,None,None,No overtaking,326730,672830,0,Unset,S.V.N.P.,361243,unset,EH87AT,No crossing facility within 50m or physical crossing facility not controlled by authorised person,No physical crossing facility within 50m,Elsewhere,55.942907593266675,-3.1746479564819263
465710,,Slight,1,1,29/06/2010,Tuesday,29,June,10,13,25,230,A,1140,Single carriageway - 2 lanes,30,'T' or staggered junction,Give way sign or markings,Unclassified,,Daylight: street lights present,Fine (without high winds),Dry,None,None,No overtaking,329680,674350,523458,Junction,Bus,361244,unset,EH76TQ,No crossing facility within 50m or physical crossing facility not controlled by authorised person,No physical crossing facility within 50m,Elsewhere,55.95700298816299,-3.1278251572881812
466510,,Slight,2,1,30/06/2010,Wednesday,30,June,10,16,0,230,A,90,Dual carriageway - 2 lanes,40,Not at or within 20 metres of junction,unset,\,,Daylight: street lights present,Fine (without high winds),Dry,None,None,No overtaking,312440,677990,555411,Segment,T.V.N.P.,361245,unset,EH309XY,No crossing facility within 50m or physical crossing facility not controlled by authorised person,No physical crossing facility within 50m,At scene,55.98686155288827,-3.4050424436921087
468210,,Slight,1,1,30/06/2010,Wednesday,30,June,10,14,0,230,C,,Single carriageway - 2 lanes,30,Not at or within 20 metres of junction,unset,\,,Daylight: no street lighting,Fine (without high winds),Dry,None,None,No overtaking,322980,675650,559982,Segment,Bus,361246,unset,EH42NY,Control by other authorised person,Pedestrian phase at traffic signal junction,At scene,55.96765170302528,-3.235477881686236
468610,,Slight,1,1,30/06/2010,Wednesday,30,June,10,1,15,230,Unclassified,,Single carriageway - 2 lanes,30,Crossroads,Automatic Traffic Signal,C,,Darkness: street lights present and lit,Fine (without high winds),Dry,None,None,No overtaking,326360,672160,532756,Junction,S.V.N.P.,361247,unset,EH91PH,Control by other authorised person,Pedestrian phase at traffic signal junction,At scene,55.936832461121284,-3.1803872381722234
469210,,Slight,1,1,30/06/2010,Wednesday,30,June,10,12,40,230,Unclassified,,Single carriageway - 2 lanes,30,Not at or within 20 metres of junction,unset,\,,Daylight: street lights present,Fine (without high winds),Dry,None,None,No overtaking,326320,672170,566309,Segment,Bus,361248,unset,EH91PU,No crossing facility within 50m or physical crossing facility not controlled by authorised person,No physical crossing facility within 50m,Elsewhere,55.93691615344836,-3.1810301292799004
469310,,Slight,3,1,01/07/2010,Thursday,1,July,10,13,20,230,A,90,Single carriageway - 2 lanes,40,Not at or within 20 metres of junction,unset,\,,Daylight: street lights present,Fine (without high winds),Dry,None,None,No overtaking,323940,674240,555582,Segment,M.V.N.P.,361374,unset,EH43AF,Control by other authorised person,Pedestrian phase at traffic signal junction,At scene,55.95513929455315,-3.219703609181858
469610,,Slight,1,1,01/07/2010,Thursday,1,July,10,9,10,230,Unclassified,,Unknown,30,Other junction,Give way sign or markings,Unclassified,,Daylight: street lights present,Raining (without high winds),Dry,None,None,No overtaking,325550,674890,520230,Junction,Bus,361375,unset,EH36NE,No crossing facility within 50m or physical crossing facility not controlled by authorised person,No physical crossing facility within 50m,Elsewhere,55.961230606817786,-3.194105078087922
470010,,Slight,2,1,01/07/2010,Thursday,1,July,10,17,20,230,B,701,Dual carriageway - 2 lanes,30,'T' or staggered junction,Automatic Traffic Signal,Unclassified,,Daylight: street lights present,Fine (without high winds),Dry,None,None,No overtaking,319610,669960,12201412,Junction,T.V.N.P.,361376,unset,EH142SW,No crossing facility within 50m or physical crossing facility not controlled by authorised person,No physical crossing facility within 50m,Elsewhere,55.91598835912903,-3.287754478110356
471510,,Slight,2,2,02/07/2010,Friday,2,July,10,10,10,230,A,720,Roundabout,40,Roundabout,Automatic Traffic Signal,A,8,Daylight: street lights present,Fine (without high winds),Dry,None,None,No overtaking,317510,672520,9658433,Junction,T.V.N.P.,361377,unset,EH129BS,No crossing facility within 50m or physical crossing facility not controlled by authorised person,No physical crossing facility within 50m,At scene,55.93862744379421,-3.3221258990642166
471610,,Slight,1,1,02/07/2010,Friday,2,July,10,12,58,230,A,1,Single carriageway - 2 lanes,30,Other junction,Automatic Traffic Signal,Unclassified,,Daylight: street lighting unknown,Fine (without high winds),Dry,None,None,No overtaking,327370,674390,520725,Junction,Pedestrian,361378,unset,EH75SU,No crossing facility within 50m or physical crossing facility not controlled by authorised person,Pedestrian phase at traffic signal junction,At scene,55.95701816951012,-3.164824544086663
471810,,Serious,2,1,02/07/2010,Friday,2,July,10,9,0,230,A,702,Single carriageway - 2 lanes,30,Not at or within 20 metres of junction,unset,\,,Daylight: street lights present,Fine (without high winds),Dry,None,None,No overtaking,324880,672560,549171,Segment,Cyclist,361379,unset,EH104HW,No crossing facility within 50m or physical crossing facility not controlled by authorised person,No physical crossing facility within 50m,At scene,55.94019631736488,-3.20418438841651
472410,,Slight,2,1,02/07/2010,Friday,2,July,10,8,40,230,A,720,Dual carriageway - 2 lanes,70,Not at or within 20 metres of junction,unset,\,,Daylight: street lights present,Fine (without high winds),Dry,None,None,No overtaking,331450,667910,2579269,Segment,T.V.N.P.,361380,unset,EH181AS,No crossing facility within 50m or physical crossing facility not controlled by authorised person,No physical crossing facility within 50m,At scene,55.899407792163814,-3.0978453811439217
472810,,Slight,2,1,01/07/2010,Thursday,1,July,10,16,40,230,Unclassified,,Single carriageway - 2 lanes,30,Not at or within 20 metres of junction,unset,\,,Daylight: no street lighting,Fine (without high winds),Dry,None,None,No overtaking,323490,668980,564911,Segment,T.V.N.P.,361381,unset,EH139HZ,No crossing facility within 50m or physical crossing facility not controlled by authorised person,No physical crossing facility within 50m,\3,55.90781863921624,-3.225416027574871
473610,,Slight,1,1,02/07/2010,Friday,2,July,10,19,50,230,C,,Single carriageway - 2 lanes,30,Not at or within 20 metres of junction,unset,\,,Daylight: street lights present,Fine (without high winds),Dry,None,None,No overtaking,326530,673820,558221,Segment,Pedestrian,361382,unset,EH88DD,No crossing facility within 50m or physical crossing facility not controlled by authorised person,No physical crossing facility within 50m,At scene,55.95177005403944,-3.178119306904853
473910,,Slight,2,1,02/07/2010,Friday,2,July,10,17,50,230,C,,Single carriageway - 2 lanes,30,Not at or within 20 metres of junction,unset,\,,Daylight: street lights present,Fine (without high winds),Dry,None,None,No overtaking,325890,674370,566780,Segment,Cyclist,361383,unset,EH13JG,Control by other authorised person,Pedestrian phase at traffic signal junction,Elsewhere,55.956612192758804,-3.1885171475925755
474710,,Slight,1,1,02/07/2010,Friday,2,July,10,19,0,230,A,900,Single carriageway - 2 lanes,30,Other junction,Give way sign or markings,Unclassified,,Daylight: street lights present,Fine (without high winds),Dry,None,None,No overtaking,326870,675730,519484,Junction,Bus,361384,unset,EH65HB,No crossing facility within 50m or physical crossing facility not controlled by authorised person,No physical crossing facility within 50m,At scene,55.96897923874456,-3.17319490644032
475010,,Slight,1,1,03/07/2010,Saturday,3,July,10,7,0,230,Motorway,8,Dual carriageway - 2 lanes,70,Not at or within 20 metres of junction,unset,\,,Daylight: street lights present,Fine (without high winds),Dry,None,None,No overtaking,317950,670850,6452850,Segment,S.V.N.P.,361385,unset,EH129BU,No crossing facility within 50m or physical crossing facility not controlled by authorised person,No physical crossing facility within 50m,At scene,55.92370219426486,-3.3145760589348563
475410,,Slight,2,1,03/07/2010,Saturday,3,July,10,14,20,230,A,900,Dual carriageway - 2 lanes,30,Not at or within 20 metres of junction,unset,\,,Daylight: street lights present,Fine (without high winds),Dry,None,None,No overtaking,325950,674130,558533,Segment,Cyclist,361386,unset,EH13SJ,No crossing facility within 50m or physical crossing facility not controlled by authorised person,No physical crossing facility within 50m,Elsewhere,55.95446558104904,-3.187490405289999
475610,,Serious,1,1,03/07/2010,Saturday,3,July,10,18,40,230,C,,Single carriageway - 2 lanes,30,Other junction,Give way sign or markings,Unclassified,,Daylight: street lights present,Fine (without high winds),Dry,None,None,No overtaking,325750,671510,523863,Junction,Cyclist,361387,unset,EH92EA,No crossing facility within 50m or physical crossing facility not controlled by authorised person,No physical crossing facility within 50m,At scene,55.93089967663132,-3.1899705717587836
475810,,Slight,1,1,02/07/2010,Friday,2,July,10,19,15,230,A,900,Single carriageway - 2 lanes,30,Not at or within 20 metres of junction,unset,\,,Daylight: street lights present,Fine (without high winds),Dry,None,None,No overtaking,327260,676380,558434,Segment,Pedestrian,361388,unset,EH67BG,No crossing facility within 50m or physical crossing facility not controlled by authorised person,No physical crossing facility within 50m,At scene,55.974877407632995,-3.167123996959263
475910,,Slight,1,1,03/07/2010,Saturday,3,July,10,3,10,230,C,,Single carriageway - 2 lanes,30,'T' or staggered junction,Automatic Traffic Signal,Unclassified,,Darkness: street lights present and lit,Fine (without high winds),Dry,None,None,No overtaking,324220,672740,521838,Junction,Pedestrian,361389,unset,EH111AL,Control by other authorised person,Pedestrian phase at traffic signal junction,At scene,55.94170949346587,-3.214798396989497
476410,,Slight,1,1,25/06/2010,Friday,25,June,10,3,25,230,A,702,Single carriageway - 2 lanes,30,'T' or staggered junction,Authorised Person,Unclassified,,Darkness: street lights present and lit,Fine (without high winds),Dry,None,None,No overtaking,324770,673410,10254972,Junction,Pedestrian,361249,unset,EH12DJ,Control by other authorised person,Pedestrian phase at traffic signal junction,At scene,55.94781444869941,-3.206182321739976
477010,,Slight,1,1,04/07/2010,Sunday,4,July,10,13,15,230,Unclassified,,Single carriageway - 2 lanes,30,Not at or within 20 metres of junction,unset,\,,Daylight: street lights present,Raining (without high winds),Dry,None,None,No overtaking,320100,668780,561847,Segment,Pedestrian,361390,unset,EH145DQ,No crossing facility within 50m or physical crossing facility not controlled by authorised person,No physical crossing facility within 50m,At scene,55.90547064153809,-3.2795678503374477
478210,,Slight,2,1,04/07/2010,Sunday,4,July,10,16,0,230,C,,Single carriageway - 2 lanes,30,Crossroads,Authorised Person,Unclassified,,Daylight: street lights present,Fine with high winds,Dry,None,None,No overtaking,323500,672270,521991,Junction,T.V.N.P.,361391,unset,EH112JP,Control by other authorised person,Pedestrian phase at traffic signal junction,At scene,55.937373433257505,-3.2261890690653896
478310,,Slight,1,1,05/07/2010,Monday,5,July,10,9,0,230,C,,Single carriageway - 2 lanes,30,Not at or within 20 metres of junction,unset,\,,Daylight: street lights present,Fine (without high winds),Dry,None,None,No overtaking,324850,673190,2106538,Segment,Pedestrian,361392,unset,EH39AL,Control by other authorised person,Pedestrian phase at traffic signal junction,At scene,55.94585077151364,-3.2048402749110148
478410,,Slight,1,1,30/06/2010,Wednesday,30,June,10,15,0,230,Unclassified,,Single carriageway - 2 lanes,30,Crossroads,Automatic Traffic Signal,C,,Daylight: street lights present,Fine (without high winds),Dry,None,None,No overtaking,325080,673210,521478,Junction,Bus,361250,unset,EH39DN,Control by other authorised person,Pedestrian phase at traffic signal junction,Elsewhere,55.94606638061479,-3.2011641058752702
478510,,Slight,2,1,05/07/2010,Monday,5,July,10,15,50,230,C,,Single carriageway - 2 lanes,30,Crossroads,Automatic Traffic Signal,Unclassified,,Daylight: street lights present,Fine (without high winds),Dry,None,None,No overtaking,326180,673540,521139,Junction,Bus,361393,unset,EH89UE,Control by other authorised person,Pedestrian phase at traffic signal junction,Elsewhere,55.949201148821466,-3.183646076650474
482510,,Slight,1,1,06/07/2010,Tuesday,6,July,10,16,35,230,A,8,Single carriageway - 2 lanes,30,Not at or within 20 metres of junction,unset,\,,Daylight: no street lighting,Raining (without high winds),Dry,None,None,No overtaking,320870,672850,550713,Segment,Pedestrian,361394,unset,EH126TS,Control by other authorised person,"Pelican, puffin, toucan or similar non-junction pedestrian light crossing",At scene,55.942157133607566,-3.268449032924508
485210,,Slight,1,1,07/07/2010,Wednesday,7,July,10,7,0,230,Unclassified,,Single carriageway - 2 lanes,30,Not at or within 20 metres of junction,unset,\,,Daylight: no street lighting,Fine (without high winds),Dry,None,None,No overtaking,315590,666020,0,Unset,S.V.N.P.,361395,unset,EH147BB,No crossing facility within 50m or physical crossing facility not controlled by authorised person,No physical crossing facility within 50m,At scene,55.8799087778396,-3.3508211117221283
485710,,Slight,2,1,06/07/2010,Tuesday,6,July,10,17,0,230,C,,Single carriageway - 2 lanes,30,Crossroads,Automatic Traffic Signal,Unclassified,,Darkness: street lights present and lit,Fine (without high winds),Dry,None,None,No overtaking,324400,672520,522336,Junction,T.V.N.P.,361396,unset,EH39PP,No crossing facility within 50m or physical crossing facility not controlled by authorised person,Pedestrian phase at traffic signal junction,Elsewhere,55.93976166546292,-3.211855635994541
486210,,Slight,2,1,07/07/2010,Wednesday,7,July,10,10,0,230,A,720,Single carriageway - 3 lanes,30,Roundabout,Automatic Traffic Signal,A,71,Daylight: street lights present,Fine (without high winds),Dry,None,None,No overtaking,318590,670310,2307045,Junction,T.V.N.P.,361397,unset,EH144AW,No crossing facility within 50m or physical crossing facility not controlled by authorised person,No physical crossing facility within 50m,Elsewhere,55.918960528788524,-3.3041745608462594
486710,,Slight,2,1,06/07/2010,Tuesday,6,July,10,17,5,230,Unclassified,,Single carriageway - 2 lanes,30,Crossroads,Give way sign or markings,Unclassified,,Daylight: street lights present,Fine (without high winds),Dry,None,None,No overtaking,323280,676730,12233130,Junction,Cyclist,361398,unset,EH51NG,No crossing facility within 50m or physical crossing facility not controlled by authorised person,No physical crossing facility within 50m,At scene,55.9774010404726,-3.2309810886623893
487010,,Slight,1,1,01/07/2010,Thursday,1,July,10,17,33,230,Unclassified,,Single carriageway - 2 lanes,30,'T' or staggered junction,Automatic Traffic Signal,Unclassified,,Daylight: street lights present,Fine (without high winds),Dry,None,None,No overtaking,327930,674180,520761,Junction,Pedestrian,361399,unset,EH88JE,No crossing facility within 50m or physical crossing facility not controlled by authorised person,No physical crossing facility within 50m,Elsewhere,55.95521620410955,-3.1558013766888275
487810,,Slight,2,4,07/07/2010,Wednesday,7,July,10,23,50,230,Unclassified,,Single carriageway - 2 lanes,30,'T' or staggered junction,Give way sign or markings,Unclassified,,Darkness: street lights present and lit,Fine (without high winds),Dry,None,None,No overtaking,326430,672840,532744,Junction,T.V.N.P.,361400,unset,EH89HZ,No crossing facility within 50m or physical crossing facility not controlled by authorised person,No physical crossing facility within 50m,At scene,55.94295153892162,-3.1794526221370187
487910,,Slight,1,1,06/07/2010,Tuesday,6,July,10,16,0,230,Unclassified,,Single carriageway - 2 lanes,30,Not at or within 20 metres of junction,unset,\,,Daylight: no street lighting,Raining (without high winds),Dry,None,None,No overtaking,322670,675260,0,Unset,Pedestrian,361401,unset,EH42NL,No crossing facility within 50m or physical crossing facility not controlled by authorised person,No physical crossing facility within 50m,At scene,55.964098600582766,-3.2403308368884502
488410,,Slight,2,1,07/07/2010,Wednesday,7,July,10,13,35,230,Unclassified,,Single carriageway - 2 lanes,30,Other junction,Give way sign or markings,Unclassified,,Daylight: street lights present,Fine (without high winds),Dry,None,None,No overtaking,327680,669980,0,Unset,Cyclist,361402,unset,EH166AS,No crossing facility within 50m or physical crossing facility not controlled by authorised person,No physical crossing facility within 50m,Elsewhere,55.9174502678628,-3.1586772711915705
488810,,Slight,1,1,08/07/2010,Thursday,8,July,10,9,35,230,Motorway,8,Dual carriageway - 2 lanes,50,Roundabout,Automatic Traffic Signal,Motorway,8,Daylight: street lights present,Fine (without high winds),Dry,None,None,No overtaking,318200,670960,6453709,Junction,S.V.N.P.,361403,unset,EH129BU,No crossing facility within 50m or physical crossing facility not controlled by authorised person,No physical crossing facility within 50m,At scene,55.924732889667546,-3.3106099809416594
488910,,Slight,2,1,05/07/2010,Monday,5,July,10,9,45,230,Unclassified,,Single carriageway - 2 lanes,30,'T' or staggered junction,Give way sign or markings,A,70,Darkness: street lights present but unlit,Unknown,Dry,None,None,No overtaking,318070,667740,518443,Junction,T.V.N.P.,361404,unset,EH145NW,Control by other authorised person,No physical crossing facility within 50m,Elsewhere,55.89578723745154,-3.3117126863920663
489010,,Serious,1,1,28/06/2010,Monday,28,June,10,5,40,230,C,,One way Street,30,Other junction,Stop sign,Unclassified,,Daylight: street lights present,Fine (without high winds),Dry,None,None,No overtaking,325040,673170,521481,Junction,Cyclist,361251,unset,EH39DN,No crossing facility within 50m or physical crossing facility not controlled by authorised person,No physical crossing facility within 50m,At scene,55.94570082443571,-3.2017932792418997
489310,,Slight,1,1,07/07/2010,Wednesday,7,July,10,14,40,230,A,900,Single carriageway - 2 lanes,30,'T' or staggered junction,Automatic Traffic Signal,Unclassified,,Daylight: street lights present,Fine (without high winds),Dry,None,None,No overtaking,326560,675140,519867,Junction,Bus,361405,unset,EH65AH,Control by other authorised person,Pedestrian phase at traffic signal junction,Elsewhere,55.96363199810626,-3.1779991721523926
490110,,Serious,2,1,08/07/2010,Thursday,8,July,10,16,40,230,Unclassified,,Roundabout,30,Roundabout,Automatic Traffic Signal,A,89,Daylight: street lights present,Fine (without high winds),Dry,None,None,No overtaking,312470,672670,517567,Junction,T.V.N.P.,361406,unset,EH288SH,No crossing facility within 50m or physical crossing facility not controlled by authorised person,No physical crossing facility within 50m,At scene,55.93908259914551,-3.40283154979432
490210,,Slight,1,1,08/07/2010,Thursday,8,July,10,23,50,230,Unclassified,,Single carriageway - 2 lanes,30,Crossroads,Automatic Traffic Signal,A,70,Darkness: street lights present and lit,Fine (without high winds),Dry,None,None,No overtaking,324090,673180,521334,Junction,Pedestrian,361407,unset,EH112BQ,No crossing facility within 50m or physical crossing facility not controlled by authorised person,No physical crossing facility within 50m,At scene,55.94564135945009,-3.2170031194904443
490310,,Slight,3,1,07/07/2010,Wednesday,7,July,10,7,14,230,A,720,Dual carriageway - 2 lanes,70,Not at or within 20 metres of junction,unset,\,,Daylight: street lights present,Raining with high winds,Dry,None,None,No overtaking,323610,667990,570546,Segment,M.V.N.P.,361408,unset,EH107DS,No crossing facility within 50m or physical crossing facility not controlled by authorised person,No physical crossing facility within 50m,At scene,55.89894477877384,-3.2232170252258996
490410,,Slight,1,1,01/07/2010,Thursday,1,July,10,19,30,230,Unclassified,,Single carriageway - 2 lanes,30,'T' or staggered junction,Give way sign or markings,Unclassified,,Daylight: street lights present,Fine (without high winds),Dry,None,None,No overtaking,324790,671710,523833,Junction,S.V.N.P.,361409,unset,EH104BL,No crossing facility within 50m or physical crossing facility not controlled by authorised person,No physical crossing facility within 50m,At scene,55.93254686137572,-3.2053876677918867
490510,,Slight,2,1,18/06/2010,Friday,18,June,10,22,15,230,C,,Single carriageway - 2 lanes,30,Not at or within 20 metres of junction,unset,\,,Darkness: street lights present but unlit,Fine (without high winds),Dry,None,None,No overtaking,322900,675900,559931,Segment,Cyclist,361252,unset,EH52NE,No crossing facility within 50m or physical crossing facility not controlled by authorised person,No physical crossing facility within 50m,Elsewhere,55.969884507875676,-3.236830845223771
490810,,Slight,1,1,07/07/2010,Wednesday,7,July,10,16,25,230,B,901,Single carriageway - 2 lanes,30,'T' or staggered junction,Give way sign or markings,Unclassified,,Daylight: street lights present,Fine (without high winds),Dry,None,None,No overtaking,325860,674510,520611,Junction,Pedestrian,361410,unset,EH13QR,No crossing facility within 50m or physical crossing facility not controlled by authorised person,No physical crossing facility within 50m,At scene,55.95786515106149,-3.1890360709965
492310,,Serious,1,1,09/07/2010,Friday,9,July,10,13,40,230,Unclassified,,Single carriageway - 2 lanes,30,Not at or within 20 metres of junction,unset,\,,Daylight: street lights present,Fine (without high winds),Dry,None,None,No overtaking,326150,676360,563715,Segment,Pedestrian,361411,unset,EH64PG,No crossing facility within 50m or physical crossing facility not controlled by authorised person,No physical crossing facility within 50m,At scene,55.97452807102396,-3.184900290743861
492510,,Slight,2,1,08/07/2010,Thursday,8,July,10,16,50,230,Unclassified,,Single carriageway - 2 lanes,30,'T' or staggered junction,Stop sign,B,701,Daylight: street lights present,Fine (without high winds),Dry,None,None,No overtaking,321830,669080,532933,Junction,T.V.N.P.,361412,unset,EH130NR,No crossing facility within 50m or physical crossing facility not controlled by authorised person,No physical crossing facility within 50m,Elsewhere,55.90844983936502,-3.25199100878224
492710,,Slight,2,1,09/07/2010,Friday,9,July,10,11,55,230,Motorway,8,Dual carriageway - 2 lanes,70,Not at or within 20 metres of junction,unset,\,,Daylight: no street lighting,Fine (without high winds),Dry,None,None,No overtaking,317410,670450,6452039,Segment,T.V.N.P.,361413,unset,EH129BU,No crossing facility within 50m or physical crossing facility not controlled by authorised person,No physical crossing facility within 50m,At scene,55.92001671774853,-3.3230923566937967
493510,,Slight,1,1,06/07/2010,Tuesday,6,July,10,16,29,230,A,702,Single carriageway - 2 lanes,30,Other junction,Automatic Traffic Signal,C,,Daylight: no street lighting,Other,Dry,None,None,No overtaking,324500,671660,523830,Junction,Pedestrian,361414,unset,EH104AZ,Control by other authorised person,Pedestrian phase at traffic signal junction,At scene,55.9320522197661,-3.210014245461333
494310,,Slight,1,1,10/07/2010,Saturday,10,July,10,10,30,230,Unclassified,,One way Street,30,Other junction,Automatic Traffic Signal,A,8,Daylight: street lights present,Raining (without high winds),Dry,None,None,No overtaking,325570,673940,521097,Junction,Pedestrian,361415,unset,EH22DF,Control by other authorised person,Pedestrian phase at traffic signal junction,At scene,55.952700057716775,-3.1935221111343877
494910,,Slight,2,1,10/07/2010,Saturday,10,July,10,15,50,230,A,199,Single carriageway - 2 lanes,30,'T' or staggered junction,Give way sign or markings,Unclassified,,Daylight: street lights present,Fine (without high winds),Dry,None,None,No overtaking,326700,676680,522741,Junction,Cyclist,361416,unset,EH66LY,No crossing facility within 50m or physical crossing facility not controlled by authorised person,No physical crossing facility within 50m,Elsewhere,55.97748696971941,-3.1761768087993167
495210,,Slight,1,1,10/07/2010,Saturday,10,July,10,14,50,230,Unclassified,,Single carriageway - 2 lanes,30,Not at or within 20 metres of junction,unset,\,,Daylight: street lights present,Raining with high winds,Dry,None,None,No overtaking,331350,672920,2106187,Segment,Bus,361417,unset,EH152ND,No crossing facility within 50m or physical crossing facility not controlled by authorised person,No physical crossing facility within 50m,Elsewhere,55.94439904279732,-3.10071937390322
498110,,Slight,2,1,12/07/2010,Monday,12,July,10,17,22,230,Unclassified,,Single carriageway - 2 lanes,30,Crossroads,Give way sign or markings,Unclassified,,Daylight: street lights present,Fine (without high winds),Dry,None,None,No overtaking,312980,677700,4421939,Junction,T.V.N.P.,361418,unset,EH309NZ,Control by other authorised person,"Pelican, puffin, toucan or similar non-junction pedestrian light crossing",At scene,55.98435509105804,-3.396296001681224
498310,,Slight,1,1,12/07/2010,Monday,12,July,10,15,4,230,Unclassified,,Single carriageway - 2 lanes,40,'T' or staggered junction,Give way sign or markings,Unclassified,,Daylight: no street lighting,Fine (without high winds),Dry,None,None,No overtaking,312040,670210,12231736,Junction,S.V.N.P.,361419,unset,EH288NR,Control by other authorised person,Pedestrian phase at traffic signal junction,At scene,55.916908152684314,-3.408910823122588
498510,,Slight,3,1,12/07/2010,Monday,12,July,10,16,45,230,A,8,Single carriageway - 2 lanes,40,Not at or within 20 metres of junction,unset,\,,Daylight: street lights present,Fine (without high winds),Dry,None,None,No overtaking,318550,672780,4550156,Segment,Bus,361420,unset,EH128LH,No crossing facility within 50m or physical crossing facility not controlled by authorised person,No physical crossing facility within 50m,At scene,55.94114040217488,-3.305560422402822
499410,,Slight,2,1,13/07/2010,Tuesday,13,July,10,7,40,230,Unclassified,,Single carriageway - 2 lanes,30,Crossroads,Automatic Traffic Signal,Unclassified,,Daylight: no street lighting,Fine (without high winds),Dry,None,None,No overtaking,323650,671840,522279,Junction,T.V.N.P.,361421,unset,EH111NJ,No crossing facility within 50m or physical crossing facility not controlled by authorised person,Pedestrian phase at traffic signal junction,At scene,55.93353473585669,-3.223666686621644
499510,,Slight,2,1,13/07/2010,Tuesday,13,July,10,10,40,230,Unclassified,,Single carriageway - 2 lanes,30,'T' or staggered junction,Give way sign or markings,Unclassified,,Daylight: street lights present,Fine (without high winds),Dry,None,None,No overtaking,322750,671590,522231,Junction,T.V.N.P.,361422,unset,EH141PB,No crossing facility within 50m or physical crossing facility not controlled by authorised person,No physical crossing facility within 50m,At scene,55.931145141241366,-3.2379970792236454
500010,,Serious,1,1,13/07/2010,Tuesday,13,July,10,14,30,230,A,8,Dual carriageway - 2 lanes,30,Not at or within 20 metres of junction,unset,\,,Daylight: street lights present,Fine (without high winds),Dry,None,None,No overtaking,325290,673850,551202,Segment,Bus,361423,unset,EH22ER,No crossing facility within 50m or physical crossing facility not controlled by authorised person,No physical crossing facility within 50m,Elsewhere,55.95184809741496,-3.197980045636144
500910,,Slight,2,1,12/07/2010,Monday,12,July,10,19,5,230,A,7,Single carriageway - 2 lanes,30,'T' or staggered junction,Automatic Traffic Signal,Unclassified,,Daylight: street lights present,Fine (without high winds),Dry,None,None,No overtaking,326000,673410,521589,Junction,Cyclist,361424,unset,EH89AA,Control by other authorised person,Pedestrian phase at traffic signal junction,At scene,55.948005661496076,-3.186491976632359
501210,,Slight,2,1,13/07/2010,Tuesday,13,July,10,15,40,230,A,7,Single carriageway - 2 lanes,30,Not at or within 20 metres of junction,unset,\,,Daylight: street lights present,Fine (without high winds),Dry,None,None,No overtaking,326600,672460,568060,Segment,Pedestrian,361425,unset,EH89QD,No crossing facility within 50m or physical crossing facility not controlled by authorised person,No physical crossing facility within 50m,At scene,55.93956407160531,-3.176628000434197
501410,,Slight,1,1,13/07/2010,Tuesday,13,July,10,4,0,230,B,1350,Single carriageway - 2 lanes,30,Crossroads,Authorised Person,C,,Daylight: street lights present,Fine (without high winds),Dry,None,None,No overtaking,326930,674470,520680,Junction,S.V.N.P.,361426,unset,EH75AP,Control by other authorised person,Pedestrian phase at traffic signal junction,At scene,55.95766998987445,-3.1718916816362204
501710,,Slight,3,1,13/07/2010,Tuesday,13,July,10,6,23,230,Unclassified,,Single carriageway - 2 lanes,30,'T' or staggered junction,Give way sign or markings,Unclassified,,Daylight: street lights present,Fine (without high winds),Dry,None,None,No overtaking,328530,675000,523335,Junction,M.V.N.P.,361427,unset,EH76EP,No crossing facility within 50m or physical crossing facility not controlled by authorised person,No physical crossing facility within 50m,At scene,55.96267196415372,-3.146412121344868
504010,,Slight,1,1,14/07/2010,Wednesday,14,July,10,16,17,230,A,7,Single carriageway - 2 lanes,30,Other junction,Automatic Traffic Signal,Unclassified,,Daylight: street lights present,Raining (without high winds),Dry,None,None,No overtaking,326010,673390,2305729,Junction,Bus,361428,unset,EH11LS,No crossing facility within 50m or physical crossing facility not controlled by authorised person,No physical crossing facility within 50m,At scene,55.94782754659503,-3.186326397057288
505510,,Slight,2,1,11/07/2010,Sunday,11,July,10,15,15,230,A,71,Roundabout,30,Roundabout,Automatic Traffic Signal,A,720,Daylight: street lighting unknown,Fine with high winds,Dry,None,None,No overtaking,318650,670370,2307030,Junction,T.V.N.P.,361429,unset,EH144AW,No crossing facility within 50m or physical crossing facility not controlled by authorised person,No physical crossing facility within 50m,At scene,55.9195096378998,-3.3032328988401956
506510,,Slight,2,1,14/07/2010,Wednesday,14,July,10,16,50,230,Unclassified,,Single carriageway - 2 lanes,30,'T' or staggered junction,Give way sign or markings,Unclassified,,Daylight: street lights present,Raining (without high winds),Dry,None,None,No overtaking,327120,675250,12239120,Junction,T.V.N.P.,361430,unset,EH68JS,No crossing facility within 50m or physical crossing facility not controlled by authorised person,No physical crossing facility within 50m,Elsewhere,55.96470552456582,-3.1690605422411458
507010,,Slight,2,1,15/07/2010,Thursday,15,July,10,9,15,230,C,,Single carriageway - 2 lanes,30,'T' or staggered junction,Automatic Traffic Signal,Unclassified,,Daylight: street lights present,Raining (without high winds),Dry,None,None,No overtaking,325510,674090,520563,Junction,T.V.N.P.,361431,unset,EH22PA,No crossing facility within 50m or physical crossing facility not controlled by authorised person,No physical crossing facility within 50m,Elsewhere,55.95403816713665,-3.194524236097146