acc_ref,beat_no,severity,no_vehicle,no_casualt,a_date,a_day,a_date_day,a_date_mon,a_date_yr,a_time_hr,a_time_min,loc_auth,road1_class,road1_no,road_type,speed_limi,junc_det,junc_ctrl,road2_class,road2_no,light_cond,weather,road_surf,spec_cond,cway_hzrds,ovrtk_patrn,easting,northing,net_id,net_type,acc_type,text_id,division,Postcode,ped_xing_hc,ped_xing_p,place_reported,latitude,longitude
507210,,Slight,1,1,15/07/2010,Thursday,15,July,10,8,15,230,Unclassified,,Dual carriageway - 2 lanes,30,'T' or staggered junction,Give way sign or markings,A,900,Daylight: street lights present,Raining (without high winds),Dry,None,None,No overtaking,326150,674570,520254,Junction,Bus,361432,unset,EH13PA,No crossing facility within 50m or physical crossing facility not controlled by authorised person,No physical crossing facility within 50m,Elsewhere,55.95844884567338,-3.1844088846616785
507310,,Slight,2,1,15/07/2010,Thursday,15,July,10,16,15,230,Unclassified,,Single carriageway - 2 lanes,30,Crossroads,Give way sign or markings,Unclassified,,Daylight: street lights present,Other,Dry,None,None,No overtaking,317660,667590,0,Unset,T.V.N.P.,361433,unset,EH145RX,No crossing facility within 50m or physical crossing facility not controlled by authorised person,No physical crossing facility within 50m,Elsewhere,55.89436985515933,-3.318221331077845
507410,,Slight,2,1,15/07/2010,Thursday,15,July,10,18,45,230,A,900,Single carriageway - 2 lanes,30,'T' or staggered junction,Automatic Traffic Signal,C,,Daylight: street lights present,Raining (without high winds),Dry,None,None,No overtaking,326550,675130,519867,Junction,Cyclist,361434,unset,EH74PE,No crossing facility within 50m or physical crossing facility not controlled by authorised person,No physical crossing facility within 50m,Elsewhere,55.96354063863999,-3.1781565922684583
507710,,Slight,1,1,16/07/2010,Friday,16,July,10,1,11,230,A,900,Single carriageway - 2 lanes,30,'T' or staggered junction,Give way sign or markings,Unclassified,,Daylight: no street lighting,Fine (without high winds),Dry,None,None,No overtaking,326790,675550,519478,Junction,Pedestrian,361435,unset,EH68NX,Control by other authorised person,Pedestrian phase at traffic signal junction,Elsewhere,55.96735012214864,-3.174427292552592
509010,,Slight,1,1,16/07/2010,Friday,16,July,10,16,10,230,A,7,Single carriageway - 2 lanes,30,'T' or staggered junction,Automatic Traffic Signal,Unclassified,,Daylight: street lights present,Fine (without high winds),Dry,None,None,No overtaking,326000,673430,521589,Junction,Pedestrian,361436,unset,EH11LL,Control by other authorised person,Pedestrian phase at traffic signal junction,At scene,55.94818531806579,-3.186497471929714
509210,,Slight,1,1,15/07/2010,Thursday,15,July,10,7,30,230,A,8,Dual carriageway - 2 lanes,30,Not at or within 20 metres of junction,unset,\,,Daylight: street lights present,Raining (without high winds),Dry,None,Other object in carriageway,No overtaking,324820,673710,551190,Segment,Cyclist,361437,unset,EH24AH,Control by other authorised person,Pedestrian phase at traffic signal junction,At scene,55.950517112381974,-3.205465653287764
509510,,Slight,3,1,16/07/2010,Friday,16,July,10,9,30,230,B,6415,Single carriageway - 2 lanes,30,'T' or staggered junction,Give way sign or markings,Unclassified,,Daylight: street lights present,Other,Dry,None,None,No overtaking,330710,673780,523593,Junction,M.V.N.P.,361438,unset,EH152AU,Control by other authorised person,Pedestrian phase at traffic signal junction,At scene,55.95203251367221,-3.111185426376828
509810,,Slight,2,2,16/07/2010,Friday,16,July,10,7,35,230,C,,Single carriageway - 2 lanes,30,Crossroads,Automatic Traffic Signal,C,,Daylight: street lights present,Raining (without high winds),Dry,None,None,No overtaking,327600,669520,530152,Junction,T.V.N.P.,361439,unset,EH166RY,Control by other authorised person,Pedestrian phase at traffic signal junction,At scene,55.91330605770639,-3.1598335489805334
510610,,Slight,4,2,16/07/2010,Friday,16,July,10,13,45,230,Motorway,8,Dual carriageway - 2 lanes,50,Roundabout,Automatic Traffic Signal,Motorway,8,Daylight: street lights present,Fine (without high winds),Dry,None,None,No overtaking,318120,670890,6452865,Junction,M.V.N.P.,361440,unset,EH129BU,No crossing facility within 50m or physical crossing facility not controlled by authorised person,No physical crossing facility within 50m,\3,55.924090492218546,-3.311868586597414
511310,,Slight,2,1,12/07/2010,Monday,12,July,10,10,0,230,Unclassified,,Single carriageway - 2 lanes,30,Not at or within 20 metres of junction,unset,\,,Darkness: street lights present but unlit,Fine (without high winds),Dry,None,None,No overtaking,325160,675100,566882,Segment,T.V.N.P.,361441,unset,EH35JP,No crossing facility within 50m or physical crossing facility not controlled by authorised person,No physical crossing facility within 50m,At scene,55.963056304000794,-3.2004089017661994
511810,,Slight,2,1,17/07/2010,Saturday,17,July,10,12,45,230,B,900,Single carriageway - 2 lanes,30,Not at or within 20 metres of junction,unset,\,,Daylight: street lights present,Fine (without high winds),Dry,None,None,No overtaking,325580,675190,554150,Segment,T.V.N.P.,361442,unset,EH74EF,Control by other authorised person,Central refuge - no other controls,At scene,55.963930096782825,-3.193707633027237
512010,,Slight,1,1,17/07/2010,Saturday,17,July,10,15,5,230,Unclassified,,Single carriageway - 2 lanes,30,Other junction,Give way sign or markings,Unclassified,,Daylight: street lights present,Fine (without high winds),Dry,None,None,No overtaking,327530,674330,520749,Junction,Bus,361443,unset,EH75TL,No crossing facility within 50m or physical crossing facility not controlled by authorised person,No physical crossing facility within 50m,Elsewhere,55.9565033900892,-3.1622464115155386
514010,,Slight,2,1,16/07/2010,Friday,16,July,10,18,36,230,Unclassified,,Single carriageway - 2 lanes,30,Not at or within 20 metres of junction,unset,\,,Daylight: street lights present,Fine (without high winds),Dry,None,None,No overtaking,325780,676270,563619,Segment,T.V.N.P.,361444,unset,EH64NW,No crossing facility within 50m or physical crossing facility not controlled by authorised person,No physical crossing facility within 50m,At scene,55.97366249144633,-3.1908026399287324
515410,,Slight,1,1,18/07/2010,Sunday,18,July,10,19,12,230,A,71,Single carriageway - 2 lanes,30,Not at or within 20 metres of junction,unset,\,,Daylight: street lights present,Fine (without high winds),Dry,None,None,No overtaking,322160,671780,549749,Segment,Bus,361445,unset,EH113BQ,No crossing facility within 50m or physical crossing facility not controlled by authorised person,No physical crossing facility within 50m,At scene,55.93275658870145,-3.24749264229097
517910,,Slight,2,1,18/07/2010,Sunday,18,July,10,23,0,230,C,,Single carriageway - 2 lanes,30,Crossroads,Give way sign or markings,Unclassified,,Darkness: street lights present and lit,Raining (without high winds),Dry,None,None,No overtaking,326990,675000,519864,Junction,Cyclist,361446,unset,EH75NA,Control by other authorised person,Pedestrian phase at traffic signal junction,Elsewhere,55.96244004039438,-3.1710747158504615
519810,,Slight,1,3,20/07/2010,Tuesday,20,July,10,16,45,230,A,701,Single carriageway - 2 lanes,30,'T' or staggered junction,Give way sign or markings,Unclassified,,Daylight: street lights present,Fine (without high winds),Dry,None,None,No overtaking,327390,669230,530188,Junction,S.V.N.P.,361447,unset,EH166JU,No crossing facility within 50m or physical crossing facility not controlled by authorised person,No physical crossing facility within 50m,At scene,55.91066931691645,-3.1631143523693033
520010,,Slight,3,1,16/07/2010,Friday,16,July,10,13,47,230,A,720,Dual carriageway - 2 lanes,70,Not at or within 20 metres of junction,unset,\,,Daylight: no street lighting,Fine (without high winds),Dry,None,None,No overtaking,318660,670270,2582067,Segment,M.V.N.P.,361448,unset,EH144AW,No crossing facility within 50m or physical crossing facility not controlled by authorised person,No physical crossing facility within 50m,At scene,55.918613083295334,-3.303042796402406
520110,,Slight,2,2,20/07/2010,Tuesday,20,July,10,18,5,230,A,7,Single carriageway - 2 lanes,30,Not at or within 20 metres of junction,unset,\,,Daylight: street lighting unknown,Fine (without high winds),Dry,None,None,No overtaking,327480,671380,568090,Segment,T.V.N.P.,361449,unset,EH165DT,No crossing facility within 50m or physical crossing facility not controlled by authorised person,No physical crossing facility within 50m,At scene,55.929996243913926,-3.1622528910542895
521910,,Slight,3,2,20/07/2010,Tuesday,20,July,10,16,30,230,Unclassified,,Single carriageway - 2 lanes,30,Crossroads,Automatic Traffic Signal,Unclassified,,Daylight: street lights present,Fine (without high winds),Dry,None,None,No overtaking,328800,671640,523773,Junction,M.V.N.P.,361450,unset,EH164AJ,Control by other authorised person,Pedestrian phase at traffic signal junction,Elsewhere,55.93252933118755,-3.14119981462919
522410,,Slight,2,1,21/07/2010,Wednesday,21,July,10,15,45,230,C,,Single carriageway - 2 lanes,30,'T' or staggered junction,Give way sign or markings,Unclassified,,Daylight: street lights present,Raining (without high winds),Dry,None,None,No overtaking,326860,674170,520695,Junction,T.V.N.P.,361451,unset,EH88EJ,No crossing facility within 50m or physical crossing facility not controlled by authorised person,No physical crossing facility within 50m,At scene,55.954964465782346,-3.1729310463530664
522510,,Slight,2,1,21/07/2010,Wednesday,21,July,10,17,5,230,Unclassified,,Single carriageway - 2 lanes,30,Crossroads,Give way sign or markings,Unclassified,,Daylight: street lights present,Raining (without high winds),Dry,None,None,No overtaking,325740,674440,12222930,Junction,T.V.N.P.,361452,unset,EH13QN,No crossing facility within 50m or physical crossing facility not controlled by authorised person,No physical crossing facility within 50m,At scene,55.957217796830236,-3.1909382646820244
522810,,Serious,2,1,21/07/2010,Wednesday,21,July,10,15,40,230,Unclassified,,Single carriageway - 2 lanes,30,Not at or within 20 metres of junction,unset,\,,Daylight: street lights present,Raining (without high winds),Dry,None,None,No overtaking,327640,675900,554672,Segment,T.V.N.P.,361453,unset,EH67ES,No crossing facility within 50m or physical crossing facility not controlled by authorised person,No physical crossing facility within 50m,At scene,55.97062312763863,-3.1609073236779666
523610,,Slight,3,1,18/07/2010,Sunday,18,July,10,18,50,230,Unclassified,,Single carriageway - 2 lanes,30,Other junction,Give way sign or markings,Unclassified,,Daylight: no street lighting,Fine (without high winds),Dry,None,None,No overtaking,329200,674990,523359,Junction,M.V.N.P.,361454,unset,EH76RQ,No crossing facility within 50m or physical crossing facility not controlled by authorised person,No physical crossing facility within 50m,At scene,55.962681496135545,-3.1356795474226473
523810,,Slight,2,2,21/07/2010,Wednesday,21,July,10,19,10,230,A,702,Single carriageway - 2 lanes,30,Crossroads,Automatic Traffic Signal,C,,Daylight: no street lighting,Raining (without high winds),Dry,None,None,No overtaking,324830,673080,521403,Junction,T.V.N.P.,361455,unset,EH39BG,Control by other authorised person,"Pelican, puffin, toucan or similar non-junction pedestrian light crossing",At scene,55.94485953507473,-3.20512972921635
523910,,Slight,1,1,20/07/2010,Tuesday,20,July,10,15,30,230,Unclassified,,One way Street,30,Not at or within 20 metres of junction,unset,\,,Daylight: street lights present,Fine (without high winds),Dry,None,None,No overtaking,314950,673650,6454438,Segment,Bus,361456,unset,EH129DN,Control by other authorised person,Zebra crossing,Elsewhere,55.94833078843853,-3.3634517353986406
525710,,Slight,2,1,22/07/2010,Thursday,22,July,10,18,45,230,Unclassified,,Single carriageway - 2 lanes,30,Roundabout,Give way sign or markings,Unclassified,,Daylight: street lights present,Fine (without high winds),Dry,None,None,No overtaking,326180,674500,520236,Junction,T.V.N.P.,361457,unset,EH75DX,Control by other authorised person,"Pelican, puffin, toucan or similar non-junction pedestrian light crossing",Elsewhere,55.95782466499926,-3.1839093006738777
525810,,Slight,2,1,22/07/2010,Thursday,22,July,10,16,50,230,A,70,Single carriageway - 2 lanes,30,Not at or within 20 metres of junction,unset,\,,Daylight: street lights present,Fine (without high winds),Dry,None,None,No overtaking,322180,670790,561790,Segment,T.V.N.P.,361458,unset,EH141TQ,No crossing facility within 50m or physical crossing facility not controlled by authorised person,Pedestrian phase at traffic signal junction,At scene,55.923867000543765,-3.2468869270880694
525910,,Slight,1,1,22/07/2010,Thursday,22,July,10,18,50,230,A,702,Single carriageway - 2 lanes,30,'T' or staggered junction,Give way sign or markings,Unclassified,,Daylight: street lights present,Fine (without high winds),Dry,None,None,No overtaking,324530,670930,529837,Junction,Bus,361459,unset,EH104RP,No crossing facility within 50m or physical crossing facility not controlled by authorised person,No physical crossing facility within 50m,Elsewhere,55.925499504428174,-3.2093298854240366
526210,,Slight,1,1,21/07/2010,Wednesday,21,July,10,17,20,230,A,8,Single carriageway - 2 lanes,30,'T' or staggered junction,Automatic Traffic Signal,C,,Daylight: no street lighting,Raining (without high winds),Dry,None,None,No overtaking,325220,673830,521055,Junction,Bus,361460,unset,EH22ER,Control by other authorised person,Pedestrian phase at traffic signal junction,Elsewhere,55.95165753921468,-3.1990951926478144
528910,,Slight,4,8,24/07/2010,Saturday,24,July,10,12,30,230,Motorway,9,Dual carriageway - 2 lanes,70,Not at or within 20 metres of junction,unset,\,,Daylight: no street lighting,Fine (without high winds),Dry,None,None,No overtaking,311740,674260,562735,Segment,M.V.N.P.,361461,unset,EH299EF,No crossing facility within 50m or physical crossing facility not controlled by authorised person,No physical crossing facility within 50m,At scene,55.95323040390931,-3.4150348835113506
530710,,Serious,2,1,25/07/2010,Sunday,25,July,10,12,40,230,Unclassified,,Single carriageway - 2 lanes,30,'T' or staggered junction,Automatic Traffic Signal,Unclassified,,Daylight: no street lighting,Fine (without high winds),Dry,None,None,No overtaking,323440,675820,519409,Junction,Bus,361462,unset,EH52DH,Control by other authorised person,Pedestrian phase at traffic signal junction,At scene,55.96925240142067,-3.2281587395449916
530810,,Slight,2,3,25/07/2010,Sunday,25,July,10,11,0,230,A,1,Single carriageway - 2 lanes,30,Crossroads,Automatic Traffic Signal,C,,Daylight: street lights present,Raining (without high winds),Dry,None,None,No overtaking,329200,673080,523614,Junction,T.V.N.P.,361463,unset,EH151SU,Control by other authorised person,Pedestrian phase at traffic signal junction,At scene,55.945524000396624,-3.135177212449917
531510,,Slight,2,1,25/07/2010,Sunday,25,July,10,14,55,230,Unclassified,,Roundabout,30,Roundabout,Give way sign or markings,C,,Daylight: street lights present,Fine (without high winds),Dry,None,None,No overtaking,322220,672040,521940,Junction,Cyclist,361464,unset,EH113BQ,No crossing facility within 50m or physical crossing facility not controlled by authorised person,No physical crossing facility within 50m,At scene,55.93510179815838,-3.246607545303301
532710,,Slight,1,1,26/07/2010,Monday,26,July,10,10,25,230,A,900,Roundabout,30,Roundabout,Give way sign or markings,C,,Daylight: street lights present,Fine (without high winds),Dry,None,None,No overtaking,325990,674350,520620,Junction,Bus,361465,unset,EH13JT,Control by other authorised person,"Pelican, puffin, toucan or similar non-junction pedestrian light crossing",At scene,55.95644797180371,-3.1869104431147237
533110,,Slight,2,1,26/07/2010,Monday,26,July,10,8,30,230,Unclassified,,Single carriageway - 2 lanes,30,Not at or within 20 metres of junction,unset,\,,Daylight: street lights present,Fine (without high winds),Dry,None,None,No overtaking,326590,670780,564331,Segment,Cyclist,361466,unset,EH93JF,No crossing facility within 50m or physical crossing facility not controlled by authorised person,No physical crossing facility within 50m,At scene,55.92447129713197,-3.176330586609334
534510,,Slight,1,1,26/07/2010,Monday,26,July,10,15,55,230,Unclassified,,Single carriageway - 2 lanes,30,Not at or within 20 metres of junction,unset,\,,Daylight: street lighting unknown,Unknown,Dry,None,None,No overtaking,323680,669120,564896,Segment,Pedestrian,361467,unset,EH139HX,No crossing facility within 50m or physical crossing facility not controlled by authorised person,No physical crossing facility within 50m,At scene,55.909106429792324,-3.2224171695004626
536210,,Slight,2,1,27/07/2010,Tuesday,27,July,10,16,45,230,Unclassified,,Dual carriageway - 2 lanes,30,Roundabout,Give way sign or markings,A,199,Daylight: street lights present,Fine (without high winds),Dry,None,None,No overtaking,329990,674380,530851,Junction,T.V.N.P.,361468,unset,EH76TH,Control by other authorised person,Pedestrian phase at traffic signal junction,At scene,55.95731781646833,-3.1228690628424247
537210,,Slight,2,2,27/07/2010,Tuesday,27,July,10,12,5,230,Unclassified,,Single carriageway - 2 lanes,30,Crossroads,Give way sign or markings,Unclassified,,Daylight: no street lighting,Fine (without high winds),Dry,None,None,No overtaking,311540,677850,517426,Junction,T.V.N.P.,361469,unset,EH309SW,No crossing facility within 50m or physical crossing facility not controlled by authorised person,No physical crossing facility within 50m,Elsewhere,55.985438853498884,-3.419417142280073
537910,,Serious,1,1,26/07/2010,Monday,26,July,10,11,57,230,Unclassified,,One way Street,30,Not at or within 20 metres of junction,unset,\,,Daylight: street lights present,Fine (without high winds),Dry,None,None,No overtaking,325540,673490,567186,Segment,Pedestrian,361470,unset,EH12HE,No crossing facility within 50m or physical crossing facility not controlled by authorised person,No physical crossing facility within 50m,Elsewhere,55.94865314357365,-3.193877991313014
538410,,Slight,1,2,28/07/2010,Wednesday,28,July,10,12,25,230,B,1350,Single carriageway - 2 lanes,30,Not at or within 20 metres of junction,unset,\,,Daylight: street lights present,Fine (without high winds),Dry,None,None,No overtaking,326310,674500,557668,Segment,Bus,361471,unset,EH75DX,No crossing facility within 50m or physical crossing facility not controlled by authorised person,No physical crossing facility within 50m,Elsewhere,55.95784464934667,-3.1818276646908217
538510,,Slight,3,2,28/07/2010,Wednesday,28,July,10,8,0,230,A,6106,Single carriageway - 2 lanes,30,Other junction,Give way sign or markings,Unclassified,,Daylight: street lights present,Fine (without high winds),Dry,None,None,No overtaking,330450,672470,523767,Junction,M.V.N.P.,361472,unset,EH153LJ,No crossing facility within 50m or physical crossing facility not controlled by authorised person,No physical crossing facility within 50m,Elsewhere,55.940227094875716,-3.1150098855532677
540110,,Slight,1,1,29/07/2010,Thursday,29,July,10,11,15,230,Unclassified,,Single carriageway - 2 lanes,30,Not at or within 20 metres of junction,unset,\,,Daylight: street lights present,Fine (without high winds),Dry,None,None,No overtaking,326480,676870,0,Unset,Bus,361473,unset,EH66NL,Control by other authorised person,Pedestrian phase at traffic signal junction,Elsewhere,55.979160016406134,-3.1797533346209446
540610,,Slight,2,1,25/07/2010,Sunday,25,July,10,14,30,230,A,772,Single carriageway - 2 lanes,30,Crossroads,Automatic Traffic Signal,C,,Daylight: street lights present,Fine (without high winds),Dry,None,None,No overtaking,328060,669950,530179,Junction,T.V.N.P.,361474,unset,EH165UR,Control by other authorised person,Pedestrian phase at traffic signal junction,At scene,55.917237823093295,-3.1525907541602276
540810,,Slight,2,3,29/07/2010,Thursday,29,July,10,11,10,230,Unclassified,,Single carriageway - 2 lanes,30,Mini-roundabout,Give way sign or markings,Unclassified,,Daylight: street lights present,Fine (without high winds),Dry,None,None,No overtaking,320560,675440,519753,Junction,T.V.N.P.,361475,unset,EH45BY,Control by other authorised person,Zebra crossing,At scene,55.965370683991196,-3.2741749053462974
541310,,Slight,2,1,30/07/2010,Friday,30,July,10,7,0,230,A,702,Single carriageway - 2 lanes,30,Multiple junction,Automatic Traffic Signal,Unclassified,,Daylight: street lights present,Fine (without high winds),Dry,None,None,No overtaking,324900,672960,533374,Junction,Cyclist,361476,unset,EH39LY,Control by other authorised person,Pedestrian phase at traffic signal junction,Elsewhere,55.94379255836356,-3.203975778649467
542710,,Slight,3,1,30/07/2010,Friday,30,July,10,7,40,230,Motorway,8,Dual carriageway - 2 lanes,70,Not at or within 20 metres of junction,unset,\,,Daylight: no street lighting,Fine (without high winds),Dry,None,None,No overtaking,317830,670750,6452850,Segment,M.V.N.P.,361477,unset,EH129BU,No crossing facility within 50m or physical crossing facility not controlled by authorised person,No physical crossing facility within 50m,At scene,55.922783445205575,-3.316465325528265
543310,,Slight,2,1,30/07/2010,Friday,30,July,10,12,40,230,A,90,Single carriageway - 2 lanes,40,Not at or within 20 metres of junction,unset,\,,Daylight: no street lighting,Fine (without high winds),Dry,None,None,No overtaking,321460,674950,555672,Segment,T.V.N.P.,361478,unset,EH45DB,No crossing facility within 50m or physical crossing facility not controlled by authorised person,"Pelican, puffin, toucan or similar non-junction pedestrian light crossing",At scene,55.96111742834928,-3.2596181849675783
543510,,Slight,2,1,30/07/2010,Friday,30,July,10,11,10,230,A,8,Single carriageway - 2 lanes,30,'T' or staggered junction,Give way sign or markings,Unclassified,,Daylight: street lights present,Fine (without high winds),Dry,None,None,No overtaking,319770,672970,521700,Junction,Cyclist,361479,unset,EH128AY,No crossing facility within 50m or physical crossing facility not controlled by authorised person,No physical crossing facility within 50m,Elsewhere,55.943052481109945,-3.2860908262064443
543710,,Slight,2,1,29/07/2010,Thursday,29,July,10,12,9,230,A,71,Single carriageway - 2 lanes,30,Not at or within 20 metres of junction,unset,\,,Daylight: street lighting unknown,Fine (without high winds),Dry,None,None,No overtaking,322790,672220,549713,Segment,T.V.N.P.,361480,unset,EH112QZ,No crossing facility within 50m or physical crossing facility not controlled by authorised person,Pedestrian phase at traffic signal junction,At scene,55.936810661523154,-3.2375374661267595
543910,,Slight,1,1,27/07/2010,Tuesday,27,July,10,13,50,230,C,,Single carriageway - 2 lanes,30,Other junction,Give way sign or markings,Unclassified,,Daylight: no street lighting,Fine (without high winds),Dry,None,None,No overtaking,324330,672810,521835,Junction,Bus,361481,unset,EH111AL,No crossing facility within 50m or physical crossing facility not controlled by authorised person,No physical crossing facility within 50m,Elsewhere,55.94235563626332,-3.2130574234704494
544110,,Slight,2,1,30/07/2010,Friday,30,July,10,21,0,230,Unclassified,,Single carriageway - 2 lanes,30,Not at or within 20 metres of junction,unset,\,,Daylight: street lights present,Fine (without high winds),Dry,None,None,No overtaking,325470,676190,563577,Segment,Cyclist,361482,unset,EH64ST,Control by other authorised person,Pedestrian phase at traffic signal junction,Elsewhere,55.97289578719698,-3.1957463721217834
544410,,Slight,1,1,30/07/2010,Friday,30,July,10,22,25,230,Unclassified,,Single carriageway - 2 lanes,30,'T' or staggered junction,Give way sign or markings,Unclassified,,Darkness: street lights present and lit,Fine (without high winds),Dry,None,None,No overtaking,321790,672150,0,Unset,Pedestrian,361483,unset,EH113BD,No crossing facility within 50m or physical crossing facility not controlled by authorised person,No physical crossing facility within 50m,At scene,55.936020050329965,-3.25352066204512
546410,,Slight,3,2,31/07/2010,Saturday,31,July,10,15,25,230,B,701,Single carriageway - 2 lanes,30,'T' or staggered junction,Give way sign or markings,Unclassified,,Daylight: street lights present,Fine (without high winds),Dry,None,None,No overtaking,319150,673880,520791,Junction,M.V.N.P.,361484,unset,EH128TD,Control by other authorised person,"Pelican, puffin, toucan or similar non-junction pedestrian light crossing",At scene,55.95112251149943,-3.2962875535047567
546510,,Slight,1,1,29/07/2010,Thursday,29,July,10,17,50,230,Unclassified,,Single carriageway - 2 lanes,30,Not at or within 20 metres of junction,unset,\,,Daylight: street lights present,Fine (without high winds),Dry,None,None,No overtaking,323300,676870,0,Unset,Pedestrian,361485,unset,EH51PB,No crossing facility within 50m or physical crossing facility not controlled by authorised person,No physical crossing facility within 50m,At scene,55.97866180966342,-3.230700624971272
551810,,Slight,2,1,02/08/2010,Monday,2,August,10,17,15,230,Unclassified,,Single carriageway - 2 lanes,30,Not at or within 20 metres of junction,unset,\,,Daylight: street lights present,Fine (without high winds),Dry,Road works present,Any animal in carriagway (except riden hors,No overtaking,325550,671530,559129,Segment,Cyclist,350414,unset,EH92DY,No crossing facility within 50m or physical crossing facility not controlled by authorised person,No physical crossing facility within 50m,At scene,55.93104837172196,-3.1931763780778377
552410,,Slight,2,2,02/08/2010,Monday,2,August,10,18,0,230,A,90,Single carriageway - 2 lanes,30,Multiple junction,Automatic Traffic Signal,A,902,Daylight: no street lighting,Fine (without high winds),Dry,None,None,No overtaking,321580,674890,520032,Junction,T.V.N.P.,350415,unset,EH43TH,Control by other authorised person,"Pelican, puffin, toucan or similar non-junction pedestrian light crossing",At scene,55.96059810340565,-3.2576790828138273
553010,,Slight,2,2,02/08/2010,Monday,2,August,10,18,15,230,A,900,Single carriageway - 2 lanes,30,Crossroads,Automatic Traffic Signal,A,901,Daylight: street lights present,Fine (without high winds),Dry,None,None,No overtaking,326940,675890,522483,Junction,T.V.N.P.,350416,unset,EH65AE,Control by other authorised person,Pedestrian phase at traffic signal junction,At scene,55.97042716278406,-3.1721171634230596
553510,,Slight,1,1,03/08/2010,Tuesday,3,August,10,13,40,230,Unclassified,,Single carriageway - 2 lanes,30,'T' or staggered junction,Give way sign or markings,A,702,Daylight: street lights present,Fine (without high winds),Dry,None,None,No overtaking,324510,671280,530425,Junction,Pedestrian,350417,unset,EH104PU,No crossing facility within 50m or physical crossing facility not controlled by authorised person,No physical crossing facility within 50m,At scene,55.92864033605135,-3.2097478376515087
554210,,Slight,3,2,03/08/2010,Tuesday,3,August,10,14,35,230,A,90,Dual carriageway - 2 lanes,70,Slip road,Give way sign or markings,B,924,Daylight: street lights present,Fine (without high winds),Dry,None,None,No overtaking,316170,677020,517432,Junction,M.V.N.P.,350418,unset,EH309TQ,No crossing facility within 50m or physical crossing facility not controlled by authorised person,No physical crossing facility within 50m,At scene,55.97881559304253,-3.3449721957176863
555110,,Serious,1,1,25/07/2010,Sunday,25,July,10,15,35,230,C,,Single carriageway - 2 lanes,30,Other junction,Automatic Traffic Signal,Unclassified,,Daylight: street lights present,Fine (without high winds),Dry,None,None,No overtaking,325620,674290,520572,Junction,Bus,361486,unset,EH13PG,No crossing facility within 50m or physical crossing facility not controlled by authorised person,No physical crossing facility within 50m,At scene,55.95585178977883,-3.1928182893670356
555410,,Serious,1,1,31/07/2010,Saturday,31,July,10,17,55,230,Unclassified,,Single carriageway - 2 lanes,30,Other junction,Give way sign or markings,Unclassified,,Daylight: no street lighting,Fine (without high winds),Dry,None,None,No overtaking,327630,674290,520752,Junction,S.V.N.P.,361487,unset,EH76AA,No crossing facility within 50m or physical crossing facility not controlled by authorised person,No physical crossing facility within 50m,At scene,55.95615916814222,-3.1606344409337748
556810,,Slight,1,1,04/08/2010,Wednesday,4,August,10,16,35,230,A,701,Single carriageway - 2 lanes,30,Not at or within 20 metres of junction,unset,\,,Daylight: street lights present,Fine (without high winds),Dry,None,None,No overtaking,326990,671360,569339,Segment,Bus,350419,unset,EH165PF,No crossing facility within 50m or physical crossing facility not controlled by authorised person,No physical crossing facility within 50m,At scene,55.92974234699474,-3.170088055169401
557110,,Slight,1,1,04/08/2010,Wednesday,4,August,10,16,40,230,Unclassified,,Single carriageway - 2 lanes,20,'T' or staggered junction,Give way sign or markings,A,90,Daylight: street lights present,Fine (without high winds),Dry,None,None,No overtaking,319570,674980,519981,Junction,Pedestrian,350420,unset,EH47ND,Control by other authorised person,"Pelican, puffin, toucan or similar non-junction pedestrian light crossing",At scene,55.96107378905652,-3.2898923323902887
557510,,Slight,1,1,04/08/2010,Wednesday,4,August,10,16,31,230,Unclassified,,Single carriageway - 2 lanes,30,Not at or within 20 metres of junction,unset,\,,Daylight: street lights present,Fine (without high winds),Dry,None,None,No overtaking,322540,672440,559248,Segment,Bus,350421,unset,EH112QE,No crossing facility within 50m or physical crossing facility not controlled by authorised person,No physical crossing facility within 50m,Elsewhere,55.938746584750334,-3.2416015867588452
557910,,Slight,2,1,04/08/2010,Wednesday,4,August,10,15,30,230,Unclassified,,Single carriageway - 2 lanes,30,'T' or staggered junction,Give way sign or markings,Unclassified,,Daylight: street lights present,Fine (without high winds),Dry,None,None,No overtaking,322420,674530,0,Unset,T.V.N.P.,350422,unset,EH42LN,Control by other authorised person,Central refuge - no other controls,At scene,55.95750092404908,-3.244124104395332
558110,,Slight,2,4,04/08/2010,Wednesday,4,August,10,13,0,230,Motorway,8,Dual carriageway - 2 lanes,70,Not at or within 20 metres of junction,unset,\,,Daylight: street lights present,Fine (without high winds),Dry,None,None,No overtaking,318050,670920,6452850,Segment,T.V.N.P.,350423,unset,EH129BU,No crossing facility within 50m or physical crossing facility not controlled by authorised person,No physical crossing facility within 50m,At scene,55.92434803083969,-3.3129975513485403
559110,,Slight,1,1,04/08/2010,Wednesday,4,August,10,15,30,230,A,8,Single carriageway - 2 lanes,30,Other junction,Give way sign or markings,Unclassified,,Daylight: street lights present,Fine (without high winds),Dry,None,None,No overtaking,323350,673210,521289,Junction,Bus,350424,unset,EH125JQ,Control by other authorised person,"Pelican, puffin, toucan or similar non-junction pedestrian light crossing",Elsewhere,55.94579324899989,-3.228857053029735
559310,,Slight,2,1,04/08/2010,Wednesday,4,August,10,15,45,230,A,90,Single carriageway - 2 lanes,30,'T' or staggered junction,Stop sign,Unclassified,,Daylight: street lights present,Fine (without high winds),Dry,None,None,No overtaking,322020,674580,520044,Junction,Cyclist,350425,unset,EH42BS,Control by other authorised person,Pedestrian phase at traffic signal junction,Elsewhere,55.95788521452241,-3.250543409458141