acc_ref,beat_no,severity,no_vehicle,no_casualt,a_date,a_day,a_date_day,a_date_mon,a_date_yr,a_time_hr,a_time_min,loc_auth,road1_class,road1_no,road_type,speed_limi,junc_det,junc_ctrl,road2_class,road2_no,light_cond,weather,road_surf,spec_cond,cway_hzrds,ovrtk_patrn,easting,northing,net_id,net_type,acc_type,text_id,division,Postcode,ped_xing_hc,ped_xing_p,place_reported,latitude,longitude
560010,,Serious,1,1,05/08/2010,Thursday,5,August,10,20,30,230,A,700,Single carriageway - 2 lanes,30,Other junction,Give way sign or markings,Unclassified,,Darkness: street lights present and lit,Fine (without high winds),Dry,None,None,No overtaking,326240,672470,532780,Junction,Pedestrian,350426,unset,EH91NQ,Control by other authorised person,Pedestrian phase at traffic signal junction,At scene,55.93959872774634,-3.1823925573777934
560210,,Slight,1,1,05/08/2010,Thursday,5,August,10,19,45,230,C,,Single carriageway - 2 lanes,30,Not at or within 20 metres of junction,unset,\,,Daylight: street lights present,Fine (without high winds),Dry,None,Pedestrian in carriagway - not injured,No overtaking,325830,673630,558188,Segment,Pedestrian,350427,unset,EH11PE,No crossing facility within 50m or physical crossing facility not controlled by authorised person,No physical crossing facility within 50m,Elsewhere,55.94995564106238,-3.189274010875153
561410,,Slight,2,3,05/08/2010,Thursday,5,August,10,13,46,230,B,6415,Single carriageway - 2 lanes,30,Crossroads,Give way sign or markings,Unclassified,,Daylight: street lights present,Fine (without high winds),Dry,None,None,No overtaking,331160,673570,531382,Junction,T.V.N.P.,350428,unset,EH152DQ,No crossing facility within 50m or physical crossing facility not controlled by authorised person,No physical crossing facility within 50m,At scene,55.950210837185885,-3.1039269514236554
561710,,Slight,1,1,05/08/2010,Thursday,5,August,10,20,50,230,A,90,Single carriageway - 2 lanes,30,Not at or within 20 metres of junction,unset,\,,Daylight: street lights present,Fine (without high winds),Dry,None,None,No overtaking,324620,673700,555627,Segment,Bus,350429,unset,EH24RA,No crossing facility within 50m or physical crossing facility not controlled by authorised person,No physical crossing facility within 50m,Elsewhere,55.95039591365696,-3.2086647374326853
563510,,Slight,1,1,07/08/2010,Saturday,7,August,10,0,5,230,A,701,Single carriageway - 2 lanes,30,Not at or within 20 metres of junction,unset,\,,Darkness: street lights present and lit,Fine (without high winds),Dry,None,None,No overtaking,327270,668720,570778,Segment,S.V.N.P.,350430,unset,EH166NE,No crossing facility within 50m or physical crossing facility not controlled by authorised person,No physical crossing facility within 50m,At scene,55.906069865136836,-3.164896158989051
563710,,Slight,2,1,06/08/2010,Friday,6,August,10,17,20,230,Unclassified,,Single carriageway - 2 lanes,30,Mini-roundabout,Give way sign or markings,Unclassified,,Daylight: street lighting unknown,Raining (without high winds),Dry,None,None,No overtaking,323800,671640,12227378,Junction,Cyclist,350431,unset,EH105BL,No crossing facility within 50m or physical crossing facility not controlled by authorised person,No physical crossing facility within 50m,Elsewhere,55.9317620123101,-3.221209807834396
563910,,Slight,2,5,06/08/2010,Friday,6,August,10,20,30,230,Unclassified,,Single carriageway - 2 lanes,30,Crossroads,Automatic Traffic Signal,Unclassified,,Daylight: street lights present,Fine (without high winds),Dry,None,None,No overtaking,323660,671850,522279,Junction,T.V.N.P.,350432,unset,EH105BW,No crossing facility within 50m or physical crossing facility not controlled by authorised person,Pedestrian phase at traffic signal junction,At scene,55.93362615283889,-3.223509495185576
565810,,Slight,1,1,05/08/2010,Thursday,5,August,10,19,50,230,Unclassified,,Single carriageway - 2 lanes,30,Not at or within 20 metres of junction,unset,\,,Daylight: street lights present,Fine (without high winds),Dry,None,None,No overtaking,322060,671180,0,Unset,Pedestrian,350433,unset,EH141RL,No crossing facility within 50m or physical crossing facility not controlled by authorised person,No physical crossing facility within 50m,At scene,55.927350783037305,-3.248919403409002
566010,,Serious,5,1,07/08/2010,Saturday,7,August,10,10,45,230,Unclassified,,Single carriageway - 2 lanes,30,Not at or within 20 metres of junction,unset,\,,Daylight: street lights present,Fine (without high winds),Dry,None,None,No overtaking,325810,674470,12222952,Segment,Cyclist,350434,unset,EH13QR,No crossing facility within 50m or physical crossing facility not controlled by authorised person,No physical crossing facility within 50m,At scene,55.95749810996655,-3.1898256734105934
568010,,Slight,1,1,09/08/2010,Monday,9,August,10,14,10,230,Unclassified,,Single carriageway - 2 lanes,30,Not at or within 20 metres of junction,unset,\,,Daylight: street lights present,Raining (without high winds),Dry,None,None,No overtaking,313650,678360,3948181,Segment,Pedestrian,350435,unset,EH309TB,No crossing facility within 50m or physical crossing facility not controlled by authorised person,No physical crossing facility within 50m,Elsewhere,55.99040439954139,-3.3857731762308343
568310,,Slight,1,1,09/08/2010,Monday,9,August,10,14,30,230,Unclassified,,Single carriageway - 2 lanes,30,Roundabout,Give way sign or markings,Unclassified,,Daylight: no street lighting,Raining (without high winds),Dry,None,None,No overtaking,325720,673740,2310553,Junction,Pedestrian,350436,unset,EH11DF,No crossing facility within 50m or physical crossing facility not controlled by authorised person,Central refuge - no other controls,At scene,55.95092673779423,-3.191065375255315
568710,,Serious,1,1,09/08/2010,Monday,9,August,10,15,0,230,A,90,Dual carriageway - 2 lanes,30,Not at or within 20 metres of junction,unset,\,,Daylight: street lights present,Raining (without high winds),Dry,None,None,No overtaking,322430,674420,555552,Segment,Pedestrian,350437,unset,EH42BG,Control by other authorised person,Pedestrian phase at traffic signal junction,At scene,55.95651445211742,-3.243932285809539
569910,,Slight,1,1,09/08/2010,Monday,9,August,10,7,25,230,A,7,Single carriageway - 2 lanes,30,Other junction,Give way sign or markings,Unclassified,,Daylight: street lights present,Fine (without high winds),Dry,None,None,No overtaking,326090,673170,521580,Junction,Pedestrian,350438,unset,EH89BZ,No crossing facility within 50m or physical crossing facility not controlled by authorised person,No physical crossing facility within 50m,At scene,55.94586364877885,-3.1849853516553797
572610,,Fatal,4,1,10/08/2010,Tuesday,10,August,10,22,59,230,Motorway,8,Dual carriageway - 2 lanes,70,Not at or within 20 metres of junction,unset,\,,Darkness: no street lighting,Fine (without high winds),Dry,None,None,No overtaking,317430,670460,6452039,Segment,Pedestrian,350439,unset,EH129BU,No crossing facility within 50m or physical crossing facility not controlled by authorised person,No physical crossing facility within 50m,At scene,55.9201099786771,-3.322775493859451
573310,,Slight,3,1,11/08/2010,Wednesday,11,August,10,9,20,230,C,,Single carriageway - 2 lanes,30,'T' or staggered junction,Give way sign or markings,Unclassified,,Daylight: no street lighting,Fine (without high winds),Dry,None,None,No overtaking,320480,671790,522138,Junction,M.V.N.P.,350440,unset,EH113NR,No crossing facility within 50m or physical crossing facility not controlled by authorised person,Pedestrian phase at traffic signal junction,At scene,55.93257119784903,-3.2743784782872694
574110,,Slight,1,1,11/08/2010,Wednesday,11,August,10,13,0,230,A,8,One way Street,30,Other junction,Give way sign or markings,A,8,Daylight: street lights present,Fine (without high winds),Dry,None,None,No overtaking,324260,673320,521325,Junction,Bus,350441,unset,EH38JQ,No crossing facility within 50m or physical crossing facility not controlled by authorised person,Pedestrian phase at traffic signal junction,Elsewhere,55.94692579639755,-3.2143212327690596
575210,,Slight,2,1,11/08/2010,Wednesday,11,August,10,18,0,230,Unclassified,,Single carriageway - 2 lanes,30,Crossroads,Give way sign or markings,Unclassified,,Daylight: street lights present,Raining (without high winds),Dry,None,None,No overtaking,324340,671980,12227406,Junction,Cyclist,350442,unset,EH105AN,No crossing facility within 50m or physical crossing facility not controlled by authorised person,No physical crossing facility within 50m,Elsewhere,55.93490152486469,-3.2126643407097264
576210,,Slight,2,1,12/08/2010,Thursday,12,August,10,9,35,230,C,,Roundabout,30,Roundabout,Give way sign or markings,Unclassified,,Daylight: street lights present,Fine (without high winds),Dry,None,None,No overtaking,323550,674600,520089,Junction,Cyclist,350443,unset,EH41BG,Control by other authorised person,"Pelican, puffin, toucan or similar non-junction pedestrian light crossing",At scene,55.958311085729065,-3.2260502272745186
576310,,Slight,2,1,12/08/2010,Thursday,12,August,10,10,50,230,A,701,Single carriageway - 2 lanes,30,'T' or staggered junction,Give way sign or markings,Unclassified,,Daylight: street lights present,Fine (without high winds),Dry,None,None,No overtaking,327380,669070,530185,Junction,Cyclist,350444,unset,EH166TE,No crossing facility within 50m or physical crossing facility not controlled by authorised person,No physical crossing facility within 50m,Elsewhere,55.90923053255841,-3.163231245112415
576410,,Slight,2,1,11/08/2010,Wednesday,11,August,10,9,0,230,Unclassified,,Single carriageway - 2 lanes,30,'T' or staggered junction,Give way sign or markings,Unclassified,,Daylight: street lights present,Fine (without high winds),Dry,None,None,No overtaking,327100,676390,0,Unset,Cyclist,350445,unset,EH66SU,No crossing facility within 50m or physical crossing facility not controlled by authorised person,No physical crossing facility within 50m,Elsewhere,55.97494293576481,-3.1696898607009585
576610,,Slight,2,1,11/08/2010,Wednesday,11,August,10,10,30,230,A,902,Single carriageway - 2 lanes,30,Other junction,Automatic Traffic Signal,Unclassified,,Daylight: street lights present,Unknown,Dry,None,None,No overtaking,322480,674950,520062,Junction,T.V.N.P.,350446,unset,EH42LZ,No crossing facility within 50m or physical crossing facility not controlled by authorised person,No physical crossing facility within 50m,At scene,55.96128332299045,-3.2432843472220334
576910,,Slight,2,1,12/08/2010,Thursday,12,August,10,11,22,230,B,901,Roundabout,30,Roundabout,Give way sign or markings,C,,Daylight: street lights present,Fine (without high winds),Dry,None,None,No overtaking,325730,674670,520206,Junction,Cyclist,350447,unset,EH36LX,No crossing facility within 50m or physical crossing facility not controlled by authorised person,No physical crossing facility within 50m,Elsewhere,55.95928229264727,-3.19116185443476
577110,,Slight,2,1,12/08/2010,Thursday,12,August,10,11,30,230,A,902,Single carriageway - 2 lanes,30,Other junction,Automatic Traffic Signal,Unclassified,,Daylight: street lights present,Fine (without high winds),Dry,None,None,No overtaking,322260,674900,520050,Junction,T.V.N.P.,350448,unset,EH42LX,No crossing facility within 50m or physical crossing facility not controlled by authorised person,Pedestrian phase at traffic signal junction,At scene,55.96079859441528,-3.2467929030736022
577210,,Slight,2,1,11/08/2010,Wednesday,11,August,10,9,45,230,B,701,Single carriageway - 2 lanes,30,'T' or staggered junction,Give way sign or markings,Unclassified,,Daylight: street lights present,Fine (without high winds),Dry,None,None,No overtaking,318970,674550,519924,Junction,T.V.N.P.,350449,unset,EH48AT,No crossing facility within 50m or physical crossing facility not controlled by authorised person,No physical crossing facility within 50m,At scene,55.9571103893128,-3.2993708228323024
577810,,Serious,2,1,12/08/2010,Thursday,12,August,10,17,24,230,A,7,Single carriageway - 2 lanes,30,'T' or staggered junction,Give way sign or markings,Unclassified,,Daylight: street lights present,Fine (without high winds),Dry,None,None,No overtaking,326290,672700,532693,Junction,Cyclist,350450,unset,EH89JG,No crossing facility within 50m or physical crossing facility not controlled by authorised person,No physical crossing facility within 50m,At scene,55.94167246341803,-3.1816552229465707
577910,,Slight,2,1,12/08/2010,Thursday,12,August,10,8,30,230,A,90,Single carriageway - 2 lanes,30,Crossroads,Automatic Traffic Signal,A,90,Daylight: street lights present,Fine (without high winds),Dry,None,None,No overtaking,323830,674240,520464,Junction,Cyclist,350451,unset,EH41NZ,No crossing facility within 50m or physical crossing facility not controlled by authorised person,No physical crossing facility within 50m,At scene,55.95512184629848,-3.2214648463549675
578010,,Slight,1,1,12/08/2010,Thursday,12,August,10,7,40,230,Unclassified,,Single carriageway - 2 lanes,30,Other junction,Automatic Traffic Signal,Unclassified,,Daylight: street lights present,Fine (without high winds),Dry,None,None,No overtaking,327390,674370,520725,Junction,Bus,350452,unset,EH75TA,No crossing facility within 50m or physical crossing facility not controlled by authorised person,No physical crossing facility within 50m,Elsewhere,55.956841538970764,-3.1644989017762355
579710,,Slight,2,1,12/08/2010,Thursday,12,August,10,16,5,230,Unclassified,,Single carriageway - 2 lanes,30,'T' or staggered junction,Give way sign or markings,Unclassified,,Daylight: street lights present,Fine (without high winds),Dry,None,None,No overtaking,319410,669770,12338063,Junction,T.V.N.P.,350453,unset,EH142SR,No crossing facility within 50m or physical crossing facility not controlled by authorised person,No physical crossing facility within 50m,At scene,55.91424818428926,-3.290896686805621
580010,,Slight,2,1,13/08/2010,Friday,13,August,10,17,30,230,Motorway,8,Dual carriageway - 2 lanes,70,Not at or within 20 metres of junction,unset,\,,Daylight: street lights present,Fine (without high winds),Dry,None,None,No overtaking,317430,670460,6452039,Segment,T.V.N.P.,350454,unset,EH129BU,No crossing facility within 50m or physical crossing facility not controlled by authorised person,No physical crossing facility within 50m,At scene,55.9201099786771,-3.322775493859451
581610,,Slight,2,1,13/08/2010,Friday,13,August,10,12,5,230,Unclassified,,Single carriageway - 2 lanes,30,'T' or staggered junction,Give way sign or markings,Unclassified,,Daylight: street lights present,Fine (without high winds),Dry,None,None,No overtaking,327180,675760,519544,Junction,Cyclist,350455,unset,EH68HW,Control by other authorised person,"Pelican, puffin, toucan or similar non-junction pedestrian light crossing",At scene,55.969295895974035,-3.1682376764463016
581710,,Slight,3,5,14/08/2010,Saturday,14,August,10,15,0,230,Motorway,8,Dual carriageway - 2 lanes,70,Not at or within 20 metres of junction,unset,\,,Daylight: no street lighting,Fine (without high winds),Dry,None,None,No overtaking,317940,670830,6452850,Segment,M.V.N.P.,350456,unset,EH129BU,No crossing facility within 50m or physical crossing facility not controlled by authorised person,No physical crossing facility within 50m,At scene,55.92352083797769,-3.314729952588057
582010,,Serious,1,1,14/08/2010,Saturday,14,August,10,14,19,230,Unclassified,,Unknown,30,Not at or within 20 metres of junction,unset,\,,Daylight: no street lighting,Fine (without high winds),Dry,None,None,No overtaking,318330,675330,0,Unset,S.V.N.P.,350457,unset,EH46QL,No crossing facility within 50m or physical crossing facility not controlled by authorised person,No physical crossing facility within 50m,At scene,55.96400815689086,-3.309854878072648
583510,,Slight,2,1,15/08/2010,Sunday,15,August,10,13,33,230,A,90,Dual carriageway - 2 lanes,50,Not at or within 20 metres of junction,unset,\,,Daylight: street lights present,Fine (without high winds),Dry,None,None,No overtaking,312480,678540,555393,Segment,T.V.N.P.,350458,unset,EH309SQ,No crossing facility within 50m or physical crossing facility not controlled by authorised person,No physical crossing facility within 50m,At scene,55.991808954117445,-3.404580669132105
584810,,Slight,2,2,14/08/2010,Saturday,14,August,10,13,45,230,A,8000,Roundabout,30,Roundabout,Give way sign or markings,Unclassified,,Daylight: street lights present,Fine (without high winds),Dry,None,None,No overtaking,312930,677590,10292768,Junction,T.V.N.P.,350459,unset,EH309PA,Control by other authorised person,"Pelican, puffin, toucan or similar non-junction pedestrian light crossing",At scene,55.983357989679504,-3.397061477146045
585410,,Slight,4,2,11/08/2010,Wednesday,11,August,10,18,0,230,A,71,Dual carriageway - 2 lanes,60,Not at or within 20 metres of junction,unset,\,,Daylight: street lights present,Raining (without high winds),Dry,None,None,No overtaking,320830,671150,562816,Segment,M.V.N.P.,350460,unset,EH113PA,No crossing facility within 50m or physical crossing facility not controlled by authorised person,No physical crossing facility within 50m,Elsewhere,55.926880167818375,-3.2685900060285014
586510,,Serious,2,1,15/08/2010,Sunday,15,August,10,13,10,230,Motorway,8,Dual carriageway - 2 lanes,70,Not at or within 20 metres of junction,unset,\,,Daylight: no street lighting,Fine (without high winds),Dry,None,None,No overtaking,317670,670620,6452039,Segment,T.V.N.P.,350461,unset,EH129BU,No crossing facility within 50m or physical crossing facility not controlled by authorised person,No physical crossing facility within 50m,At scene,55.92158834323423,-3.318985225525924
588810,,Slight,2,1,17/08/2010,Tuesday,17,August,10,12,50,230,A,199,Single carriageway - 2 lanes,30,Other junction,Give way sign or markings,Unclassified,,Daylight: street lights present,Fine (without high winds),Dry,None,None,No overtaking,327220,676480,519274,Junction,T.V.N.P.,350462,unset,EH66SH,No crossing facility within 50m or physical crossing facility not controlled by authorised person,Pedestrian phase at traffic signal junction,At scene,55.97576962243941,-3.1677918562878404
589210,,Slight,2,1,16/08/2010,Monday,16,August,10,10,41,230,A,701,Single carriageway - 2 lanes,30,Other junction,Automatic Traffic Signal,Unclassified,,Daylight: no street lighting,Fine (without high winds),Dry,None,None,No overtaking,326730,671830,529477,Junction,Cyclist,350463,unset,EH91SB,No crossing facility within 50m or physical crossing facility not controlled by authorised person,No physical crossing facility within 50m,At scene,55.933924711819884,-3.1743760644115357
590110,,Slight,2,1,12/08/2010,Thursday,12,August,10,15,0,230,Unclassified,,Single carriageway - 2 lanes,30,Not at or within 20 metres of junction,unset,\,,Daylight: street lights present,Fine (without high winds),Dry,None,None,No overtaking,327880,674800,0,Unset,Cyclist,350464,unset,EH76DF,No crossing facility within 50m or physical crossing facility not controlled by authorised person,No physical crossing facility within 50m,Elsewhere,55.960778095234126,-3.1567680969125878
591710,,Slight,1,2,17/08/2010,Tuesday,17,August,10,16,18,230,A,8,Single carriageway - 2 lanes,30,Crossroads,Automatic Traffic Signal,A,8,Daylight: street lights present,Fine (without high winds),Dry,None,None,No overtaking,324730,673670,522381,Junction,Bus,350465,unset,EH24BL,Control by other authorised person,Pedestrian phase at traffic signal junction,At scene,55.95014369530096,-3.206895321104075
592910,,Slight,3,1,18/08/2010,Wednesday,18,August,10,16,43,230,A,901,Single carriageway - 2 lanes,30,'T' or staggered junction,Give way sign or markings,Unclassified,,Daylight: street lights present,Fine (without high winds),Dry,None,None,No overtaking,326280,676840,518530,Junction,M.V.N.P.,350466,unset,EH64ER,No crossing facility within 50m or physical crossing facility not controlled by authorised person,No physical crossing facility within 50m,At scene,55.97885981912311,-3.1829493859361904
594010,,Slight,1,1,19/08/2010,Thursday,19,August,10,0,15,230,Unclassified,,Single carriageway - 2 lanes,30,Not at or within 20 metres of junction,unset,\,,Darkness: street lights present and lit,Fine (without high winds),Dry,None,None,No overtaking,318000,672750,550926,Segment,S.V.N.P.,350467,unset,EH128NE,No crossing facility within 50m or physical crossing facility not controlled by authorised person,No physical crossing facility within 50m,At scene,55.940777318330184,-3.3143539912735225
594910,,Slight,2,1,19/08/2010,Thursday,19,August,10,9,0,230,B,701,Single carriageway - 2 lanes,30,'T' or staggered junction,Give way sign or markings,Unclassified,,Daylight: street lighting unknown,Fine (without high winds),Dry,None,None,No overtaking,319140,673950,520788,Junction,T.V.N.P.,350468,unset,EH128TH,No crossing facility within 50m or physical crossing facility not controlled by authorised person,"Pelican, puffin, toucan or similar non-junction pedestrian light crossing",At scene,55.95174959840133,-3.296468662820871
595210,,Slight,1,1,19/08/2010,Thursday,19,August,10,11,25,230,Unclassified,,Single carriageway - 2 lanes,20,Not at or within 20 metres of junction,unset,\,,Daylight: street lights present,Fine (without high winds),Dry,None,None,No overtaking,326670,672550,0,Unset,Pedestrian,350469,unset,EH165BH,Control by school crossing patrol,"Pelican, puffin, toucan or similar non-junction pedestrian light crossing",At scene,55.940383227121856,-3.1755321369889815
596510,,Slight,1,2,19/08/2010,Thursday,19,August,10,20,30,230,A,7,Single carriageway - 2 lanes,30,Other junction,Automatic Traffic Signal,A,7,Darkness: street lights present and lit,Fine (without high winds),Dry,None,None,No overtaking,325930,673660,521103,Junction,Pedestrian,350470,unset,EH11PD,No crossing facility within 50m or physical crossing facility not controlled by authorised person,Pedestrian phase at traffic signal junction,At scene,55.95024056969118,-3.1876813323027884
596910,,Slight,2,1,19/08/2010,Thursday,19,August,10,6,1,230,A,900,Single carriageway - 2 lanes,30,Not at or within 20 metres of junction,unset,\,,Daylight: street lights present,Fine (without high winds),Dry,None,None,No overtaking,326230,674670,12222104,Junction,T.V.N.P.,350471,unset,EH74AA,No crossing facility within 50m or physical crossing facility not controlled by authorised person,Pedestrian phase at traffic signal junction,At scene,55.959359435523666,-3.183155267829878
597510,,Slight,2,1,08/08/2010,Sunday,8,August,10,14,30,230,A,90,Single carriageway - 2 lanes,30,Not at or within 20 metres of junction,unset,\,,Daylight: no street lighting,Fine (without high winds),Dry,None,None,No overtaking,324620,673700,555627,Segment,T.V.N.P.,350472,unset,EH24RA,Control by other authorised person,Pedestrian phase at traffic signal junction,Elsewhere,55.95039591365696,-3.2086647374326853
599010,,Slight,1,1,20/08/2010,Friday,20,August,10,17,20,230,Unclassified,,Single carriageway - 2 lanes,30,Not at or within 20 metres of junction,unset,\,,Daylight: street lights present,Fine (without high winds),Dry,None,None,No overtaking,320040,671610,559338,Segment,Pedestrian,350473,unset,EH113SN,Control by other authorised person,"Pelican, puffin, toucan or similar non-junction pedestrian light crossing",At scene,55.93088129228803,-3.281365793790263
599310,,Slight,3,1,20/08/2010,Friday,20,August,10,18,25,230,A,8,Dual carriageway - 2 lanes,40,Not at or within 20 metres of junction,unset,\,,Daylight: no street lighting,Fine (without high winds),Dry,None,None,No overtaking,315110,672410,550797,Segment,M.V.N.P.,350474,unset,EH288NQ,No crossing facility within 50m or physical crossing facility not controlled by authorised person,No physical crossing facility within 50m,\3,55.937221144878535,-3.3604998932500814
600110,,Slight,2,2,16/08/2010,Monday,16,August,10,16,45,230,Unclassified,,Single carriageway - 2 lanes,30,Not at or within 20 metres of junction,unset,\,,Daylight: street lights present,Fine (without high winds),Dry,None,None,No overtaking,312160,669560,12231389,Segment,T.V.N.P.,350475,unset,EH278BBA,No crossing facility within 50m or physical crossing facility not controlled by authorised person,No physical crossing facility within 50m,At scene,55.911091735869086,-3.406780020619265
600510,,Slight,2,1,21/08/2010,Saturday,21,August,10,13,40,230,Motorway,8,Dual carriageway - 2 lanes,70,Not at or within 20 metres of junction,unset,\,,Daylight: street lights present,Fine (without high winds),Dry,None,None,No overtaking,317830,670750,6452850,Segment,T.V.N.P.,350476,unset,EH129BU,No crossing facility within 50m or physical crossing facility not controlled by authorised person,No physical crossing facility within 50m,At scene,55.922783445205575,-3.316465325528265
601310,,Slight,1,1,19/08/2010,Thursday,19,August,10,20,36,230,A,8,Single carriageway - 2 lanes,30,Other junction,Give way sign or markings,Unclassified,,Darkness: street lights present and lit,Fine (without high winds),Dry,None,None,No overtaking,324450,673520,520881,Junction,Bus,350477,unset,EH37AL,Control by other authorised person,Pedestrian phase at traffic signal junction,Elsewhere,55.94875228878884,-3.2113358303857065
601610,,Slight,1,1,21/08/2010,Saturday,21,August,10,20,30,230,A,702,Single carriageway - 2 lanes,30,Multiple junction,Automatic Traffic Signal,A,8,Daylight: no street lighting,Fine (without high winds),Dry,None,None,No overtaking,324720,673660,522381,Junction,Pedestrian,350478,unset,EH12DA,Control by other authorised person,Pedestrian phase at traffic signal junction,At scene,55.950052299284415,-3.2070526183464017
602510,,Slight,2,1,20/08/2010,Friday,20,August,10,10,45,230,A,702,Dual carriageway - 2 lanes,30,'T' or staggered junction,Automatic Traffic Signal,A,8,Daylight: no street lighting,Fine (without high winds),Dry,None,None,No overtaking,324690,673670,520920,Junction,Cyclist,350479,unset,EH12AD,Control by other authorised person,Pedestrian phase at traffic signal junction,Elsewhere,55.95013742031317,-3.2075356917861457
603010,,Slight,2,1,22/08/2010,Sunday,22,August,10,12,16,230,Motorway,8,Dual carriageway - 2 lanes,70,Not at or within 20 metres of junction,unset,\,,Daylight: no street lighting,Fine (without high winds),Dry,None,None,No overtaking,317840,670760,6452850,Segment,T.V.N.P.,350480,unset,EH129BU,No crossing facility within 50m or physical crossing facility not controlled by authorised person,No physical crossing facility within 50m,At scene,55.922874979423305,-3.3163083976080463
604910,,Slight,2,1,21/08/2010,Saturday,21,August,10,21,10,230,A,70,Single carriageway - 2 lanes,30,Not at or within 20 metres of junction,unset,\,,Darkness: street lights present and lit,Raining (without high winds),Dry,None,None,No overtaking,320730,669170,561835,Segment,T.V.N.P.,350481,unset,EH130LT,No crossing facility within 50m or physical crossing facility not controlled by authorised person,No physical crossing facility within 50m,Elsewhere,55.90907814474793,-3.2696083314403324
605010,,Slight,1,1,22/08/2010,Sunday,22,August,10,6,0,230,A,901,Roundabout,30,Roundabout,Give way sign or markings,A,901,Daylight: street lights present,Fine (without high winds),Dry,None,None,No overtaking,323720,677110,518902,Junction,S.V.N.P.,350482,unset,EH51HA,Control by other authorised person,Central refuge - no other controls,At scene,55.98088465496281,-3.22403993897212
605710,,Slight,2,1,21/08/2010,Saturday,21,August,10,23,0,230,C,,Single carriageway - 2 lanes,30,Not at or within 20 metres of junction,unset,\,,Darkness: street lights present and lit,Unknown,Dry,None,None,No overtaking,322850,672920,12223618,Segment,T.V.N.P.,350483,unset,EH125PL,Control by other authorised person,Central refuge - no other controls,Elsewhere,55.94310817681391,-3.236777656498794
607110,,Slight,2,2,20/08/2010,Friday,20,August,10,12,20,230,A,720,Dual carriageway - 2 lanes,70,Not at or within 20 metres of junction,unset,\,,Daylight: street lights present,Fine (without high winds),Dry,None,None,No overtaking,320390,668720,570540,Segment,T.V.N.P.,350484,unset,EH146BA,No crossing facility within 50m or physical crossing facility not controlled by authorised person,No physical crossing facility within 50m,At scene,55.904979792803665,-3.2749129348088792
607210,,Slight,1,2,16/08/2010,Monday,16,August,10,12,11,230,A,702,Single carriageway - 2 lanes,30,Not at or within 20 metres of junction,unset,\,,Daylight: street lights present,Fine (without high winds),Dry,None,Pedestrian in carriagway - not injured,No overtaking,324810,673130,548961,Segment,Bus,350485,unset,EH39BG,No crossing facility within 50m or physical crossing facility not controlled by authorised person,No physical crossing facility within 50m,At scene,55.945305541315925,-3.2054638273416423
608210,,Serious,1,1,24/08/2010,Tuesday,24,August,10,8,56,230,Unclassified,,Single carriageway - 2 lanes,30,Not at or within 20 metres of junction,unset,\,,Daylight: street lights present,Fine (without high winds),Dry,None,None,No overtaking,323350,676530,570114,Segment,Pedestrian,350486,unset,EH52PL,No crossing facility within 50m or physical crossing facility not controlled by authorised person,No physical crossing facility within 50m,At scene,55.97561570758073,-3.229802641229688
608310,,Slight,1,1,24/08/2010,Tuesday,24,August,10,12,15,230,Unclassified,,Single carriageway - 2 lanes,30,Not at or within 20 metres of junction,unset,\,,Daylight: street lights present,Fine (without high winds),Dry,None,None,No overtaking,324530,670060,0,Unset,S.V.N.P.,350487,unset,EH106LF,No crossing facility within 50m or physical crossing facility not controlled by authorised person,No physical crossing facility within 50m,At scene,55.917684474620565,-3.209086507929609
609010,,Slight,1,1,24/08/2010,Tuesday,24,August,10,14,0,230,Unclassified,,Single carriageway - 2 lanes,60,Not at or within 20 metres of junction,unset,\,,Daylight: no street lighting,Fine (without high winds),Dry,Road marking defective or obscured,None,No overtaking,314190,675650,0,Unset,S.V.N.P.,350488,unset,EH299EJ,No crossing facility within 50m or physical crossing facility not controlled by authorised person,No physical crossing facility within 50m,At scene,55.966159842952045,-3.376254866674926
609210,,Slight,2,2,24/08/2010,Tuesday,24,August,10,20,20,230,A,90,Single carriageway - 2 lanes,30,'T' or staggered junction,Give way sign or markings,Unclassified,,Daylight: street lights present,Fine (without high winds),Dry,None,None,No overtaking,324730,673950,520983,Junction,T.V.N.P.,350489,unset,EH24HQ,Control by other authorised person,Pedestrian phase at traffic signal junction,At scene,55.9526588671574,-3.2069735898456666
610610,,Slight,1,1,24/08/2010,Tuesday,24,August,10,19,30,230,A,7,Single carriageway - 2 lanes,40,Not at or within 20 metres of junction,unset,\,,Daylight: no street lighting,Fine (without high winds),Dry,None,None,No overtaking,325960,673560,569279,Segment,Pedestrian,350490,unset,EH11HN,No crossing facility within 50m or physical crossing facility not controlled by authorised person,"Pelican, puffin, toucan or similar non-junction pedestrian light crossing",Elsewhere,55.949346916502854,-3.1871735552812535
611410,,Slight,1,1,25/08/2010,Wednesday,25,August,10,13,30,230,A,1,Single carriageway - 2 lanes,30,Crossroads,Automatic Traffic Signal,C,,Darkness: street lights present but unlit,Fine (without high winds),Dry,None,None,No overtaking,329190,673070,523614,Junction,Pedestrian,350491,unset,EH153PN,Control by other authorised person,Pedestrian phase at traffic signal junction,At scene,55.945432695254,-3.135334661226068
612410,,Slight,2,1,25/08/2010,Wednesday,25,August,10,19,0,230,A,900,Dual carriageway - 2 lanes,30,Not at or within 20 metres of junction,unset,\,,Daylight: street lights present,Fine (without high winds),Dry,None,None,No overtaking,326180,674620,558569,Segment,Cyclist,350492,unset,EH74AB,No crossing facility within 50m or physical crossing facility not controlled by authorised person,No physical crossing facility within 50m,At scene,55.958902603609246,-3.183942213788504