acc_ref,beat_no,severity,no_vehicle,no_casualt,a_date,a_day,a_date_day,a_date_mon,a_date_yr,a_time_hr,a_time_min,loc_auth,road1_class,road1_no,road_type,speed_limi,junc_det,junc_ctrl,road2_class,road2_no,light_cond,weather,road_surf,spec_cond,cway_hzrds,ovrtk_patrn,easting,northing,net_id,net_type,acc_type,text_id,division,Postcode,ped_xing_hc,ped_xing_p,place_reported,latitude,longitude
612510,,Slight,3,1,25/08/2010,Wednesday,25,August,10,17,10,230,Unclassified,,Single carriageway - 2 lanes,30,Not at or within 20 metres of junction,unset,\,,Daylight: street lights present,Fine (without high winds),Dry,None,None,No overtaking,323320,675800,563634,Segment,M.V.N.P.,350493,unset,EH52DH,No crossing facility within 50m or physical crossing facility not controlled by authorised person,No physical crossing facility within 50m,At scene,55.96905357769008,-3.2300750807318144
613110,,Slight,2,1,25/08/2010,Wednesday,25,August,10,17,45,230,A,1,Single carriageway - 2 lanes,30,Not at or within 20 metres of junction,unset,\,,Daylight: street lights present,Fine (without high winds),Dry,None,None,No overtaking,328240,674160,2106118,Segment,Cyclist,350494,unset,EH87AX,No crossing facility within 50m or physical crossing facility not controlled by authorised person,No physical crossing facility within 50m,At scene,55.955083009013116,-3.1508324237243377
613210,,Serious,3,1,25/08/2010,Wednesday,25,August,10,15,55,230,A,702,Dual carriageway - 2 lanes,40,Not at or within 20 metres of junction,unset,\,,Daylight: street lights present,Fine (without high winds),Dry,None,None,No overtaking,324930,667480,2587376,Segment,Pedestrian,350495,unset,EH107DUA,No crossing facility within 50m or physical crossing facility not controlled by authorised person,No physical crossing facility within 50m,At scene,55.894571409092585,-3.2019709236137355
613310,,Slight,2,1,25/08/2010,Wednesday,25,August,10,16,35,230,Unclassified,,One way Street,30,Not at or within 20 metres of junction,unset,\,,Daylight: street lights present,Fine (without high winds),Dry,None,None,No overtaking,325820,674290,0,Unset,T.V.N.P.,350496,unset,EH13SS,No crossing facility within 50m or physical crossing facility not controlled by authorised person,No physical crossing facility within 50m,At scene,55.955882751139434,-3.18961594456689
613410,,Serious,2,1,25/08/2010,Wednesday,25,August,10,7,25,230,A,70,Single carriageway - 2 lanes,30,Not at or within 20 metres of junction,unset,\,,Daylight: street lights present,Fine (without high winds),Dry,None,None,No overtaking,323490,672400,561700,Segment,Cyclist,350497,unset,EH112JL,No crossing facility within 50m or physical crossing facility not controlled by authorised person,No physical crossing facility within 50m,Elsewhere,55.938539592506025,-3.226386013247233
613510,,Slight,2,1,26/08/2010,Thursday,26,August,10,1,10,230,C,,Single carriageway - 2 lanes,30,'T' or staggered junction,Automatic Traffic Signal,B,901,Darkness: street lights present and lit,Fine (without high winds),Dry,None,None,No overtaking,325920,674380,520599,Junction,T.V.N.P.,350498,unset,EH13JG,No crossing facility within 50m or physical crossing facility not controlled by authorised person,Pedestrian phase at traffic signal junction,Elsewhere,55.95670665365339,-3.188039538214397
613910,,Slight,2,2,25/08/2010,Wednesday,25,August,10,18,0,230,C,,Single carriageway - 2 lanes,30,Not at or within 20 metres of junction,unset,\,,Daylight: street lighting unknown,Fine (without high winds),Dry,None,None,No overtaking,327020,675150,2106457,Segment,T.V.N.P.,350499,unset,EH68LD,No crossing facility within 50m or physical crossing facility not controlled by authorised person,No physical crossing facility within 50m,Elsewhere,55.963792034164406,-3.170634965436538
614410,,Slight,2,1,25/08/2010,Wednesday,25,August,10,15,50,230,Unclassified,,Single carriageway - 2 lanes,30,Crossroads,Automatic Traffic Signal,Unclassified,,Daylight: no street lighting,Fine (without high winds),Dry,None,None,No overtaking,329760,673300,523641,Junction,Cyclist,350500,unset,EH151ND,Control by other authorised person,Pedestrian phase at traffic signal junction,Elsewhere,55.94758254408998,-3.1262702118138694
615510,,Serious,1,2,26/08/2010,Thursday,26,August,10,17,0,230,B,701,Single carriageway - 2 lanes,30,'T' or staggered junction,Give way sign or markings,Unclassified,,Daylight: no street lighting,Fine (without high winds),Dry,None,None,No overtaking,319070,674180,520356,Junction,Pedestrian,350501,unset,EH48DB,No crossing facility within 50m or physical crossing facility not controlled by authorised person,No physical crossing facility within 50m,At scene,55.95380376230477,-3.2976584442216783
617210,,Slight,1,1,26/08/2010,Thursday,26,August,10,15,20,230,A,1,Single carriageway - 2 lanes,30,Not at or within 20 metres of junction,unset,\,,Daylight: street lights present,Fine (without high winds),Dry,None,None,No overtaking,327170,674430,2106016,Segment,Bus,350502,unset,EH75SN,No crossing facility within 50m or physical crossing facility not controlled by authorised person,No physical crossing facility within 50m,Elsewhere,55.95734716686731,-3.1680378345115097
617810,,Slight,1,1,26/08/2010,Thursday,26,August,10,16,10,230,A,7,Single carriageway - 2 lanes,30,Not at or within 20 metres of junction,unset,\,,Daylight: no street lighting,Fine (without high winds),Dry,None,None,No overtaking,325960,673580,569279,Segment,Pedestrian,350503,unset,EH11LL,Control by other authorised person,Pedestrian phase at traffic signal junction,At scene,55.949526572988844,-3.187179054011287
618310,,Slight,2,1,25/08/2010,Wednesday,25,August,10,10,30,230,Unclassified,,One way Street,30,'T' or staggered junction,Automatic Traffic Signal,C,,Daylight: street lights present,Fine (without high winds),Dry,None,None,No overtaking,325730,673130,521514,Junction,T.V.N.P.,350504,unset,EH12QZ,No crossing facility within 50m or physical crossing facility not controlled by authorised person,No physical crossing facility within 50m,Elsewhere,55.94544876877215,-3.1907370602899823
619010,,Slight,1,1,27/08/2010,Friday,27,August,10,20,20,230,A,8,Single carriageway - 2 lanes,30,Crossroads,Automatic Traffic Signal,A,7,Daylight: street lights present,Raining (without high winds),Dry,None,None,No overtaking,325830,674010,517891,Junction,Pedestrian,350505,unset,EH13AY,Control by other authorised person,Pedestrian phase at traffic signal junction,At scene,55.953369110395556,-3.189378684640517
619110,,Slight,3,2,27/08/2010,Friday,27,August,10,15,55,230,Motorway,9,Dual carriageway - 2 lanes,70,Not at or within 20 metres of junction,unset,\,,Daylight: street lights present,Fine (without high winds),Dry,None,None,No overtaking,311940,673930,562735,Segment,M.V.N.P.,350506,unset,EH299EA,No crossing facility within 50m or physical crossing facility not controlled by authorised person,No physical crossing facility within 50m,At scene,55.95030307046761,-3.4117251407176346
620410,,Slight,2,1,27/08/2010,Friday,27,August,10,16,0,230,Unclassified,,Single carriageway - 2 lanes,30,'T' or staggered junction,Give way sign or markings,Unclassified,,Daylight: street lights present,Fine (without high winds),Dry,None,None,No overtaking,327150,674280,520722,Junction,T.V.N.P.,350507,unset,EH88HL,No crossing facility within 50m or physical crossing facility not controlled by authorised person,No physical crossing facility within 50m,Elsewhere,55.95599669931933,-3.1683174865246153
620710,,Slight,1,1,28/08/2010,Saturday,28,August,10,15,30,230,A,8,Single carriageway - 2 lanes,30,'T' or staggered junction,Give way sign or markings,Unclassified,,Daylight: street lights present,Fine (without high winds),Dry,None,None,No overtaking,324490,673550,520881,Junction,Bus,350508,unset,EH24SD,Control by other authorised person,"Pelican, puffin, toucan or similar non-junction pedestrian light crossing",Elsewhere,55.9490280658562,-3.2107038947557864
621310,,Slight,1,1,28/08/2010,Saturday,28,August,10,22,10,230,Unclassified,,Single carriageway - 2 lanes,30,Not at or within 20 metres of junction,unset,\,,Darkness: street lights present and lit,Fine (without high winds),Dry,None,None,No overtaking,321750,669050,551343,Segment,S.V.N.P.,350509,unset,EH130LE,Control by other authorised person,Central refuge - no other controls,At scene,55.908167343842365,-3.2532616601802995
621710,,Slight,1,1,27/08/2010,Friday,27,August,10,13,15,230,A,7,Single carriageway - 2 lanes,30,Multiple junction,Authorised Person,A,8,Daylight: street lights present,Fine (without high winds),Dry,None,None,No overtaking,325840,673990,517891,Junction,Bus,350510,unset,EH11TR,Control by other authorised person,Pedestrian phase at traffic signal junction,Elsewhere,55.953190999686036,-3.1892130686275433
622010,,Slight,2,1,27/08/2010,Friday,27,August,10,12,0,230,Unclassified,,Single carriageway - 2 lanes,30,'T' or staggered junction,Give way sign or markings,Unclassified,,Daylight: street lights present,Unknown,Dry,None,None,No overtaking,319340,672810,521670,Junction,T.V.N.P.,350511,unset,EH128HH,Control by other authorised person,Central refuge - no other controls,Elsewhere,55.9415432369764,-3.292925436942167
622710,,Slight,2,1,17/08/2010,Tuesday,17,August,10,13,50,230,B,901,Single carriageway - 2 lanes,30,Crossroads,Give way sign or markings,Unclassified,,Daylight: street lights present,Fine (without high winds),Dry,None,None,No overtaking,325870,674480,520608,Junction,Cyclist,350512,unset,EH13RH,No crossing facility within 50m or physical crossing facility not controlled by authorised person,Pedestrian phase at traffic signal junction,At scene,55.957597212029924,-3.1888676829299265
622910,,Slight,2,1,29/08/2010,Sunday,29,August,10,4,43,230,A,1,Roundabout,30,Roundabout,Stop sign,A,1,Daylight: no street lighting,Fine (without high winds),Dry,None,None,No overtaking,331240,672430,517720,Junction,Bus,350513,unset,EH153SA,No crossing facility within 50m or physical crossing facility not controlled by authorised person,No physical crossing facility within 50m,At scene,55.93998157744507,-3.1023551279853865
623010,,Slight,2,1,29/08/2010,Sunday,29,August,10,15,40,230,A,70,Single carriageway - 2 lanes,30,'T' or staggered junction,Give way sign or markings,Unclassified,,Daylight: street lights present,Fine (without high winds),Dry,None,None,No overtaking,322760,671610,522231,Junction,T.V.N.P.,350514,unset,EH141NY,No crossing facility within 50m or physical crossing facility not controlled by authorised person,"Pelican, puffin, toucan or similar non-junction pedestrian light crossing",At scene,55.93132640316921,-3.2378427960962735
623610,,Slight,2,1,30/08/2010,Monday,30,August,10,10,10,230,Unclassified,,Single carriageway - 2 lanes,30,'T' or staggered junction,Give way sign or markings,Unclassified,,Daylight: no street lighting,Fine (without high winds),Dry,None,None,No overtaking,326000,673040,521574,Junction,Cyclist,350515,unset,EH89BT,No crossing facility within 50m or physical crossing facility not controlled by authorised person,No physical crossing facility within 50m,Elsewhere,55.94468201394031,-3.186390324909136
623710,,Slight,2,1,26/08/2010,Thursday,26,August,10,17,28,230,A,1,Dual carriageway - 2 lanes,50,Roundabout,Give way sign or markings,A,1,Daylight: no street lighting,Fine (without high winds),Dry,None,None,No overtaking,331250,672420,517720,Junction,T.V.N.P.,350516,unset,EH153SA,Control by other authorised person,No physical crossing facility within 50m,At scene,55.93989317865511,-3.1021925195872906
624710,,Slight,2,1,30/08/2010,Monday,30,August,10,15,45,230,C,,Single carriageway - 2 lanes,30,Not at or within 20 metres of junction,unset,\,,Daylight: street lights present,Fine (without high winds),Dry,None,None,No overtaking,325160,675020,566675,Segment,T.V.N.P.,350517,unset,EH35HW,No crossing facility within 50m or physical crossing facility not controlled by authorised person,No physical crossing facility within 50m,Elsewhere,55.96233768307295,-3.2003866508974523
625210,,Slight,2,1,04/08/2010,Wednesday,4,August,10,14,30,230,A,90,Single carriageway - 2 lanes,40,Other junction,Give way sign or markings,Unclassified,,Daylight: street lights present,Unknown,Dry,None,None,No overtaking,321860,674700,519996,Junction,Cyclist,350518,unset,EH42AB,No crossing facility within 50m or physical crossing facility not controlled by authorised person,No physical crossing facility within 50m,Elsewhere,55.958937095973944,-3.2531401959910373
625310,,Slight,2,1,30/08/2010,Monday,30,August,10,19,50,230,A,901,Single carriageway - 2 lanes,30,Crossroads,Automatic Traffic Signal,B,900,Daylight: street lights present,Fine (without high winds),Dry,None,None,No overtaking,326730,676160,531355,Junction,Cyclist,350519,unset,EH65JB,Control by other authorised person,No physical crossing facility within 50m,At scene,55.972820487082565,-3.175554473182839
625410,,Slight,2,1,30/08/2010,Monday,30,August,10,22,20,230,Unclassified,,Single carriageway - 2 lanes,30,Not at or within 20 metres of junction,unset,\,,Darkness: street lights present but unlit,Fine (without high winds),Dry,None,None,No overtaking,324990,675740,0,Unset,T.V.N.P.,350520,unset,EH35QL,No crossing facility within 50m or physical crossing facility not controlled by authorised person,No physical crossing facility within 50m,Elsewhere,55.96877871003189,-3.2033098348873628
625910,,Slight,2,1,17/08/2010,Tuesday,17,August,10,3,5,230,A,902,Roundabout,30,Roundabout,Give way sign or markings,Unclassified,,Darkness: street lights present and lit,Raining (without high winds),Dry,None,None,No overtaking,322930,675730,519406,Junction,T.V.N.P.,350521,unset,EH42NT,No crossing facility within 50m or physical crossing facility not controlled by authorised person,No physical crossing facility within 50m,At scene,55.96836228221377,-3.2363016183645352
626210,,Slight,2,1,30/08/2010,Monday,30,August,10,20,5,230,Unclassified,,Single carriageway - 2 lanes,30,Not at or within 20 metres of junction,unset,\,,Daylight: street lights present,Fine (without high winds),Dry,None,None,No overtaking,320420,669400,0,Unset,Cyclist,350522,unset,EH143EY,No crossing facility within 50m or physical crossing facility not controlled by authorised person,No physical crossing facility within 50m,At scene,55.91109292090359,-3.274633624039803
626310,,Slight,2,1,30/08/2010,Monday,30,August,10,6,45,230,Unclassified,,Single carriageway - 2 lanes,30,'T' or staggered junction,Give way sign or markings,Unclassified,,Daylight: street lights present,Fine (without high winds),Dry,None,None,No overtaking,321670,675510,530371,Junction,Cyclist,350523,unset,EH44PH,No crossing facility within 50m or physical crossing facility not controlled by authorised person,"Pelican, puffin, toucan or similar non-junction pedestrian light crossing",At scene,55.96618200033622,-3.256418367688406
626710,,Slight,1,1,31/08/2010,Tuesday,31,August,10,10,30,230,A,720,Dual carriageway - 2 lanes,70,Not at or within 20 metres of junction,unset,\,,Daylight: no street lighting,Fine (without high winds),Dry,None,None,No overtaking,328020,666890,2579069,Segment,S.V.N.P.,350524,unset,EH178SD,No crossing facility within 50m or physical crossing facility not controlled by authorised person,No physical crossing facility within 50m,At scene,55.88974384679224,-3.152415033995936
627110,,Slight,2,1,31/08/2010,Tuesday,31,August,10,11,10,230,Unclassified,,Single carriageway - 2 lanes,30,Crossroads,Give way sign or markings,Unclassified,,Daylight: street lights present,Fine (without high winds),Dry,None,None,No overtaking,324190,675950,519418,Junction,T.V.N.P.,350525,unset,EH52AD,No crossing facility within 50m or physical crossing facility not controlled by authorised person,No physical crossing facility within 50m,At scene,55.970539290054894,-3.2161825618816695
627910,,Slight,2,1,30/08/2010,Monday,30,August,10,9,45,230,Unclassified,,Single carriageway - 2 lanes,30,Not at or within 20 metres of junction,unset,\,,Daylight: street lights present,Fine (without high winds),Dry,None,None,No overtaking,323760,672050,554708,Segment,Cyclist,350526,unset,EH111LY,No crossing facility within 50m or physical crossing facility not controlled by authorised person,No physical crossing facility within 50m,Elsewhere,55.93543858481857,-3.221965823474868
629110,,Slight,2,1,30/08/2010,Monday,30,August,10,17,55,230,Unclassified,,Roundabout,30,Roundabout,Give way sign or markings,Unclassified,,Daylight: street lights present,Fine (without high winds),Dry,None,None,No overtaking,327820,674120,520764,Junction,Cyclist,350527,unset,EH87AS,No crossing facility within 50m or physical crossing facility not controlled by authorised person,No physical crossing facility within 50m,At scene,55.95466069431848,-3.1575465701137158
629710,,Slight,2,1,09/08/2010,Monday,9,August,10,8,0,230,Unclassified,,Single carriageway - 2 lanes,30,Crossroads,Give way sign or markings,Unclassified,,Daylight: no street lighting,Fine (without high winds),Dry,None,None,No overtaking,324390,669870,532891,Junction,Cyclist,350528,unset,EH106EZ,No crossing facility within 50m or physical crossing facility not controlled by authorised person,No physical crossing facility within 50m,At scene,55.915955735426714,-3.21127269562045
630710,,Slight,4,1,15/08/2010,Sunday,15,August,10,13,0,230,A,90,Dual carriageway - 2 lanes,40,Not at or within 20 metres of junction,unset,\,,Daylight: street lights present,Fine (without high winds),Dry,None,Involvement with previous accident,No overtaking,312490,678760,555393,Segment,M.V.N.P.,350529,unset,unset,No crossing facility within 50m or physical crossing facility not controlled by authorised person,No physical crossing facility within 50m,At scene,55.99378681769205,-3.4044920854471963
632110,,Serious,3,2,01/09/2010,Wednesday,1,September,10,21,15,230,Unclassified,,Single carriageway - 2 lanes,60,Not at or within 20 metres of junction,unset,\,,Darkness: no street lighting,Fine (without high winds),Dry,None,None,No overtaking,313640,666080,561617,Segment,M.V.N.P.,365146,unset,EH147JF,No crossing facility within 50m or physical crossing facility not controlled by authorised person,No physical crossing facility within 50m,At scene,55.880101769101955,-3.381999868932346
632610,,Slight,2,1,31/08/2010,Tuesday,31,August,10,1,44,230,A,7,Single carriageway - 2 lanes,30,Not at or within 20 metres of junction,unset,\,,Darkness: street lights present and lit,Fine (without high winds),Dry,None,None,No overtaking,326100,673150,569282,Segment,T.V.N.P.,350530,unset,EH89BZ,No crossing facility within 50m or physical crossing facility not controlled by authorised person,No physical crossing facility within 50m,Elsewhere,55.9456855317216,-3.1848197882462506
634110,,Slight,3,1,01/09/2010,Wednesday,1,September,10,19,45,230,C,,Single carriageway - 2 lanes,30,'T' or staggered junction,Give way sign or markings,Unclassified,,Daylight: street lights present,Fine (without high winds),Dry,None,None,No overtaking,321370,670950,529696,Junction,M.V.N.P.,365147,unset,EH142BN,Control by other authorised person,"Pelican, puffin, toucan or similar non-junction pedestrian light crossing",Elsewhere,55.92517233535297,-3.2598920521729093
634210,,Serious,2,1,23/05/2010,Sunday,23,May,10,13,0,230,C,,Single carriageway - 2 lanes,30,'T' or staggered junction,Give way sign or markings,Unknown,,Daylight: street lights present,Fine (without high winds),Dry,None,None,No overtaking,324170,674320,0,Unset,T.V.N.P.,350571,unset,EH41PX,No crossing facility within 50m or physical crossing facility not controlled by authorised person,No physical crossing facility within 50m,\3,55.95589431358131,-3.2160435505857388
634410,,Slight,2,1,01/09/2010,Wednesday,1,September,10,17,20,230,Unclassified,,Single carriageway - 2 lanes,30,Not at or within 20 metres of junction,unset,\,,Daylight: street lights present,Fine (without high winds),Dry,None,None,No overtaking,329470,669380,12219698,Segment,Cyclist,365148,unset,EH177HT,No crossing facility within 50m or physical crossing facility not controlled by authorised person,No physical crossing facility within 50m,Elsewhere,55.912326523610204,-3.129887246007057
635010,,Slight,3,1,27/08/2010,Friday,27,August,10,18,10,230,A,71,Single carriageway - 2 lanes,50,'T' or staggered junction,Give way sign or markings,Unclassified,,Daylight: no street lighting,Fine (without high winds),Dry,None,None,No overtaking,314540,669180,517744,Junction,M.V.N.P.,350531,unset,EH278EB,No crossing facility within 50m or physical crossing facility not controlled by authorised person,No physical crossing facility within 50m,Elsewhere,55.90810746216863,-3.3685985099105245
635810,,Slight,1,1,02/09/2010,Thursday,2,September,10,19,25,230,A,90,Single carriageway - 2 lanes,40,Not at or within 20 metres of junction,unset,\,,Daylight: street lights present,Fine (without high winds),Dry,None,None,No overtaking,319900,675050,555507,Segment,Bus,365149,unset,EH47NB,No crossing facility within 50m or physical crossing facility not controlled by authorised person,No physical crossing facility within 50m,At scene,55.961757768919924,-3.284628776192771
635910,,Slight,2,1,02/09/2010,Thursday,2,September,10,18,25,230,Unclassified,,Single carriageway - 2 lanes,30,Not at or within 20 metres of junction,unset,\,,Daylight: street lights present,Unknown,Dry,None,None,No overtaking,327130,676660,0,Unset,T.V.N.P.,365150,unset,EH66QW,Control by other authorised person,Pedestrian phase at traffic signal junction,Elsewhere,55.97737286373838,-3.169282454374399
636710,,Serious,2,1,01/09/2010,Wednesday,1,September,10,13,30,230,A,702,Single carriageway - 2 lanes,30,Other junction,Give way sign or markings,Unclassified,,Daylight: street lights present,Fine (without high winds),Dry,None,None,No overtaking,324510,672040,522024,Junction,T.V.N.P.,365151,unset,EH104DG,Control by other authorised person,Central refuge - no other controls,At scene,55.93546724533732,-3.2099606404188985
637810,,Slight,2,1,02/09/2010,Thursday,2,September,10,17,20,230,Unclassified,,Single carriageway - 2 lanes,30,Roundabout,Give way sign or markings,C,,Daylight: street lights present,Fine (without high winds),Dry,None,None,No overtaking,322510,672380,521919,Junction,T.V.N.P.,365152,unset,EH112QW,Control by other authorised person,Pedestrian phase at traffic signal junction,Elsewhere,55.93820278474843,-3.2420644659414006
639510,,Slight,1,1,03/09/2010,Friday,3,September,10,8,40,230,A,90,Single carriageway - 2 lanes,30,Not at or within 20 metres of junction,unset,\,,Daylight: no street lighting,Fine (without high winds),Dry,None,None,No overtaking,324100,673940,0,Unset,S.V.N.P.,365153,unset,EH43BG,No crossing facility within 50m or physical crossing facility not controlled by authorised person,No physical crossing facility within 50m,At scene,55.95246981311065,-3.217057233119859
639710,,Slight,2,1,03/09/2010,Friday,3,September,10,8,25,230,Unclassified,,Single carriageway - 2 lanes,30,Crossroads,Automatic Traffic Signal,Unclassified,,Daylight: street lights present,Fine (without high winds),Dry,None,None,No overtaking,322590,670350,529981,Junction,Cyclist,365154,unset,EH141DW,Control by other authorised person,Pedestrian phase at traffic signal junction,Elsewhere,55.91998085433074,-3.2402014027831085
639810,,Slight,2,1,03/09/2010,Friday,3,September,10,17,40,230,Unclassified,,Single carriageway - 2 lanes,30,Other junction,Give way sign or markings,Unclassified,,Daylight: street lights present,Fine (without high winds),Dry,None,None,No overtaking,323850,671520,522288,Junction,Cyclist,365155,unset,EH105DE,No crossing facility within 50m or physical crossing facility not controlled by authorised person,No physical crossing facility within 50m,At scene,55.93069201366296,-3.22037583539327
641210,,Serious,1,1,03/09/2010,Friday,3,September,10,20,35,230,Unclassified,,Single carriageway - 2 lanes,30,Not at or within 20 metres of junction,unset,\,,Daylight: street lights present,Fine (without high winds),Dry,None,None,No overtaking,320260,669520,565058,Segment,Pedestrian,365156,unset,EH143AN,No crossing facility within 50m or physical crossing facility not controlled by authorised person,No physical crossing facility within 50m,Elsewhere,55.91214431433405,-3.2772279078975424
641310,,Slight,1,3,02/09/2010,Thursday,2,September,10,17,40,230,A,90,Single carriageway - 2 lanes,30,Other junction,Give way sign or markings,Unclassified,,Daylight: street lights present,Fine (without high winds),Dry,None,None,No overtaking,324560,673750,520956,Junction,Bus,365157,unset,EH24QS,No crossing facility within 50m or physical crossing facility not controlled by authorised person,No physical crossing facility within 50m,At scene,55.95083562355221,-3.209639306353356
641410,,Slight,1,1,03/09/2010,Friday,3,September,10,23,25,230,Unclassified,,Single carriageway - 2 lanes,30,Not at or within 20 metres of junction,unset,\,,Darkness: street lights present and lit,Fine (without high winds),Dry,None,None,No overtaking,325750,673750,569724,Segment,Pedestrian,365158,unset,EH11DF,No crossing facility within 50m or physical crossing facility not controlled by authorised person,No physical crossing facility within 50m,At scene,55.95102120831372,-3.190587842024409
641710,,Slight,2,1,04/09/2010,Saturday,4,September,10,17,30,230,Unclassified,,Single carriageway - 2 lanes,30,'T' or staggered junction,Automatic Traffic Signal,A,7,Daylight: street lights present,Fine (without high winds),Dry,None,None,No overtaking,326000,673420,521589,Junction,T.V.N.P.,365159,unset,EH11LL,Control by other authorised person,"Pelican, puffin, toucan or similar non-junction pedestrian light crossing",At scene,55.94809548978164,-3.186494724273221
641910,,Slight,2,2,04/09/2010,Saturday,4,September,10,15,49,230,A,900,Dual carriageway - 2 lanes,30,Not at or within 20 metres of junction,unset,\,,Daylight: street lights present,Fine (without high winds),Dry,None,None,No overtaking,326050,674410,558575,Segment,T.V.N.P.,365160,unset,EH13JT,Control by other authorised person,Pedestrian phase at traffic signal junction,Elsewhere,55.95699619201532,-3.185966207292475
643710,,Slight,1,6,04/09/2010,Saturday,4,September,10,14,0,230,A,7,Single carriageway - 2 lanes,30,Not at or within 20 metres of junction,unset,\,,Daylight: street lights present,Fine (without high winds),Dry,None,None,No overtaking,327160,671860,568123,Segment,Bus,365161,unset,EH92BB,No crossing facility within 50m or physical crossing facility not controlled by authorised person,No physical crossing facility within 50m,At scene,55.934259616414614,-3.1675029655361433
645810,,Slight,1,1,06/09/2010,Monday,6,September,10,8,20,230,Unclassified,,Single carriageway - 2 lanes,30,Mini-roundabout,Give way sign or markings,Unclassified,,Daylight: no street lighting,Fine (without high winds),Dry,None,None,No overtaking,320540,675450,519750,Junction,Pedestrian,365162,unset,EH46AA,Control by other authorised person,Pedestrian phase at traffic signal junction,Elsewhere,55.96545719660047,-3.2744981615641335
647010,,Slight,2,1,05/09/2010,Sunday,5,September,10,15,15,230,Unclassified,,Single carriageway - 2 lanes,30,Using private drive or entrance,Give way sign or markings,Unclassified,,Daylight: street lights present,Fine (without high winds),Dry,None,None,No overtaking,319640,668480,561868,Segment,T.V.N.P.,365163,unset,EH145DE,No crossing facility within 50m or physical crossing facility not controlled by authorised person,No physical crossing facility within 50m,Elsewhere,55.90269921009968,-3.286834174368257
648410,,Serious,2,4,08/08/2010,Sunday,8,August,10,13,45,230,A,70,Single carriageway - 2 lanes,30,Crossroads,Automatic Traffic Signal,B,701,Daylight: street lights present,Fine (without high winds),Dry,None,None,No overtaking,320570,669060,532906,Junction,T.V.N.P.,350573,unset,EH145BB,No crossing facility within 50m or physical crossing facility not controlled by authorised person,No physical crossing facility within 50m,At scene,55.908063648284134,-3.272134687305116
651110,,Slight,2,1,21/08/2010,Saturday,21,August,10,12,7,230,A,1140,Single carriageway - 2 lanes,30,Not at or within 20 metres of junction,unset,\,,Daylight: street lights present,Fine (without high winds),Dry,None,None,No overtaking,328910,674220,554891,Segment,T.V.N.P.,350532,unset,EH87BW,No crossing facility within 50m or physical crossing facility not controlled by authorised person,No physical crossing facility within 50m,At scene,55.955721724679215,-3.1401204429146943
651310,,Slight,2,1,08/09/2010,Wednesday,8,September,10,9,20,230,Unclassified,,Roundabout,30,Mini-roundabout,Give way sign or markings,B,9085,Daylight: street lights present,Fine (without high winds),Dry,None,None,No overtaking,320550,675440,519747,Junction,Cyclist,365164,unset,EH45BZ,Control by other authorised person,"Pelican, puffin, toucan or similar non-junction pedestrian light crossing",At scene,55.965369027867595,-3.2743350568212923
651410,,Slight,1,1,07/09/2010,Tuesday,7,September,10,14,0,230,Unclassified,,Single carriageway - 2 lanes,30,Not at or within 20 metres of junction,unset,\,,Daylight: street lights present,Fine (without high winds),Dry,None,None,No overtaking,324200,674700,554207,Segment,Bus,365165,unset,EH41DS,No crossing facility within 50m or physical crossing facility not controlled by authorised person,No physical crossing facility within 50m,Elsewhere,55.95931248671782,-3.215670213483761
652410,,Serious,2,1,07/09/2010,Tuesday,7,September,10,18,35,230,A,7,Single carriageway - 2 lanes,30,'T' or staggered junction,Automatic Traffic Signal,Unclassified,,Darkness: street lights present and lit,Raining (without high winds),Dry,None,None,No overtaking,326760,672360,522078,Junction,Cyclist,365166,unset,EH165BS,No crossing facility within 50m or physical crossing facility not controlled by authorised person,Pedestrian phase at traffic signal junction,At scene,55.93869021801912,-3.174040005902004
653010,,Slight,1,1,08/09/2010,Wednesday,8,September,10,17,15,230,A,900,Single carriageway - 2 lanes,30,Crossroads,Automatic Traffic Signal,Unclassified,,Daylight: street lights present,Fine (without high winds),Dry,None,None,No overtaking,326200,674660,520257,Junction,Pedestrian,365167,unset,EH74AE,No crossing facility within 50m or physical crossing facility not controlled by authorised person,No physical crossing facility within 50m,Elsewhere,55.95926499340258,-3.183632921946492
654110,,Slight,2,1,09/09/2010,Thursday,9,September,10,7,45,230,A,702,Single carriageway - 2 lanes,40,'T' or staggered junction,Give way sign or markings,Unclassified,,Daylight: street lights present,Fine (without high winds),Dry,None,None,No overtaking,324920,672830,533344,Junction,Cyclist,365168,unset,EH39NA,No crossing facility within 50m or physical crossing facility not controlled by authorised person,No physical crossing facility within 50m,Elsewhere,55.94262792545364,-3.2036194165870424
654710,,Slight,1,1,08/09/2010,Wednesday,8,September,10,10,50,230,A,90,Single carriageway - 2 lanes,30,'T' or staggered junction,Give way sign or markings,Unclassified,,Darkness: street lights present but unlit,Fine (without high winds),Dry,None,None,No overtaking,324560,673740,520956,Junction,Bus,365169,unset,EH24PG,No crossing facility within 50m or physical crossing facility not controlled by authorised person,"Pelican, puffin, toucan or similar non-junction pedestrian light crossing",Elsewhere,55.95074579606642,-3.2096365048463897