acc_ref,beat_no,severity,no_vehicle,no_casualt,a_date,a_day,a_date_day,a_date_mon,a_date_yr,a_time_hr,a_time_min,loc_auth,road1_class,road1_no,road_type,speed_limi,junc_det,junc_ctrl,road2_class,road2_no,light_cond,weather,road_surf,spec_cond,cway_hzrds,ovrtk_patrn,easting,northing,net_id,net_type,acc_type,text_id,division,Postcode,ped_xing_hc,ped_xing_p,place_reported,latitude,longitude
655010,,Slight,2,1,09/09/2010,Thursday,9,September,10,16,0,230,B,900,Single carriageway - 2 lanes,30,'T' or staggered junction,Authorised Person,Unclassified,,Daylight: street lights present,Fine (without high winds),Dry,None,None,No overtaking,325480,675130,519816,Junction,Cyclist,365170,unset,EH74EZ,No crossing facility within 50m or physical crossing facility not controlled by authorised person,Pedestrian phase at traffic signal junction,Elsewhere,55.96337560527603,-3.195292518159878
655410,,Serious,1,1,09/09/2010,Thursday,9,September,10,15,30,230,A,71,Single carriageway - 2 lanes,30,Not at or within 20 metres of junction,unset,\,,Daylight: street lights present,Fine (without high winds),Dry,None,None,No overtaking,322330,671900,549743,Segment,Pedestrian,365171,unset,EH112RT,Control by school crossing patrol,Pedestrian phase at traffic signal junction,At scene,55.93386202996384,-3.2448068961652305
655510,,Slight,3,3,09/09/2010,Thursday,9,September,10,14,59,230,Motorway,8,Dual carriageway - 2 lanes,70,Not at or within 20 metres of junction,unset,\,,Daylight: street lights present,Fine (without high winds),Dry,None,None,No overtaking,317980,670870,6452850,Segment,M.V.N.P.,365172,unset,EH129BU,No crossing facility within 50m or physical crossing facility not controlled by authorised person,No physical crossing facility within 50m,At scene,55.9238869649143,-3.314102208159509
656110,,Slight,1,1,09/09/2010,Thursday,9,September,10,17,40,230,Unclassified,,One way Street,20,Not at or within 20 metres of junction,unset,\,,Daylight: no street lighting,Fine (without high winds),Dry,None,None,No overtaking,327860,674840,0,Unset,Pedestrian,365173,unset,EH76DG,No crossing facility within 50m or physical crossing facility not controlled by authorised person,No physical crossing facility within 50m,At scene,55.961134404175176,-3.157099099385082
656210,,Slight,1,1,08/09/2010,Wednesday,8,September,10,21,0,230,Unclassified,,Single carriageway - 2 lanes,30,Slip road,Give way sign or markings,Unclassified,,Daylight: no street lighting,Fine (without high winds),Dry,None,None,No overtaking,320390,670710,0,Unset,Pedestrian,365174,unset,EH114RY,No crossing facility within 50m or physical crossing facility not controlled by authorised person,No physical crossing facility within 50m,At scene,55.922855126187635,-3.275499829297652
657310,,Slight,2,2,10/09/2010,Friday,10,September,10,9,25,230,Unclassified,,Single carriageway - 2 lanes,40,Not at or within 20 metres of junction,unset,\,,Daylight: no street lighting,Raining (without high winds),Dry,None,None,No overtaking,312290,677640,555318,Segment,T.V.N.P.,365175,unset,EH309SS,Control by other authorised person,Pedestrian phase at traffic signal junction,At scene,55.983690435826915,-3.4073316938294957
657510,,Slight,1,1,09/09/2010,Thursday,9,September,10,14,20,230,A,1,Single carriageway - 2 lanes,30,Roundabout,Give way sign or markings,A,1,Daylight: no street lighting,Fine (without high winds),Dry,None,None,No overtaking,330370,672850,532579,Junction,Bus,365176,unset,EH151JU,No crossing facility within 50m or physical crossing facility not controlled by authorised person,No physical crossing facility within 50m,Elsewhere,55.9436290601551,-3.116388557546528
657710,,Slight,2,3,10/09/2010,Friday,10,September,10,13,10,230,A,720,Dual carriageway - 2 lanes,70,Not at or within 20 metres of junction,unset,\,,Daylight: no street lighting,Fine (without high winds),Dry,None,None,No overtaking,320380,668750,570540,Segment,T.V.N.P.,365177,unset,EH146BA,No crossing facility within 50m or physical crossing facility not controlled by authorised person,No physical crossing facility within 50m,At scene,55.90524761467488,-3.2750816811434613
658210,,Slight,2,2,10/09/2010,Friday,10,September,10,11,45,230,A,901,Single carriageway - 2 lanes,30,Not at or within 20 metres of junction,unset,\,,Daylight: street lights present,Raining (without high winds),Dry,None,None,No overtaking,325410,677050,558799,Segment,T.V.N.P.,365178,unset,EH64TD,No crossing facility within 50m or physical crossing facility not controlled by authorised person,No physical crossing facility within 50m,At scene,55.980611625211736,-3.1969461071290293
658710,,Slight,3,1,10/09/2010,Friday,10,September,10,12,35,230,Unclassified,,Single carriageway - 2 lanes,30,Crossroads,Give way sign or markings,Unclassified,,Daylight: no street lighting,Raining (without high winds),Dry,None,None,No overtaking,324520,670690,529816,Junction,M.V.N.P.,365179,unset,EH106AL,No crossing facility within 50m or physical crossing facility not controlled by authorised person,No physical crossing facility within 50m,At scene,55.923342064183764,-3.2094227168510256
660110,,Serious,2,1,06/08/2010,Friday,6,August,10,18,14,230,A,701,Single carriageway - 2 lanes,30,Crossroads,Automatic Traffic Signal,Unclassified,,Daylight: street lights present,Fine (without high winds),Dry,None,None,No overtaking,326730,671820,529477,Junction,Cyclist,350533,unset,EH92BT,Control by other authorised person,Pedestrian phase at traffic signal junction,At scene,55.93383488293439,-3.1743733462717483
660510,,Slight,1,1,10/09/2010,Friday,10,September,10,17,0,230,A,71,Single carriageway - 2 lanes,30,Crossroads,Automatic Traffic Signal,Unclassified,,Daylight: street lights present,Fine (without high winds),Dry,None,None,No overtaking,322820,672230,521964,Junction,Bus,365180,unset,EH112PP,Control by other authorised person,Pedestrian phase at traffic signal junction,At scene,55.936905311016446,-3.2370602218873623
660710,,Slight,1,1,09/09/2010,Thursday,9,September,10,20,0,230,Unclassified,,Single carriageway - 2 lanes,30,Not at or within 20 metres of junction,unset,\,,Daylight: street lights present,Fine (without high winds),Dry,None,None,No overtaking,313850,671070,12231489,Segment,S.V.N.P.,365181,unset,EH288NP,No crossing facility within 50m or physical crossing facility not controlled by authorised person,No physical crossing facility within 50m,At scene,55.92496066859894,-3.3802354307425655
661910,,Slight,1,1,11/09/2010,Saturday,11,September,10,13,0,230,A,900,Single carriageway - 2 lanes,30,'T' or staggered junction,Give way sign or markings,Unclassified,,Daylight: street lights present,Fine (without high winds),Dry,None,None,No overtaking,326770,675540,519475,Junction,Bus,365182,unset,EH65EQ,No crossing facility within 50m or physical crossing facility not controlled by authorised person,No physical crossing facility within 50m,At scene,55.96725724042942,-3.1747449013521
662710,,Slight,2,2,11/09/2010,Saturday,11,September,10,15,0,230,A,90,Single carriageway - 2 lanes,40,Multiple junction,Automatic Traffic Signal,A,90,Daylight: street lights present,Fine (without high winds),Dry,None,None,No overtaking,318570,674960,519948,Junction,T.V.N.P.,365183,unset,EH48DZ,No crossing facility within 50m or physical crossing facility not controlled by authorised person,Pedestrian phase at traffic signal junction,At scene,55.96072546543241,-3.3058994715997803
663710,,Slight,2,1,11/09/2010,Saturday,11,September,10,17,40,230,B,900,Single carriageway - 2 lanes,30,'T' or staggered junction,Give way sign or markings,Unclassified,,Daylight: street lights present,Fine (without high winds),Dry,None,None,No overtaking,324340,674680,520110,Junction,Cyclist,365184,unset,EH41JG,No crossing facility within 50m or physical crossing facility not controlled by authorised person,No physical crossing facility within 50m,Elsewhere,55.9591549304355,-3.2134227692285835
664010,,Slight,2,1,12/09/2010,Sunday,12,September,10,12,15,230,A,1,Single carriageway - 2 lanes,30,Other junction,Give way sign or markings,Unclassified,,Daylight: street lights present,Fine (without high winds),Dry,None,None,No overtaking,329030,673360,523632,Junction,T.V.N.P.,365185,unset,EH87QQ,No crossing facility within 50m or physical crossing facility not controlled by authorised person,Pedestrian phase at traffic signal junction,Elsewhere,55.94801412966029,-3.1379723148343253
664610,,Slight,1,1,12/09/2010,Sunday,12,September,10,13,53,230,A,8,Single carriageway - 2 lanes,30,Not at or within 20 metres of junction,unset,\,,Daylight: street lights present,Fine (without high winds),Dry,None,None,No overtaking,319140,672900,550664,Segment,Bus,365186,unset,EH128HN,No crossing facility within 50m or physical crossing facility not controlled by authorised person,No physical crossing facility within 50m,Elsewhere,55.9423180189426,-3.29615348001091
664910,,Slight,2,1,12/09/2010,Sunday,12,September,10,17,35,230,A,199,Single carriageway - 2 lanes,30,Not at or within 20 metres of junction,unset,\,,Daylight: no street lighting,Fine (without high winds),Dry,None,None,No overtaking,326850,676630,563388,Segment,T.V.N.P.,365187,unset,EH66LX,No crossing facility within 50m or physical crossing facility not controlled by authorised person,No physical crossing facility within 50m,At scene,55.97706073866349,-3.1737600901113785
665910,,Slight,2,1,12/09/2010,Sunday,12,September,10,3,30,230,C,,Single carriageway - 2 lanes,30,Not at or within 20 metres of junction,unset,\,,Darkness: street lights present and lit,Fine (without high winds),Dry,None,None,No overtaking,325900,674370,566780,Segment,T.V.N.P.,365188,unset,EH13JG,Control by other authorised person,"Pelican, puffin, toucan or similar non-junction pedestrian light crossing",At scene,55.95661373722868,-3.1883570271131214
666110,,Serious,2,1,08/09/2010,Wednesday,8,September,10,15,25,230,A,90,Single carriageway - 2 lanes,30,'T' or staggered junction,Give way sign or markings,Unclassified,,Daylight: street lights present,Fine (without high winds),Dry,None,None,No overtaking,322700,674280,520413,Junction,T.V.N.P.,365189,unset,EH43HN,No crossing facility within 50m or physical crossing facility not controlled by authorised person,No physical crossing facility within 50m,At scene,55.95530045379627,-3.2395689272187673
666410,,Slight,1,1,12/09/2010,Sunday,12,September,10,13,0,230,A,1,Single carriageway - 2 lanes,30,Crossroads,Automatic Traffic Signal,A,1,Daylight: street lights present,Fine (without high winds),Dry,None,None,No overtaking,328310,674150,523374,Junction,Bus,365190,unset,EH87AA,Control by other authorised person,Pedestrian phase at traffic signal junction,At scene,55.95500364369037,-3.1497089459786642
667310,,Slight,4,1,13/09/2010,Monday,13,September,10,12,40,230,A,1140,Single carriageway - 2 lanes,30,Other junction,Give way sign or markings,Unclassified,,Daylight: no street lighting,Fine (without high winds),Dry,None,None,No overtaking,328840,674190,523410,Junction,M.V.N.P.,365191,unset,EH87BJ,Control by other authorised person,No physical crossing facility within 50m,At scene,55.95544185893241,-3.141233348509119
667610,,Slight,2,1,13/09/2010,Monday,13,September,10,17,30,230,Unclassified,,Single carriageway - 2 lanes,30,Not at or within 20 metres of junction,unset,\,,Daylight: street lights present,Raining (without high winds),Dry,None,None,No overtaking,321530,675930,0,Unset,T.V.N.P.,365192,unset,EH44RR,No crossing facility within 50m or physical crossing facility not controlled by authorised person,No physical crossing facility within 50m,Elsewhere,55.969931792501654,-3.258783064481679
667810,,Slight,2,1,13/09/2010,Monday,13,September,10,19,0,230,A,7,Single carriageway - 2 lanes,30,'T' or staggered junction,Automatic Traffic Signal,Unclassified,,Daylight: street lights present,Raining with high winds,Dry,None,None,No overtaking,326000,673410,521589,Junction,Cyclist,365193,unset,EH89AA,No crossing facility within 50m or physical crossing facility not controlled by authorised person,No physical crossing facility within 50m,Elsewhere,55.948005661496076,-3.186491976632359
668510,,Slight,2,1,13/09/2010,Monday,13,September,10,18,40,230,C,,Single carriageway - 2 lanes,30,Not at or within 20 metres of junction,unset,\,,Daylight: street lights present,Raining (without high winds),Dry,None,None,No overtaking,326510,673640,2106520,Segment,Cyclist,365194,unset,EH88AJ,No crossing facility within 50m or physical crossing facility not controlled by authorised person,No physical crossing facility within 50m,At scene,55.95015007858277,-3.1783903827655084
669010,,Slight,2,1,07/09/2010,Tuesday,7,September,10,17,30,230,A,199,Single carriageway - 2 lanes,30,Not at or within 20 metres of junction,unset,\,,Daylight: street lights present,Fine (without high winds),Dry,None,None,No overtaking,328610,675780,563284,Segment,T.V.N.P.,365195,unset,EH67LG,No crossing facility within 50m or physical crossing facility not controlled by authorised person,No physical crossing facility within 50m,At scene,55.969690565609966,-3.145337944796653
669910,,Slight,2,1,13/09/2010,Monday,13,September,10,16,45,230,Unclassified,,Dual carriageway - 2 lanes,30,Not at or within 20 metres of junction,unset,\,,Daylight: street lights present,Raining (without high winds),Dry,None,Other object in carriageway,No overtaking,325440,673880,550538,Segment,Cyclist,365196,unset,EH22EJ,Control by other authorised person,Pedestrian phase at traffic signal junction,Elsewhere,55.95214090952797,-3.195586847265035
670010,,Serious,1,1,14/09/2010,Tuesday,14,September,10,11,15,230,A,702,Single carriageway - 2 lanes,30,'T' or staggered junction,Give way sign or markings,Unclassified,,Daylight: street lights present,Fine (without high winds),Dry,None,None,No overtaking,324500,671610,523827,Junction,Pedestrian,365197,unset,EH104BX,No crossing facility within 50m or physical crossing facility not controlled by authorised person,No physical crossing facility within 50m,At scene,55.931603081006045,-3.2100002436283037
671110,,Slight,2,1,13/09/2010,Monday,13,September,10,22,49,230,Unclassified,,Single carriageway - 2 lanes,30,'T' or staggered junction,Automatic Traffic Signal,Unclassified,,Daylight: no street lighting,Fine (without high winds),Dry,None,None,No overtaking,324320,673030,10331569,Junction,T.V.N.P.,365198,unset,EH38AY,No crossing facility within 50m or physical crossing facility not controlled by authorised person,Pedestrian phase at traffic signal junction,At scene,55.944330264424245,-3.213279283426881
671210,,Slight,2,1,14/09/2010,Tuesday,14,September,10,16,5,230,A,71,Dual carriageway - 2 lanes,40,Roundabout,Automatic Traffic Signal,A,71,Daylight: no street lighting,Fine (without high winds),Dry,None,None,No overtaking,318660,670410,2307027,Junction,T.V.N.P.,365199,unset,EH144AW,No crossing facility within 50m or physical crossing facility not controlled by authorised person,No physical crossing facility within 50m,Elsewhere,55.91987062957145,-3.3030849955397468
672310,,Slight,1,1,14/09/2010,Tuesday,14,September,10,16,55,230,A,902,Single carriageway - 2 lanes,20,Multiple junction,Automatic Traffic Signal,Unclassified,,Daylight: no street lighting,Raining (without high winds),Dry,None,None,No overtaking,321590,674920,520011,Junction,S.V.N.P.,365200,unset,EH42AJ,No crossing facility within 50m or physical crossing facility not controlled by authorised person,Pedestrian phase at traffic signal junction,At scene,55.96086921496444,-3.2575276903775587
673010,,Slight,2,1,14/09/2010,Tuesday,14,September,10,19,45,230,A,90,Single carriageway - 2 lanes,30,'T' or staggered junction,Give way sign or markings,Unclassified,,Daylight: street lights present,Raining (without high winds),Dry,None,None,No overtaking,323910,674240,520458,Junction,Cyclist,365201,unset,EH43AP,No crossing facility within 50m or physical crossing facility not controlled by authorised person,No physical crossing facility within 50m,At scene,55.95513453843387,-3.2201839467857454
673610,,Slight,2,1,15/09/2010,Wednesday,15,September,10,8,30,230,A,701,Single carriageway - 2 lanes,30,'T' or staggered junction,Give way sign or markings,Unclassified,,Daylight: street lights present,Fine (without high winds),Dry,None,None,No overtaking,327160,670620,522744,Junction,T.V.N.P.,365202,unset,EH165QT,No crossing facility within 50m or physical crossing facility not controlled by authorised person,Pedestrian phase at traffic signal junction,Elsewhere,55.92312079716629,-3.1671680010467838
674610,,Slight,1,1,15/09/2010,Wednesday,15,September,10,19,51,230,A,701,Single carriageway - 2 lanes,30,Not at or within 20 metres of junction,unset,\,,Darkness: street lights present and lit,Fine (without high winds),Dry,None,None,No overtaking,327130,671090,569333,Segment,Bus,365203,unset,EH165PT,No crossing facility within 50m or physical crossing facility not controlled by authorised person,No physical crossing facility within 50m,Elsewhere,55.92733822112507,-3.167774938489089
674710,,Slight,3,1,15/09/2010,Wednesday,15,September,10,6,40,230,Unclassified,,Single carriageway - 2 lanes,40,Roundabout,Give way sign or markings,A,71,Daylight: street lights present,Fine (without high winds),Dry,None,None,No overtaking,318000,670170,0,Unset,M.V.N.P.,365204,unset,EH144AW,No crossing facility within 50m or physical crossing facility not controlled by authorised person,No physical crossing facility within 50m,Elsewhere,55.91760267542435,-3.3135695270088945
674910,,Slight,2,1,15/09/2010,Wednesday,15,September,10,18,0,230,B,1350,Single carriageway - 2 lanes,30,Crossroads,Automatic Traffic Signal,C,,Daylight: street lights present,Fine (without high winds),Dry,None,None,No overtaking,326930,674460,520680,Junction,T.V.N.P.,365205,unset,EH75DR,Control by other authorised person,"Pelican, puffin, toucan or similar non-junction pedestrian light crossing",At scene,55.957580161257795,-3.171888966824036
675710,,Slight,2,1,29/07/2010,Thursday,29,July,10,13,30,230,C,,Single carriageway - 2 lanes,20,Crossroads,Automatic Traffic Signal,Unclassified,,Daylight: street lights present,Fine (without high winds),Dry,None,None,No overtaking,326520,671740,529468,Junction,T.V.N.P.,361488,unset,EH92NJ,Control by other authorised person,Central refuge - no other controls,Elsewhere,55.93308416514191,-3.1777121101869024
676110,,Slight,2,1,14/09/2010,Tuesday,14,September,10,14,45,230,Unclassified,,Single carriageway - 2 lanes,30,'T' or staggered junction,Give way sign or markings,Unclassified,,Daylight: street lights present,Fine (without high winds),Dry,None,None,No overtaking,324170,673550,10258623,Junction,Cyclist,365206,unset,EH125AW,No crossing facility within 50m or physical crossing facility not controlled by authorised person,No physical crossing facility within 50m,Elsewhere,55.94897761514344,-3.2158266985657353
676610,,Serious,1,1,07/09/2010,Tuesday,7,September,10,9,50,230,A,702,Single carriageway - 2 lanes,30,Crossroads,Automatic Traffic Signal,B,700,Daylight: street lights present,Raining with high winds,Dry,None,None,No overtaking,324800,673200,521406,Junction,Pedestrian,365207,unset,EH39BE,Control by other authorised person,Pedestrian phase at traffic signal junction,Elsewhere,55.945932768687925,-3.2056434420196314
677210,,Slight,1,1,16/09/2010,Thursday,16,September,10,20,20,230,Unclassified,,Single carriageway - 2 lanes,30,Multiple junction,Automatic Traffic Signal,Unclassified,,Daylight: street lights present,Fine (without high winds),Dry,None,None,No overtaking,322600,676920,0,Unset,Pedestrian,365208,unset,EH51QW,No crossing facility within 50m or physical crossing facility not controlled by authorised person,No physical crossing facility within 50m,At scene,55.978998444746566,-3.241929615455356
677410,,Slight,2,1,16/09/2010,Thursday,16,September,10,16,30,230,Unclassified,,Single carriageway - 2 lanes,30,Not at or within 20 metres of junction,unset,\,,Daylight: street lights present,Fine (without high winds),Dry,None,None,No overtaking,325860,673380,567189,Segment,Cyclist,365209,unset,EH11HU,No crossing facility within 50m or physical crossing facility not controlled by authorised person,No physical crossing facility within 50m,Elsewhere,55.94771457143183,-3.188724907738807
678710,,Fatal,1,1,17/09/2010,Friday,17,September,10,11,30,230,A,1,Single carriageway - 2 lanes,30,Not at or within 20 metres of junction,unset,\,,Daylight: street lights present,Fine (without high winds),Dry,None,None,No overtaking,328310,674150,2106109,Segment,Pedestrian,365210,unset,EH87AA,Control by other authorised person,"Pelican, puffin, toucan or similar non-junction pedestrian light crossing",At scene,55.95500364369037,-3.1497089459786642
679110,,Slight,1,1,16/09/2010,Thursday,16,September,10,13,27,230,A,720,Dual carriageway - 2 lanes,70,Not at or within 20 metres of junction,unset,\,,Daylight: no street lighting,Fine (without high winds),Dry,None,None,No overtaking,324290,667860,570546,Segment,S.V.N.P.,365211,unset,EH107DS,No crossing facility within 50m or physical crossing facility not controlled by authorised person,No physical crossing facility within 50m,At scene,55.89788455664299,-3.212308662792792
679510,,Slight,1,1,17/09/2010,Friday,17,September,10,7,55,230,Unclassified,,Single carriageway - 2 lanes,30,'T' or staggered junction,Give way sign or markings,Unclassified,,Daylight: street lights present,Fine (without high winds),Dry,None,None,No overtaking,325590,674850,520227,Junction,Pedestrian,365212,unset,EH36NE,No crossing facility within 50m or physical crossing facility not controlled by authorised person,No physical crossing facility within 50m,At scene,55.960877501349614,-3.193453460643703
680410,,Slight,2,1,17/09/2010,Friday,17,September,10,18,30,230,Unclassified,,Single carriageway - 2 lanes,40,'T' or staggered junction,Automatic Traffic Signal,Unclassified,,Daylight: street lights present,Fine (without high winds),Dry,None,None,No overtaking,324400,673850,520899,Junction,Cyclist,365213,unset,EH37PT,No crossing facility within 50m or physical crossing facility not controlled by authorised person,Pedestrian phase at traffic signal junction,At scene,55.951708720339724,-3.2122289058632143
681610,,Slight,1,1,18/09/2010,Saturday,18,September,10,12,55,230,Unclassified,,Single carriageway - 2 lanes,40,Not at or within 20 metres of junction,unset,\,,Daylight: street lights present,Fine (without high winds),Dry,None,None,No overtaking,324040,676750,0,Unset,Bus,365214,unset,EH51AG,No crossing facility within 50m or physical crossing facility not controlled by authorised person,No physical crossing facility within 50m,Elsewhere,55.977701702466696,-3.218811202018351
682610,,Slight,2,2,18/09/2010,Saturday,18,September,10,16,25,230,Unclassified,,Single carriageway - 2 lanes,30,Crossroads,Give way sign or markings,Unclassified,,Daylight: street lights present,Fine (without high winds),Dry,None,None,No overtaking,324630,670690,0,Unset,T.V.N.P.,365215,unset,EH106DN,No crossing facility within 50m or physical crossing facility not controlled by authorised person,No physical crossing facility within 50m,At scene,55.92335933398122,-3.2076629131886647
683110,,Slight,1,1,16/09/2010,Thursday,16,September,10,13,0,230,A,7,Single carriageway - 2 lanes,30,Not at or within 20 metres of junction,unset,\,,Daylight: street lights present,Fine (without high winds),Dry,None,None,No overtaking,325930,673710,569273,Segment,Bus,365216,unset,EH11SB,No crossing facility within 50m or physical crossing facility not controlled by authorised person,No physical crossing facility within 50m,Elsewhere,55.95068971074746,-3.1876950855846222
683210,,Slight,2,3,18/09/2010,Saturday,18,September,10,13,15,230,B,701,Single carriageway - 2 lanes,30,Not at or within 20 metres of junction,unset,\,,Daylight: street lights present,Fine (without high winds),Dry,None,None,No overtaking,322180,668860,551358,Segment,T.V.N.P.,365217,unset,EH130AD,No crossing facility within 50m or physical crossing facility not controlled by authorised person,No physical crossing facility within 50m,Elsewhere,55.906530434939484,-3.246330461319452
683710,,Slight,1,1,20/09/2010,Monday,20,September,10,4,40,230,A,8,Single carriageway - 2 lanes,30,'T' or staggered junction,Give way sign or markings,Unclassified,,Darkness: street lights present and lit,Raining (without high winds),Dry,None,None,No overtaking,323170,673180,521286,Junction,Pedestrian,365218,unset,EH125JE,Control by other authorised person,"Pelican, puffin, toucan or similar non-junction pedestrian light crossing",At scene,55.945494992839414,-3.231729816163275
684510,,Slight,2,2,19/09/2010,Sunday,19,September,10,16,25,230,B,701,Single carriageway - 2 lanes,30,Crossroads,Automatic Traffic Signal,C,,Daylight: no street lighting,Fine (without high winds),Dry,None,None,No overtaking,328280,668460,530308,Junction,T.V.N.P.,365219,unset,EH166TZ,Control by other authorised person,"Pelican, puffin, toucan or similar non-junction pedestrian light crossing",Elsewhere,55.90388603572327,-3.148675761145193
685610,,Serious,3,4,19/09/2010,Sunday,19,September,10,12,10,230,A,8000,Dual carriageway - 2 lanes,70,Not at or within 20 metres of junction,unset,\,,Daylight: street lights present,Fine (without high winds),Dry,None,None,No overtaking,313860,676630,0,Unset,M.V.N.P.,365220,unset,EH309SR,No crossing facility within 50m or physical crossing facility not controlled by authorised person,No physical crossing facility within 50m,At scene,55.97490317088383,-3.3818535614231497
685710,,Slight,1,1,19/09/2010,Sunday,19,September,10,6,50,230,A,720,Dual carriageway - 2 lanes,70,Not at or within 20 metres of junction,unset,\,,Daylight: no street lighting,Raining (without high winds),Dry,Road marking defective or obscured,None,No overtaking,320330,668830,570552,Segment,S.V.N.P.,365221,unset,EH145BH,No crossing facility within 50m or physical crossing facility not controlled by authorised person,No physical crossing facility within 50m,At scene,55.9059579390406,-3.275904798000995
686210,,Slight,2,1,20/09/2010,Monday,20,September,10,12,15,230,A,720,Dual carriageway - 2 lanes,60,Not at or within 20 metres of junction,unset,\,,Daylight: no street lighting,Fine (without high winds),Dry,None,None,No overtaking,320400,668700,570540,Segment,T.V.N.P.,365222,unset,EH146BA,No crossing facility within 50m or physical crossing facility not controlled by authorised person,No physical crossing facility within 50m,At scene,55.9048017966253,-3.2747471379640913
686410,,Slight,2,1,20/09/2010,Monday,20,September,10,12,20,230,Unclassified,,Single carriageway - 2 lanes,30,Crossroads,Give way sign or markings,Unclassified,,Daylight: no street lighting,Fine (without high winds),Dry,None,None,No overtaking,327370,676190,12238905,Junction,T.V.N.P.,365223,unset,EH67EZ,No crossing facility within 50m or physical crossing facility not controlled by authorised person,No physical crossing facility within 50m,At scene,55.97318734005853,-3.1653105027871598
687610,,Slight,2,1,20/09/2010,Monday,20,September,10,17,55,230,A,900,Single carriageway - 2 lanes,30,Not at or within 20 metres of junction,unset,\,,Daylight: no street lighting,Fine (without high winds),Dry,None,None,No overtaking,326780,675540,519475,Junction,T.V.N.P.,365224,unset,EH68NX,No crossing facility within 50m or physical crossing facility not controlled by authorised person,No physical crossing facility within 50m,At scene,55.967258767196526,-3.1745847361231805
688910,,Slight,2,1,10/09/2010,Friday,10,September,10,18,0,230,A,71,Single carriageway - 2 lanes,40,Roundabout,Give way sign or markings,C,,Daylight: street lights present,Fine (without high winds),Dry,None,None,No overtaking,317990,670210,2307101,Junction,T.V.N.P.,365225,unset,EH144AW,No crossing facility within 50m or physical crossing facility not controlled by authorised person,No physical crossing facility within 50m,Elsewhere,55.91796026656047,-3.3137416339539567
689610,,Slight,1,1,18/09/2010,Saturday,18,September,10,23,30,230,Unclassified,,Single carriageway - 2 lanes,30,'T' or staggered junction,Automatic Traffic Signal,Unclassified,,Darkness: street lights present and lit,Fine (without high winds),Dry,None,None,No overtaking,324760,673520,520953,Junction,Pedestrian,365226,unset,EH12DP,Control by other authorised person,Pedestrian phase at traffic signal junction,Elsewhere,55.948800985171765,-3.206373135041701
691510,,Slight,3,2,22/09/2010,Wednesday,22,September,10,7,15,230,A,90,Dual carriageway - 2 lanes,50,Not at or within 20 metres of junction,unset,\,,Daylight: street lights present,Fine (without high winds),Dry,None,None,No overtaking,312870,677220,555417,Segment,M.V.N.P.,365227,unset,EH309SS,No crossing facility within 50m or physical crossing facility not controlled by authorised person,No physical crossing facility within 50m,At scene,55.98002373828384,-3.397902857269405
693810,,Slight,1,1,22/09/2010,Wednesday,22,September,10,18,55,230,Unclassified,,Single carriageway - 2 lanes,30,Mini-roundabout,Give way sign or markings,Unclassified,,Daylight: street lights present,Fine (without high winds),Dry,None,None,No overtaking,329910,671930,0,Unset,Pedestrian,365228,unset,EH164RP,No crossing facility within 50m or physical crossing facility not controlled by authorised person,No physical crossing facility within 50m,At scene,55.93529771337174,-3.123512488578947
693910,,Slight,2,1,22/09/2010,Wednesday,22,September,10,16,0,230,C,,Dual carriageway - 2 lanes,30,Not at or within 20 metres of junction,unset,\,,Daylight: no street lighting,Fine (without high winds),Dry,None,None,No overtaking,321960,676040,559751,Segment,T.V.N.P.,365229,unset,EH44QR,Control by other authorised person,"Pelican, puffin, toucan or similar non-junction pedestrian light crossing",Elsewhere,55.97099003631447,-3.251927601085719
694710,,Slight,2,1,23/09/2010,Thursday,23,September,10,8,10,230,Unclassified,,Single carriageway - 2 lanes,30,Crossroads,Give way sign or markings,Unclassified,,Daylight: street lights present,Raining (without high winds),Dry,None,None,No overtaking,322290,673380,521256,Junction,T.V.N.P.,365230,unset,EH126EB,No crossing facility within 50m or physical crossing facility not controlled by authorised person,No physical crossing facility within 50m,At scene,55.947149870191964,-3.245873789972155
695110,,Slight,2,2,22/09/2010,Wednesday,22,September,10,15,30,230,Unclassified,,Single carriageway - 2 lanes,30,Using private drive or entrance,Give way sign or markings,Unclassified,,Daylight: street lights present,Fine (without high winds),Dry,None,None,No overtaking,318670,671070,12232067,Junction,T.V.N.P.,365231,unset,EH114DW,No crossing facility within 50m or physical crossing facility not controlled by authorised person,No physical crossing facility within 50m,Elsewhere,55.92580075120336,-3.303123993139876
695710,,Serious,5,1,23/09/2010,Thursday,23,September,10,12,15,230,Unclassified,,Single carriageway - 2 lanes,30,Not at or within 20 metres of junction,unset,\,,Daylight: street lights present,Raining (without high winds),Dry,None,None,No overtaking,322220,671250,559183,Segment,M.V.N.P.,365232,unset,EH141QD,Control by other authorised person,"Pelican, puffin, toucan or similar non-junction pedestrian light crossing",At scene,55.92800550240703,-3.2463796502568174
696910,,Slight,2,1,23/09/2010,Thursday,23,September,10,5,25,230,A,8,Dual carriageway - 2 lanes,50,Not at or within 20 metres of junction,unset,\,,Darkness: street lights present and lit,Raining (without high winds),Dry,None,None,No overtaking,312590,672700,550791,Segment,T.V.N.P.,365233,unset,EH288SY,No crossing facility within 50m or physical crossing facility not controlled by authorised person,No physical crossing facility within 50m,At scene,55.93937391793816,-3.4009208619896385
697110,,Slight,1,2,24/09/2010,Friday,24,September,10,0,15,230,Unclassified,,Single carriageway - 2 lanes,30,Not at or within 20 metres of junction,unset,\,,Darkness: street lights present and lit,Raining (without high winds),Dry,None,None,No overtaking,316380,666930,561904,Segment,S.V.N.P.,365234,unset,EH147AJ,Control by other authorised person,Pedestrian phase at traffic signal junction,At scene,55.88822066660031,-3.338478629792825