acc_ref,beat_no,severity,no_vehicle,no_casualt,a_date,a_day,a_date_day,a_date_mon,a_date_yr,a_time_hr,a_time_min,loc_auth,road1_class,road1_no,road_type,speed_limi,junc_det,junc_ctrl,road2_class,road2_no,light_cond,weather,road_surf,spec_cond,cway_hzrds,ovrtk_patrn,easting,northing,net_id,net_type,acc_type,text_id,division,Postcode,ped_xing_hc,ped_xing_p,place_reported,latitude,longitude
806310,,Slight,1,2,02/11/2010,Tuesday,2,November,10,8,30,230,A,7,Single carriageway - 2 lanes,30,Not at or within 20 metres of junction,unset,\,,Daylight: street lights present,Fine (without high winds),Dry,None,None,No overtaking,326010,673370,569291,Segment,Pedestrian,361942,unset,EH11LS,Control by other authorised person,"Pelican, puffin, toucan or similar non-junction pedestrian light crossing",At scene,55.947647890003694,-3.1863209026258303
806810,,Slight,2,1,01/11/2010,Monday,1,November,10,21,40,230,Unclassified,,Single carriageway - 2 lanes,30,Not at or within 20 metres of junction,unset,\,,Daylight: street lights present,Fine (without high winds),Dry,None,None,No overtaking,326100,672900,560094,Segment,T.V.N.P.,361943,unset,EH89JN,No crossing facility within 50m or physical crossing facility not controlled by authorised person,No physical crossing facility within 50m,Elsewhere,55.94343982191556,-3.1847512050503632
808610,,Slight,2,1,03/11/2010,Wednesday,3,November,10,8,7,230,Unclassified,,Single carriageway - 2 lanes,30,'T' or staggered junction,Automatic Traffic Signal,Unclassified,,Daylight: no street lighting,Fine (without high winds),Dry,None,None,No overtaking,324310,668730,0,Unset,Cyclist,361944,unset,EH106QU,Control by other authorised person,Pedestrian phase at traffic signal junction,At scene,55.905702751772374,-3.2122326887394097
808710,,Slight,2,1,03/11/2010,Wednesday,3,November,10,7,25,230,A,8,Single carriageway - 2 lanes,30,'T' or staggered junction,Give way sign or markings,Unclassified,,Daylight: no street lighting,Fine (without high winds),Dry,None,None,No overtaking,314810,672470,532249,Junction,Cyclist,361945,unset,EH288NB,Control by other authorised person,Pedestrian phase at traffic signal junction,Elsewhere,55.937706956751846,-3.3653197405630864
809210,,Slight,3,1,31/10/2010,Sunday,31,October,10,14,4,230,Unclassified,,Single carriageway - 2 lanes,30,Not at or within 20 metres of junction,unset,\,,Daylight: no street lighting,Fine (without high winds),Dry,None,None,No overtaking,327380,669380,570761,Segment,M.V.N.P.,361800,unset,EH166JR,No crossing facility within 50m or physical crossing facility not controlled by authorised person,No physical crossing facility within 50m,At scene,55.912015249617646,-3.1633146383074418
810410,,Serious,2,1,04/11/2010,Thursday,4,November,10,8,0,230,C,,Single carriageway - 2 lanes,30,Not at or within 20 metres of junction,unset,\,,Daylight: street lights present,Raining (without high winds),Dry,None,None,No overtaking,328970,671130,553654,Segment,Cyclist,361946,unset,EH164SY,No crossing facility within 50m or physical crossing facility not controlled by authorised person,No physical crossing facility within 50m,At scene,55.92797317288046,-3.1383450440399403
811310,,Serious,2,1,11/08/2010,Wednesday,11,August,10,17,20,230,A,8,Roundabout,30,Roundabout,Automatic Traffic Signal,A,8,Daylight: street lights present,Fine (without high winds),Dry,None,None,No overtaking,317420,672640,9658446,Junction,Cyclist,350536,unset,EH128ND,No crossing facility within 50m or physical crossing facility not controlled by authorised person,No physical crossing facility within 50m,Elsewhere,55.93968985977556,-3.3236030087665185
811610,,Slight,1,1,04/11/2010,Thursday,4,November,10,12,0,230,C,,Single carriageway - 2 lanes,30,'T' or staggered junction,Automatic Traffic Signal,Unclassified,,Daylight: no street lighting,Raining with high winds,Dry,None,None,No overtaking,325380,673900,521049,Junction,Bus,361947,unset,EH22DF,No crossing facility within 50m or physical crossing facility not controlled by authorised person,No physical crossing facility within 50m,At scene,55.95231123951265,-3.196552999332612
811810,,Slight,2,1,04/11/2010,Thursday,4,November,10,16,15,230,A,720,Dual carriageway - 2 lanes,70,Not at or within 20 metres of junction,unset,\,,Darkness: no street lighting,Raining with high winds,Dry,None,None,No overtaking,327950,666890,2579069,Segment,T.V.N.P.,361948,unset,EH178SD,No crossing facility within 50m or physical crossing facility not controlled by authorised person,No physical crossing facility within 50m,At scene,55.88973336615746,-3.1535339633373374
812310,,Slight,4,7,04/11/2010,Thursday,4,November,10,16,35,230,Motorway,9,Dual carriageway - 2 lanes,70,Not at or within 20 metres of junction,unset,\,,Darkness: no street lighting,Raining with high winds,Dry,None,None,No overtaking,312300,673260,562738,Segment,M.V.N.P.,361949,unset,EH299DZ,No crossing facility within 50m or physical crossing facility not controlled by authorised person,No physical crossing facility within 50m,At scene,55.944351000089554,-3.405744131443579
812610,,Slight,2,1,04/11/2010,Thursday,4,November,10,22,0,230,A,900,Dual carriageway - 2 lanes,30,Not at or within 20 metres of junction,unset,\,,Darkness: street lights present and lit,Raining (without high winds),Dry,None,None,No overtaking,326179,674599,2599256,Segment,Bus,361950,unset,EH74AB,Control by other authorised person,"Pelican, puffin, toucan or similar non-junction pedestrian light crossing",At scene,55.95871381050002,-3.1839524667724204
813110,,Slight,2,1,04/11/2010,Thursday,4,November,10,9,50,230,A,70,Single carriageway - 2 lanes,30,'T' or staggered junction,Give way sign or markings,Unclassified,,Daylight: street lights present,Raining (without high winds),Dry,None,None,No overtaking,323720,672740,521793,Junction,Cyclist,361951,unset,EH112EF,Control by other authorised person,"Pelican, puffin, toucan or similar non-junction pedestrian light crossing",At scene,55.94163031151982,-3.2228012491973046
814710,,Slight,3,1,04/11/2010,Thursday,4,November,10,17,50,230,A,90,Single carriageway - 2 lanes,40,Not at or within 20 metres of junction,unset,\,,Darkness: street lighting unknown,Unknown,Dry,None,None,No overtaking,320610,675130,555471,Segment,M.V.N.P.,361952,unset,EH47AG,Control by other authorised person,Central refuge - no other controls,Elsewhere,55.96259438257625,-3.273282684684749
815610,,Slight,3,1,05/11/2010,Friday,5,November,10,18,0,230,B,900,Single carriageway - 2 lanes,30,'T' or staggered junction,Give way sign or markings,Unclassified,,Darkness: street lights present and lit,Raining (without high winds),Dry,None,None,No overtaking,324360,674670,520107,Junction,M.V.N.P.,361953,unset,EH41JF,No crossing facility within 50m or physical crossing facility not controlled by authorised person,No physical crossing facility within 50m,At scene,55.95906825672182,-3.2130996997778314
816310,,Slight,2,1,06/11/2010,Saturday,6,November,10,1,35,230,A,900,Single carriageway - 2 lanes,30,Crossroads,Automatic Traffic Signal,A,900,Darkness: street lights present and lit,Fine (without high winds),Dry,None,None,No overtaking,326980,675900,522483,Junction,T.V.N.P.,361954,unset,EH68HQ,Control by other authorised person,Pedestrian phase at traffic signal junction,At scene,55.970523083612925,-3.1714791646008416
817110,,Slight,2,1,05/11/2010,Friday,5,November,10,22,20,230,Unclassified,,Single carriageway - 2 lanes,30,Crossroads,Automatic Traffic Signal,A,70,Darkness: street lights present and lit,Raining (without high winds),Dry,None,None,No overtaking,320580,669070,532906,Junction,T.V.N.P.,361955,unset,EH130NJ,Control by other authorised person,Pedestrian phase at traffic signal junction,At scene,55.908155126440896,-3.2719777130381105
817710,,Slight,4,1,05/11/2010,Friday,5,November,10,18,30,230,A,90,Dual carriageway - 2 lanes,30,Other junction,Automatic Traffic Signal,A,902,Darkness: street lights present and lit,Raining (without high winds),Dry,None,None,No overtaking,321530,674930,520029,Junction,M.V.N.P.,361956,unset,EH42AQ,Control by other authorised person,Pedestrian phase at traffic signal junction,Elsewhere,55.96094923107081,-3.2584914093389794
818210,,Slight,1,1,29/10/2010,Friday,29,October,10,23,30,230,Unclassified,,Single carriageway - 2 lanes,30,Not at or within 20 metres of junction,unset,\,,Darkness: street lights present and lit,Unknown,Dry,None,None,No overtaking,327660,675500,0,Unset,Pedestrian,361801,unset,EH68EU,No crossing facility within 50m or physical crossing facility not controlled by authorised person,No physical crossing facility within 50m,At scene,55.96703299252566,-3.160479378071058
818410,,Slight,2,4,06/11/2010,Saturday,6,November,10,16,0,230,Unclassified,,Single carriageway - 2 lanes,50,Crossroads,Give way sign or markings,Unclassified,,Darkness: street lighting unknown,Raining (without high winds),Dry,None,None,No overtaking,323370,677260,12227194,Junction,T.V.N.P.,361957,unset,EH51PN,No crossing facility within 50m or physical crossing facility not controlled by authorised person,No physical crossing facility within 50m,At scene,55.98217623198119,-3.229690349206109
819010,,Slight,2,1,05/11/2010,Friday,5,November,10,19,0,230,Unclassified,,Single carriageway - 2 lanes,30,Not at or within 20 metres of junction,unset,\,,Darkness: street lights present and lit,Raining (without high winds),Dry,None,None,No overtaking,326670,673750,2106535,Segment,Cyclist,361958,unset,EH88AS,No crossing facility within 50m or physical crossing facility not controlled by authorised person,No physical crossing facility within 50m,Elsewhere,55.95116266732301,-3.1758588263807894
819410,,Slight,1,1,14/10/2010,Thursday,14,October,10,15,35,230,B,1350,Single carriageway - 2 lanes,30,'T' or staggered junction,Give way sign or markings,Unclassified,,Daylight: street lights present,Fine (without high winds),Dry,None,None,No overtaking,326410,674490,520668,Junction,Bus,361802,unset,EH75DX,No crossing facility within 50m or physical crossing facility not controlled by authorised person,No physical crossing facility within 50m,At scene,55.957770169656555,-3.180223670317347
820310,,Slight,1,1,04/11/2010,Thursday,4,November,10,16,35,230,Unclassified,,Single carriageway - 2 lanes,20,Not at or within 20 metres of junction,unset,\,,Darkness: street lights present and lit,Raining with high winds,Dry,None,None,No overtaking,328880,669510,12219679,Segment,Pedestrian,361959,unset,EH177ES,No crossing facility within 50m or physical crossing facility not controlled by authorised person,No physical crossing facility within 50m,At scene,55.913407364819,-3.139358008418736
820410,,Slight,1,1,07/11/2010,Sunday,7,November,10,18,4,230,A,1,Single carriageway - 2 lanes,30,Not at or within 20 metres of junction,unset,\,,Darkness: street lights present and lit,Fine (without high winds),Dry,None,None,No overtaking,328290,674150,523383,Junction,Pedestrian,361960,unset,EH87AB,No crossing facility within 50m or physical crossing facility not controlled by authorised person,No physical crossing facility within 50m,At scene,55.95500065501546,-3.1500291780433756
820510,,Slight,1,1,06/11/2010,Saturday,6,November,10,23,40,230,Unclassified,,Single carriageway - 2 lanes,30,Not at or within 20 metres of junction,unset,\,,Darkness: street lights present and lit,Raining (without high winds),Dry,None,None,No overtaking,325270,676140,563607,Segment,Bus,361961,unset,EH53AB,No crossing facility within 50m or physical crossing facility not controlled by authorised person,No physical crossing facility within 50m,Elsewhere,55.97241552279325,-3.198936219819927
822910,,Serious,2,1,08/11/2010,Monday,8,November,10,7,45,230,Unclassified,,Single carriageway - 2 lanes,30,Crossroads,Give way sign or markings,Unclassified,,Darkness: street lights present and lit,Raining (without high winds),Dry,None,None,No overtaking,331320,672910,523743,Junction,Cyclist,361962,unset,EH152ND,No crossing facility within 50m or physical crossing facility not controlled by authorised person,No physical crossing facility within 50m,At scene,55.94430491991944,-3.101197048957889
823210,,Slight,1,1,08/11/2010,Monday,8,November,10,11,45,230,A,900,Single carriageway - 2 lanes,40,Not at or within 20 metres of junction,unset,\,,Daylight: street lights present,Raining (without high winds),Dry,None,None,No overtaking,327010,675940,558521,Segment,Bus,361963,unset,EH67AA,No crossing facility within 50m or physical crossing facility not controlled by authorised person,Pedestrian phase at traffic signal junction,Elsewhere,55.970886964546224,-3.171009484207544
823410,,Slight,1,1,08/11/2010,Monday,8,November,10,8,52,230,Unclassified,,Single carriageway - 2 lanes,20,Not at or within 20 metres of junction,unset,\,,Daylight: street lights present,Fine with high winds,Dry,None,None,No overtaking,314390,677320,0,Unset,Pedestrian,361964,unset,EH309TY,No crossing facility within 50m or physical crossing facility not controlled by authorised person,No physical crossing facility within 50m,At scene,55.98119574148349,-3.3735834907218267
823810,,Slight,2,1,08/11/2010,Monday,8,November,10,13,40,230,A,7,Single carriageway - 2 lanes,30,'T' or staggered junction,Give way sign or markings,Unclassified,,Daylight: street lights present,Raining (without high winds),Dry,None,None,No overtaking,326290,672700,532693,Junction,Bus,361965,unset,EH89JG,Control by other authorised person,Pedestrian phase at traffic signal junction,Elsewhere,55.94167246341803,-3.1816552229465707
825110,,Slight,1,1,05/11/2010,Friday,5,November,10,13,30,230,A,8,Dual carriageway - 2 lanes,30,Other junction,Automatic Traffic Signal,C,,Daylight: street lights present,Fine (without high winds),Dry,None,None,No overtaking,325710,673970,521076,Junction,Pedestrian,361966,unset,EH22AN,Control by other authorised person,"Pelican, puffin, toucan or similar non-junction pedestrian light crossing",At scene,55.9529912355884,-3.1912889308052086
825310,,Slight,2,1,07/11/2010,Sunday,7,November,10,11,45,230,A,71,Roundabout,40,Roundabout,Give way sign or markings,C,,Daylight: street lights present,Fine (without high winds),Dry,None,None,No overtaking,320720,671140,529507,Junction,Cyclist,361967,unset,EH113PR,No crossing facility within 50m or physical crossing facility not controlled by authorised person,No physical crossing facility within 50m,At scene,55.92677220119312,-3.2703469892905526
826210,,Slight,3,1,09/11/2010,Tuesday,9,November,10,8,30,230,A,71,Dual carriageway - 2 lanes,40,Not at or within 20 metres of junction,unset,\,,Darkness: street lights present but unlit,Unknown,Dry,None,None,No overtaking,320180,670880,562840,Segment,M.V.N.P.,361968,unset,EH114AJ,No crossing facility within 50m or physical crossing facility not controlled by authorised person,No physical crossing facility within 50m,At scene,55.924347318973474,-3.2789096222335252
826310,,Serious,2,1,09/11/2010,Tuesday,9,November,10,16,50,230,A,90,Single carriageway - 2 lanes,30,'T' or staggered junction,Give way sign or markings,Unclassified,,Darkness: street lights present and lit,Fine (without high winds),Dry,None,None,No overtaking,321180,675030,522330,Junction,T.V.N.P.,361969,unset,EH45ED,No crossing facility within 50m or physical crossing facility not controlled by authorised person,No physical crossing facility within 50m,At scene,55.96179011394078,-3.2641253837963244
826610,,Slight,1,1,06/11/2010,Saturday,6,November,10,9,10,230,A,90,Single carriageway - 2 lanes,30,'T' or staggered junction,Give way sign or markings,C,,Daylight: street lighting unknown,Fine (without high winds),Dry,None,None,No overtaking,324110,674260,520476,Junction,Pedestrian,361970,unset,EH41PQ,Control by other authorised person,Pedestrian phase at traffic signal junction,Elsewhere,55.95534586489324,-3.21698733133834
827510,,Slight,2,2,09/11/2010,Tuesday,9,November,10,16,50,230,Motorway,9,Dual carriageway - 2 lanes,70,Not at or within 20 metres of junction,unset,\,,Darkness: no street lighting,Fine (without high winds),Dry,None,None,No overtaking,311670,674340,562735,Segment,T.V.N.P.,361971,unset,EH299EF,No crossing facility within 50m or physical crossing facility not controlled by authorised person,No physical crossing facility within 50m,At scene,55.953936087636045,-3.416181767720597
828710,,Serious,1,1,09/11/2010,Tuesday,9,November,10,15,45,230,A,71,Single carriageway - 2 lanes,30,Not at or within 20 metres of junction,unset,\,,Daylight: no street lighting,Raining (without high winds),Dry,None,None,No overtaking,322040,671710,549737,Segment,Pedestrian,361972,unset,EH113AD,No crossing facility within 50m or physical crossing facility not controlled by authorised person,No physical crossing facility within 50m,At scene,55.93210833996068,-3.2493926229630983
829410,,Slight,2,1,10/11/2010,Wednesday,10,November,10,13,30,230,A,700,Single carriageway - 2 lanes,30,Not at or within 20 metres of junction,unset,\,,Daylight: no street lighting,Fine (without high winds),Dry,None,None,No overtaking,325380,672590,559577,Segment,T.V.N.P.,361973,unset,EH39LW,No crossing facility within 50m or physical crossing facility not controlled by authorised person,No physical crossing facility within 50m,At scene,55.940543773213705,-3.196190084896674
830010,,Slight,2,1,10/11/2010,Wednesday,10,November,10,17,50,230,A,71,Dual carriageway - 2 lanes,40,Roundabout,Give way sign or markings,Unclassified,,Darkness: street lights present and lit,Fine (without high winds),Dry,None,None,No overtaking,320090,670840,529672,Junction,T.V.N.P.,361974,unset,EH114AJ,No crossing facility within 50m or physical crossing facility not controlled by authorised person,No physical crossing facility within 50m,Elsewhere,55.923973056297456,-3.280337610500102
830410,,Slight,2,2,10/11/2010,Wednesday,10,November,10,16,45,230,Unclassified,,Single carriageway - 2 lanes,30,Multiple junction,Automatic Traffic Signal,A,702,Darkness: street lights present and lit,Fine (without high winds),Dry,None,None,No overtaking,324490,671890,522291,Junction,T.V.N.P.,361975,unset,EH105DP,Control by other authorised person,"Pelican, puffin, toucan or similar non-junction pedestrian light crossing",At scene,55.934116685330714,-3.21023868544108
832510,,Slight,2,1,10/11/2010,Wednesday,10,November,10,11,25,230,Unclassified,,Single carriageway - 2 lanes,30,Not at or within 20 metres of junction,unset,\,,Daylight: street lights present,Raining (without high winds),Dry,None,None,No overtaking,325730,672320,0,Unset,Pedestrian,361976,unset,EH91LE,No crossing facility within 50m or physical crossing facility not controlled by authorised person,No physical crossing facility within 50m,Elsewhere,55.93817268111674,-3.1905137789229543
833310,,Serious,1,1,11/11/2010,Thursday,11,November,10,21,0,230,Unclassified,,Single carriageway - 2 lanes,30,'T' or staggered junction,Give way sign or markings,Unclassified,,Darkness: street lights present and lit,Raining with high winds,Dry,None,None,No overtaking,320580,670700,530446,Junction,Pedestrian,361977,unset,EH114SP,No crossing facility within 50m or physical crossing facility not controlled by authorised person,Central refuge - no other controls,At scene,55.92279674443794,-3.272457337411534
833810,,Slight,2,1,10/11/2010,Wednesday,10,November,10,9,5,230,A,901,Single carriageway - 2 lanes,30,Other junction,Give way sign or markings,A,901,Daylight: street lights present,Fine (without high winds),Dry,None,None,No overtaking,325670,677000,0,Unset,Bus,361978,unset,EH64LJ,No crossing facility within 50m or physical crossing facility not controlled by authorised person,No physical crossing facility within 50m,Elsewhere,55.98020287172923,-3.192766576988402
834810,,Slight,2,1,12/11/2010,Friday,12,November,10,8,45,230,A,8,Dual carriageway - 2 lanes,30,Not at or within 20 metres of junction,unset,\,,Daylight: street lights present,Fine with high winds,Dry,None,None,No overtaking,325300,673850,551202,Segment,Bus,361979,unset,EH22ER,Control by other authorised person,Pedestrian phase at traffic signal junction,Elsewhere,55.95184965409193,-3.197819945369812
834910,,Slight,2,1,12/11/2010,Friday,12,November,10,14,5,230,Unclassified,,Single carriageway - 2 lanes,30,Not at or within 20 metres of junction,unset,\,,Daylight: street lights present,Raining with high winds,Dry,None,None,No overtaking,324110,675940,563658,Segment,T.V.N.P.,361980,unset,EH52AD,No crossing facility within 50m or physical crossing facility not controlled by authorised person,No physical crossing facility within 50m,At scene,55.97043681029915,-3.217461150536367
835010,,Slight,2,1,12/11/2010,Friday,12,November,10,14,0,230,Unclassified,,Single carriageway - 2 lanes,30,'T' or staggered junction,Give way sign or markings,Unclassified,,Daylight: street lights present,Raining with high winds,Dry,None,None,No overtaking,326090,672910,532711,Junction,Cyclist,361981,unset,EH89JR,No crossing facility within 50m or physical crossing facility not controlled by authorised person,No physical crossing facility within 50m,Elsewhere,55.94352811076996,-3.184914014893913
835210,,Slight,3,1,12/11/2010,Friday,12,November,10,15,0,230,A,1140,Single carriageway - 2 lanes,30,Not at or within 20 metres of junction,unset,\,,Daylight: no street lighting,Fine with high winds,Dry,None,None,No overtaking,329520,674330,554906,Segment,M.V.N.P.,361982,unset,EH76UB,No crossing facility within 50m or physical crossing facility not controlled by authorised person,No physical crossing facility within 50m,At scene,55.956799849920294,-3.1303819264109696
835610,,Serious,1,1,13/11/2010,Saturday,13,November,10,20,15,230,Unclassified,,Single carriageway - 2 lanes,30,Not at or within 20 metres of junction,unset,\,,Darkness: street lights present and lit,Fine (without high winds),Dry,None,None,No overtaking,326140,676350,563715,Segment,Pedestrian,361983,unset,EH64ET,No crossing facility within 50m or physical crossing facility not controlled by authorised person,No physical crossing facility within 50m,At scene,55.974436702779855,-3.1850577383638954
836310,,Slight,1,2,10/11/2010,Wednesday,10,November,10,21,20,230,Unclassified,,Single carriageway - 2 lanes,60,Not at or within 20 metres of junction,unset,\,,Darkness: no street lighting,Fine (without high winds),Dry,None,None,No overtaking,314880,675580,0,Unset,S.V.N.P.,361984,unset,EH299EJ,No crossing facility within 50m or physical crossing facility not controlled by authorised person,No physical crossing facility within 50m,At scene,55.96565401255216,-3.365182458150551
837010,,Slight,1,1,13/11/2010,Saturday,13,November,10,15,50,230,A,70,Single carriageway - 2 lanes,30,'T' or staggered junction,Give way sign or markings,Unclassified,,Daylight: street lights present,Fine with high winds,Dry,None,None,No overtaking,323900,672940,521805,Junction,Bus,361985,unset,EH112DW,No crossing facility within 50m or physical crossing facility not controlled by authorised person,No physical crossing facility within 50m,Elsewhere,55.943455422157236,-3.219976717099456
837110,,Slight,2,1,13/11/2010,Saturday,13,November,10,16,40,230,Unclassified,,Roundabout,30,Mini-roundabout,Give way sign or markings,C,,Darkness: street lights present and lit,Fine (without high winds),Dry,None,None,No overtaking,322570,669810,532855,Junction,T.V.N.P.,361986,unset,EH130PN,No crossing facility within 50m or physical crossing facility not controlled by authorised person,No physical crossing facility within 50m,At scene,55.91512697708473,-3.2403663964110265
837210,,Slight,2,1,13/11/2010,Saturday,13,November,10,18,45,230,A,6095,Single carriageway - 2 lanes,30,Crossroads,Automatic Traffic Signal,A,6095,Darkness: street lights present and lit,Fine (without high winds),Dry,None,None,No overtaking,330490,671750,530029,Junction,T.V.N.P.,361987,unset,EH164ND,Control by other authorised person,Pedestrian phase at traffic signal junction,At scene,55.93376507633028,-3.1141839412146983
837310,,Slight,2,1,13/11/2010,Saturday,13,November,10,16,55,230,C,,Single carriageway - 2 lanes,30,'T' or staggered junction,Give way sign or markings,Unclassified,,Daylight: street lights present,Fine (without high winds),Dry,None,None,No overtaking,323020,673120,12223594,Junction,T.V.N.P.,361988,unset,EH125PW,No crossing facility within 50m or physical crossing facility not controlled by authorised person,No physical crossing facility within 50m,Elsewhere,55.94493200139423,-3.234113749484565
838010,,Slight,1,1,12/11/2010,Friday,12,November,10,17,0,230,A,900,Single carriageway - 2 lanes,30,'T' or staggered junction,Automatic Traffic Signal,A,900,Darkness: street lights present and lit,Fine (without high winds),Dry,None,None,No overtaking,326550,675140,519867,Junction,S.V.N.P.,361989,unset,EH74PE,Control by other authorised person,"Pelican, puffin, toucan or similar non-junction pedestrian light crossing",At scene,55.963630466967416,-3.178159322206346
842310,,Slight,2,1,15/11/2010,Monday,15,November,10,8,55,230,Motorway,9,Dual carriageway - 2 lanes,60,Not at or within 20 metres of junction,unset,\,,Daylight: no street lighting,Fine (without high winds),Dry,None,None,No overtaking,312460,673200,562714,Segment,T.V.N.P.,361990,unset,EH288SY,No crossing facility within 50m or physical crossing facility not controlled by authorised person,No physical crossing facility within 50m,At scene,55.94384127358817,-3.4031637386089653
842610,,Slight,2,1,15/11/2010,Monday,15,November,10,10,0,230,A,71,Single carriageway - 2 lanes,30,Not at or within 20 metres of junction,unset,\,,Daylight: no street lighting,Fine (without high winds),Dry,None,None,No overtaking,321380,671450,529546,Junction,T.V.N.P.,361991,unset,EH113LJ,No crossing facility within 50m or physical crossing facility not controlled by authorised person,No physical crossing facility within 50m,Elsewhere,55.92966527856138,-3.2598778200882426
843010,,Slight,2,1,15/11/2010,Monday,15,November,10,18,5,230,A,720,Dual carriageway - 2 lanes,60,Not at or within 20 metres of junction,unset,\,,Daylight: no street lighting,Fine (without high winds),Dry,None,None,No overtaking,324420,667840,570534,Segment,T.V.N.P.,361992,unset,EH107DS,No crossing facility within 50m or physical crossing facility not controlled by authorised person,No physical crossing facility within 50m,At scene,55.8977253498806,-3.2102246643020376
843110,,Slight,2,1,15/11/2010,Monday,15,November,10,14,30,230,A,71,Roundabout,30,Roundabout,Give way sign or markings,Unclassified,,Daylight: street lights present,Fine (without high winds),Dry,None,None,No overtaking,319400,670690,529645,Junction,T.V.N.P.,361993,unset,EH114HD,No crossing facility within 50m or physical crossing facility not controlled by authorised person,Pedestrian phase at traffic signal junction,Elsewhere,55.92251042293397,-3.291331401026312
843710,,Slight,2,3,15/11/2010,Monday,15,November,10,14,17,230,Unclassified,,Single carriageway - 2 lanes,50,Not at or within 20 metres of junction,unset,\,,Daylight: no street lighting,Fine (without high winds),Dry,None,None,No overtaking,324700,669980,553522,Segment,T.V.N.P.,361994,unset,EH106LA,No crossing facility within 50m or physical crossing facility not controlled by authorised person,No physical crossing facility within 50m,At scene,55.916992519854986,-3.206344883085993
843810,,Slight,1,1,15/11/2010,Monday,15,November,10,14,50,230,Unclassified,,One way Street,30,Other junction,Give way sign or markings,Unclassified,,Daylight: no street lighting,Fine (without high winds),Dry,None,None,No overtaking,324440,673640,12223898,Junction,Pedestrian,361995,unset,EH37BR,No crossing facility within 50m or physical crossing facility not controlled by authorised person,No physical crossing facility within 50m,At scene,55.94982864395896,-3.211529585348721
844110,,Slight,1,1,15/11/2010,Monday,15,November,10,19,29,230,A,90,Single carriageway - 2 lanes,40,Not at or within 20 metres of junction,unset,\,,Darkness: street lights present and lit,Raining (without high winds),Dry,None,None,No overtaking,320240,675120,555456,Segment,Cyclist,361996,unset,EH46AH,No crossing facility within 50m or physical crossing facility not controlled by authorised person,No physical crossing facility within 50m,At scene,55.96244318738825,-3.2792048920463728
844210,,Slight,1,1,15/11/2010,Monday,15,November,10,20,40,230,A,902,Single carriageway - 2 lanes,30,Not at or within 20 metres of junction,unset,\,,Darkness: street lights present and lit,Raining (without high winds),Dry,None,None,No overtaking,322330,674920,563703,Segment,Pedestrian,361997,unset,EH42SB,No crossing facility within 50m or physical crossing facility not controlled by authorised person,No physical crossing facility within 50m,At scene,55.96098958408009,-3.2456777347125048
844310,,Slight,2,1,15/11/2010,Monday,15,November,10,21,30,230,A,7,Single carriageway - 2 lanes,30,Not at or within 20 metres of junction,unset,\,,Darkness: street lights present and lit,Fine (without high winds),Dry,None,None,No overtaking,326110,673150,569282,Segment,T.V.N.P.,361998,unset,EH89BZ,No crossing facility within 50m or physical crossing facility not controlled by authorised person,No physical crossing facility within 50m,Elsewhere,55.945687071192594,-3.1846597126393323
845210,,Slight,2,1,16/11/2010,Tuesday,16,November,10,16,0,230,A,902,Single carriageway - 2 lanes,30,Not at or within 20 metres of junction,unset,\,,Daylight: street lights present,Fine (without high winds),Dry,None,None,No overtaking,322260,674900,563697,Segment,T.V.N.P.,361999,unset,EH42LX,Control by other authorised person,Pedestrian phase at traffic signal junction,Elsewhere,55.96079859441528,-3.2467929030736022
846310,,Slight,2,1,15/11/2010,Monday,15,November,10,10,40,230,A,8,Dual carriageway - 2 lanes,40,Not at or within 20 metres of junction,unset,\,,Daylight: street lights present,Fine (without high winds),Dry,None,None,No overtaking,317860,672710,9659466,Segment,T.V.N.P.,362000,unset,EH128ND,No crossing facility within 50m or physical crossing facility not controlled by authorised person,No physical crossing facility within 50m,At scene,55.94039409398146,-3.316582462216936
847010,,Slight,3,1,16/11/2010,Tuesday,16,November,10,10,0,230,A,901,Roundabout,30,Roundabout,Give way sign or markings,Unclassified,,Daylight: street lights present,Fine (without high winds),Dry,None,None,No overtaking,323710,677130,518896,Junction,M.V.N.P.,362001,unset,EH51HE,No crossing facility within 50m or physical crossing facility not controlled by authorised person,No physical crossing facility within 50m,At scene,55.98106271680276,-3.2242058344986475
848110,,Slight,1,1,16/11/2010,Tuesday,16,November,10,15,0,230,C,,Single carriageway - 2 lanes,30,Crossroads,Automatic Traffic Signal,Unclassified,,Daylight: street lights present,Raining (without high winds),Dry,None,None,No overtaking,326140,673700,521157,Junction,S.V.N.P.,362002,unset,EH11TB,Control by other authorised person,Pedestrian phase at traffic signal junction,At scene,55.9506322479715,-3.184330321602206
848810,,Slight,3,1,17/11/2010,Wednesday,17,November,10,8,25,230,Unclassified,,Single carriageway - 2 lanes,30,Not at or within 20 metres of junction,unset,\,,Daylight: street lights present,Fine (without high winds),Dry,None,None,No overtaking,323510,675840,563646,Segment,M.V.N.P.,362003,unset,EH52DJ,No crossing facility within 50m or physical crossing facility not controlled by authorised person,No physical crossing facility within 50m,At scene,55.96944322373583,-3.227043234406874
848910,,Slight,2,1,26/07/2010,Monday,26,July,10,12,20,230,A,902,Dual carriageway - 2 lanes,40,'T' or staggered junction,Automatic Traffic Signal,A,8,Daylight: street lights present,Fine (without high winds),Dry,None,None,No overtaking,318060,672730,521634,Junction,T.V.N.P.,350577,unset,EH128LU,No crossing facility within 50m or physical crossing facility not controlled by authorised person,No physical crossing facility within 50m,Elsewhere,55.94060791287941,-3.3133876251178704