acc_ref,beat_no,severity,no_vehicle,no_casualt,a_date,a_day,a_date_day,a_date_mon,a_date_yr,a_time_hr,a_time_min,loc_auth,road1_class,road1_no,road_type,speed_limi,junc_det,junc_ctrl,road2_class,road2_no,light_cond,weather,road_surf,spec_cond,cway_hzrds,ovrtk_patrn,easting,northing,net_id,net_type,acc_type,text_id,division,Postcode,ped_xing_hc,ped_xing_p,place_reported,latitude,longitude
851510,,Slight,1,1,15/11/2010,Monday,15,November,10,16,46,230,C,,Single carriageway - 2 lanes,30,Not at or within 20 metres of junction,unset,\,,Darkness: street lights present and lit,Fine (without high winds),Dry,None,None,No overtaking,322820,676250,559937,Segment,S.V.N.P.,362004,unset,EH52NR,No crossing facility within 50m or physical crossing facility not controlled by authorised person,Central refuge - no other controls,At scene,55.97301555844942,-3.238212666033584
851810,,Slight,4,1,17/11/2010,Wednesday,17,November,10,16,40,230,A,700,Single carriageway - 2 lanes,30,'T' or staggered junction,Give way sign or markings,Unclassified,,Daylight: street lights present,Fine (without high winds),Dry,None,None,No overtaking,325640,672520,12220073,Junction,M.V.N.P.,362005,unset,EH39EE,No crossing facility within 50m or physical crossing facility not controlled by authorised person,"Pelican, puffin, toucan or similar non-junction pedestrian light crossing",At scene,55.93995531595279,-3.192009365145283
851910,,Slight,1,2,17/11/2010,Wednesday,17,November,10,8,50,230,C,,Single carriageway - 2 lanes,30,Not at or within 20 metres of junction,unset,\,,Daylight: no street lighting,Fine (without high winds),Dry,None,None,No overtaking,323670,674430,560033,Segment,Pedestrian,362006,unset,EH42UQ,No crossing facility within 50m or physical crossing facility not controlled by authorised person,No physical crossing facility within 50m,At scene,55.95680313375933,-3.224080515586016
852110,,Slight,1,1,18/11/2010,Thursday,18,November,10,12,50,230,A,7,Single carriageway - 2 lanes,30,Crossroads,Automatic Traffic Signal,C,,Daylight: street lighting unknown,Fine (without high winds),Dry,None,None,No overtaking,325950,673630,521103,Junction,Cyclist,362007,unset,EH11LL,No crossing facility within 50m or physical crossing facility not controlled by authorised person,No physical crossing facility within 50m,At scene,55.94997417134093,-3.187352894262895
852410,,Slight,1,1,13/11/2010,Saturday,13,November,10,0,1,230,Unclassified,,Single carriageway - 2 lanes,30,Not at or within 20 metres of junction,unset,\,,Darkness: street lights present and lit,Raining (without high winds),Dry,None,None,No overtaking,320490,676360,557350,Segment,S.V.N.P.,362008,unset,EH45EX,No crossing facility within 50m or physical crossing facility not controlled by authorised person,No physical crossing facility within 50m,At scene,55.97362298417969,-3.2755679084905003
853310,,Slight,2,1,18/11/2010,Thursday,18,November,10,17,0,230,A,7,Single carriageway - 2 lanes,30,Other junction,Automatic Traffic Signal,Unclassified,,Darkness: street lights present and lit,Fine (without high winds),Dry,None,None,No overtaking,325850,673980,517891,Junction,Cyclist,362009,unset,EH11TR,Control by other authorised person,Pedestrian phase at traffic signal junction,Elsewhere,55.95310271687102,-3.1890502082184073
853410,,Slight,1,1,18/11/2010,Thursday,18,November,10,15,30,230,Unclassified,,Single carriageway - 2 lanes,30,Not at or within 20 metres of junction,unset,\,,Daylight: street lights present,Fine (without high winds),Dry,None,None,No overtaking,325460,676530,0,Unset,Pedestrian,362010,unset,EH64RR,No crossing facility within 50m or physical crossing facility not controlled by authorised person,No physical crossing facility within 50m,At scene,55.97594837088437,-3.1960008171494003
853510,,Slight,1,1,18/11/2010,Thursday,18,November,10,14,11,230,C,,Single carriageway - 2 lanes,30,Not at or within 20 metres of junction,unset,\,,Daylight: street lights present,Fine (without high winds),Dry,None,None,No overtaking,322740,672670,559290,Segment,Bus,362011,unset,EH112RB,No crossing facility within 50m or physical crossing facility not controlled by authorised person,No physical crossing facility within 50m,At scene,55.940844820866786,-3.2384666518470806
854010,,Serious,1,1,18/11/2010,Thursday,18,November,10,17,54,230,A,902,Single carriageway - 2 lanes,30,Other junction,Automatic Traffic Signal,Unclassified,,Darkness: street lights present and lit,Raining (without high winds),Dry,None,None,No overtaking,322500,674960,520062,Junction,Pedestrian,362012,unset,EH42NF,No crossing facility within 50m or physical crossing facility not controlled by authorised person,No physical crossing facility within 50m,At scene,55.96137638040504,-3.242966953986471
854110,,Slight,1,1,19/11/2010,Friday,19,November,10,8,20,230,A,7,Single carriageway - 2 lanes,30,Not at or within 20 metres of junction,unset,\,,Daylight: no street lighting,Fine (without high winds),Dry,None,None,No overtaking,325890,673810,569270,Segment,Pedestrian,362013,unset,EH11BB,No crossing facility within 50m or physical crossing facility not controlled by authorised person,No physical crossing facility within 50m,At scene,55.95158181728486,-3.1883629923267653
854510,,Slight,2,1,19/11/2010,Friday,19,November,10,8,0,230,A,900,Single carriageway - 2 lanes,30,Not at or within 20 metres of junction,unset,\,,Daylight: street lights present,Fine (without high winds),Dry,None,None,No overtaking,326840,675680,558446,Segment,T.V.N.P.,362014,unset,EH65DT,No crossing facility within 50m or physical crossing facility not controlled by authorised person,No physical crossing facility within 50m,At scene,55.96852552116371,-3.173661823304765
855610,,Slight,1,1,19/11/2010,Friday,19,November,10,16,35,230,C,,Single carriageway - 2 lanes,30,Other junction,Give way sign or markings,Unclassified,,Darkness: street lights present and lit,Fine (without high winds),Dry,None,None,No overtaking,326950,674660,520275,Junction,Pedestrian,362015,unset,EH75PL,No crossing facility within 50m or physical crossing facility not controlled by authorised person,No physical crossing facility within 50m,At scene,55.95937977909096,-3.1716230002942263
856110,,Slight,3,2,19/11/2010,Friday,19,November,10,17,54,230,A,7,Single carriageway - 2 lanes,30,Not at or within 20 metres of junction,unset,\,,Darkness: street lights present and lit,Fine (without high winds),Dry,None,None,No overtaking,328680,670340,568099,Segment,M.V.N.P.,362016,unset,EH164SU,No crossing facility within 50m or physical crossing facility not controlled by authorised person,No physical crossing facility within 50m,At scene,55.920833625434035,-3.142776286976724
856310,,Slight,3,1,19/11/2010,Friday,19,November,10,17,1,230,Unclassified,,Single carriageway - 2 lanes,30,'T' or staggered junction,Give way sign or markings,Unclassified,,Darkness: street lights present and lit,Fine (without high winds),Dry,None,None,No overtaking,319980,670950,529660,Junction,M.V.N.P.,362017,unset,EH113TP,No crossing facility within 50m or physical crossing facility not controlled by authorised person,No physical crossing facility within 50m,At scene,55.9249428276486,-3.2821300233605433
856610,,Slight,1,1,19/11/2010,Friday,19,November,10,18,22,230,A,7,Single carriageway - 2 lanes,30,'T' or staggered junction,Automatic Traffic Signal,A,8,Darkness: street lights present and lit,Fine (without high winds),Dry,None,None,No overtaking,325850,673980,517891,Junction,Bus,362018,unset,EH11TR,Control by other authorised person,Pedestrian phase at traffic signal junction,At scene,55.95310271687102,-3.1890502082184073
857610,,Slight,1,1,20/11/2010,Saturday,20,November,10,13,20,230,Unclassified,,Single carriageway - 2 lanes,30,'T' or staggered junction,Give way sign or markings,B,701,Daylight: street lights present,Raining (without high winds),Dry,None,None,No overtaking,319100,674050,520350,Junction,Pedestrian,362019,unset,EH128DW,No crossing facility within 50m or physical crossing facility not controlled by authorised person,No physical crossing facility within 50m,At scene,55.952641102487895,-3.29713908015485
857710,,Serious,1,1,20/11/2010,Saturday,20,November,10,17,45,230,Unclassified,,Single carriageway - 2 lanes,30,'T' or staggered junction,Give way sign or markings,B,901,Darkness: street lights present and lit,Raining (without high winds),Dry,None,None,No overtaking,325700,674780,520218,Junction,Pedestrian,362020,unset,EH74BJ,No crossing facility within 50m or physical crossing facility not controlled by authorised person,Central refuge - no other controls,At scene,55.960265754936124,-3.1916726173039534
857810,,Slight,1,1,20/11/2010,Saturday,20,November,10,16,1,230,C,,Single carriageway - 2 lanes,20,Other junction,Give way sign or markings,Unclassified,,Daylight: street lights present,Raining (without high winds),Dry,None,None,No overtaking,323920,672560,521826,Junction,Bus,362021,unset,EH111DG,No crossing facility within 50m or physical crossing facility not controlled by authorised person,No physical crossing facility within 50m,Elsewhere,55.94004515523758,-3.219549290888687
858010,,Slight,2,2,20/11/2010,Saturday,20,November,10,19,0,230,C,,Single carriageway - 2 lanes,30,Crossroads,Automatic Traffic Signal,C,,Darkness: street lights present and lit,Raining (without high winds),Dry,None,None,No overtaking,327600,669520,530152,Junction,T.V.N.P.,362022,unset,EH166RY,No crossing facility within 50m or physical crossing facility not controlled by authorised person,Pedestrian phase at traffic signal junction,At scene,55.91330605770639,-3.1598335489805334
859110,,Slight,2,1,20/11/2010,Saturday,20,November,10,16,30,230,A,702,Single carriageway - 2 lanes,20,'T' or staggered junction,Automatic Traffic Signal,Unclassified,,Darkness: street lights present and lit,Raining (without high winds),Dry,None,None,No overtaking,324730,673570,520950,Junction,T.V.N.P.,362023,unset,EH12DA,Control by other authorised person,Pedestrian phase at traffic signal junction,At scene,55.94924541936979,-3.2068673710038293
859210,,Slight,3,3,20/11/2010,Saturday,20,November,10,18,30,230,Unclassified,,Single carriageway - 2 lanes,30,Crossroads,Give way sign or markings,Unclassified,,Darkness: street lights present and lit,Raining (without high winds),Dry,None,None,No overtaking,321980,668740,0,Unset,M.V.N.P.,362024,unset,EH130BG,No crossing facility within 50m or physical crossing facility not controlled by authorised person,No physical crossing facility within 50m,At scene,55.90542009710621,-3.2494940035069537
860010,,Slight,3,1,18/11/2010,Thursday,18,November,10,22,14,230,A,199,Single carriageway - 2 lanes,30,Not at or within 20 metres of junction,unset,\,,Darkness: no street lighting,Fine (without high winds),Dry,None,None,No overtaking,332240,673370,0,Unset,M.V.N.P.,362025,unset,EH152HF,No crossing facility within 50m or physical crossing facility not controlled by authorised person,No physical crossing facility within 50m,At scene,55.94856793084638,-3.0865858669881643
860110,,Slight,1,1,20/11/2010,Saturday,20,November,10,12,30,230,A,8,Dual carriageway - 2 lanes,30,'T' or staggered junction,Automatic Traffic Signal,Unclassified,,Daylight: street lights present,Raining (without high winds),Dry,None,Other object in carriageway,No overtaking,324980,673760,520938,Junction,Cyclist,362026,unset,EH24AA,Control by other authorised person,"Pelican, puffin, toucan or similar non-junction pedestrian light crossing",Elsewhere,55.950991288000125,-3.202918071674467
860910,,Slight,2,1,21/10/2010,Thursday,21,October,10,17,35,230,A,199,Dual carriageway - 2 lanes,30,Crossroads,Automatic Traffic Signal,A,199,Darkness: street lights present and lit,Unknown,Dry,None,None,No overtaking,327250,676450,519262,Junction,T.V.N.P.,361803,unset,EH66PW,Control by other authorised person,Pedestrian phase at traffic signal junction,Elsewhere,55.975504689967686,-3.1673031357612165
861910,,Slight,1,1,20/11/2010,Saturday,20,November,10,3,20,230,A,900,Dual carriageway - 2 lanes,30,Other junction,Give way sign or markings,Unclassified,,Darkness: street lights present and lit,Fine (without high winds),Dry,None,None,No overtaking,326080,674450,520665,Junction,Pedestrian,362027,unset,EH13NQ,No crossing facility within 50m or physical crossing facility not controlled by authorised person,Pedestrian phase at traffic signal junction,At scene,55.957360127616056,-3.1854968256607274
863510,,Serious,1,2,22/11/2010,Monday,22,November,10,16,15,230,Unclassified,,Single carriageway - 2 lanes,30,'T' or staggered junction,Authorised Person,A,7,Darkness: street lights present and lit,Raining (without high winds),Dry,None,None,No overtaking,329740,669470,530233,Junction,S.V.N.P.,362028,unset,EH164SP,No crossing facility within 50m or physical crossing facility not controlled by authorised person,No physical crossing facility within 50m,At scene,55.91317455105778,-3.1255922556308686
864010,,Slight,1,1,21/11/2010,Sunday,21,November,10,23,40,230,Unclassified,,Single carriageway - 2 lanes,30,Not at or within 20 metres of junction,unset,\,,Darkness: street lights present and lit,Raining (without high winds),Dry,None,None,No overtaking,320270,674130,565991,Segment,Pedestrian,362029,unset,EH126UW,No crossing facility within 50m or physical crossing facility not controlled by authorised person,No physical crossing facility within 50m,Elsewhere,55.95355549591684,-3.2784312453113165
865210,,Slight,2,1,22/11/2010,Monday,22,November,10,18,40,230,C,,Roundabout,40,Roundabout,Give way sign or markings,Unclassified,,Darkness: street lights present but unlit,Raining (without high winds),Dry,None,None,No overtaking,326020,674350,520653,Junction,T.V.N.P.,362030,unset,EH13JT,No crossing facility within 50m or physical crossing facility not controlled by authorised person,No physical crossing facility within 50m,Elsewhere,55.95645259831874,-3.186430083383508
865510,,Slight,2,1,23/11/2010,Tuesday,23,November,10,10,0,230,Unclassified,,Single carriageway - 2 lanes,30,Not at or within 20 metres of junction,unset,\,,Daylight: street lights present,Fine (without high winds),Dry,None,None,No overtaking,318940,674670,551690,Segment,T.V.N.P.,362031,unset,EH48AT,No crossing facility within 50m or physical crossing facility not controlled by authorised person,No physical crossing facility within 50m,At scene,55.958183214009374,-3.2998873042691166
867410,,Slight,1,1,01/11/2010,Monday,1,November,10,10,0,230,Unclassified,,Single carriageway - 2 lanes,30,'T' or staggered junction,Automatic Traffic Signal,A,7,Daylight: street lights present,Fine (without high winds),Dry,None,None,No overtaking,325990,673420,521589,Junction,Pedestrian,362032,unset,EH11HR,Control by other authorised person,Pedestrian phase at traffic signal junction,Elsewhere,55.948093947883876,-3.1866548097091085
869810,,Slight,1,1,24/11/2010,Wednesday,24,November,10,16,39,230,Unclassified,,Single carriageway - 2 lanes,30,Not at or within 20 metres of junction,unset,\,,Darkness: street lights present and lit,Fine (without high winds),Dry,None,None,No overtaking,325020,675300,566864,Segment,Pedestrian,362033,unset,EH35JY,No crossing facility within 50m or physical crossing facility not controlled by authorised person,No physical crossing facility within 50m,At scene,55.96483099211672,-3.202706685001624
869910,,Serious,1,1,12/11/2010,Friday,12,November,10,10,15,230,Unclassified,,Single carriageway - 2 lanes,30,Not at or within 20 metres of junction,unset,\,,Daylight: street lights present,Fine (without high winds),Dry,None,None,No overtaking,318560,675040,557187,Segment,S.V.N.P.,362034,unset,EH46BU,No crossing facility within 50m or physical crossing facility not controlled by authorised person,No physical crossing facility within 50m,At scene,55.96144236028124,-3.30608380934353
870110,,Slight,3,1,24/11/2010,Wednesday,24,November,10,9,38,230,C,,Single carriageway - 2 lanes,30,'T' or staggered junction,Automatic Traffic Signal,B,901,Daylight: street lights present,Fine (without high winds),Dry,None,None,No overtaking,325910,674380,520605,Junction,M.V.N.P.,362035,unset,EH13JG,Control by other authorised person,Pedestrian phase at traffic signal junction,Elsewhere,55.956705109594274,-3.188199659095808
870310,,Slight,1,1,24/11/2010,Wednesday,24,November,10,15,55,230,Unclassified,,Single carriageway - 2 lanes,30,Not at or within 20 metres of junction,unset,\,,Darkness: street lights present and lit,Fine (without high winds),Dry,None,None,No overtaking,326940,675850,522318,Junction,Bus,362036,unset,EH68LN,No crossing facility within 50m or physical crossing facility not controlled by authorised person,No physical crossing facility within 50m,At scene,55.97006784908704,-3.1721062969708367
870910,,Slight,2,1,24/11/2010,Wednesday,24,November,10,16,45,230,A,702,Single carriageway - 2 lanes,40,Using private drive or entrance,Give way sign or markings,Unclassified,,Daylight: street lights present,Fine (without high winds),Dry,None,None,No overtaking,324950,667310,548922,Segment,T.V.N.P.,362037,unset,EH107DUA,No crossing facility within 50m or physical crossing facility not controlled by authorised person,No physical crossing facility within 50m,At scene,55.89304744454197,-3.2016039861468752
875210,,Slight,1,1,26/11/2010,Friday,26,November,10,16,10,230,A,71,Single carriageway - 2 lanes,30,Not at or within 20 metres of junction,unset,\,,Darkness: street lights present and lit,Fine (without high winds),Dry,None,None,No overtaking,321560,671460,549800,Segment,Pedestrian,362038,unset,EH113LW,Control by other authorised person,Zebra crossing,At scene,55.92978453286491,-3.257000634912866
876610,,Slight,1,1,22/11/2010,Monday,22,November,10,8,15,230,Unclassified,,Single carriageway - 2 lanes,30,'T' or staggered junction,Give way sign or markings,C,,Daylight: street lights present,Unknown,Dry,None,None,No overtaking,322810,676470,519160,Junction,Pedestrian,362039,unset,EH52LY,No crossing facility within 50m or physical crossing facility not controlled by authorised person,No physical crossing facility within 50m,At scene,55.974990124877806,-3.2384360046672973
877010,,Slight,1,1,24/11/2010,Wednesday,24,November,10,17,45,230,Unclassified,,Single carriageway - 2 lanes,30,'T' or staggered junction,Give way sign or markings,Unclassified,,Darkness: street lights present and lit,Fine (without high winds),Dry,None,None,No overtaking,326470,672730,532735,Junction,Pedestrian,362040,unset,EH89QY,Control by other authorised person,"Pelican, puffin, toucan or similar non-junction pedestrian light crossing",At scene,55.94196955269064,-3.178782341707845
877210,,Slight,2,1,25/11/2010,Thursday,25,November,10,16,10,230,Unclassified,,Dual carriageway - 2 lanes,30,Not at or within 20 metres of junction,unset,\,,Darkness: street lights present and lit,Fine (without high winds),Dry,None,None,No overtaking,318720,671510,12232522,Segment,T.V.N.P.,362041,unset,EH129EB,No crossing facility within 50m or physical crossing facility not controlled by authorised person,No physical crossing facility within 50m,At scene,55.929761496692414,-3.3024566605508148
882810,,Slight,1,1,30/11/2010,Tuesday,30,November,10,18,15,230,A,900,Dual carriageway - 2 lanes,30,Not at or within 20 metres of junction,unset,\,,Daylight: no street lighting,Snowing (without high winds),Dry,None,None,No overtaking,326000,674290,520623,Junction,Pedestrian,362042,unset,EH13AA,No crossing facility within 50m or physical crossing facility not controlled by authorised person,No physical crossing facility within 50m,At scene,55.95591054523467,-3.1867338288833014
883410,,Slight,1,1,28/11/2010,Sunday,28,November,10,16,55,230,Unclassified,,Single carriageway - 2 lanes,30,'T' or staggered junction,Automatic Traffic Signal,A,702,Darkness: street lights present and lit,Snowing (without high winds),Dry,None,None,No overtaking,324740,673420,10254972,Junction,Bus,362043,unset,EH12DA,Control by other authorised person,Pedestrian phase at traffic signal junction,Elsewhere,55.94789957330382,-3.2066653653857213
890910,,Slight,1,1,02/12/2010,Thursday,2,December,10,20,30,230,A,901,Single carriageway - 2 lanes,30,Crossroads,Automatic Traffic Signal,A,900,Darkness: street lights present and lit,Snowing (without high winds),Dry,None,None,No overtaking,326940,675910,522483,Junction,Pedestrian,362219,unset,EH65HX,Control by other authorised person,Pedestrian phase at traffic signal junction,At scene,55.97060681962413,-3.1721225967419553
891010,,Slight,1,1,02/12/2010,Thursday,2,December,10,16,0,230,Unclassified,,Single carriageway - 2 lanes,30,Not at or within 20 metres of junction,unset,\,,Darkness: street lights present and lit,Snowing (without high winds),Dry,None,None,No overtaking,327790,668010,0,Unset,Pedestrian,362220,unset,EH178EP,No crossing facility within 50m or physical crossing facility not controlled by authorised person,No physical crossing facility within 50m,At scene,55.89977033664835,-3.156390805756323
891310,,Slight,1,1,02/12/2010,Thursday,2,December,10,20,40,230,Motorway,8,Dual carriageway - 2 lanes,70,Not at or within 20 metres of junction,unset,\,,Darkness: no street lighting,Unknown,Dry,None,None,No overtaking,311100,671140,562639,Segment,S.V.N.P.,362221,unset,EH288LQ,No crossing facility within 50m or physical crossing facility not controlled by authorised person,No physical crossing facility within 50m,At scene,55.92508848997879,-3.4242517364036584
892110,,Slight,1,1,13/11/2010,Saturday,13,November,10,14,20,230,Unclassified,,Single carriageway - 2 lanes,40,Other junction,Give way sign or markings,Unclassified,,Daylight: no street lighting,Fine (without high winds),Dry,None,None,No overtaking,324480,676000,519187,Junction,Pedestrian,362044,unset,EH53QG,No crossing facility within 50m or physical crossing facility not controlled by authorised person,No physical crossing facility within 50m,At scene,55.97103418052767,-3.21155148087391
893410,,Serious,2,1,03/12/2010,Friday,3,December,10,11,5,230,Unclassified,,Single carriageway - 2 lanes,40,Not at or within 20 metres of junction,unset,\,,Daylight: no street lighting,Other,Dry,None,None,No overtaking,330280,673590,554048,Segment,T.V.N.P.,362222,unset,EH152QA,No crossing facility within 50m or physical crossing facility not controlled by authorised person,No physical crossing facility within 50m,At scene,55.95026345036269,-3.11802076680117
903610,,Slight,2,1,06/12/2010,Monday,6,December,10,11,30,230,B,900,Single carriageway - 2 lanes,30,Other junction,Give way sign or markings,Unclassified,,Daylight: no street lighting,Snowing (without high winds),Dry,None,None,No overtaking,324210,674700,520116,Junction,T.V.N.P.,362223,unset,EH41DS,No crossing facility within 50m or physical crossing facility not controlled by authorised person,No physical crossing facility within 50m,Elsewhere,55.959314066511965,-3.2155100834508925
903810,,Slight,2,1,06/12/2010,Monday,6,December,10,13,55,230,A,6095,Single carriageway - 2 lanes,30,Roundabout,Give way sign or markings,Unclassified,,Daylight: street lights present,Fine (without high winds),Dry,None,None,No overtaking,331050,671640,530053,Junction,T.V.N.P.,362224,unset,EH153HS,Control by other authorised person,"Pelican, puffin, toucan or similar non-junction pedestrian light crossing",Elsewhere,55.93285767564721,-3.1051940767261774
904110,,Slight,1,1,07/12/2010,Tuesday,7,December,10,8,50,230,A,720,Dual carriageway - 2 lanes,70,Not at or within 20 metres of junction,unset,\,,Daylight: no street lighting,Snowing (without high winds),Dry,None,None,No overtaking,320460,668550,570552,Segment,S.V.N.P.,362225,unset,EH146BA,No crossing facility within 50m or physical crossing facility not controlled by authorised person,No physical crossing facility within 50m,At scene,55.903464336614725,-3.273743554859048
905310,,Slight,2,1,07/12/2010,Tuesday,7,December,10,12,10,230,A,902,Single carriageway - 2 lanes,30,Other junction,Automatic Traffic Signal,Unclassified,,Daylight: street lights present,Fine (without high winds),Dry,None,None,No overtaking,322460,674950,520062,Junction,T.V.N.P.,362226,unset,EH42LZ,No crossing facility within 50m or physical crossing facility not controlled by authorised person,No physical crossing facility within 50m,Elsewhere,55.96128009095534,-3.243604620197034
907410,,Slight,2,1,07/12/2010,Tuesday,7,December,10,18,30,230,A,1,Dual carriageway - 2 lanes,40,Not at or within 20 metres of junction,unset,\,,Darkness: street lights present and lit,Other,Dry,None,None,No overtaking,331210,672820,552838,Segment,T.V.N.P.,362227,unset,EH153QH,No crossing facility within 50m or physical crossing facility not controlled by authorised person,No physical crossing facility within 50m,At scene,55.94348068842515,-3.1029348838506134
907610,,Slight,1,1,24/11/2010,Wednesday,24,November,10,16,40,230,Unclassified,,Single carriageway - 2 lanes,30,Not at or within 20 metres of junction,unset,\,,Darkness: street lights present and lit,Fine (without high winds),Dry,None,None,No overtaking,327670,674280,2306922,Segment,Pedestrian,362045,unset,EH76AA,No crossing facility within 50m or physical crossing facility not controlled by authorised person,No physical crossing facility within 50m,At scene,55.95607537083179,-3.1599912729006263
908610,,Slight,1,1,08/12/2010,Wednesday,8,December,10,23,0,230,Motorway,9,Dual carriageway - 2 lanes,50,Not at or within 20 metres of junction,unset,\,,Darkness: no street lighting,Other,Dry,None,None,No overtaking,311950,675300,562750,Segment,S.V.N.P.,362228,unset,EH299EG,No crossing facility within 50m or physical crossing facility not controlled by authorised person,No physical crossing facility within 50m,At scene,55.96261026463444,-3.4120130770481016
909010,,Slight,1,1,08/12/2010,Wednesday,8,December,10,13,33,230,C,,Single carriageway - 2 lanes,30,Crossroads,Automatic Traffic Signal,Unclassified,,Daylight: street lights present,Fine (without high winds),Dry,None,None,No overtaking,323350,674890,520071,Junction,Pedestrian,362229,unset,EH42HX,No crossing facility within 50m or physical crossing facility not controlled by authorised person,Pedestrian phase at traffic signal junction,At scene,55.96088415114269,-3.229335320147136
909110,,Slight,2,1,07/12/2010,Tuesday,7,December,10,15,0,230,Unclassified,,Single carriageway - 2 lanes,30,Crossroads,Automatic Traffic Signal,A,6095,Daylight: street lights present,Other,Dry,None,None,No overtaking,330490,671740,530029,Junction,T.V.N.P.,362230,unset,EH164ND,Control by school crossing patrol,Pedestrian phase at traffic signal junction,At scene,55.93367524555574,-3.114181362358521
911110,,Slight,2,1,08/12/2010,Wednesday,8,December,10,14,30,230,Unclassified,,Single carriageway - 2 lanes,30,Not at or within 20 metres of junction,unset,\,,Daylight: street lights present,Fine (without high winds),Dry,None,None,No overtaking,322530,672410,559248,Segment,Cyclist,362231,unset,EH112QW,No crossing facility within 50m or physical crossing facility not controlled by authorised person,No physical crossing facility within 50m,Elsewhere,55.93847549168718,-3.2417530067156024
911510,,Slight,1,1,08/12/2010,Wednesday,8,December,10,13,0,230,Motorway,9,Dual carriageway - 2 lanes,70,Not at or within 20 metres of junction,unset,\,,Daylight: no street lighting,Fine (without high winds),Dry,None,None,No overtaking,312230,673500,562714,Segment,S.V.N.P.,362232,unset,EH299EA,No crossing facility within 50m or physical crossing facility not controlled by authorised person,No physical crossing facility within 50m,At scene,55.94649390137172,-3.4069427046166525
916310,,Serious,1,1,08/12/2010,Wednesday,8,December,10,15,30,230,A,7,Single carriageway - 2 lanes,30,Other junction,Give way sign or markings,Unclassified,,Daylight: street lights present,Other,Dry,None,None,No overtaking,326030,673320,521586,Junction,Pedestrian,362233,unset,EH89DH,No crossing facility within 50m or physical crossing facility not controlled by authorised person,No physical crossing facility within 50m,At scene,55.947201831153066,-3.185987003279125
916510,,Slight,3,3,18/09/2010,Saturday,18,September,10,14,0,230,A,90,Single carriageway - 2 lanes,30,'T' or staggered junction,Authorised Person,Unclassified,,Daylight: street lights present,Fine (without high winds),Dry,None,None,No overtaking,324400,673850,520899,Junction,M.V.N.P.,365266,unset,EH37PT,Control by other authorised person,Pedestrian phase at traffic signal junction,At scene,55.951708720339724,-3.2122289058632143
917410,,Slight,1,3,10/12/2010,Friday,10,December,10,16,15,230,A,903,Single carriageway - 2 lanes,30,'T' or staggered junction,Give way sign or markings,Unclassified,,Darkness: street lights present and lit,Fine (without high winds),Dry,None,None,No overtaking,324150,676910,519025,Junction,S.V.N.P.,362234,unset,EH51AJ,No crossing facility within 50m or physical crossing facility not controlled by authorised person,No physical crossing facility within 50m,At scene,55.97915634669042,-3.21709408358549
917910,,Slight,1,1,05/12/2010,Sunday,5,December,10,13,30,230,Unclassified,,Single carriageway - 2 lanes,30,Not at or within 20 metres of junction,unset,\,,Daylight: street lights present,Fine (without high winds),Dry,None,None,No overtaking,319880,674400,565934,Segment,Pedestrian,362235,unset,EH47DT,No crossing facility within 50m or physical crossing facility not controlled by authorised person,No physical crossing facility within 50m,At scene,55.95591581756625,-3.284755573121612
918110,,Slight,1,1,11/12/2010,Saturday,11,December,10,5,12,230,A,90,Single carriageway - 2 lanes,60,Not at or within 20 metres of junction,unset,\,,Daylight: street lights present,Fine (without high winds),Dry,None,None,No overtaking,318010,675240,555438,Segment,S.V.N.P.,362236,unset,EH46DZ,No crossing facility within 50m or physical crossing facility not controlled by authorised person,No physical crossing facility within 50m,Elsewhere,55.96314516234803,-3.314952043283917
920610,,Slight,1,1,11/12/2010,Saturday,11,December,10,16,20,230,A,6095,Single carriageway - 2 lanes,30,Not at or within 20 metres of junction,unset,\,,Darkness: street lights present and lit,Other,Dry,None,None,No overtaking,330640,671740,553840,Segment,Pedestrian,362237,unset,EH153QX,Control by other authorised person,Central refuge - no other controls,At scene,55.93369693641472,-3.111780910118435
920910,,Serious,2,1,10/12/2010,Friday,10,December,10,21,25,230,A,8,Dual carriageway - 2 lanes,30,Not at or within 20 metres of junction,unset,\,,Darkness: street lights present and lit,Other,Dry,None,Other object in carriageway,No overtaking,325410,673880,551196,Segment,Cyclist,362238,unset,EH22DF,Control by other authorised person,Central refuge - no other controls,Elsewhere,55.952136247559984,-3.1960671520137924
922010,,Slight,1,1,13/11/2010,Saturday,13,November,10,2,30,230,C,,Single carriageway - 2 lanes,30,Not at or within 20 metres of junction,unset,\,,Darkness: street lights present and lit,Fine (without high winds),Dry,None,None,No overtaking,325590,673420,2106562,Segment,Pedestrian,362046,unset,EH11JX,No crossing facility within 50m or physical crossing facility not controlled by authorised person,No physical crossing facility within 50m,At scene,55.948032101478894,-3.193058214301658
922710,,Slight,1,1,12/12/2010,Sunday,12,December,10,14,40,230,A,900,Single carriageway - 2 lanes,30,Other junction,Give way sign or markings,Unclassified,,Daylight: no street lighting,Fine (without high winds),Dry,None,None,No overtaking,326710,675400,519885,Junction,Pedestrian,362239,unset,EH68NY,No crossing facility within 50m or physical crossing facility not controlled by authorised person,Pedestrian phase at traffic signal junction,At scene,55.96599047838147,-3.175667749055879