acc_ref,beat_no,severity,no_vehicle,no_casualt,a_date,a_day,a_date_day,a_date_mon,a_date_yr,a_time_hr,a_time_min,loc_auth,road1_class,road1_no,road_type,speed_limi,junc_det,junc_ctrl,road2_class,road2_no,light_cond,weather,road_surf,spec_cond,cway_hzrds,ovrtk_patrn,easting,northing,net_id,net_type,acc_type,text_id,division,Postcode,ped_xing_hc,ped_xing_p,place_reported,latitude,longitude
925810,,Serious,1,1,13/12/2010,Monday,13,December,10,10,40,230,A,701,Single carriageway - 2 lanes,30,Other junction,Give way sign or markings,Unclassified,,Daylight: street lights present,Fine (without high winds),Dry,None,None,No overtaking,326990,671360,529606,Junction,Pedestrian,362240,unset,EH165PF,Control by other authorised person,Central refuge - no other controls,At scene,55.92974234699474,-3.170088055169401
925910,,Slight,2,1,13/12/2010,Monday,13,December,10,9,30,230,Unclassified,,Dual carriageway - 2 lanes,30,Not at or within 20 metres of junction,unset,\,,Daylight: no street lighting,Fine (without high winds),Dry,None,None,No overtaking,321530,676170,0,Unset,T.V.N.P.,362241,unset,EH44NZ,Control by other authorised person,Zebra crossing,At scene,55.97208760513343,-3.258853086421421
926310,,Serious,2,1,13/12/2010,Monday,13,December,10,9,0,230,A,900,Single carriageway - 2 lanes,30,Crossroads,Automatic Traffic Signal,Unclassified,,Daylight: street lights present,Fine (without high winds),Dry,None,None,No overtaking,326230,674690,520260,Junction,Cyclist,362242,unset,EH74AE,Control by other authorised person,"Pelican, puffin, toucan or similar non-junction pedestrian light crossing",At scene,55.95953909197657,-3.1831607500166497
928810,,Slight,2,1,10/12/2010,Friday,10,December,10,7,30,230,Unclassified,,Dual carriageway - 2 lanes,30,Not at or within 20 metres of junction,unset,\,,Darkness: street lights present and lit,Other,Dry,None,Other object in carriageway,No overtaking,321320,676350,557297,Segment,T.V.N.P.,362244,unset,EH45EU,No crossing facility within 50m or physical crossing facility not controlled by authorised person,No physical crossing facility within 50m,At scene,55.9736700550408,-3.2622695294391346
928910,,Slight,1,1,14/12/2010,Tuesday,14,December,10,0,1,230,A,90,Dual carriageway - 2 lanes,70,Not at or within 20 metres of junction,unset,\,,Darkness: street lights present and lit,Fine (without high winds),Dry,None,None,No overtaking,312600,677490,555423,Segment,S.V.N.P.,362245,unset,EH309SS,No crossing facility within 50m or physical crossing facility not controlled by authorised person,No physical crossing facility within 50m,At scene,55.9823997454865,-3.4023161390389354
929110,,Slight,2,1,13/12/2010,Monday,13,December,10,11,0,230,Unclassified,,Single carriageway - 2 lanes,30,'T' or staggered junction,Give way sign or markings,Unclassified,,Daylight: street lights present,Fine (without high winds),Dry,None,None,No overtaking,320080,670730,0,Unset,T.V.N.P.,362246,unset,EH114QS,No crossing facility within 50m or physical crossing facility not controlled by authorised person,No physical crossing facility within 50m,Elsewhere,55.9229833127894,-3.2804650036031036
930410,,Slight,2,1,14/12/2010,Tuesday,14,December,10,12,38,230,Unclassified,,Single carriageway - 2 lanes,30,Not at or within 20 metres of junction,unset,\,,Daylight: street lights present,Fine (without high winds),Dry,None,None,No overtaking,327380,671180,564298,Segment,Cyclist,362247,unset,EH165PB,Control by other authorised person,"Pelican, puffin, toucan or similar non-junction pedestrian light crossing",At scene,55.92818454779027,-3.163799147399773
934610,,Slight,3,1,15/12/2010,Wednesday,15,December,10,17,15,230,A,70,Single carriageway - 2 lanes,30,Not at or within 20 metres of junction,unset,\,,Daylight: street lights present,Other,Dry,None,None,No overtaking,324010,673020,521394,Junction,M.V.N.P.,362248,unset,EH112AY,No crossing facility within 50m or physical crossing facility not controlled by authorised person,No physical crossing facility within 50m,At scene,55.944191465204725,-3.218238573656142
935210,,Serious,1,1,16/12/2010,Thursday,16,December,10,3,35,230,Unclassified,,Single carriageway - 2 lanes,30,'T' or staggered junction,Give way sign or markings,Unclassified,,Darkness: street lights present and lit,Fine (without high winds),Dry,None,None,No overtaking,325700,673300,521538,Junction,Pedestrian,362249,unset,EH11EY,No crossing facility within 50m or physical crossing facility not controlled by authorised person,No physical crossing facility within 50m,At scene,55.946971204752316,-3.1912641765328287
936710,,Slight,1,1,16/12/2010,Thursday,16,December,10,11,40,230,Unclassified,,One way Street,30,Roundabout,Give way sign or markings,Unclassified,,Daylight: street lights present,Fine (without high winds),Dry,None,None,No overtaking,315060,673270,6423418,Junction,Pedestrian,362250,unset,EH288NG,Control by other authorised person,Central refuge - no other controls,At scene,55.9449370206842,-3.3615710950154996
937210,,Slight,1,1,16/12/2010,Thursday,16,December,10,11,15,230,Unclassified,,Single carriageway - 2 lanes,30,'T' or staggered junction,Give way sign or markings,Unclassified,,Daylight: street lights present,Other,Dry,None,None,No overtaking,327830,668340,0,Unset,Pedestrian,362251,unset,EH166RP,No crossing facility within 50m or physical crossing facility not controlled by authorised person,No physical crossing facility within 50m,At scene,55.90274073096576,-3.155839425182687
939010,,Serious,2,1,16/12/2010,Thursday,16,December,10,14,0,230,Unclassified,,Single carriageway - 2 lanes,30,'T' or staggered junction,Give way sign or markings,Unclassified,,Daylight: street lights present,Snowing (without high winds),Dry,None,None,No overtaking,322870,671770,522240,Junction,Bus,362252,unset,EH141NP,No crossing facility within 50m or physical crossing facility not controlled by authorised person,No physical crossing facility within 50m,At scene,55.932781310561516,-3.2361284215410695
939910,,Serious,2,1,11/12/2010,Saturday,11,December,10,0,10,230,A,71,Single carriageway - 2 lanes,30,Not at or within 20 metres of junction,unset,\,,Darkness: street lights present and lit,Fine (without high winds),Dry,None,None,No overtaking,322200,671790,549749,Segment,T.V.N.P.,362253,unset,EH113AA,No crossing facility within 50m or physical crossing facility not controlled by authorised person,No physical crossing facility within 50m,At scene,55.93285289649223,-3.2468554535906033
941610,,Slight,1,1,17/12/2010,Friday,17,December,10,10,45,230,A,1,Single carriageway - 2 lanes,30,Not at or within 20 metres of junction,unset,\,,Daylight: street lights present,Fine (without high winds),Dry,None,None,No overtaking,325860,674010,520638,Junction,Bus,362254,unset,EH88DL,Control by other authorised person,Pedestrian phase at traffic signal junction,At scene,55.953373746364186,-3.1888983634607286
942110,,Slight,1,1,17/12/2010,Friday,17,December,10,10,44,230,A,71,Dual carriageway - 2 lanes,40,'T' or staggered junction,Give way sign or markings,C,,Daylight: street lights present,Fine (without high winds),Dry,None,None,No overtaking,321190,671430,529534,Junction,S.V.N.P.,362255,unset,EH113PF,Control by other authorised person,"Pelican, puffin, toucan or similar non-junction pedestrian light crossing",At scene,55.92945449054214,-3.2629120684791704
944510,,Slight,2,1,06/12/2010,Monday,6,December,10,7,30,230,B,701,Single carriageway - 2 lanes,30,Not at or within 20 metres of junction,unset,\,,Daylight: street lights present,Snowing (without high winds),Dry,None,None,No overtaking,326080,667950,2105975,Segment,T.V.N.P.,362256,unset,EH166TJ,No crossing facility within 50m or physical crossing facility not controlled by authorised person,No physical crossing facility within 50m,At scene,55.8989715123252,-3.18371503026555
948610,,Serious,1,1,17/12/2010,Friday,17,December,10,17,0,230,A,702,Single carriageway - 2 lanes,30,Not at or within 20 metres of junction,unset,\,,Darkness: street lights present and lit,Other,Dry,None,None,No overtaking,324790,673320,548964,Segment,Pedestrian,362257,unset,EH39AW,No crossing facility within 50m or physical crossing facility not controlled by authorised person,No physical crossing facility within 50m,At scene,55.94700913406209,-3.205837023999814
948810,,Slight,1,2,19/12/2010,Sunday,19,December,10,18,10,230,A,8000,Single carriageway - 2 lanes,60,Not at or within 20 metres of junction,unset,\,,Darkness: no street lighting,Snowing (without high winds),Dry,None,None,No overtaking,313739,676460,0,Unset,S.V.N.P.,362258,unset,EH309SR,No crossing facility within 50m or physical crossing facility not controlled by authorised person,No physical crossing facility within 50m,At scene,55.97335446639993,-3.3837372586717254
950210,,Slight,1,1,18/12/2010,Saturday,18,December,10,13,30,230,A,71,Dual carriageway - 2 lanes,40,Not at or within 20 metres of junction,unset,\,,Daylight: street lights present,Fine (without high winds),Dry,None,None,No overtaking,320370,670960,562840,Segment,Bus,362259,unset,EH113TD,No crossing facility within 50m or physical crossing facility not controlled by authorised person,No physical crossing facility within 50m,Elsewhere,55.92509745256617,-3.275893577282621
951910,,Slight,1,1,15/12/2010,Wednesday,15,December,10,11,0,230,A,8,Single carriageway - 2 lanes,30,Not at or within 20 metres of junction,unset,\,,Daylight: no street lighting,Snowing (without high winds),Dry,None,None,No overtaking,325740,673970,550541,Segment,Pedestrian,362260,unset,EH22EJ,No crossing facility within 50m or physical crossing facility not controlled by authorised person,No physical crossing facility within 50m,At scene,55.95299587898123,-3.19080861463662
956310,,Slight,2,2,15/12/2010,Wednesday,15,December,10,9,30,230,Unclassified,,Dual carriageway - 2 lanes,30,Other junction,Give way sign or markings,Unclassified,,Daylight: no street lighting,Fine (without high winds),Dry,None,None,No overtaking,318340,673690,10303346,Junction,T.V.N.P.,362261,unset,EH128UD,Control by other authorised person,Pedestrian phase at traffic signal junction,At scene,55.9492787302799,-3.3091972831085665
956810,,Slight,2,2,22/12/2010,Wednesday,22,December,10,8,59,230,A,1,Single carriageway - 2 lanes,30,Multiple junction,Give way sign or markings,Unclassified,,Daylight: no street lighting,Snowing (without high winds),Dry,None,None,No overtaking,331070,672900,523755,Junction,T.V.N.P.,362262,unset,EH153AZ,Control by other authorised person,Pedestrian phase at traffic signal junction,At scene,55.94417925083293,-3.105196349591446
959410,,Slight,2,2,22/12/2010,Wednesday,22,December,10,13,20,230,Unclassified,,Single carriageway - 2 lanes,30,Slip road,Give way sign or markings,Unclassified,,Daylight: street lights present,Fine (without high winds),Dry,None,None,No overtaking,320530,670740,0,Unset,T.V.N.P.,362263,unset,EH114SW,No crossing facility within 50m or physical crossing facility not controlled by authorised person,No physical crossing facility within 50m,Elsewhere,55.92314777991882,-3.273269000117848
961610,,Serious,1,1,23/12/2010,Thursday,23,December,10,20,45,230,Unclassified,,One way Street,30,Multiple junction,Automatic Traffic Signal,A,8,Darkness: street lights present and lit,Fine (without high winds),Dry,None,None,No overtaking,324250,673340,521322,Junction,Pedestrian,362264,unset,EH38HX,Control by other authorised person,Pedestrian phase at traffic signal junction,At scene,55.94710387313599,-3.214486936404092
961710,,Slight,1,1,23/12/2010,Thursday,23,December,10,6,10,230,A,720,Dual carriageway - 2 lanes,70,Slip road,Give way sign or markings,A,720,Darkness: no street lighting,Fine (without high winds),Dry,None,None,No overtaking,324530,667800,2588177,Junction,S.V.N.P.,362265,unset,EH107DS,No crossing facility within 50m or physical crossing facility not controlled by authorised person,No physical crossing facility within 50m,At scene,55.897383312759366,-3.208454848114787
962310,,Slight,2,1,24/12/2010,Friday,24,December,10,5,27,230,Unclassified,,Single carriageway - 2 lanes,30,Not at or within 20 metres of junction,unset,\,,Darkness: street lights present and lit,Fine (without high winds),Dry,None,None,No overtaking,329720,674670,557545,Segment,T.V.N.P.,362266,unset,EH76TN,No crossing facility within 50m or physical crossing facility not controlled by authorised person,No physical crossing facility within 50m,At scene,55.9598834097883,-3.1272682218392767
963610,,Slight,2,1,24/12/2010,Friday,24,December,10,8,20,230,Unclassified,,Single carriageway - 2 lanes,40,Not at or within 20 metres of junction,unset,\,,Darkness: street lights present and lit,Fine (without high winds),Dry,None,None,No overtaking,331120,673300,554033,Segment,T.V.N.P.,362267,unset,EH152QA,No crossing facility within 50m or physical crossing facility not controlled by authorised person,No physical crossing facility within 50m,At scene,55.94777966445391,-3.104498280565963
964410,,Slight,2,2,21/12/2010,Tuesday,21,December,10,15,35,230,C,,Single carriageway - 2 lanes,30,'T' or staggered junction,Give way sign or markings,Unclassified,,Darkness: street lights present and lit,Fine (without high winds),Dry,None,None,No overtaking,326870,674170,520695,Junction,T.V.N.P.,362268,unset,EH88EH,Control by other authorised person,No physical crossing facility within 50m,Elsewhere,55.95496598997492,-3.172770931776231
964910,,Slight,1,1,24/12/2010,Friday,24,December,10,12,30,230,A,772,Single carriageway - 2 lanes,30,Not at or within 20 metres of junction,unset,\,,Daylight: street lights present,Fine (without high winds),Dry,None,None,No overtaking,329210,668720,569384,Segment,Bus,362269,unset,EH178QQ,No crossing facility within 50m or physical crossing facility not controlled by authorised person,No physical crossing facility within 50m,Elsewhere,55.90635947994873,-3.133872647432501
966110,,Slight,3,1,21/12/2010,Tuesday,21,December,10,18,47,230,Unclassified,,Single carriageway - 2 lanes,30,Not at or within 20 metres of junction,unset,\,,Darkness: street lights present and lit,Fine (without high winds),Dry,None,None,No overtaking,321240,676150,0,Unset,M.V.N.P.,362270,unset,EH44TB,No crossing facility within 50m or physical crossing facility not controlled by authorised person,No physical crossing facility within 50m,At scene,55.97186041593542,-3.263492447529338
966810,,Slight,2,1,25/12/2010,Saturday,25,December,10,19,15,230,A,90,Dual carriageway - 2 lanes,50,Not at or within 20 metres of junction,unset,\,,Darkness: street lights present and lit,Fine (without high winds),Dry,None,None,No overtaking,312600,677520,555687,Segment,T.V.N.P.,362271,unset,EH309SS,No crossing facility within 50m or physical crossing facility not controlled by authorised person,No physical crossing facility within 50m,At scene,55.98266920586812,-3.4023258934067195
967810,,Serious,1,1,27/12/2010,Monday,27,December,10,5,0,230,A,7,Single carriageway - 2 lanes,30,'T' or staggered junction,Give way sign or markings,Unclassified,,Darkness: street lights present and lit,Raining (without high winds),Dry,None,None,No overtaking,326180,672920,532702,Junction,Pedestrian,362272,unset,EH89HB,Control by other authorised person,"Pelican, puffin, toucan or similar non-junction pedestrian light crossing",At scene,55.94363178772784,-3.183476154198965
968510,,Slight,3,1,26/12/2010,Sunday,26,December,10,22,25,230,A,90,Single carriageway - 2 lanes,40,'T' or staggered junction,Automatic Traffic Signal,Unclassified,,Darkness: street lights present and lit,Fine (without high winds),Dry,None,None,No overtaking,320000,675080,519708,Junction,M.V.N.P.,362273,unset,EH46AH,Control by other authorised person,Pedestrian phase at traffic signal junction,At scene,55.96204392828158,-3.2830363342274254
970610,,Slight,2,1,28/12/2010,Tuesday,28,December,10,12,55,230,A,900,Dual carriageway - 2 lanes,30,Not at or within 20 metres of junction,unset,\,,Daylight: no street lighting,Raining (without high winds),Dry,None,None,No overtaking,325940,674100,558551,Segment,Bus,362274,unset,EH13AT,No crossing facility within 50m or physical crossing facility not controlled by authorised person,No physical crossing facility within 50m,Elsewhere,55.954194553275904,-3.1876422640766684
972210,,Slight,1,1,28/12/2010,Tuesday,28,December,10,17,50,230,A,702,Single carriageway - 2 lanes,30,Other junction,Give way sign or markings,Unclassified,,Daylight: no street lighting,Fine (without high winds),Dry,None,None,No overtaking,324570,672120,522027,Junction,S.V.N.P.,362275,unset,EH104DF,Control by other authorised person,Pedestrian phase at traffic signal junction,At scene,55.93619529567254,-3.2090228360409734
974310,,Slight,1,1,29/12/2010,Wednesday,29,December,10,20,0,230,A,772,Single carriageway - 2 lanes,30,Not at or within 20 metres of junction,unset,\,,Darkness: street lights present and lit,Other,Dry,None,None,No overtaking,329710,668410,569394,Segment,S.V.N.P.,362276,unset,EH178RU,No crossing facility within 50m or physical crossing facility not controlled by authorised person,No physical crossing facility within 50m,At scene,55.90364810056845,-3.1257961120459017
974410,,Serious,1,1,29/12/2010,Wednesday,29,December,10,22,10,230,Unclassified,,Single carriageway - 2 lanes,20,Other junction,Give way sign or markings,Unclassified,,Darkness: street lights present and lit,Other,Dry,None,None,No overtaking,319850,669580,12216319,Junction,Pedestrian,362277,unset,EH143DH,No crossing facility within 50m or physical crossing facility not controlled by authorised person,No physical crossing facility within 50m,At scene,55.91261507564891,-3.283802912794397
975710,,Slight,3,1,30/12/2010,Thursday,30,December,10,8,0,230,Unclassified,,Single carriageway - 2 lanes,30,Not at or within 20 metres of junction,unset,\,,Darkness: street lights present and lit,Fine (without high winds),Dry,None,None,No overtaking,324860,670680,0,Unset,Pedestrian,362278,unset,EH106EB,No crossing facility within 50m or physical crossing facility not controlled by authorised person,No physical crossing facility within 50m,At scene,55.92330553426185,-3.2039805319640964
975910,,Slight,1,1,30/12/2010,Thursday,30,December,10,16,15,230,A,8,Dual carriageway - 2 lanes,30,'T' or staggered junction,Authorised Person,Unclassified,,Darkness: street lights present and lit,Unknown,Dry,None,None,No overtaking,325560,673930,521097,Junction,Pedestrian,362279,unset,EH22DF,Control by other authorised person,Pedestrian phase at traffic signal junction,Elsewhere,55.95260867862381,-3.1936794504034944
211,,Slight,1,1,31/12/2011,Saturday,31,December,11,16,45,230,Unclassified,,Single carriageway - 2 lanes,30,Not at or within 20 metres of junction,unset,\,,Darkness: street lights present and lit,Fine (without high winds),Dry,None,None,No overtaking,319900,672730,0,Unset,Pedestrian,352065,unset,EH127SS,No crossing facility within 50m or physical crossing facility not controlled by authorised person,No physical crossing facility within 50m,Elsewhere,55.94091838558703,-3.283938719623703
511,,Serious,1,1,31/12/2011,Saturday,31,December,11,15,20,230,A,702,Single carriageway - 2 lanes,30,Not at or within 20 metres of junction,unset,\,,Daylight: no street lighting,Fine (without high winds),Dry,None,None,No overtaking,324930,672730,549180,Segment,Pedestrian,352066,unset,EH39LH,No crossing facility within 50m or physical crossing facility not controlled by authorised person,Pedestrian phase at traffic signal junction,At scene,55.94173121111986,-3.203431491996059
711,,Serious,1,1,01/01/2011,Saturday,1,January,11,0,25,230,Unclassified,,Single carriageway - 2 lanes,30,'T' or staggered junction,Give way sign or markings,Unclassified,,Darkness: street lights present and lit,Raining (without high winds),Dry,None,None,No overtaking,319420,669780,12226642,Junction,Pedestrian,365392,unset,EH142SR,No crossing facility within 50m or physical crossing facility not controlled by authorised person,No physical crossing facility within 50m,At scene,55.91433968617668,-3.2907397323165184
1511,,Slight,2,1,25/12/2011,Sunday,25,December,11,16,30,230,C,,Single carriageway - 2 lanes,30,Not at or within 20 metres of junction,unset,\,,Darkness: street lights present and lit,Fine with high winds,Dry,None,Other object in carriageway,No overtaking,320630,671310,564484,Segment,Cyclist,352067,unset,EH113RQ,No crossing facility within 50m or physical crossing facility not controlled by authorised person,No physical crossing facility within 50m,Elsewhere,55.92828437717981,-3.2718369500459326
4111,,Serious,2,1,04/01/2011,Tuesday,4,January,11,7,15,230,A,902,Single carriageway - 2 lanes,30,Not at or within 20 metres of junction,unset,\,,Darkness: street lights present and lit,Fine (without high winds),Dry,None,None,No overtaking,322590,675000,563709,Segment,Cyclist,365393,unset,EH42NF,No crossing facility within 50m or physical crossing facility not controlled by authorised person,No physical crossing facility within 50m,At scene,55.961750215598364,-3.2415372271947587
4211,,Slight,2,1,04/01/2011,Tuesday,4,January,11,8,5,230,Unclassified,,Roundabout,30,Roundabout,Give way sign or markings,Unclassified,,Daylight: street lights present,Raining (without high winds),Dry,None,None,No overtaking,321360,671790,522177,Junction,T.V.N.P.,365394,unset,EH113JX,Control by other authorised person,Zebra crossing,At scene,55.93271609071276,-3.2602969920900517
6511,,Slight,1,1,05/01/2011,Wednesday,5,January,11,7,49,230,A,720,Dual carriageway - 2 lanes,70,Not at or within 20 metres of junction,unset,\,,Darkness: street lights present and lit,Fine (without high winds),Dry,None,None,No overtaking,331660,667950,2579269,Segment,S.V.N.P.,365395,unset,EH221RT,No crossing facility within 50m or physical crossing facility not controlled by authorised person,No physical crossing facility within 50m,At scene,55.89979701630337,-3.094497811782168
7611,,Slight,2,1,05/01/2011,Wednesday,5,January,11,7,0,230,A,720,Dual carriageway - 2 lanes,70,Not at or within 20 metres of junction,unset,\,,Darkness: no street lighting,Snowing (without high winds),Dry,None,None,No overtaking,327620,666910,2588028,Segment,T.V.N.P.,365396,unset,EH178SG,No crossing facility within 50m or physical crossing facility not controlled by authorised person,No physical crossing facility within 50m,At scene,55.88986348057985,-3.1588142613255212
8111,,Slight,2,1,06/01/2011,Thursday,6,January,11,6,45,230,B,900,Roundabout,30,Roundabout,Give way sign or markings,Unclassified,,Darkness: street lights present and lit,Unknown,Dry,None,None,No overtaking,323510,674610,520098,Junction,Cyclist,365397,unset,EH42DL,No crossing facility within 50m or physical crossing facility not controlled by authorised person,No physical crossing facility within 50m,Elsewhere,55.95839453741239,-3.2266935700301564
8411,,Serious,1,1,05/01/2011,Wednesday,5,January,11,17,30,230,Unclassified,,Single carriageway - 2 lanes,30,Not at or within 20 metres of junction,unset,\,,Darkness: street lights present and lit,Fine (without high winds),Dry,None,None,No overtaking,322270,675630,563950,Segment,Pedestrian,365398,unset,EH44AJ,Control by other authorised person,"Pelican, puffin, toucan or similar non-junction pedestrian light crossing",At scene,55.967357515778396,-3.2468436541626216
9111,,Slight,2,1,05/01/2011,Wednesday,5,January,11,17,0,230,Unclassified,,Single carriageway - 2 lanes,30,Not at or within 20 metres of junction,unset,\,,Darkness: street lights present and lit,Raining (without high winds),Dry,None,None,No overtaking,326270,673460,558290,Segment,Cyclist,365399,unset,EH89UY,Control by other authorised person,"Pelican, puffin, toucan or similar non-junction pedestrian light crossing",At scene,55.94849635611387,-3.1821833623149534
10111,,Slight,1,1,06/01/2011,Thursday,6,January,11,10,45,230,B,701,Single carriageway - 2 lanes,30,Not at or within 20 metres of junction,unset,\,,Daylight: street lights present,Fine (without high winds),Dry,None,None,No overtaking,319200,673720,551723,Segment,Bus,365400,unset,EH128TD,No crossing facility within 50m or physical crossing facility not controlled by authorised person,No physical crossing facility within 50m,At scene,55.94969373849775,-3.2954390943522505
12611,,Slight,2,2,07/01/2011,Friday,7,January,11,8,0,230,A,8,Single carriageway - 2 lanes,30,'T' or staggered junction,Give way sign or markings,Unclassified,,Darkness: street lights present and lit,Fine (without high winds),Dry,None,None,No overtaking,323690,673230,521301,Junction,T.V.N.P.,365401,unset,EH125JH,No crossing facility within 50m or physical crossing facility not controlled by authorised person,No physical crossing facility within 50m,Elsewhere,55.94602707350237,-3.2234202121950517
14011,,Slight,2,1,06/01/2011,Thursday,6,January,11,14,50,230,A,772,Single carriageway - 2 lanes,30,Other junction,Give way sign or markings,Unclassified,,Daylight: street lights present,Fine (without high winds),Dry,None,None,No overtaking,328660,669330,530215,Junction,Cyclist,365402,unset,EH177JG,No crossing facility within 50m or physical crossing facility not controlled by authorised person,No physical crossing facility within 50m,At scene,55.91175781173499,-3.142829222862278
14411,,Slight,2,1,07/01/2011,Friday,7,January,11,18,15,230,Unclassified,,Single carriageway - 2 lanes,30,Using private drive or entrance,Give way sign or markings,Unclassified,,Darkness: street lights present and lit,Snowing (without high winds),Dry,None,None,No overtaking,326310,673070,521592,Junction,T.V.N.P.,365403,unset,EH89RR,Control by other authorised person,"Pelican, puffin, toucan or similar non-junction pedestrian light crossing",At scene,55.944999189042775,-3.1814363117637936
17111,,Slight,2,2,08/01/2011,Saturday,8,January,11,10,0,230,Unclassified,,Single carriageway - 2 lanes,30,'T' or staggered junction,Give way sign or markings,Unclassified,,Daylight: no street lighting,Other,Dry,None,None,No overtaking,312829,672239,12282105,Junction,T.V.N.P.,365404,unset,EH288QR,No crossing facility within 50m or physical crossing facility not controlled by authorised person,No physical crossing facility within 50m,At scene,55.93527661196652,-3.396946925327867
20611,,Serious,3,1,09/01/2011,Sunday,9,January,11,13,20,230,Unclassified,,Single carriageway - 2 lanes,30,Mini-roundabout,Give way sign or markings,Unclassified,,Daylight: street lights present,Fine (without high winds),Dry,None,None,No overtaking,324549,674069,0,Unset,Pedestrian,365405,unset,EH36AJ,Control by other authorised person,Central refuge - no other controls,At scene,55.953699390197954,-3.2099048007174806
21711,,Slight,1,1,09/01/2011,Sunday,9,January,11,16,40,230,Unclassified,,Single carriageway - 2 lanes,30,'T' or staggered junction,Give way sign or markings,Unclassified,,Daylight: no street lighting,Fine (without high winds),Dry,None,None,No overtaking,320200,669500,12216331,Junction,Pedestrian,365406,unset,EH143AS,Control by other authorised person,Pedestrian phase at traffic signal junction,At scene,55.91195470540902,-3.278181586874692
22311,,Slight,1,1,09/01/2011,Sunday,9,January,11,3,30,230,A,7,Single carriageway - 2 lanes,30,Not at or within 20 metres of junction,unset,\,,Daylight: no street lighting,Fine (without high winds),Dry,None,None,No overtaking,326160,673060,569460,Segment,Pedestrian,365407,unset,EH89EW,No crossing facility within 50m or physical crossing facility not controlled by authorised person,Pedestrian phase at traffic signal junction,At scene,55.944886309720964,-3.1838346632960666
22411,,Slight,1,1,09/01/2011,Sunday,9,January,11,13,38,230,Unclassified,,Single carriageway - 2 lanes,30,Not at or within 20 metres of junction,unset,\,,Daylight: no street lighting,Fine (without high winds),Dry,None,None,No overtaking,328570,669770,12240578,Segment,Pedestrian,365408,unset,EH177RE,No crossing facility within 50m or physical crossing facility not controlled by authorised person,No physical crossing facility within 50m,At scene,55.915696969300654,-3.1443851169069386
23611,,Slight,1,1,10/01/2011,Monday,10,January,11,9,0,230,C,,Single carriageway - 2 lanes,30,Crossroads,Automatic Traffic Signal,Unclassified,,Daylight: street lights present,Fine (without high winds),Dry,None,None,No overtaking,326200,673540,521139,Junction,Pedestrian,365409,unset,EH89UE,Control by other authorised person,Pedestrian phase at traffic signal junction,At scene,55.949204224632105,-3.1833258962791624
24711,,Slight,2,1,03/01/2011,Monday,3,January,11,8,15,230,A,71,Single carriageway - 2 lanes,30,Not at or within 20 metres of junction,unset,\,,Daylight: no street lighting,Fine (without high winds),Dry,None,None,No overtaking,321990,671690,549737,Segment,T.V.N.P.,365410,unset,EH113AF,No crossing facility within 50m or physical crossing facility not controlled by authorised person,No physical crossing facility within 50m,At scene,55.931920568601946,-3.2501869149823284
25911,,Serious,1,1,11/01/2011,Tuesday,11,January,11,14,20,230,Unclassified,,Roundabout,30,Roundabout,Give way sign or markings,Unclassified,,Daylight: street lights present,Fine (without high winds),Dry,None,None,No overtaking,327890,674590,520326,Junction,Pedestrian,365411,unset,EH76BR,No crossing facility within 50m or physical crossing facility not controlled by authorised person,No physical crossing facility within 50m,At scene,55.95889318800934,-3.1565516862568104
26211,,Slight,1,1,11/01/2011,Tuesday,11,January,11,13,35,230,Unclassified,,Single carriageway - 2 lanes,30,Other junction,Stop sign,Unclassified,,Daylight: street lights present,Fine (without high winds),Dry,None,None,No overtaking,319350,672810,521670,Junction,Pedestrian,365412,unset,EH127TZ,Control by other authorised person,Central refuge - no other controls,At scene,55.94154491678708,-3.2927653849553193
26611,,Slight,2,1,10/01/2011,Monday,10,January,11,11,45,230,Unclassified,,Single carriageway - 2 lanes,30,'T' or staggered junction,Give way sign or markings,C,,Daylight: no street lighting,Raining (without high winds),Dry,None,None,No overtaking,321930,672480,521916,Junction,T.V.N.P.,365413,unset,EH125TT,No crossing facility within 50m or physical crossing facility not controlled by authorised person,"Pelican, puffin, toucan or similar non-junction pedestrian light crossing",At scene,55.939007097864724,-3.2513758044341676
30311,,Slight,3,1,12/01/2011,Wednesday,12,January,11,17,0,230,B,6415,Single carriageway - 2 lanes,30,Other junction,Give way sign or markings,Unclassified,,Darkness: street lights present and lit,Other,Dry,None,None,No overtaking,330440,673970,523581,Junction,Cyclist,365414,unset,EH151AL,Control by other authorised person,"Pelican, puffin, toucan or similar non-junction pedestrian light crossing",Elsewhere,55.95370022756869,-3.1155573735328823
35411,,Slight,2,1,14/01/2011,Friday,14,January,11,12,30,230,A,902,Single carriageway - 2 lanes,30,Other junction,Automatic Traffic Signal,Unclassified,,Daylight: street lights present,Fine (without high winds),Dry,None,None,No overtaking,322230,674900,520050,Junction,T.V.N.P.,365415,unset,EH42LX,No crossing facility within 50m or physical crossing facility not controlled by authorised person,No physical crossing facility within 50m,Elsewhere,55.960793732403566,-3.247273305867332
39511,,Slight,2,1,16/01/2011,Sunday,16,January,11,12,9,230,B,9085,Single carriageway - 2 lanes,30,Mini-roundabout,Give way sign or markings,Unclassified,,Daylight: street lights present,Fine with high winds,Dry,None,None,No overtaking,320550,675430,519747,Junction,T.V.N.P.,365416,unset,EH45BX,Control by other authorised person,Zebra crossing,At scene,55.96527920279609,-3.2743321039242304