acc_ref,beat_no,severity,no_vehicle,no_casualt,a_date,a_day,a_date_day,a_date_mon,a_date_yr,a_time_hr,a_time_min,loc_auth,road1_class,road1_no,road_type,speed_limi,junc_det,junc_ctrl,road2_class,road2_no,light_cond,weather,road_surf,spec_cond,cway_hzrds,ovrtk_patrn,easting,northing,net_id,net_type,acc_type,text_id,division,Postcode,ped_xing_hc,ped_xing_p,place_reported,latitude,longitude
39711,,Slight,2,1,16/01/2011,Sunday,16,January,11,16,30,230,A,7,Single carriageway - 2 lanes,30,Not at or within 20 metres of junction,unset,\,,Darkness: street lights present and lit,Fine (without high winds),Dry,None,None,No overtaking,327030,672030,568132,Segment,T.V.N.P.,365417,unset,EH165AQ,Control by other authorised person,Central refuge - no other controls,At scene,55.93576697279532,-3.169629370237132
39811,,Slight,2,2,15/01/2011,Saturday,15,January,11,18,45,230,Unclassified,,Single carriageway - 2 lanes,30,Other junction,Give way sign or markings,Unclassified,,Darkness: street lights present and lit,Raining (without high winds),Dry,None,None,No overtaking,328580,672710,523701,Junction,T.V.N.P.,365418,unset,EH151ST,No crossing facility within 50m or physical crossing facility not controlled by authorised person,No physical crossing facility within 50m,At scene,55.94210844745115,-3.1450039062868447
41011,,Slight,2,1,17/01/2011,Monday,17,January,11,9,5,230,A,702,Single carriageway - 2 lanes,30,'T' or staggered junction,Give way sign or markings,Unclassified,,Daylight: street lights present,Fine (without high winds),Dry,None,None,No overtaking,324720,673630,520947,Junction,Cyclist,365419,unset,EH12DA,Control by other authorised person,Pedestrian phase at traffic signal junction,Elsewhere,55.949782816531446,-3.207044232085681
41611,,Slight,1,1,17/01/2011,Monday,17,January,11,8,30,230,A,8,Dual carriageway - 2 lanes,30,Not at or within 20 metres of junction,unset,\,,Daylight: street lights present,Fine (without high winds),Dry,None,None,No overtaking,325610,673930,550553,Segment,Pedestrian,365420,unset,EH22EJ,No crossing facility within 50m or physical crossing facility not controlled by authorised person,Pedestrian phase at traffic signal junction,At scene,55.95261643206466,-3.1928789319663826
42411,,Slight,2,1,17/01/2011,Monday,17,January,11,19,0,230,Unclassified,,Single carriageway - 2 lanes,30,Crossroads,Give way sign or markings,B,701,Daylight: street lights present,Fine (without high winds),Dry,None,None,No overtaking,328650,668460,530335,Junction,T.V.N.P.,365421,unset,EH178LG,No crossing facility within 50m or physical crossing facility not controlled by authorised person,No physical crossing facility within 50m,At scene,55.903941093903974,-3.1427592485783142
43011,,Slight,2,1,18/01/2011,Tuesday,18,January,11,8,50,230,Unclassified,,Single carriageway - 2 lanes,30,Not at or within 20 metres of junction,unset,\,,Daylight: street lights present,Fine (without high winds),Dry,None,None,No overtaking,328050,674950,557479,Segment,Cyclist,365422,unset,EH76EF,No crossing facility within 50m or physical crossing facility not controlled by authorised person,No physical crossing facility within 50m,At scene,55.96215105990997,-3.154085832242458
43111,,Slight,2,1,16/01/2011,Sunday,16,January,11,8,55,230,A,8,Dual carriageway - 2 lanes,30,'T' or staggered junction,Automatic Traffic Signal,A,702,Daylight: no street lighting,Fine (without high winds),Dry,None,None,No overtaking,324690,673670,520920,Junction,Bus,365423,unset,EH12AD,Control by other authorised person,"Pelican, puffin, toucan or similar non-junction pedestrian light crossing",At scene,55.95013742031317,-3.2075356917861457
43411,,Slight,2,1,11/01/2011,Tuesday,11,January,11,12,15,230,A,8,One way Street,30,Not at or within 20 metres of junction,unset,\,,Daylight: street lights present,Fine (without high winds),Dry,None,None,No overtaking,324250,673360,561065,Segment,Cyclist,365424,unset,EH38HP,No crossing facility within 50m or physical crossing facility not controlled by authorised person,No physical crossing facility within 50m,At scene,55.94728352789103,-3.214492561123342
43811,,Slight,1,1,17/01/2011,Monday,17,January,11,15,50,230,A,8,Single carriageway - 2 lanes,30,'T' or staggered junction,Give way sign or markings,Unclassified,,Daylight: street lights present,Fine (without high winds),Dry,None,None,No overtaking,322920,673230,521268,Junction,Pedestrian,365425,unset,EH126AA,No crossing facility within 50m or physical crossing facility not controlled by authorised person,Pedestrian phase at traffic signal junction,Elsewhere,55.945904048695006,-3.2357459191726683
44211,,Slight,2,1,18/01/2011,Tuesday,18,January,11,13,20,230,Unclassified,,Single carriageway - 2 lanes,30,Using private drive or entrance,Give way sign or markings,Unclassified,,Daylight: street lights present,Fine (without high winds),Dry,None,None,No overtaking,326010,675920,10217458,Junction,T.V.N.P.,365426,unset,EH65RQ,No crossing facility within 50m or physical crossing facility not controlled by authorised person,No physical crossing facility within 50m,At scene,55.9705540599754,-3.187021947156368
45511,,Slight,1,1,18/01/2011,Tuesday,18,January,11,14,15,230,B,900,Single carriageway - 2 lanes,30,Not at or within 20 metres of junction,unset,\,,Daylight: street lights present,Fine (without high winds),Dry,None,None,No overtaking,324450,674660,554192,Segment,Pedestrian,365427,unset,EH41HX,No crossing facility within 50m or physical crossing facility not controlled by authorised person,"Pelican, puffin, toucan or similar non-junction pedestrian light crossing",Elsewhere,55.95899260998787,-3.211655729557917
47011,,Slight,1,1,19/01/2011,Wednesday,19,January,11,11,20,230,Unclassified,,Single carriageway - 2 lanes,30,Not at or within 20 metres of junction,unset,\,,Daylight: street lights present,Fine (without high winds),Dry,None,None,No overtaking,328200,674170,2106118,Segment,Bus,365428,unset,EH87AX,No crossing facility within 50m or physical crossing facility not controlled by authorised person,No physical crossing facility within 50m,Elsewhere,55.955166854290894,-3.1514755561330197
47611,,Slight,5,1,18/01/2011,Tuesday,18,January,11,18,30,230,A,902,Single carriageway - 2 lanes,40,Not at or within 20 metres of junction,unset,\,,Darkness: street lights present and lit,Fine (without high winds),Dry,None,None,No overtaking,318450,674650,566078,Segment,M.V.N.P.,365429,unset,EH48AW,No crossing facility within 50m or physical crossing facility not controlled by authorised person,No physical crossing facility within 50m,At scene,55.957920541433246,-3.307727114164396
47711,,Slight,1,1,19/01/2011,Wednesday,19,January,11,13,10,230,Unclassified,,Single carriageway - 2 lanes,30,'T' or staggered junction,Give way sign or markings,C,,Daylight: street lights present,Fine (without high winds),Dry,None,None,No overtaking,325300,673060,521466,Junction,Pedestrian,365430,unset,EH39EN,Control by other authorised person,Pedestrian phase at traffic signal junction,Elsewhere,55.94475324875964,-3.197600828317415
48411,,Slight,2,1,19/01/2011,Wednesday,19,January,11,18,38,230,Unclassified,,Roundabout,30,Roundabout,Give way sign or markings,Unclassified,,Darkness: street lights present and lit,Fine (without high winds),Dry,None,None,No overtaking,319190,671820,9658557,Junction,Cyclist,365431,unset,EH129EU,No crossing facility within 50m or physical crossing facility not controlled by authorised person,No physical crossing facility within 50m,At scene,55.932625364349825,-3.295029413120804
49011,,Serious,1,2,20/01/2011,Thursday,20,January,11,8,20,230,Unclassified,,Single carriageway - 2 lanes,40,Crossroads,Automatic Traffic Signal,Unclassified,,Daylight: street lighting unknown,Fine (without high winds),Dry,None,None,No overtaking,312160,672830,517558,Junction,Pedestrian,365432,unset,EH288SJ,Control by other authorised person,"Pelican, puffin, toucan or similar non-junction pedestrian light crossing",Elsewhere,55.94046312712577,-3.40784475686553
49911,,Slight,1,1,20/01/2011,Thursday,20,January,11,12,30,230,A,1,Single carriageway - 2 lanes,30,Crossroads,Automatic Traffic Signal,Unclassified,,Daylight: street lights present,Fine (without high winds),Dry,None,None,No overtaking,328330,674160,523374,Junction,Pedestrian,365433,unset,EH87AA,Control by other authorised person,Pedestrian phase at traffic signal junction,At scene,55.95509646090313,-3.149391376302345
50511,,Slight,2,1,20/01/2011,Thursday,20,January,11,13,30,230,Unclassified,,Single carriageway - 2 lanes,30,Not at or within 20 metres of junction,unset,\,,Daylight: street lights present,Fine (without high winds),Dry,None,None,No overtaking,329290,673410,0,Unset,T.V.N.P.,365434,unset,EH87RL,No crossing facility within 50m or physical crossing facility not controlled by authorised person,No physical crossing facility within 50m,Elsewhere,55.948501656976504,-3.1338231539832813
51111,,Slight,1,1,19/01/2011,Wednesday,19,January,11,17,30,230,B,6415,Single carriageway - 2 lanes,30,Not at or within 20 metres of junction,unset,\,,Darkness: street lights present but unlit,Fine (without high winds),Dry,None,None,No overtaking,330350,674060,523470,Junction,Pedestrian,365435,unset,EH151AN,No crossing facility within 50m or physical crossing facility not controlled by authorised person,No physical crossing facility within 50m,Elsewhere,55.954495644979225,-3.1170216723410182
51711,,Slight,2,1,18/01/2011,Tuesday,18,January,11,17,50,230,Unclassified,,Single carriageway - 2 lanes,30,'T' or staggered junction,Give way sign or markings,Unclassified,,Darkness: street lights present and lit,Fine (without high winds),Dry,None,None,No overtaking,320340,670830,0,Unset,T.V.N.P.,365436,unset,EH114SB,No crossing facility within 50m or physical crossing facility not controlled by authorised person,No physical crossing facility within 50m,Elsewhere,55.92392474640143,-3.2763351433945194
52211,,Slight,1,1,20/01/2011,Thursday,20,January,11,21,0,230,A,90,Single carriageway - 2 lanes,30,'T' or staggered junction,Automatic Traffic Signal,Unclassified,,Daylight: no street lighting,Unknown,Dry,None,None,No overtaking,324440,673840,520896,Junction,Pedestrian,365437,unset,EH37TT,No crossing facility within 50m or physical crossing facility not controlled by authorised person,Pedestrian phase at traffic signal junction,At scene,55.9516251924203,-3.2115857042430522
53311,,Slight,2,1,19/01/2011,Wednesday,19,January,11,18,10,230,A,900,Roundabout,30,Roundabout,Give way sign or markings,B,1350,Darkness: street lights present and lit,Fine (without high winds),Dry,None,None,No overtaking,326140,674490,520239,Junction,Cyclist,365438,unset,EH13AF,Control by other authorised person,"Pelican, puffin, toucan or similar non-junction pedestrian light crossing",Elsewhere,55.957728680691446,-3.1845470593821044
54511,,Slight,1,1,21/01/2011,Friday,21,January,11,18,30,230,A,900,Single carriageway - 2 lanes,30,'T' or staggered junction,Give way sign or markings,Unclassified,,Darkness: street lights present and lit,Fine (without high winds),Dry,None,None,No overtaking,326520,675060,2578457,Junction,Pedestrian,365439,unset,EH74NZ,No crossing facility within 50m or physical crossing facility not controlled by authorised person,No physical crossing facility within 50m,Elsewhere,55.96290724576735,-3.178617924307994
55411,,Slight,2,1,21/01/2011,Friday,21,January,11,7,30,230,C,,Roundabout,30,Roundabout,Give way sign or markings,B,901,Daylight: street lights present,Fine (without high winds),Dry,None,None,No overtaking,325750,674660,520200,Junction,Cyclist,365440,unset,EH36LX,No crossing facility within 50m or physical crossing facility not controlled by authorised person,No physical crossing facility within 50m,Elsewhere,55.95919556036694,-3.1908388328595434
56511,,Slight,2,2,22/01/2011,Saturday,22,January,11,22,40,230,A,70,Single carriageway - 2 lanes,40,Not at or within 20 metres of junction,unset,\,,Darkness: street lights present and lit,Fine (without high winds),Dry,None,None,No overtaking,321700,670480,561808,Segment,T.V.N.P.,365441,unset,EH142LZ,No crossing facility within 50m or physical crossing facility not controlled by authorised person,No physical crossing facility within 50m,Elsewhere,55.92100439356457,-3.254476071326391
56611,,Slight,1,1,22/01/2011,Saturday,22,January,11,21,30,230,A,7,Single carriageway - 2 lanes,30,Not at or within 20 metres of junction,unset,\,,Darkness: street lights present and lit,Fine (without high winds),Dry,None,None,No overtaking,326110,673140,569282,Segment,Pedestrian,365442,unset,EH89BZ,No crossing facility within 50m or physical crossing facility not controlled by authorised person,No physical crossing facility within 50m,Elsewhere,55.94559724281207,-3.184656969494581
57011,,Slight,2,4,23/01/2011,Sunday,23,January,11,3,40,230,A,701,Single carriageway - 2 lanes,30,Crossroads,Automatic Traffic Signal,Unclassified,,Darkness: street lights present and lit,Fine (without high winds),Dry,None,None,No overtaking,327190,671010,523077,Junction,T.V.N.P.,365444,unset,EH165PD,No crossing facility within 50m or physical crossing facility not controlled by authorised person,Pedestrian phase at traffic signal junction,Elsewhere,55.926628686212894,-3.166793333168095
58911,,Serious,2,1,23/01/2011,Sunday,23,January,11,20,20,230,C,,Single carriageway - 2 lanes,30,Not at or within 20 metres of junction,unset,\,,Darkness: street lights present and lit,Fine (without high winds),Dry,None,None,No overtaking,329780,673310,553606,Segment,T.V.N.P.,365445,unset,EH151NE,No crossing facility within 50m or physical crossing facility not controlled by authorised person,No physical crossing facility within 50m,At scene,55.94767530099067,-3.1259526457776796
60511,,Slight,1,1,24/01/2011,Monday,24,January,11,8,30,230,Unclassified,,Single carriageway - 2 lanes,30,Not at or within 20 metres of junction,unset,\,,Daylight: no street lighting,Fine (without high winds),Dry,None,None,No overtaking,320600,671760,565352,Segment,Pedestrian,365446,unset,EH113NR,Control by other authorised person,"Pelican, puffin, toucan or similar non-junction pedestrian light crossing",At scene,55.93232157385711,-3.2724494485272677
61911,,Slight,2,1,20/01/2011,Thursday,20,January,11,11,20,230,A,71,Dual carriageway - 2 lanes,40,Other junction,Give way sign or markings,C,,Daylight: street lights present,Fine (without high winds),Dry,None,None,No overtaking,321220,671440,529537,Junction,T.V.N.P.,365447,unset,EH113LJ,No crossing facility within 50m or physical crossing facility not controlled by authorised person,No physical crossing facility within 50m,At scene,55.9295492377218,-3.2624349777447033
62311,,Slight,1,1,25/01/2011,Tuesday,25,January,11,12,20,230,C,,Single carriageway - 2 lanes,30,Not at or within 20 metres of junction,unset,\,,Daylight: street lights present,Fine (without high winds),Dry,None,None,No overtaking,323280,676920,559694,Segment,Pedestrian,365448,unset,EH51HP,No crossing facility within 50m or physical crossing facility not controlled by authorised person,No physical crossing facility within 50m,At scene,55.97910774147031,-3.2310353132511334
63111,,Serious,2,3,21/01/2011,Friday,21,January,11,12,54,230,Unclassified,,Single carriageway - 2 lanes,30,Not at or within 20 metres of junction,unset,\,,Daylight: no street lighting,Fine (without high winds),Dry,None,None,No overtaking,312380,674090,10261158,Segment,T.V.N.P.,365449,unset,EH299DY,No crossing facility within 50m or physical crossing facility not controlled by authorised person,No physical crossing facility within 50m,At scene,55.95182071071557,-3.404733641232703
63711,,Slight,2,1,25/01/2011,Tuesday,25,January,11,12,30,230,A,8,Single carriageway - 2 lanes,30,Not at or within 20 metres of junction,unset,\,,Daylight: street lights present,Fine (without high winds),Dry,None,None,No overtaking,319260,672910,550674,Segment,T.V.N.P.,365450,unset,EH128HH,No crossing facility within 50m or physical crossing facility not controlled by authorised person,No physical crossing facility within 50m,Elsewhere,55.942428038154986,-3.294235815560429
64411,,Slight,1,1,25/01/2011,Tuesday,25,January,11,13,45,230,Unclassified,,Single carriageway - 2 lanes,30,'T' or staggered junction,Automatic Traffic Signal,Unclassified,,Daylight: street lights present,Fine (without high winds),Dry,None,None,No overtaking,323140,671990,522267,Junction,Pedestrian,365451,unset,EH111PR,Control by other authorised person,Pedestrian phase at traffic signal junction,At scene,55.934800790129756,-3.2318706167615443
64911,,Slight,2,1,26/01/2011,Wednesday,26,January,11,19,37,230,Unclassified,,Single carriageway - 2 lanes,40,'T' or staggered junction,Give way sign or markings,Unclassified,,Darkness: street lights present and lit,Fine (without high winds),Dry,None,None,No overtaking,312400,672540,12231700,Junction,T.V.N.P.,365452,unset,EH288PJ,No crossing facility within 50m or physical crossing facility not controlled by authorised person,No physical crossing facility within 50m,At scene,55.93790216653822,-3.40390954411441
65211,,Slight,1,1,26/01/2011,Wednesday,26,January,11,17,0,230,Unclassified,,Single carriageway - 2 lanes,30,Not at or within 20 metres of junction,unset,\,,Darkness: street lights present and lit,Fine (without high winds),Dry,None,None,No overtaking,324270,672980,559245,Segment,Bus,365453,unset,EH38AX,Control by other authorised person,"Pelican, puffin, toucan or similar non-junction pedestrian light crossing",At scene,55.94387324205518,-3.214065569608955
66511,,Fatal,2,3,26/01/2011,Wednesday,26,January,11,11,45,230,A,71,Single carriageway - 2 lanes,50,Not at or within 20 metres of junction,unset,\,,Daylight: no street lighting,Fine (without high winds),Dry,None,None,No overtaking,313460,668610,549671,Segment,T.V.N.P.,365454,unset,EH278ED,No crossing facility within 50m or physical crossing facility not controlled by authorised person,No physical crossing facility within 50m,At scene,55.902794432958586,-3.385685995865146
66811,,Slight,1,1,27/01/2011,Thursday,27,January,11,0,4,230,A,900,Dual carriageway - 2 lanes,30,Not at or within 20 metres of junction,unset,\,,Darkness: street lights present and lit,Fine (without high winds),Dry,None,None,No overtaking,326050,674390,558509,Segment,Bus,365455,unset,EH13AA,Control by other authorised person,Pedestrian phase at traffic signal junction,Elsewhere,55.95681653566981,-3.1859607126362923
67211,,Slight,1,1,23/01/2011,Sunday,23,January,11,20,15,230,A,903,Single carriageway - 2 lanes,30,'T' or staggered junction,Give way sign or markings,Unclassified,,Darkness: street lights present and lit,Fine (without high winds),Dry,None,Any animal in carriagway (except riden hors,No overtaking,324160,676900,519025,Junction,S.V.N.P.,365456,unset,EH51AJ,No crossing facility within 50m or physical crossing facility not controlled by authorised person,No physical crossing facility within 50m,At scene,55.979068101871526,-3.216931050266303
67711,,Slight,1,1,20/01/2011,Thursday,20,January,11,21,15,230,C,,Single carriageway - 2 lanes,30,Not at or within 20 metres of junction,unset,\,,Darkness: street lights present and lit,Fine (without high winds),Dry,None,None,No overtaking,323700,674400,560033,Segment,Pedestrian,365457,unset,EH41NY,No crossing facility within 50m or physical crossing facility not controlled by authorised person,No physical crossing facility within 50m,Elsewhere,55.95653842435411,-3.2235916546738634
68911,,Slight,1,1,27/01/2011,Thursday,27,January,11,13,5,230,A,702,Single carriageway - 2 lanes,30,Not at or within 20 metres of junction,unset,\,,Daylight: street lights present,Fine (without high winds),Dry,None,None,No overtaking,324530,671220,549087,Segment,Bus,365458,unset,EH104QT,No crossing facility within 50m or physical crossing facility not controlled by authorised person,No physical crossing facility within 50m,At scene,55.92810451198896,-3.2094110380142844
69211,,Slight,2,1,27/01/2011,Thursday,27,January,11,17,55,230,C,,Roundabout,30,Roundabout,Give way sign or markings,Unclassified,,Darkness: street lights present and lit,Other,Dry,None,None,No overtaking,326740,673920,521175,Junction,Cyclist,365459,unset,EH88BY,Control by other authorised person,Central refuge - no other controls,At scene,55.95270044478996,-3.174784389962587
69611,,Fatal,1,1,01/01/2011,Saturday,1,January,11,4,20,230,A,900,Single carriageway - 2 lanes,30,'T' or staggered junction,Give way sign or markings,Unclassified,,Darkness: street lights present and lit,Fine (without high winds),Dry,None,None,No overtaking,326080,674450,520665,Junction,Pedestrian,365460,unset,EH13NQ,Control by other authorised person,"Pelican, puffin, toucan or similar non-junction pedestrian light crossing",At scene,55.957360127616056,-3.1854968256607274
70211,,Slight,3,2,28/01/2011,Friday,28,January,11,12,0,230,A,902,Single carriageway - 2 lanes,30,Not at or within 20 metres of junction,unset,\,,Daylight: street lights present,Fine (without high winds),Dry,None,None,No overtaking,321880,674880,563676,Segment,M.V.N.P.,365461,unset,EH42BA,No crossing facility within 50m or physical crossing facility not controlled by authorised person,No physical crossing facility within 50m,At scene,55.96055721884367,-3.252872188813788
70311,,Slight,2,1,19/01/2011,Wednesday,19,January,11,19,0,230,Unclassified,,Single carriageway - 2 lanes,30,Other junction,Give way sign or markings,Unclassified,,Darkness: street lights present and lit,Fine (without high winds),Dry,None,None,No overtaking,330230,673180,523659,Junction,T.V.N.P.,365462,unset,EH151JS,Control by other authorised person,Central refuge - no other controls,At scene,55.94657313619009,-3.1187150311015563
70711,,Slight,1,1,28/01/2011,Friday,28,January,11,17,35,230,A,90,Single carriageway - 2 lanes,30,'T' or staggered junction,Automatic Traffic Signal,Unclassified,,Darkness: street lights present and lit,Fine (without high winds),Dry,None,None,No overtaking,324390,673860,520899,Junction,Pedestrian,365463,unset,EH37PT,Control by other authorised person,Pedestrian phase at traffic signal junction,Elsewhere,55.951796972328026,-3.2123918126810556
70811,,Serious,2,1,28/01/2011,Friday,28,January,11,14,29,230,Unclassified,,Single carriageway - 2 lanes,30,Not at or within 20 metres of junction,unset,\,,Daylight: street lights present,Fine (without high winds),Dry,None,None,No overtaking,326420,672860,558320,Segment,Cyclist,365464,unset,EH89QN,Control by other authorised person,"Pelican, puffin, toucan or similar non-junction pedestrian light crossing",At scene,55.94312966342721,-3.1796181491712234
71711,,Serious,1,1,30/01/2011,Sunday,30,January,11,2,0,230,Unclassified,,Single carriageway - 2 lanes,30,Not at or within 20 metres of junction,unset,\,,Darkness: street lights present and lit,Fine (without high winds),Dry,None,None,No overtaking,326209,674479,0,Unset,Pedestrian,365465,unset,EH75JH,No crossing facility within 50m or physical crossing facility not controlled by authorised person,No physical crossing facility within 50m,At scene,55.95764048678302,-3.183439178645537
71811,,Serious,1,2,30/01/2011,Sunday,30,January,11,3,25,230,A,70,Single carriageway - 2 lanes,40,Not at or within 20 metres of junction,unset,\,,Darkness: street lights present and lit,Fine (without high winds),Dry,None,None,No overtaking,321400,670170,561799,Segment,S.V.N.P.,365466,unset,EH142LU,No crossing facility within 50m or physical crossing facility not controlled by authorised person,No physical crossing facility within 50m,At scene,55.918170798247125,-3.259184855823227
73811,,Slight,2,4,30/01/2011,Sunday,30,January,11,15,35,230,Unclassified,,Single carriageway - 2 lanes,30,Other junction,Automatic Traffic Signal,Unclassified,,Daylight: street lights present,Fine (without high winds),Dry,Road works present,None,No overtaking,327940,674220,520755,Junction,T.V.N.P.,365467,unset,EH76AE,Control by other authorised person,Pedestrian phase at traffic signal junction,At scene,55.955577022722174,-3.1556519679843933
74911,,Serious,1,1,23/01/2011,Sunday,23,January,11,16,15,230,Unclassified,,Single carriageway - 2 lanes,30,Other junction,Give way sign or markings,Unclassified,,Daylight: street lighting unknown,Fine (without high winds),Dry,None,None,No overtaking,320240,669490,533239,Junction,Pedestrian,365468,unset,EH143AN,Control by other authorised person,"Pelican, puffin, toucan or similar non-junction pedestrian light crossing",Elsewhere,55.91187151877558,-3.277538908326507
75211,,Slight,1,1,31/01/2011,Monday,31,January,11,13,0,230,A,901,Single carriageway - 2 lanes,30,Crossroads,Automatic Traffic Signal,Unclassified,,Daylight: street lights present,Fine (without high winds),Dry,None,None,No overtaking,326720,676180,531355,Junction,Bus,365469,unset,EH65LJ,Control by other authorised person,Pedestrian phase at traffic signal junction,At scene,55.97299861549522,-3.175720111811918
77611,,Slight,2,1,31/01/2011,Monday,31,January,11,10,53,230,A,90,Dual carriageway - 2 lanes,50,Not at or within 20 metres of junction,unset,\,,Daylight: street lights present,Fine (without high winds),Dry,None,None,No overtaking,312840,677240,555417,Segment,T.V.N.P.,365470,unset,EH309SS,No crossing facility within 50m or physical crossing facility not controlled by authorised person,No physical crossing facility within 50m,At scene,55.98019792675746,-3.398389953123875
79011,,Slight,1,1,31/01/2011,Monday,31,January,11,17,0,230,C,,Single carriageway - 2 lanes,30,Not at or within 20 metres of junction,unset,\,,Darkness: street lights present and lit,Fine (without high winds),Dry,None,None,No overtaking,324049,672240,554783,Segment,S.V.N.P.,365471,unset,EH111JS,No crossing facility within 50m or physical crossing facility not controlled by authorised person,No physical crossing facility within 50m,At scene,55.93719110209508,-3.217394455694627
80411,,Serious,1,1,01/02/2011,Tuesday,1,February,11,18,0,230,B,701,Dual carriageway - 2 lanes,40,Not at or within 20 metres of junction,unset,\,,Darkness: street lights present and lit,Fine (without high winds),Dry,None,None,No overtaking,319440,670530,2305642,Segment,Pedestrian,345362,unset,EH114JZ,No crossing facility within 50m or physical crossing facility not controlled by authorised person,No physical crossing facility within 50m,At scene,55.92107992897374,-3.290643732778041
80511,,Slight,2,1,31/01/2011,Monday,31,January,11,17,30,230,Unclassified,,Single carriageway - 2 lanes,30,'T' or staggered junction,Give way sign or markings,Unclassified,,Daylight: no street lighting,Fine (without high winds),Dry,None,None,No overtaking,320830,675440,519762,Junction,T.V.N.P.,365472,unset,EH45AB,Control by other authorised person,Pedestrian phase at traffic signal junction,At scene,55.965415320690326,-3.2698508091762033
80711,,Slight,1,1,01/02/2011,Tuesday,1,February,11,16,10,230,A,70,Single carriageway - 2 lanes,30,Not at or within 20 metres of junction,unset,\,,Daylight: no street lighting,Fine (without high winds),Dry,None,None,No overtaking,322420,671160,561769,Segment,Pedestrian,345363,unset,EH141PY,No crossing facility within 50m or physical crossing facility not controlled by authorised person,Central refuge - no other controls,At scene,55.92722940463723,-3.2431537761110665
80811,,Slight,1,1,02/02/2011,Wednesday,2,February,11,1,15,230,Unclassified,,Single carriageway - 2 lanes,30,Not at or within 20 metres of junction,unset,\,,Darkness: street lights present but unlit,Fine (without high winds),Dry,None,None,No overtaking,330510,671560,569117,Segment,S.V.N.P.,345364,unset,EH164ND,No crossing facility within 50m or physical crossing facility not controlled by authorised person,No physical crossing facility within 50m,At scene,55.93206118601628,-3.113814898671114
81111,,Slight,1,1,01/02/2011,Tuesday,1,February,11,17,50,230,Unclassified,,Single carriageway - 2 lanes,30,Crossroads,Automatic Traffic Signal,C,,Daylight: no street lighting,Fine (without high winds),Dry,None,None,No overtaking,326640,671360,531451,Junction,Pedestrian,345365,unset,EH93AF,Control by other authorised person,Pedestrian phase at traffic signal junction,At scene,55.92968901423107,-3.1756884207514835
85011,,Serious,1,1,03/02/2011,Thursday,3,February,11,11,30,230,Unclassified,,Single carriageway - 2 lanes,30,Not at or within 20 metres of junction,unset,\,,Daylight: street lights present,Fine (without high winds),Dry,None,None,No overtaking,320060,670730,0,Unset,Pedestrian,345366,unset,EH114NP,No crossing facility within 50m or physical crossing facility not controlled by authorised person,No physical crossing facility within 50m,At scene,55.922979985631585,-3.280784956112289
85511,,Slight,3,1,03/02/2011,Thursday,3,February,11,16,25,230,C,,Single carriageway - 2 lanes,30,'T' or staggered junction,Give way sign or markings,Unclassified,,Darkness: street lights present and lit,Raining with high winds,Dry,None,None,No overtaking,322910,676770,518995,Junction,M.V.N.P.,345367,unset,EH51LA,No crossing facility within 50m or physical crossing facility not controlled by authorised person,No physical crossing facility within 50m,At scene,55.9777009980792,-3.2369200893531045
86111,,Slight,3,1,02/02/2011,Wednesday,2,February,11,9,30,230,A,90,Dual carriageway - 2 lanes,40,Not at or within 20 metres of junction,unset,\,,Daylight: no street lighting,Raining with high winds,Dry,None,None,No overtaking,316920,676400,555432,Segment,M.V.N.P.,345368,unset,EH309TQ,No crossing facility within 50m or physical crossing facility not controlled by authorised person,No physical crossing facility within 50m,At scene,55.973377113031376,-3.3327653952462044
86311,,Slight,1,1,03/02/2011,Thursday,3,February,11,17,45,230,Unclassified,,Single carriageway - 2 lanes,30,Other junction,Give way sign or markings,Unclassified,,Darkness: street lights present and lit,Raining with high winds,Dry,None,None,No overtaking,327750,668410,0,Unset,Pedestrian,345369,unset,EH166HF,No crossing facility within 50m or physical crossing facility not controlled by authorised person,No physical crossing facility within 50m,Elsewhere,55.903357524107676,-3.1571373534689715
86411,,Slight,2,1,02/02/2011,Wednesday,2,February,11,9,30,230,A,720,Roundabout,40,Roundabout,Automatic Traffic Signal,A,71,Daylight: street lights present,Unknown,Dry,None,None,No overtaking,318580,670440,2307033,Junction,T.V.N.P.,345370,unset,EH144AW,No crossing facility within 50m or physical crossing facility not controlled by authorised person,No physical crossing facility within 50m,Elsewhere,55.920126555490484,-3.304373743188749
87011,,Serious,1,1,28/01/2011,Friday,28,January,11,8,5,230,A,701,Single carriageway - 2 lanes,30,Other junction,Give way sign or markings,Unclassified,,Daylight: street lights present,Fine (without high winds),Dry,None,None,No overtaking,327300,668210,530290,Junction,Pedestrian,365473,unset,EH166PL,No crossing facility within 50m or physical crossing facility not controlled by authorised person,Pedestrian phase at traffic signal junction,Elsewhere,55.901493091106815,-3.1642791315924956
87211,,Slight,1,1,31/01/2011,Monday,31,January,11,15,20,230,Unclassified,,Dual carriageway - 2 lanes,30,Other junction,Automatic Traffic Signal,Unclassified,,Daylight: street lights present,Fine (without high winds),Dry,None,None,No overtaking,319410,671430,9658593,Junction,Pedestrian,365474,unset,EH113UP,No crossing facility within 50m or physical crossing facility not controlled by authorised person,Pedestrian phase at traffic signal junction,Elsewhere,55.92915915443093,-3.2913925186673256
88211,,Slight,2,1,03/02/2011,Thursday,3,February,11,14,50,230,Unclassified,,Single carriageway - 2 lanes,30,'T' or staggered junction,Give way sign or markings,Unclassified,,Daylight: street lights present,Raining with high winds,Dry,None,None,No overtaking,318680,671060,12232067,Junction,T.V.N.P.,345371,unset,EH114DT,Control by other authorised person,Pedestrian phase at traffic signal junction,At scene,55.92571261930814,-3.302960991955208