acc_ref,beat_no,severity,no_vehicle,no_casualt,a_date,a_day,a_date_day,a_date_mon,a_date_yr,a_time_hr,a_time_min,loc_auth,road1_class,road1_no,road_type,speed_limi,junc_det,junc_ctrl,road2_class,road2_no,light_cond,weather,road_surf,spec_cond,cway_hzrds,ovrtk_patrn,easting,northing,net_id,net_type,acc_type,text_id,division,Postcode,ped_xing_hc,ped_xing_p,place_reported,latitude,longitude
88411,,Slight,1,1,04/02/2011,Friday,4,February,11,18,28,230,A,199,Single carriageway - 2 lanes,30,Not at or within 20 metres of junction,unset,\,,Darkness: street lights present and lit,Raining with high winds,Dry,None,None,No overtaking,327140,676520,563239,Segment,Pedestrian,345372,unset,EH66SL,Control by other authorised person,Pedestrian phase at traffic signal junction,At scene,55.97611678563202,-3.169084302771648
88711,,Slight,2,1,04/02/2011,Friday,4,February,11,19,50,230,Unclassified,,Single carriageway - 2 lanes,30,'T' or staggered junction,Authorised Person,Unclassified,,Darkness: street lights present and lit,Raining with high winds,Dry,None,None,No overtaking,326240,674660,12222436,Junction,T.V.N.P.,345373,unset,EH74AH,Control by other authorised person,Pedestrian phase at traffic signal junction,At scene,55.95927114484324,-3.1829923949998222
89011,,Slight,1,1,05/02/2011,Saturday,5,February,11,1,10,230,A,90,Single carriageway - 2 lanes,30,Not at or within 20 metres of junction,unset,\,,Darkness: street lights present and lit,Raining with high winds,Dry,None,None,No overtaking,324650,673680,555627,Segment,Pedestrian,345374,unset,EH24RA,Control by other authorised person,"Pelican, puffin, toucan or similar non-junction pedestrian light crossing",At scene,55.950220969541625,-3.2081788602748413
89211,,Slight,1,1,04/02/2011,Friday,4,February,11,23,30,230,A,702,Single carriageway - 2 lanes,30,Not at or within 20 metres of junction,unset,\,,Darkness: street lights present and lit,Fine (without high winds),Dry,None,None,No overtaking,324790,673330,548964,Segment,Pedestrian,345375,unset,EH12EA,No crossing facility within 50m or physical crossing facility not controlled by authorised person,No physical crossing facility within 50m,At scene,55.94709896172844,-3.2058398163184108
91611,,Slight,2,4,04/02/2011,Friday,4,February,11,20,18,230,A,772,Single carriageway - 2 lanes,30,'T' or staggered junction,Give way sign or markings,Unclassified,,Darkness: street lights present and lit,Fine (without high winds),Dry,None,None,No overtaking,328440,669490,530209,Junction,T.V.N.P.,345376,unset,EH177JJ,No crossing facility within 50m or physical crossing facility not controlled by authorised person,Central refuge - no other controls,Elsewhere,55.913162385151125,-3.1463902786263604
91711,,Slight,2,1,03/02/2011,Thursday,3,February,11,16,55,230,C,,Single carriageway - 2 lanes,30,Not at or within 20 metres of junction,unset,\,,Darkness: street lights present and lit,Raining (without high winds),Dry,None,None,No overtaking,327040,670460,563128,Segment,T.V.N.P.,345377,unset,EH93BD,No crossing facility within 50m or physical crossing facility not controlled by authorised person,No physical crossing facility within 50m,Elsewhere,55.92166531963938,-3.169044528131182
91911,,Slight,1,1,06/02/2011,Sunday,6,February,11,0,48,230,C,,Single carriageway - 2 lanes,30,Crossroads,Automatic Traffic Signal,C,,Darkness: street lights present and lit,Fine (without high winds),Dry,None,None,No overtaking,325280,674190,520521,Junction,Pedestrian,345378,unset,EH21JX,No crossing facility within 50m or physical crossing facility not controlled by authorised person,Pedestrian phase at traffic signal junction,At scene,55.9549006865962,-3.1982345049454475
93911,,Slight,2,1,31/01/2011,Monday,31,January,11,17,0,230,C,,Single carriageway - 2 lanes,30,'T' or staggered junction,Give way sign or markings,Unclassified,,Darkness: street lights present and lit,Fine (without high winds),Dry,None,None,No overtaking,326670,671300,531448,Junction,Cyclist,365475,unset,EH93EE,No crossing facility within 50m or physical crossing facility not controlled by authorised person,No physical crossing facility within 50m,At scene,55.92915462203801,-3.17519207258934
94711,,Slight,2,1,07/02/2011,Monday,7,February,11,11,0,230,A,199,Single carriageway - 2 lanes,30,Not at or within 20 metres of junction,unset,\,,Daylight: street lights present,Raining (without high winds),Dry,None,None,No overtaking,328860,675680,563287,Segment,T.V.N.P.,345379,unset,EH67LW,Control by other authorised person,Pedestrian phase at traffic signal junction,At scene,55.968829424070115,-3.141307064837077
95011,,Slight,2,1,05/02/2011,Saturday,5,February,11,7,38,230,C,,Single carriageway - 2 lanes,30,'T' or staggered junction,Automatic Traffic Signal,Unclassified,,Daylight: street lights present,Fine (without high winds),Dry,None,None,No overtaking,327000,674910,520287,Junction,T.V.N.P.,345380,unset,EH75QL,Control by other authorised person,Pedestrian phase at traffic signal junction,At scene,55.961633105055355,-3.170890153539887
95811,,Slight,2,1,03/02/2011,Thursday,3,February,11,10,55,230,A,702,Dual carriageway - 2 lanes,30,'T' or staggered junction,Automatic Traffic Signal,A,8,Daylight: street lights present,Fine (without high winds),Dry,None,None,No overtaking,324700,673660,520920,Junction,Cyclist,345381,unset,EH12AD,Control by other authorised person,Pedestrian phase at traffic signal junction,Elsewhere,55.95004916180105,-3.2073728029465123
95911,,Slight,1,1,07/02/2011,Monday,7,February,11,14,20,230,A,90,Single carriageway - 2 lanes,30,Not at or within 20 metres of junction,unset,\,,Daylight: street lights present,Fine (without high winds),Dry,None,None,No overtaking,322160,674480,555540,Segment,Pedestrian,345382,unset,EH42BN,No crossing facility within 50m or physical crossing facility not controlled by authorised person,No physical crossing facility within 50m,Elsewhere,55.957009685734945,-3.248272782284934
98211,,Serious,2,1,08/02/2011,Tuesday,8,February,11,13,0,230,B,900,Roundabout,30,Roundabout,Give way sign or markings,B,900,Daylight: no street lighting,Fine (without high winds),Dry,None,None,No overtaking,323520,674610,520098,Junction,Cyclist,345383,unset,EH42DL,Control by other authorised person,Central refuge - no other controls,At scene,55.95839613151035,-3.2265334444440583
99011,,Slight,2,1,08/02/2011,Tuesday,8,February,11,16,25,230,Unclassified,,Single carriageway - 2 lanes,30,Crossroads,Automatic Traffic Signal,Unclassified,,Daylight: street lights present,Fine (without high winds),Dry,None,None,No overtaking,326730,671830,529477,Junction,Cyclist,345384,unset,EH91SB,No crossing facility within 50m or physical crossing facility not controlled by authorised person,No physical crossing facility within 50m,At scene,55.933924711819884,-3.1743760644115357
99411,,Slight,1,1,07/02/2011,Monday,7,February,11,8,21,230,C,,Single carriageway - 2 lanes,30,Other junction,Automatic Traffic Signal,Unclassified,,Daylight: street lights present,Unknown,Dry,None,None,No overtaking,325360,673950,521061,Junction,Pedestrian,345385,unset,EH22DL,Control by other authorised person,Pedestrian phase at traffic signal junction,Elsewhere,55.95275726862917,-3.1968870645681484
99711,,Slight,2,1,08/02/2011,Tuesday,8,February,11,13,53,230,B,6415,Single carriageway - 2 lanes,30,Other junction,Give way sign or markings,Unclassified,,Daylight: street lights present,Fine (without high winds),Dry,None,None,No overtaking,331820,673390,531400,Junction,Bus,345386,unset,EH152HD,No crossing facility within 50m or physical crossing facility not controlled by authorised person,No physical crossing facility within 50m,At scene,55.94868810499729,-3.093314821607202
99811,,Slight,1,1,11/01/2011,Tuesday,11,January,11,3,0,230,A,7,Single carriageway - 2 lanes,30,Not at or within 20 metres of junction,unset,\,,Darkness: street lights present and lit,Fine (without high winds),Dry,None,None,No overtaking,325920,673729,569273,Segment,Pedestrian,365476,unset,EH11SB,Control by other authorised person,Central refuge - no other controls,At scene,55.95085884082618,-3.1878604087079014
101411,,Slight,1,1,09/02/2011,Wednesday,9,February,11,20,55,230,A,90,One way Street,30,'T' or staggered junction,Automatic Traffic Signal,A,90,Darkness: street lights present and lit,Raining (without high winds),Dry,None,None,No overtaking,324770,673820,520995,Junction,Pedestrian,345387,unset,EH24HE,Control by other authorised person,"Pelican, puffin, toucan or similar non-junction pedestrian light crossing",At scene,55.951497380910055,-3.206296856070968
102611,,Serious,2,1,10/02/2011,Thursday,10,February,11,8,20,230,A,90,Single carriageway - 2 lanes,30,'T' or staggered junction,Give way sign or markings,Unclassified,,Daylight: street lights present,Other,Dry,None,None,No overtaking,322020,674580,520044,Junction,Cyclist,345388,unset,EH42BS,No crossing facility within 50m or physical crossing facility not controlled by authorised person,"Pelican, puffin, toucan or similar non-junction pedestrian light crossing",At scene,55.95788521452241,-3.250543409458141
105011,,Slight,2,2,11/02/2011,Friday,11,February,11,7,45,230,A,90,Dual carriageway - 2 lanes,50,Other junction,Give way sign or markings,Unclassified,,Daylight: no street lighting,Fine (without high winds),Dry,None,None,No overtaking,312450,678040,533266,Junction,T.V.N.P.,345389,unset,EH309XY,Control by other authorised person,No physical crossing facility within 50m,At scene,55.98731247908664,-3.4048985017923505
105211,,Slight,2,2,11/02/2011,Friday,11,February,11,15,50,230,A,1,Single carriageway - 3 lanes,70,Roundabout,Automatic Traffic Signal,A,6095,Daylight: no street lighting,Fine (without high winds),Dry,None,None,No overtaking,331630,671800,4464213,Junction,T.V.N.P.,345390,unset,EH218RX,No crossing facility within 50m or physical crossing facility not controlled by authorised person,No physical crossing facility within 50m,Elsewhere,55.93437791125896,-3.0959530632561494
106911,,Slight,2,1,11/02/2011,Friday,11,February,11,19,40,230,B,701,Single carriageway - 2 lanes,30,'T' or staggered junction,Give way sign or markings,Unclassified,,Darkness: street lights present and lit,Fine (without high winds),Dry,None,None,No overtaking,328440,668520,530245,Junction,T.V.N.P.,345391,unset,EH178JX,No crossing facility within 50m or physical crossing facility not controlled by authorised person,No physical crossing facility within 50m,At scene,55.904448860858174,-3.1461331706830857
107211,,Slight,2,1,12/02/2011,Saturday,12,February,11,13,20,230,Unclassified,,Single carriageway - 2 lanes,30,Using private drive or entrance,Give way sign or markings,Unclassified,,Daylight: street lights present,Fine (without high winds),Dry,None,None,No overtaking,322370,669650,564818,Segment,T.V.N.P.,345392,unset,EH141DS,No crossing facility within 50m or physical crossing facility not controlled by authorised person,No physical crossing facility within 50m,Elsewhere,55.91365748238957,-3.2435193038431507
108711,,Slight,1,1,12/02/2011,Saturday,12,February,11,8,35,230,Unclassified,,Dual carriageway - 2 lanes,30,Multiple junction,Automatic Traffic Signal,C,,Daylight: street lights present,Fine (without high winds),Dry,None,None,No overtaking,325690,673970,521076,Junction,Bus,345393,unset,EH22BY,No crossing facility within 50m or physical crossing facility not controlled by authorised person,No physical crossing facility within 50m,Elsewhere,55.9529881389534,-3.191609141505768
109311,,Slight,1,1,12/02/2011,Saturday,12,February,11,22,55,230,Unclassified,,Single carriageway - 2 lanes,30,'T' or staggered junction,Give way sign or markings,Unclassified,,Darkness: street lights present and lit,Fine (without high winds),Dry,None,None,No overtaking,324580,673730,520956,Junction,Pedestrian,345394,unset,EH24PG,Control by other authorised person,Pedestrian phase at traffic signal junction,At scene,55.950659111958565,-3.20931351401452
109911,,Slight,2,2,13/02/2011,Sunday,13,February,11,17,25,230,A,90,One way Street,30,Not at or within 20 metres of junction,unset,\,,Darkness: street lights present and lit,Fine (without high winds),Dry,None,None,No overtaking,324640,673800,520968,Junction,Bus,345395,unset,EH24DR,No crossing facility within 50m or physical crossing facility not controlled by authorised person,No physical crossing facility within 50m,At scene,55.95129732978256,-3.2083725356344748
110211,,Slight,1,1,13/02/2011,Sunday,13,February,11,3,52,230,C,,Single carriageway - 2 lanes,30,Not at or within 20 metres of junction,unset,\,,Daylight: street lights present,Fine (without high winds),Dry,None,None,No overtaking,325780,674340,566777,Segment,Pedestrian,345396,unset,EH13HU,No crossing facility within 50m or physical crossing facility not controlled by authorised person,Pedestrian phase at traffic signal junction,At scene,55.95632570574588,-3.1902702000383316
112111,,Slight,2,1,11/02/2011,Friday,11,February,11,13,25,230,Motorway,8,Dual carriageway - 2 lanes,70,Not at or within 20 metres of junction,unset,\,,Daylight: no street lighting,Fine (without high winds),Dry,None,None,No overtaking,317910,670810,6452850,Segment,T.V.N.P.,345397,unset,EH129BU,No crossing facility within 50m or physical crossing facility not controlled by authorised person,No physical crossing facility within 50m,Elsewhere,55.92333606493911,-3.3152037958985985
113211,,Slight,2,1,15/02/2011,Tuesday,15,February,11,7,5,230,Unclassified,,Roundabout,40,Roundabout,Give way sign or markings,A,71,Daylight: no street lighting,Fine (without high winds),Dry,None,None,No overtaking,320050,670810,529678,Junction,Cyclist,345398,unset,EH113TA,Control by other authorised person,No physical crossing facility within 50m,At scene,55.92369692539084,-3.2809686408288403
113911,,Slight,2,1,15/02/2011,Tuesday,15,February,11,18,40,230,Unclassified,,Single carriageway - 2 lanes,30,Not at or within 20 metres of junction,unset,\,,Darkness: street lights present and lit,Fine (without high winds),Dry,None,None,No overtaking,322750,669330,564752,Segment,Cyclist,345399,unset,EH139AH,No crossing facility within 50m or physical crossing facility not controlled by authorised person,No physical crossing facility within 50m,Elsewhere,55.91084424293285,-3.237349994416102
114011,,Slight,3,1,15/02/2011,Tuesday,15,February,11,18,15,230,A,71,Dual carriageway - 2 lanes,40,Roundabout,Give way sign or markings,C,,Darkness: street lights present and lit,Fine (without high winds),Dry,None,None,No overtaking,320670,671090,529513,Junction,M.V.N.P.,345400,unset,EH113RQ,No crossing facility within 50m or physical crossing facility not controlled by authorised person,No physical crossing facility within 50m,Elsewhere,55.926314818308995,-3.2711322455726117
114111,,Slight,1,1,14/02/2011,Monday,14,February,11,19,15,230,Unclassified,,Single carriageway - 2 lanes,30,Other junction,Give way sign or markings,Unclassified,,Darkness: street lights present and lit,Fine (without high winds),Dry,None,None,No overtaking,323140,671970,522264,Junction,Pedestrian,345401,unset,EH111QE,No crossing facility within 50m or physical crossing facility not controlled by authorised person,No physical crossing facility within 50m,At scene,55.934621136172595,-3.2318649142627263
114211,,Slight,2,1,14/02/2011,Monday,14,February,11,16,27,230,A,701,Single carriageway - 2 lanes,30,Crossroads,Give way sign or markings,Unclassified,,Daylight: no street lighting,Fine (without high winds),Dry,None,None,No overtaking,327110,671130,529603,Junction,T.V.N.P.,345402,unset,EH165PS,Control by other authorised person,Pedestrian phase at traffic signal junction,At scene,55.927694503209565,-3.168105752246594
115011,,Slight,1,1,16/02/2011,Wednesday,16,February,11,6,50,230,Unclassified,,Single carriageway - 2 lanes,30,Roundabout,Give way sign or markings,Unclassified,,Daylight: no street lighting,Raining (without high winds),Dry,None,None,No overtaking,318590,674100,10303194,Junction,S.V.N.P.,345403,unset,EH128UP,Control by other authorised person,No physical crossing facility within 50m,At scene,55.95300398702283,-3.305319146078443
115511,,Fatal,1,1,15/02/2011,Tuesday,15,February,11,8,2,230,Unclassified,,Dual carriageway - 2 lanes,30,Not at or within 20 metres of junction,unset,\,,Daylight: street lights present,Fine (without high winds),Dry,None,None,No overtaking,318490,671780,12232438,Segment,Pedestrian,345404,unset,EH129EB,No crossing facility within 50m or physical crossing facility not controlled by authorised person,No physical crossing facility within 50m,At scene,55.932147784492535,-3.306218334908547
116811,,Slight,2,1,16/02/2011,Wednesday,16,February,11,17,40,230,A,71,Single carriageway - 2 lanes,30,'T' or staggered junction,Automatic Traffic Signal,Unclassified,,Darkness: street lights present but unlit,Fine (without high winds),Dry,None,None,No overtaking,321850,671610,522204,Junction,Cyclist,345405,unset,EH113AJ,Control by school crossing patrol,Pedestrian phase at traffic signal junction,At scene,55.931179198521164,-3.252403935268886
118611,,Slight,2,1,16/02/2011,Wednesday,16,February,11,7,0,230,Unclassified,,Unknown,30,Other junction,Automatic Traffic Signal,A,70,Darkness: street lights present and lit,Unknown,Dry,None,None,No overtaking,321970,670690,522765,Junction,Cyclist,345406,unset,EH141TN,Control by other authorised person,No physical crossing facility within 50m,Elsewhere,55.92293467405967,-3.2502176199884976
119011,,Slight,2,1,17/02/2011,Thursday,17,February,11,18,20,230,A,8,Single carriageway - 2 lanes,30,Other junction,Give way sign or markings,Unclassified,,Daylight: no street lighting,Raining (without high winds),Dry,None,None,No overtaking,322860,673250,521271,Junction,Bus,345407,unset,EH126DF,No crossing facility within 50m or physical crossing facility not controlled by authorised person,No physical crossing facility within 50m,Elsewhere,55.94607406387934,-3.2367120871583634
120311,,Slight,3,2,17/02/2011,Thursday,17,February,11,16,10,230,B,701,Single carriageway - 2 lanes,30,Using private drive or entrance,unset,\,,Daylight: street lights present,Fine (without high winds),Dry,None,None,No overtaking,329150,668600,2105870,Segment,M.V.N.P.,345408,unset,EH178RF,No crossing facility within 50m or physical crossing facility not controlled by authorised person,No physical crossing facility within 50m,At scene,55.90527267329104,-3.1348006598134406
121911,,Slight,2,1,14/02/2011,Monday,14,February,11,18,30,230,A,900,Single carriageway - 2 lanes,30,Roundabout,Give way sign or markings,B,1350,Darkness: street lights present and lit,Fine (without high winds),Dry,None,None,No overtaking,326150,674540,520248,Junction,Cyclist,345409,unset,EH13NH,No crossing facility within 50m or physical crossing facility not controlled by authorised person,No physical crossing facility within 50m,At scene,55.95817936106531,-3.184400653070417
122411,,Serious,2,1,19/02/2011,Saturday,19,February,11,11,28,230,Unclassified,,Single carriageway - 2 lanes,30,'T' or staggered junction,Give way sign or markings,B,901,Daylight: no street lighting,Raining (without high winds),Dry,None,None,No overtaking,325040,675260,519837,Junction,Cyclist,345410,unset,EH35LP,No crossing facility within 50m or physical crossing facility not controlled by authorised person,"Pelican, puffin, toucan or similar non-junction pedestrian light crossing",At scene,55.96447480792661,-3.2023752331896618
122711,,Slight,2,1,19/02/2011,Saturday,19,February,11,16,29,230,A,71,Dual carriageway - 2 lanes,40,Roundabout,Give way sign or markings,Unclassified,,Daylight: street lights present,Fine (without high winds),Dry,None,None,No overtaking,319430,670670,529651,Junction,T.V.N.P.,345411,unset,EH114NT,No crossing facility within 50m or physical crossing facility not controlled by authorised person,No physical crossing facility within 50m,At scene,55.92233580417461,-3.290845507353362
123111,,Slight,2,1,15/02/2011,Tuesday,15,February,11,9,17,230,Unclassified,,Single carriageway - 2 lanes,30,Multiple junction,Automatic Traffic Signal,Unclassified,,Daylight: street lights present,Fine (without high winds),Dry,None,None,No overtaking,323630,671430,529594,Junction,Cyclist,345412,unset,EH105BT,No crossing facility within 50m or physical crossing facility not controlled by authorised person,No physical crossing facility within 50m,At scene,55.92984863693291,-3.2238705980984244
124011,,Slight,2,1,18/02/2011,Friday,18,February,11,17,45,230,A,700,Single carriageway - 2 lanes,30,'T' or staggered junction,Automatic Traffic Signal,C,,Daylight: no street lighting,Fine (without high winds),Dry,None,None,No overtaking,324950,672940,533362,Junction,Cyclist,345413,unset,EH39JG,Control by other authorised person,Pedestrian phase at traffic signal junction,Elsewhere,55.943620722273224,-3.2031698734827136
124411,,Slight,1,1,20/02/2011,Sunday,20,February,11,13,38,230,Unclassified,,Single carriageway - 2 lanes,20,Crossroads,Automatic Traffic Signal,A,701,Daylight: no street lighting,Fine (without high winds),Dry,None,None,No overtaking,327220,671020,523080,Junction,Bus,345414,unset,EH165PB,Control by other authorised person,Central refuge - no other controls,At scene,55.92672306199741,-3.1663160376391932
125211,,Slight,2,1,20/02/2011,Sunday,20,February,11,18,40,230,Unclassified,,Roundabout,30,Roundabout,Give way sign or markings,A,8,Daylight: no street lighting,Fine (without high winds),Dry,None,None,No overtaking,319310,672920,522900,Junction,T.V.N.P.,345415,unset,EH128HH,Control by other authorised person,Pedestrian phase at traffic signal junction,At scene,55.942526268461236,-3.2934385322021846
125511,,Slight,2,1,18/02/2011,Friday,18,February,11,23,50,230,Unclassified,,Single carriageway - 2 lanes,30,'T' or staggered junction,Give way sign or markings,Unclassified,,Daylight: no street lighting,Fine (without high winds),Dry,None,None,No overtaking,326130,676350,532552,Junction,T.V.N.P.,345416,unset,EH64ET,No crossing facility within 50m or physical crossing facility not controlled by authorised person,No physical crossing facility within 50m,At scene,55.97443516227692,-3.1852179326446985
125911,,Slight,1,1,21/02/2011,Monday,21,February,11,15,20,230,B,900,Single carriageway - 2 lanes,30,'T' or staggered junction,Give way sign or markings,Unclassified,,Daylight: street lights present,Fine with high winds,Dry,None,None,No overtaking,325880,675430,519849,Junction,Pedestrian,345417,unset,EH74LD,No crossing facility within 50m or physical crossing facility not controlled by authorised person,Pedestrian phase at traffic signal junction,Elsewhere,55.9661324175849,-3.188969235788619
126111,,Slight,1,1,15/02/2011,Tuesday,15,February,11,17,5,230,A,8,Single carriageway - 2 lanes,30,Not at or within 20 metres of junction,unset,\,,Daylight: street lights present,Unknown,Dry,None,None,No overtaking,323720,673230,550610,Segment,Pedestrian,345418,unset,EH125LQ,No crossing facility within 50m or physical crossing facility not controlled by authorised person,No physical crossing facility within 50m,Elsewhere,55.94603184172917,-3.222939987905033
126811,,Slight,2,1,21/02/2011,Monday,21,February,11,16,20,230,A,8,Single carriageway - 2 lanes,60,'T' or staggered junction,Automatic Traffic Signal,C,,Darkness: street lights present but unlit,Fine (without high winds),Dry,None,None,No overtaking,323040,673190,521283,Junction,T.V.N.P.,345419,unset,EH126AW,No crossing facility within 50m or physical crossing facility not controlled by authorised person,No physical crossing facility within 50m,Elsewhere,55.945563995468625,-3.233813608303986
126911,,Slight,2,1,22/02/2011,Tuesday,22,February,11,8,0,230,Unclassified,,Roundabout,30,Roundabout,Give way sign or markings,A,71,Daylight: street lights present,Fine (without high winds),Dry,None,None,No overtaking,319400,670700,529645,Junction,Bus,345420,unset,EH114HD,No crossing facility within 50m or physical crossing facility not controlled by authorised person,No physical crossing facility within 50m,At scene,55.92260024803613,-3.291334388496199
127811,,Serious,2,1,21/02/2011,Monday,21,February,11,16,40,230,A,8,Single carriageway - 2 lanes,30,Crossroads,Give way sign or markings,Unclassified,,Daylight: street lights present,Fine (without high winds),Dry,None,None,No overtaking,324480,673540,520881,Junction,Cyclist,345421,unset,EH38HA,No crossing facility within 50m or physical crossing facility not controlled by authorised person,No physical crossing facility within 50m,Elsewhere,55.948936665022465,-3.2108611784707883
130011,,Slight,2,1,22/02/2011,Tuesday,22,February,11,16,20,230,Unclassified,,Roundabout,30,Roundabout,Give way sign or markings,C,,Daylight: no street lighting,Fine (without high winds),Dry,None,None,No overtaking,321410,671750,522168,Junction,Cyclist,345422,unset,EH113JT,No crossing facility within 50m or physical crossing facility not controlled by authorised person,Zebra crossing,At scene,55.932364970680496,-3.259485244077686
131011,,Slight,2,1,23/02/2011,Wednesday,23,February,11,8,26,230,Unclassified,,Dual carriageway - 2 lanes,30,Not at or within 20 metres of junction,unset,\,,Daylight: no street lighting,Raining (without high winds),Dry,None,None,No overtaking,326790,672490,4477242,Segment,T.V.N.P.,345423,unset,EH165BH,No crossing facility within 50m or physical crossing facility not controlled by authorised person,No physical crossing facility within 50m,At scene,55.93986256824303,-3.173595182719624
131111,,Slight,1,1,23/02/2011,Wednesday,23,February,11,12,45,230,C,,Single carriageway - 2 lanes,30,Not at or within 20 metres of junction,unset,\,,Daylight: street lights present,Raining (without high winds),Dry,None,None,No overtaking,322810,676730,559673,Segment,Pedestrian,345424,unset,EH51LT,No crossing facility within 50m or physical crossing facility not controlled by authorised person,No physical crossing facility within 50m,Elsewhere,55.977325604689185,-3.2385106506684833
131311,,Serious,3,1,22/02/2011,Tuesday,22,February,11,19,10,230,A,90,Dual carriageway - 2 lanes,70,Not at or within 20 metres of junction,unset,\,,Darkness: no street lighting,Fine (without high winds),Dry,None,None,No overtaking,313540,677050,555414,Segment,M.V.N.P.,345425,unset,EH309SR,No crossing facility within 50m or physical crossing facility not controlled by authorised person,No physical crossing facility within 50m,At scene,55.9786180621933,-3.387114481026589
132311,,Slight,2,1,23/02/2011,Wednesday,23,February,11,16,26,230,C,,Single carriageway - 2 lanes,30,Crossroads,Give way sign or markings,Unclassified,,Daylight: no street lighting,Fine (without high winds),Dry,None,None,No overtaking,322520,670420,529984,Junction,T.V.N.P.,345426,unset,EH141DQ,No crossing facility within 50m or physical crossing facility not controlled by authorised person,No physical crossing facility within 50m,At scene,55.920598360122426,-3.2413412681760967
132411,,Slight,1,1,23/02/2011,Wednesday,23,February,11,15,0,230,A,7,Single carriageway - 2 lanes,30,Other junction,Automatic Traffic Signal,Unclassified,,Daylight: no street lighting,Fine (without high winds),Dry,None,None,No overtaking,326000,673400,521589,Junction,Pedestrian,345427,unset,EH89AA,Control by other authorised person,Central refuge - no other controls,Elsewhere,55.9479158332091,-3.186489229007132
133511,,Slight,1,1,24/02/2011,Thursday,24,February,11,14,47,230,A,70,Single carriageway - 2 lanes,30,Not at or within 20 metres of junction,unset,\,,Daylight: street lights present,Fine (without high winds),Dry,None,None,No overtaking,322750,671600,522231,Junction,Bus,345428,unset,EH141PP,Control by other authorised person,Pedestrian phase at traffic signal junction,Elsewhere,55.93123496806425,-3.2379999442790215
134111,,Slight,2,1,24/02/2011,Thursday,24,February,11,17,40,230,A,720,One way Street,50,Not at or within 20 metres of junction,unset,\,,Daylight: no street lighting,Fine (without high winds),Dry,None,None,No overtaking,318450,670580,2578773,Segment,T.V.N.P.,345429,unset,EH144AJ,No crossing facility within 50m or physical crossing facility not controlled by authorised person,No physical crossing facility within 50m,At scene,55.92136205550456,-3.306495572637627
135111,,Slight,1,1,25/01/2011,Tuesday,25,January,11,12,20,230,Unclassified,,Single carriageway - 2 lanes,30,'T' or staggered junction,Give way sign or markings,Unclassified,,Daylight: street lights present,Fine (without high winds),Dry,None,None,No overtaking,312860,678290,0,Unset,Pedestrian,365477,unset,EH309SD,No crossing facility within 50m or physical crossing facility not controlled by authorised person,No physical crossing facility within 50m,Elsewhere,55.98963268788107,-3.398409983947903
135411,,Slight,2,1,24/02/2011,Thursday,24,February,11,15,40,230,Unclassified,,Single carriageway - 2 lanes,30,Other junction,Give way sign or markings,Unclassified,,Daylight: street lights present,Fine (without high winds),Dry,None,None,No overtaking,327100,675950,12238947,Junction,T.V.N.P.,345430,unset,EH67EQ,No crossing facility within 50m or physical crossing facility not controlled by authorised person,Central refuge - no other controls,Elsewhere,55.970990483351706,-3.169570570508894
136811,,Slight,2,1,25/02/2011,Friday,25,February,11,9,45,230,A,1,Single carriageway - 2 lanes,30,Using private drive or entrance,Give way sign or markings,Unclassified,,Daylight: no street lighting,Fine (without high winds),Dry,None,None,No overtaking,329090,673260,523626,Junction,Cyclist,345431,unset,EH87RR,No crossing facility within 50m or physical crossing facility not controlled by authorised person,No physical crossing facility within 50m,Elsewhere,55.94712469981416,-3.136985457238618
137911,,Slight,3,1,25/02/2011,Friday,25,February,11,13,55,230,Unclassified,,Single carriageway - 2 lanes,30,Not at or within 20 metres of junction,unset,\,,Daylight: street lights present,Fine (without high winds),Dry,None,None,No overtaking,325570,673690,567177,Segment,M.V.N.P.,345432,unset,EH22EJ,No crossing facility within 50m or physical crossing facility not controlled by authorised person,No physical crossing facility within 50m,At scene,55.950454357571864,-3.193453006181434
139511,,Slight,2,1,26/02/2011,Saturday,26,February,11,23,30,230,C,,Single carriageway - 2 lanes,30,Crossroads,Automatic Traffic Signal,B,901,Darkness: street lights present and lit,Fine (without high winds),Dry,None,None,No overtaking,325910,674380,520599,Junction,T.V.N.P.,345433,unset,EH13JG,Control by other authorised person,Pedestrian phase at traffic signal junction,Elsewhere,55.956705109594274,-3.188199659095808
140311,,Serious,1,1,27/02/2011,Sunday,27,February,11,14,16,230,A,901,Single carriageway - 2 lanes,30,'T' or staggered junction,Give way sign or markings,Unclassified,,Daylight: street lights present,Fine (without high winds),Dry,None,None,No overtaking,326860,676000,531346,Junction,Pedestrian,345434,unset,EH65HX,Control by other authorised person,"Pelican, puffin, toucan or similar non-junction pedestrian light crossing",At scene,55.97140308012013,-3.173428507325695
140411,,Slight,1,1,25/02/2011,Friday,25,February,11,19,20,230,Motorway,9,Dual carriageway - 2 lanes,50,Not at or within 20 metres of junction,unset,\,,Darkness: street lights present and lit,Fine with high winds,Dry,Road suface defective,None,No overtaking,313920,676870,0,Unset,S.V.N.P.,345435,unset,EH309SR,No crossing facility within 50m or physical crossing facility not controlled by authorised person,No physical crossing facility within 50m,At scene,55.97706964873385,-3.380969284028941