acc_ref,beat_no,severity,no_vehicle,no_casualt,a_date,a_day,a_date_day,a_date_mon,a_date_yr,a_time_hr,a_time_min,loc_auth,road1_class,road1_no,road_type,speed_limi,junc_det,junc_ctrl,road2_class,road2_no,light_cond,weather,road_surf,spec_cond,cway_hzrds,ovrtk_patrn,easting,northing,net_id,net_type,acc_type,text_id,division,Postcode,ped_xing_hc,ped_xing_p,place_reported,latitude,longitude
188911,,Slight,2,1,17/03/2011,Thursday,17,March,11,16,55,230,Unclassified,,Single carriageway - 2 lanes,30,Not at or within 20 metres of junction,unset,\,,Daylight: no street lighting,Fine (without high winds),Dry,None,None,No overtaking,322670,675710,563961,Segment,Pedestrian,345681,unset,EH44AG,Control by other authorised person,Pedestrian phase at traffic signal junction,Elsewhere,55.96814078087317,-3.240460183533721
189211,,Slight,1,1,17/03/2011,Thursday,17,March,11,17,50,230,Unclassified,,Single carriageway - 2 lanes,30,Not at or within 20 metres of junction,unset,\,,Daylight: street lights present,Fine (without high winds),Dry,None,None,No overtaking,327700,668740,0,Unset,Pedestrian,345682,unset,EH166RF,No crossing facility within 50m or physical crossing facility not controlled by authorised person,No physical crossing facility within 50m,Elsewhere,55.90631439171704,-3.158025217853461
192911,,Serious,2,2,19/03/2011,Saturday,19,March,11,13,15,230,Unclassified,,Single carriageway - 2 lanes,30,Crossroads,Automatic Traffic Signal,Unclassified,,Daylight: street lights present,Fine (without high winds),Dry,None,None,No overtaking,323400,674000,520434,Junction,T.V.N.P.,345683,unset,EH43EG,No crossing facility within 50m or physical crossing facility not controlled by authorised person,Pedestrian phase at traffic signal junction,At scene,55.95289755446489,-3.228281381732203
193011,,Slight,2,1,18/03/2011,Friday,18,March,11,8,30,230,Unclassified,,Dual carriageway - 2 lanes,40,'T' or staggered junction,Automatic Traffic Signal,A,902,Daylight: street lights present,Fine (without high winds),Dry,None,None,No overtaking,318070,672730,521634,Junction,T.V.N.P.,345684,unset,EH128LU,No crossing facility within 50m or physical crossing facility not controlled by authorised person,Pedestrian phase at traffic signal junction,Elsewhere,55.94060961924832,-3.313227578289082
193311,,Slight,1,1,20/03/2011,Sunday,20,March,11,3,0,230,A,7,Single carriageway - 2 lanes,30,Crossroads,Automatic Traffic Signal,Unclassified,,Darkness: street lights present and lit,Fine (without high winds),Dry,None,None,No overtaking,325930,673650,521103,Junction,Pedestrian,345685,unset,EH11RU,No crossing facility within 50m or physical crossing facility not controlled by authorised person,Pedestrian phase at traffic signal junction,At scene,55.9501507414757,-3.187678581693374
193411,,Slight,2,1,17/03/2011,Thursday,17,March,11,21,37,230,A,8,Single carriageway - 2 lanes,30,'T' or staggered junction,Automatic Traffic Signal,C,,Darkness: street lights present and lit,Fine (without high winds),Dry,None,None,No overtaking,325360,673870,521052,Junction,Bus,345686,unset,EH22ER,No crossing facility within 50m or physical crossing facility not controlled by authorised person,Pedestrian phase at traffic signal junction,Elsewhere,55.95203864556664,-3.196864887539768
195011,,Slight,2,1,10/03/2011,Thursday,10,March,11,7,45,230,A,8,Single carriageway - 2 lanes,30,'T' or staggered junction,Give way sign or markings,Unclassified,,Daylight: no street lighting,Fine (without high winds),Dry,None,None,No overtaking,320200,672890,521727,Junction,Cyclist,345687,unset,EH126NN,No crossing facility within 50m or physical crossing facility not controlled by authorised person,No physical crossing facility within 50m,Elsewhere,55.942405542958895,-3.2791845961843658
195311,,Slight,1,1,18/03/2011,Friday,18,March,11,16,50,230,Unclassified,,Single carriageway - 2 lanes,30,Crossroads,Give way sign or markings,Unclassified,,Daylight: no street lighting,Fine (without high winds),Dry,None,None,No overtaking,326890,676260,12238390,Junction,Pedestrian,345688,unset,EH66DE,Control by other authorised person,Pedestrian phase at traffic signal junction,At scene,55.973743192300965,-3.1730186506112728
197111,,Slight,4,2,21/03/2011,Monday,21,March,11,17,58,230,Motorway,8,Dual carriageway - 2 lanes,70,Not at or within 20 metres of junction,unset,\,,Daylight: street lights present,Fine (without high winds),Dry,None,None,No overtaking,313480,671380,6452108,Segment,M.V.N.P.,345689,unset,EH288QX,No crossing facility within 50m or physical crossing facility not controlled by authorised person,No physical crossing facility within 50m,At scene,55.927678655254695,-3.386254028933445
197411,,Slight,1,1,22/03/2011,Tuesday,22,March,11,8,25,230,Unclassified,,Single carriageway - 2 lanes,30,Not at or within 20 metres of junction,unset,\,,Daylight: street lights present,Fine (without high winds),Dry,None,None,No overtaking,320000,670320,0,Unset,Pedestrian,345690,unset,EH142PN,No crossing facility within 50m or physical crossing facility not controlled by authorised person,No physical crossing facility within 50m,At scene,55.91928715518462,-3.281623248365586
197711,,Slight,2,1,23/03/2011,Wednesday,23,March,11,12,0,230,Unclassified,,Single carriageway - 2 lanes,30,Not at or within 20 metres of junction,unset,\,,Daylight: no street lighting,Fine (without high winds),Dry,None,None,No overtaking,326070,673430,0,Unset,T.V.N.P.,345691,unset,EH11LT,No crossing facility within 50m or physical crossing facility not controlled by authorised person,No physical crossing facility within 50m,At scene,55.94819610556462,-3.185376870847898
197911,,Slight,3,1,23/03/2011,Wednesday,23,March,11,6,0,230,A,71,Single carriageway - 2 lanes,30,Not at or within 20 metres of junction,unset,\,,Daylight: no street lighting,Fine (without high winds),Dry,None,None,No overtaking,321930,671660,549737,Segment,M.V.N.P.,345692,unset,EH113AL,No crossing facility within 50m or physical crossing facility not controlled by authorised person,No physical crossing facility within 50m,At scene,55.93164134043048,-3.2511383178766065
198311,,Slight,2,1,24/03/2011,Thursday,24,March,11,13,30,230,Unclassified,,Single carriageway - 2 lanes,30,Not at or within 20 metres of junction,unset,\,,Daylight: street lights present,Fine (without high winds),Dry,None,None,No overtaking,325960,673030,0,Unset,T.V.N.P.,345693,unset,EH89AL,No crossing facility within 50m or physical crossing facility not controlled by authorised person,No physical crossing facility within 50m,At scene,55.94458601757089,-3.187027861731694
198411,,Slight,3,1,24/03/2011,Thursday,24,March,11,9,0,230,A,90,Dual carriageway - 2 lanes,30,Not at or within 20 metres of junction,unset,\,,Daylight: no street lighting,Fine (without high winds),Dry,None,None,No overtaking,321530,674930,555510,Segment,M.V.N.P.,345694,unset,EH42AQ,No crossing facility within 50m or physical crossing facility not controlled by authorised person,No physical crossing facility within 50m,At scene,55.96094923107081,-3.2584914093389794
199911,,Serious,2,1,24/03/2011,Thursday,24,March,11,17,30,230,A,90,Single carriageway - 2 lanes,40,'T' or staggered junction,Automatic Traffic Signal,Unclassified,,Daylight: street lights present,Fine (without high winds),Dry,None,None,No overtaking,320000,675070,519708,Junction,T.V.N.P.,345695,unset,EH47NA,Control by other authorised person,Pedestrian phase at traffic signal junction,Elsewhere,55.961954103466034,-3.283033361546612
200211,,Slight,1,1,25/03/2011,Friday,25,March,11,15,30,230,A,1,Single carriageway - 2 lanes,30,Not at or within 20 metres of junction,unset,\,,Daylight: street lights present,Fine (without high winds),Dry,None,None,No overtaking,328250,674150,2106118,Segment,Pedestrian,345696,unset,EH87AD,No crossing facility within 50m or physical crossing facility not controlled by authorised person,No physical crossing facility within 50m,At scene,55.954994675169885,-3.150669641990875
202411,,Slight,2,1,26/03/2011,Saturday,26,March,11,14,30,230,C,,Roundabout,30,Roundabout,Give way sign or markings,Unclassified,,Daylight: street lights present,Fine (without high winds),Dry,None,None,No overtaking,325140,673970,521064,Junction,Bus,345697,unset,EH23BU,Control by other authorised person,"Pelican, puffin, toucan or similar non-junction pedestrian light crossing",At scene,55.9529026555187,-3.200414911095722
202511,,Slight,2,1,20/03/2011,Sunday,20,March,11,10,45,230,C,,Single carriageway - 2 lanes,30,'T' or staggered junction,Give way sign or markings,Unclassified,,Daylight: street lights present,Fine (without high winds),Dry,None,None,No overtaking,326960,674750,520281,Junction,Cyclist,345698,unset,EH75PP,No crossing facility within 50m or physical crossing facility not controlled by authorised person,No physical crossing facility within 50m,Elsewhere,55.96018975904689,-3.171487294054413
202611,,Serious,2,1,26/03/2011,Saturday,26,March,11,16,0,230,A,8,Single carriageway - 2 lanes,30,Other junction,Give way sign or markings,Unclassified,,Daylight: street lights present,Fine (without high winds),Dry,None,None,No overtaking,322820,673250,521274,Junction,T.V.N.P.,345699,unset,EH126DF,No crossing facility within 50m or physical crossing facility not controlled by authorised person,No physical crossing facility within 50m,At scene,55.94606763426868,-3.2373523835677123
202711,,Slight,2,1,26/03/2011,Saturday,26,March,11,13,20,230,A,1140,Single carriageway - 2 lanes,30,Not at or within 20 metres of junction,unset,\,,Daylight: street lights present,Fine (without high winds),Dry,None,None,No overtaking,328500,674160,554882,Segment,T.V.N.P.,345700,unset,EH87BB,No crossing facility within 50m or physical crossing facility not controlled by authorised person,No physical crossing facility within 50m,Elsewhere,55.955121824064605,-3.146669394491526
202811,,Serious,1,1,26/03/2011,Saturday,26,March,11,16,50,230,Unclassified,,Single carriageway - 2 lanes,30,Not at or within 20 metres of junction,unset,\,,Daylight: street lights present,Fine (without high winds),Dry,None,None,No overtaking,323120,676360,0,Unset,Pedestrian,345701,unset,EH52JP,No crossing facility within 50m or physical crossing facility not controlled by authorised person,No physical crossing facility within 50m,At scene,55.97405183791868,-3.2334385497708933
202911,,Serious,1,1,26/03/2011,Saturday,26,March,11,20,0,230,A,8,Single carriageway - 2 lanes,30,Multiple junction,Automatic Traffic Signal,A,7,Darkness: street lights present and lit,Fine (without high winds),Dry,None,None,No overtaking,325820,674000,517891,Junction,Pedestrian,345702,unset,EH22EJ,Control by other authorised person,Pedestrian phase at traffic signal junction,At scene,55.95327773654764,-3.189536036435804
203011,,Slight,1,1,27/03/2011,Sunday,27,March,11,0,20,230,A,900,Single carriageway - 2 lanes,30,Crossroads,Authorised Person,Unclassified,,Darkness: street lights present and lit,Fine (without high winds),Dry,None,None,No overtaking,326380,674890,520266,Junction,Pedestrian,345703,unset,EH74LU,Control by other authorised person,Pedestrian phase at traffic signal junction,At scene,55.9613586993583,-3.1808134693813477
205811,,Serious,1,1,26/03/2011,Saturday,26,March,11,23,25,230,C,,Single carriageway - 2 lanes,30,Not at or within 20 metres of junction,unset,\,,Darkness: street lights present and lit,Fine (without high winds),Dry,None,None,No overtaking,325480,672150,559024,Segment,Pedestrian,345704,unset,EH91HF,No crossing facility within 50m or physical crossing facility not controlled by authorised person,No physical crossing facility within 50m,At scene,55.93660686618186,-3.1944678754067946
206711,,Slight,2,1,28/03/2011,Monday,28,March,11,16,23,230,Unclassified,,Single carriageway - 2 lanes,30,Crossroads,Automatic Traffic Signal,A,900,Daylight: no street lighting,Fine (without high winds),Dry,None,None,No overtaking,327210,676240,519253,Junction,T.V.N.P.,345705,unset,EH67AF,No crossing facility within 50m or physical crossing facility not controlled by authorised person,No physical crossing facility within 50m,Elsewhere,55.973612220506304,-3.167887080613878
207111,,Slight,1,1,25/03/2011,Friday,25,March,11,12,24,230,Unclassified,,Single carriageway - 2 lanes,30,Crossroads,Automatic Traffic Signal,Unclassified,,Daylight: no street lighting,Fine (without high winds),Dry,None,None,No overtaking,329750,673300,523641,Junction,Pedestrian,345706,unset,EH151SD,Control by other authorised person,Pedestrian phase at traffic signal junction,At scene,55.94758108043236,-3.1264302985336347
207211,,Slight,3,2,27/03/2011,Sunday,27,March,11,13,30,230,Unclassified,,Single carriageway - 2 lanes,30,Not at or within 20 metres of junction,unset,\,,Daylight: street lights present,Fine (without high winds),Dry,None,None,No overtaking,323460,675830,563646,Segment,M.V.N.P.,345707,unset,EH52DJ,No crossing facility within 50m or physical crossing facility not controlled by authorised person,Central refuge - no other controls,At scene,55.96934542022464,-3.227841244481005
207411,,Serious,2,1,29/03/2011,Tuesday,29,March,11,8,24,230,A,70,Single carriageway - 2 lanes,30,Crossroads,Automatic Traffic Signal,A,70,Daylight: street lights present,Fine (without high winds),Dry,None,None,No overtaking,323480,672260,521991,Junction,T.V.N.P.,345708,unset,EH111EG,No crossing facility within 50m or physical crossing facility not controlled by authorised person,Pedestrian phase at traffic signal junction,At scene,55.93728041940736,-3.2265063076826674
207511,,Slight,1,1,28/03/2011,Monday,28,March,11,17,0,230,Unclassified,,Single carriageway - 2 lanes,30,'T' or staggered junction,Give way sign or markings,Unclassified,,Daylight: street lights present,Fine (without high winds),Dry,None,None,No overtaking,320300,669760,532828,Junction,Pedestrian,345709,unset,EH143AE,No crossing facility within 50m or physical crossing facility not controlled by authorised person,No physical crossing facility within 50m,At scene,55.91430676666147,-3.2766590384298957
207611,,Slight,1,1,29/03/2011,Tuesday,29,March,11,12,30,230,A,8,Single carriageway - 2 lanes,30,'T' or staggered junction,Give way sign or markings,Unclassified,,Daylight: street lights present,Fine (without high winds),Dry,None,None,No overtaking,320200,672890,521727,Junction,Bus,345710,unset,EH126NN,Control by other authorised person,"Pelican, puffin, toucan or similar non-junction pedestrian light crossing",At scene,55.942405542958895,-3.2791845961843658
207711,,Slight,2,1,29/03/2011,Tuesday,29,March,11,17,0,230,A,90,Single carriageway - 2 lanes,40,Not at or within 20 metres of junction,unset,\,,Daylight: street lights present,Fine (without high winds),Dry,None,None,No overtaking,318070,675160,555450,Segment,T.V.N.P.,345711,unset,EH46AT,No crossing facility within 50m or physical crossing facility not controlled by authorised person,No physical crossing facility within 50m,At scene,55.962436822693526,-3.3139668491612304
208311,,Serious,2,1,20/03/2011,Sunday,20,March,11,6,54,230,C,,Single carriageway - 2 lanes,30,Crossroads,Automatic Traffic Signal,Unclassified,,Daylight: no street lighting,Fine (without high winds),Dry,None,None,No overtaking,326850,670760,529873,Junction,T.V.N.P.,345712,unset,EH165PY,No crossing facility within 50m or physical crossing facility not controlled by authorised person,Pedestrian phase at traffic signal junction,At scene,55.92433130115991,-3.1721654525785525
208511,,Slight,3,1,30/03/2011,Wednesday,30,March,11,16,35,230,A,720,Dual carriageway - 2 lanes,40,Not at or within 20 metres of junction,unset,\,,Daylight: no street lighting,Fine (without high winds),Dry,None,None,No overtaking,318540,670440,2582067,Segment,M.V.N.P.,350811,unset,EH144AW,No crossing facility within 50m or physical crossing facility not controlled by authorised person,No physical crossing facility within 50m,At scene,55.92011977638287,-3.3050135950469492
219811,,Slight,2,1,10/03/2011,Thursday,10,March,11,14,20,230,A,702,Single carriageway - 2 lanes,30,Crossroads,Automatic Traffic Signal,Unclassified,,Daylight: street lights present,Fine (without high winds),Dry,None,None,No overtaking,324910,672960,533374,Junction,Cyclist,345713,unset,EH39LY,No crossing facility within 50m or physical crossing facility not controlled by authorised person,Pedestrian phase at traffic signal junction,Elsewhere,55.94379412268261,-3.20381571196699
221111,,Slight,1,1,30/03/2011,Wednesday,30,March,11,17,45,230,Unclassified,,Single carriageway - 2 lanes,30,Not at or within 20 metres of junction,unset,\,,Daylight: no street lighting,Raining (without high winds),Dry,None,None,No overtaking,325650,673920,551250,Segment,Pedestrian,345714,unset,EH22EJ,Control by other authorised person,"Pelican, puffin, toucan or similar non-junction pedestrian light crossing",At scene,55.952532803042196,-3.1922357555268044
221211,,Slight,2,1,01/04/2011,Friday,1,April,11,14,25,230,C,,Single carriageway - 2 lanes,30,Other junction,Give way sign or markings,Unclassified,,Daylight: street lights present,Fine (without high winds),Dry,None,None,No overtaking,326200,672500,532732,Junction,Cyclist,350812,unset,EH91ND,Control by other authorised person,Pedestrian phase at traffic signal junction,Elsewhere,55.93986206639021,-3.1830409761494844
221411,,Slight,2,2,01/04/2011,Friday,1,April,11,12,5,230,A,90,Single carriageway - 2 lanes,30,'T' or staggered junction,Automatic Traffic Signal,C,,Daylight: street lighting unknown,Fine with high winds,Dry,None,None,No overtaking,324380,673870,520902,Junction,Bus,350813,unset,EH37PT,No crossing facility within 50m or physical crossing facility not controlled by authorised person,No physical crossing facility within 50m,Elsewhere,55.951885224096394,-3.2125547202398956
221511,,Slight,1,1,21/03/2011,Monday,21,March,11,12,58,230,A,70,Single carriageway - 2 lanes,30,Multiple junction,Automatic Traffic Signal,C,,Daylight: street lights present,Fine (without high winds),Dry,None,None,No overtaking,323520,672500,521994,Junction,Pedestrian,345715,unset,EH112EQ,Control by other authorised person,Pedestrian phase at traffic signal junction,At scene,55.93944264303269,-3.2259342615673807
221811,,Slight,2,1,02/04/2011,Saturday,2,April,11,17,15,230,Unclassified,,Single carriageway - 2 lanes,20,Not at or within 20 metres of junction,unset,\,,Daylight: street lights present,Fine (without high winds),Dry,None,None,No overtaking,329810,671750,0,Unset,T.V.N.P.,350814,unset,EH164RG,No crossing facility within 50m or physical crossing facility not controlled by authorised person,No physical crossing facility within 50m,Elsewhere,55.93366615763191,-3.1250659750411476
222211,,Slight,1,1,30/03/2011,Wednesday,30,March,11,16,10,230,Unclassified,,Single carriageway - 2 lanes,30,Crossroads,Give way sign or markings,A,1140,Daylight: street lights present,Fine (without high winds),Dry,None,None,No overtaking,328860,674190,523410,Junction,Bus,345716,unset,EH87BJ,No crossing facility within 50m or physical crossing facility not controlled by authorised person,No physical crossing facility within 50m,Elsewhere,55.95544482476909,-3.140913111818569
228611,,Slight,1,1,27/03/2011,Sunday,27,March,11,18,55,230,C,,Single carriageway - 2 lanes,30,Not at or within 20 metres of junction,unset,\,,Daylight: street lights present,Fine (without high winds),Dry,None,Other object in carriageway,No overtaking,326940,674590,2106466,Segment,Pedestrian,345717,unset,EH75RQ,No crossing facility within 50m or physical crossing facility not controlled by authorised person,No physical crossing facility within 50m,At scene,55.95874945611644,-3.171764130335582
228711,,Serious,1,1,06/04/2011,Wednesday,6,April,11,19,45,230,A,903,Single carriageway - 2 lanes,30,'T' or staggered junction,Give way sign or markings,Unclassified,,Daylight: no street lighting,Fine with high winds,Dry,None,None,No overtaking,324290,676160,519166,Junction,Pedestrian,350815,unset,EH53QS,Control by other authorised person,Central refuge - no other controls,At scene,55.97244145470149,-3.2146399168602287
228811,,Slight,2,1,05/04/2011,Tuesday,5,April,11,17,38,230,A,772,Single carriageway - 2 lanes,30,Not at or within 20 metres of junction,unset,\,,Daylight: no street lighting,Fine (without high winds),Dry,None,None,No overtaking,329040,668960,569390,Segment,T.V.N.P.,350816,unset,EH178NQ,No crossing facility within 50m or physical crossing facility not controlled by authorised person,No physical crossing facility within 50m,At scene,55.90849034493125,-3.1366543015039197
229011,,Slight,2,1,06/04/2011,Wednesday,6,April,11,6,50,230,A,90,Single carriageway - 2 lanes,40,Other junction,Automatic Traffic Signal,Unclassified,,Daylight: street lighting unknown,Raining (without high winds),Dry,None,None,No overtaking,320000,675080,519708,Junction,T.V.N.P.,350817,unset,EH46AH,Control by other authorised person,Pedestrian phase at traffic signal junction,At scene,55.96204392828158,-3.2830363342274254
231211,,Slight,3,1,05/04/2011,Tuesday,5,April,11,18,0,230,A,6095,Roundabout,30,Roundabout,Give way sign or markings,A,1,Daylight: no street lighting,Fine (without high winds),Dry,None,None,No overtaking,331480,671750,4464195,Junction,M.V.N.P.,350818,unset,EH218RX,Control by other authorised person,Pedestrian phase at traffic signal junction,At scene,55.933907372346575,-3.098340859131146
233011,,Slight,2,1,07/04/2011,Thursday,7,April,11,11,15,230,B,901,Roundabout,30,Roundabout,Give way sign or markings,C,,Daylight: no street lighting,Fine (without high winds),Dry,None,None,No overtaking,325730,674680,520206,Junction,Cyclist,350819,unset,EH36NB,Control by other authorised person,Pedestrian phase at traffic signal junction,Elsewhere,55.95937212061521,-3.1911646140549372
233811,,Slight,2,1,07/04/2011,Thursday,7,April,11,8,7,230,A,720,Dual carriageway - 2 lanes,70,Not at or within 20 metres of junction,unset,\,,Daylight: no street lighting,Fine (without high winds),Dry,None,None,No overtaking,325680,667240,2588155,Segment,T.V.N.P.,350820,unset,EH107DR,No crossing facility within 50m or physical crossing facility not controlled by authorised person,No physical crossing facility within 50m,At scene,55.89253199943826,-3.1899150713361486
235911,,Slight,2,1,07/04/2011,Thursday,7,April,11,8,30,230,Unclassified,,Single carriageway - 2 lanes,30,Crossroads,Automatic Traffic Signal,Unclassified,,Daylight: street lights present,Fine (without high winds),Dry,None,None,No overtaking,325870,676290,519238,Junction,Cyclist,350821,unset,EH64NW,Control by other authorised person,Pedestrian phase at traffic signal junction,Elsewhere,55.97385606929457,-3.189366436384746
236911,,Slight,2,1,08/04/2011,Friday,8,April,11,6,55,230,A,71,Dual carriageway - 2 lanes,30,Roundabout,Give way sign or markings,Unclassified,,Daylight: street lights present,Fine (without high winds),Dry,None,None,No overtaking,320000,670830,529684,Junction,Cyclist,350822,unset,EH114BH,No crossing facility within 50m or physical crossing facility not controlled by authorised person,No physical crossing facility within 50m,Elsewhere,55.92386825344162,-3.2817744675028018
238711,,Serious,2,1,10/04/2011,Sunday,10,April,11,12,5,230,B,701,Single carriageway - 2 lanes,30,Crossroads,Give way sign or markings,Unclassified,,Daylight: street lights present,Fine (without high winds),Dry,None,None,No overtaking,329110,668570,530260,Junction,T.V.N.P.,350823,unset,EH178RB,No crossing facility within 50m or physical crossing facility not controlled by authorised person,"Pelican, puffin, toucan or similar non-junction pedestrian light crossing",At scene,55.90499728437719,-3.135432431833174
239011,,Slight,2,1,09/04/2011,Saturday,9,April,11,20,58,230,A,1,Single carriageway - 2 lanes,30,Roundabout,Give way sign or markings,A,1,Daylight: street lights present,Fine (without high winds),Dry,None,None,No overtaking,330320,672850,12225157,Junction,T.V.N.P.,350824,unset,EH151JZ,Control by other authorised person,"Pelican, puffin, toucan or similar non-junction pedestrian light crossing",At scene,55.943621804303135,-3.1171889121634737
239411,,Slight,1,1,06/04/2011,Wednesday,6,April,11,16,0,230,A,701,Single carriageway - 2 lanes,30,Not at or within 20 metres of junction,unset,\,,Daylight: street lights present,Fine (without high winds),Dry,None,None,No overtaking,327200,670930,561488,Segment,Bus,350825,unset,EH165TY,No crossing facility within 50m or physical crossing facility not controlled by authorised person,No physical crossing facility within 50m,At scene,55.9259115679658,-3.1666117396306617
239811,,Serious,2,5,10/04/2011,Sunday,10,April,11,14,30,230,Unclassified,,Single carriageway - 2 lanes,30,Not at or within 20 metres of junction,unset,\,,Daylight: no street lighting,Fine (without high winds),Dry,None,None,No overtaking,321700,673780,565697,Segment,T.V.N.P.,350826,unset,EH43NX,No crossing facility within 50m or physical crossing facility not controlled by authorised person,No physical crossing facility within 50m,At scene,55.95064703160427,-3.25543465179564
240011,,Slight,3,3,10/04/2011,Sunday,10,April,11,9,55,230,A,701,Single carriageway - 2 lanes,30,'T' or staggered junction,Give way sign or markings,A,701,Daylight: street lights present,Fine (without high winds),Dry,None,None,No overtaking,327160,671040,529600,Junction,M.V.N.P.,350827,unset,EH165PU,No crossing facility within 50m or physical crossing facility not controlled by authorised person,Pedestrian phase at traffic signal junction,At scene,55.92689362546138,-3.167281430308608
240311,,Serious,1,1,13/02/2011,Sunday,13,February,11,2,0,230,Unclassified,,Single carriageway - 2 lanes,30,Other junction,Give way sign or markings,Unclassified,,Darkness: street lights present and lit,Fine (without high winds),Dry,None,None,No overtaking,325310,673310,521484,Junction,Pedestrian,345446,unset,EH12HS,No crossing facility within 50m or physical crossing facility not controlled by authorised person,No physical crossing facility within 50m,At scene,55.94700050378799,-3.1975100782276797
240411,,Slight,2,3,09/04/2011,Saturday,9,April,11,20,20,230,Unclassified,,Roundabout,30,Roundabout,Give way sign or markings,C,,Daylight: street lighting unknown,Fine (without high winds),Dry,None,None,No overtaking,324590,672940,522732,Junction,T.V.N.P.,350828,unset,EH38DF,No crossing facility within 50m or physical crossing facility not controlled by authorised person,No physical crossing facility within 50m,Elsewhere,55.943564306135066,-3.208932239671531
240511,,Slight,1,1,13/02/2011,Sunday,13,February,11,2,0,230,C,,Single carriageway - 2 lanes,30,Not at or within 20 metres of junction,unset,\,,Darkness: street lights present and lit,Fine (without high winds),Dry,None,None,No overtaking,325980,673490,2106574,Segment,Pedestrian,345447,unset,EH11NQ,No crossing facility within 50m or physical crossing facility not controlled by authorised person,No physical crossing facility within 50m,At scene,55.94872120366513,-3.186834134239199
240611,,Serious,1,3,08/04/2011,Friday,8,April,11,13,35,230,A,902,Single carriageway - 2 lanes,30,'T' or staggered junction,Automatic Traffic Signal,Unclassified,,Daylight: no street lighting,Fine (without high winds),Dry,None,None,No overtaking,322220,674900,520050,Junction,Pedestrian,350829,unset,EH42SD,No crossing facility within 50m or physical crossing facility not controlled by authorised person,Pedestrian phase at traffic signal junction,At scene,55.96079211131699,-3.2474334400990217
240811,,Slight,1,2,11/04/2011,Monday,11,April,11,12,43,230,A,8,One way Street,30,'T' or staggered junction,Automatic Traffic Signal,Unclassified,,Daylight: street lights present,Fine (without high winds),Dry,None,None,No overtaking,324120,673270,521346,Junction,Bus,350830,unset,EH125ED,No crossing facility within 50m or physical crossing facility not controlled by authorised person,No physical crossing facility within 50m,Elsewhere,55.94645454858521,-3.216548251596515
241711,,Slight,2,1,06/04/2011,Wednesday,6,April,11,14,40,230,Unclassified,,Single carriageway - 2 lanes,30,Not at or within 20 metres of junction,unset,\,,Daylight: street lights present,Fine (without high winds),Dry,None,None,No overtaking,331000,672390,556998,Segment,Bus,350831,unset,EH153SA,No crossing facility within 50m or physical crossing facility not controlled by authorised person,Central refuge - no other controls,Elsewhere,55.93958781719536,-3.1061862402777867
241811,,Slight,2,1,03/04/2011,Sunday,3,April,11,18,5,230,A,70,Single carriageway - 2 lanes,30,'T' or staggered junction,Automatic Traffic Signal,Unclassified,,Daylight: street lights present,Fine (without high winds),Dry,None,None,No overtaking,322340,671100,523488,Junction,Cyclist,350832,unset,EH141QB,Control by other authorised person,Pedestrian phase at traffic signal junction,At scene,55.9266775179895,-3.244416467279948
242611,,Slight,2,1,11/04/2011,Monday,11,April,11,9,50,230,Motorway,9,Dual carriageway - 2 lanes,70,Not at or within 20 metres of junction,unset,\,,Daylight: no street lighting,Raining (without high winds),Dry,None,None,No overtaking,311340,674480,2306848,Segment,T.V.N.P.,350833,unset,EH299EF,No crossing facility within 50m or physical crossing facility not controlled by authorised person,No physical crossing facility within 50m,At scene,55.95513272284391,-3.421510984664252
244211,,Serious,2,1,29/01/2011,Saturday,29,January,11,13,0,230,A,199,Single carriageway - 2 lanes,30,Not at or within 20 metres of junction,unset,\,,Daylight: street lights present,Unknown,Dry,None,None,No overtaking,331709,672979,552062,Segment,Cyclist,365478,unset,EH152NL,No crossing facility within 50m or physical crossing facility not controlled by authorised person,No physical crossing facility within 50m,Elsewhere,55.944980260993134,-3.0949876319482454
245611,,Slight,2,2,13/04/2011,Wednesday,13,April,11,6,18,230,Unclassified,,Single carriageway - 2 lanes,30,Crossroads,Stop sign,Unclassified,,Daylight: street lights present,Fine (without high winds),Dry,None,None,No overtaking,324200,675950,519418,Junction,T.V.N.P.,350834,unset,EH35QF,No crossing facility within 50m or physical crossing facility not controlled by authorised person,No physical crossing facility within 50m,At scene,55.970540870720875,-3.2160223855139747
245811,,Slight,1,1,11/04/2011,Monday,11,April,11,17,30,230,Unclassified,,Single carriageway - 2 lanes,30,Not at or within 20 metres of junction,unset,\,,Daylight: street lights present,Fine (without high winds),Dry,None,None,No overtaking,326950,675000,10331469,Segment,Pedestrian,350835,unset,EH75LY,No crossing facility within 50m or physical crossing facility not controlled by authorised person,No physical crossing facility within 50m,Elsewhere,55.96243395066085,-3.1717152978740084
246511,,Serious,1,1,13/04/2011,Wednesday,13,April,11,14,20,230,Unclassified,,Single carriageway - 2 lanes,30,'T' or staggered junction,Give way sign or markings,Unclassified,,Daylight: street lights present,Fine (without high winds),Dry,None,None,No overtaking,327690,675030,519906,Junction,Pedestrian,350836,unset,EH76BR,Control by other authorised person,Pedestrian phase at traffic signal junction,At scene,55.96281555869672,-3.1598725530091776
246611,,Slight,2,1,13/04/2011,Wednesday,13,April,11,18,21,230,Unclassified,,Single carriageway - 2 lanes,30,Crossroads,Give way sign or markings,Unclassified,,Daylight: street lights present,Fine (without high winds),Dry,None,None,No overtaking,329520,669390,12219853,Junction,T.V.N.P.,350837,unset,EH177DQ,No crossing facility within 50m or physical crossing facility not controlled by authorised person,No physical crossing facility within 50m,At scene,55.91242368989341,-3.12909015085445