acc_ref,beat_no,severity,no_vehicle,no_casualt,a_date,a_day,a_date_day,a_date_mon,a_date_yr,a_time_hr,a_time_min,loc_auth,road1_class,road1_no,road_type,speed_limi,junc_det,junc_ctrl,road2_class,road2_no,light_cond,weather,road_surf,spec_cond,cway_hzrds,ovrtk_patrn,easting,northing,net_id,net_type,acc_type,text_id,division,Postcode,ped_xing_hc,ped_xing_p,place_reported,latitude,longitude
251111,,Serious,2,1,14/04/2011,Thursday,14,April,11,7,47,230,C,,Single carriageway - 2 lanes,30,'T' or staggered junction,Give way sign or markings,Unclassified,,Daylight: no street lighting,Fine (without high winds),Dry,None,None,No overtaking,328180,675850,523245,Junction,Cyclist,350838,unset,EH67QP,No crossing facility within 50m or physical crossing facility not controlled by authorised person,Pedestrian phase at traffic signal junction,At scene,55.97025516232993,-3.152244232889906
251711,,Serious,1,1,15/04/2011,Friday,15,April,11,12,10,230,A,8,Single carriageway - 2 lanes,30,'T' or staggered junction,Give way sign or markings,Unclassified,,Daylight: no street lighting,Fine (without high winds),Dry,None,None,No overtaking,324310,673420,521307,Junction,Bus,350839,unset,EH37AF,Control by other authorised person,Pedestrian phase at traffic signal junction,At scene,55.94783195745515,-3.2135489393227252
253411,,Slight,1,1,13/04/2011,Wednesday,13,April,11,21,19,230,Unclassified,,Single carriageway - 2 lanes,30,Other junction,Give way sign or markings,Unclassified,,Darkness: street lights present and lit,Fine (without high winds),Dry,None,None,No overtaking,329550,671620,523818,Junction,Pedestrian,350840,unset,EH164EG,No crossing facility within 50m or physical crossing facility not controlled by authorised person,No physical crossing facility within 50m,At scene,55.93246028762425,-3.129192758357016
254111,,Slight,1,1,16/04/2011,Saturday,16,April,11,17,57,230,A,900,Dual carriageway - 2 lanes,30,Not at or within 20 metres of junction,unset,\,,Daylight: street lights present,Fine (without high winds),Dry,None,None,No overtaking,325950,674110,558551,Segment,Bus,350841,unset,EH13AT,No crossing facility within 50m or physical crossing facility not controlled by authorised person,No physical crossing facility within 50m,Elsewhere,55.954285924728325,-3.187484904097729
255511,,Slight,1,1,17/04/2011,Sunday,17,April,11,16,0,230,Unclassified,,Single carriageway - 2 lanes,30,'T' or staggered junction,Give way sign or markings,A,901,Daylight: no street lighting,Fine (without high winds),Dry,None,None,No overtaking,326870,676020,531346,Junction,Pedestrian,350842,unset,EH66BT,No crossing facility within 50m or physical crossing facility not controlled by authorised person,No physical crossing facility within 50m,At scene,55.971584261987786,-3.1732737637473822
257211,,Slight,2,1,18/04/2011,Monday,18,April,11,8,0,230,Unclassified,,Single carriageway - 2 lanes,30,Not at or within 20 metres of junction,unset,\,,Daylight: no street lighting,Fine (without high winds),Dry,None,None,No overtaking,322250,670920,561787,Segment,T.V.N.P.,350843,unset,EH141LR,No crossing facility within 50m or physical crossing facility not controlled by authorised person,Pedestrian phase at traffic signal junction,At scene,55.92504608048493,-3.245804523266175
258011,,Slight,2,1,18/04/2011,Monday,18,April,11,18,0,230,A,8,Single carriageway - 2 lanes,30,Not at or within 20 metres of junction,unset,\,,Daylight: street lights present,Fine (without high winds),Dry,None,None,No overtaking,320030,672930,550692,Segment,T.V.N.P.,350844,unset,EH127SD,No crossing facility within 50m or physical crossing facility not controlled by authorised person,"Pelican, puffin, toucan or similar non-junction pedestrian light crossing",At scene,55.94273655805397,-3.281917424134664
260311,,Slight,3,1,19/04/2011,Tuesday,19,April,11,16,15,230,A,8,Dual carriageway - 2 lanes,40,Not at or within 20 metres of junction,unset,\,,Daylight: street lights present,Fine (without high winds),Dry,None,None,No overtaking,317950,672720,9659466,Segment,M.V.N.P.,350845,unset,EH128LU,No crossing facility within 50m or physical crossing facility not controlled by authorised person,No physical crossing facility within 50m,At scene,55.940499305116106,-3.3151450944945657
261911,,Slight,2,1,19/04/2011,Tuesday,19,April,11,19,35,230,A,90,Single carriageway - 2 lanes,30,Not at or within 20 metres of junction,unset,\,,Daylight: street lights present,Fine (without high winds),Dry,None,None,No overtaking,321220,675010,555672,Segment,T.V.N.P.,350846,unset,EH47SZ,No crossing facility within 50m or physical crossing facility not controlled by authorised person,No physical crossing facility within 50m,At scene,55.96161703285243,-3.263478979655386
262711,,Slight,2,1,20/04/2011,Wednesday,20,April,11,16,10,230,Unclassified,,Single carriageway - 2 lanes,30,Mini-roundabout,Give way sign or markings,Unclassified,,Daylight: no street lighting,Fine (without high winds),Dry,None,None,No overtaking,320550,675430,519747,Junction,T.V.N.P.,350847,unset,EH45BX,Control by other authorised person,Zebra crossing,At scene,55.96527920279609,-3.2743321039242304
264211,,Slight,2,1,30/03/2011,Wednesday,30,March,11,22,0,230,A,900,Single carriageway - 2 lanes,30,Not at or within 20 metres of junction,unset,\,,Darkness: street lights present and lit,Unknown,Dry,None,None,No overtaking,326530,675090,2578478,Segment,Cyclist,345718,unset,EH74PE,Control by other authorised person,Pedestrian phase at traffic signal junction,Elsewhere,55.96317826246586,-3.178465969025658
264311,,Slight,3,1,21/04/2011,Thursday,21,April,11,7,25,230,A,71,Dual carriageway - 2 lanes,40,Not at or within 20 metres of junction,unset,\,,Daylight: street lights present,Fine (without high winds),Dry,None,None,No overtaking,320620,671060,562840,Segment,M.V.N.P.,350848,unset,EH113RQ,No crossing facility within 50m or physical crossing facility not controlled by authorised person,No physical crossing facility within 50m,At scene,55.926037081940954,-3.2719233692629652
264711,,Slight,2,1,21/04/2011,Thursday,21,April,11,23,15,230,A,702,Single carriageway - 2 lanes,30,Not at or within 20 metres of junction,unset,\,,Darkness: street lights present and lit,Fog (or mist if hazard),Dry,None,None,No overtaking,324750,673490,548970,Segment,Cyclist,350849,unset,EH12DA,Control by other authorised person,"Pelican, puffin, toucan or similar non-junction pedestrian light crossing",At scene,55.94852993457989,-3.2065248399681683
265011,,Slight,1,1,20/04/2011,Wednesday,20,April,11,14,30,230,C,,Single carriageway - 2 lanes,30,Multiple junction,Automatic Traffic Signal,A,702,Daylight: street lights present,Fine (without high winds),Dry,None,None,No overtaking,324930,672970,533371,Junction,Pedestrian,350850,unset,EH39JG,Control by other authorised person,Pedestrian phase at traffic signal junction,Elsewhere,55.94388707848787,-3.2034983651167885
265711,,Serious,3,1,22/04/2011,Friday,22,April,11,12,30,230,A,8,Dual carriageway - 2 lanes,70,Not at or within 20 metres of junction,unset,\,,Daylight: street lights present,Fine (without high winds),Dry,None,None,No overtaking,317320,672580,9659460,Segment,M.V.N.P.,350851,unset,EH129BQ,No crossing facility within 50m or physical crossing facility not controlled by authorised person,No physical crossing facility within 50m,At scene,55.939133710313705,-3.3251850253598034
268011,,Slight,2,1,21/04/2011,Thursday,21,April,11,16,50,230,Unclassified,,Single carriageway - 2 lanes,30,Not at or within 20 metres of junction,unset,\,,Daylight: no street lighting,Fine (without high winds),Dry,None,None,No overtaking,328960,670430,0,Unset,T.V.N.P.,350852,unset,EH164SY,No crossing facility within 50m or physical crossing facility not controlled by authorised person,No physical crossing facility within 50m,At scene,55.921683582843954,-3.1383206665501673
268111,,Slight,2,1,22/04/2011,Friday,22,April,11,23,10,230,A,8,Single carriageway - 2 lanes,30,Not at or within 20 metres of junction,unset,\,,Darkness: street lights present and lit,Fine (without high winds),Dry,None,None,No overtaking,324450,673520,550613,Segment,Pedestrian,350853,unset,EH37AL,No crossing facility within 50m or physical crossing facility not controlled by authorised person,No physical crossing facility within 50m,At scene,55.94875228878884,-3.2113358303857065
268311,,Slight,2,1,02/04/2011,Saturday,2,April,11,20,44,230,C,,Single carriageway - 2 lanes,30,Not at or within 20 metres of junction,unset,\,,Darkness: street lights present and lit,Fine (without high winds),Dry,None,None,No overtaking,322260,671940,565565,Segment,T.V.N.P.,350854,unset,EH112RZ,No crossing facility within 50m or physical crossing facility not controlled by authorised person,No physical crossing facility within 50m,At scene,55.93421001001664,-3.245938593673874
268411,,Slight,1,1,23/04/2011,Saturday,23,April,11,11,5,230,A,7,Single carriageway - 2 lanes,30,'T' or staggered junction,Give way sign or markings,Unclassified,,Daylight: street lights present,Raining (without high winds),Dry,None,None,No overtaking,325950,673610,521106,Junction,Pedestrian,350855,unset,EH11LL,Control by other authorised person,Pedestrian phase at traffic signal junction,Elsewhere,55.949794514879386,-3.187347394635491
268711,,Slight,1,1,23/04/2011,Saturday,23,April,11,15,0,230,Unclassified,,Single carriageway - 2 lanes,30,'T' or staggered junction,Give way sign or markings,A,901,Daylight: street lights present,Raining (without high winds),Dry,None,None,No overtaking,326880,676030,531346,Junction,Pedestrian,350856,unset,EH66BT,No crossing facility within 50m or physical crossing facility not controlled by authorised person,No physical crossing facility within 50m,At scene,55.97167561529188,-3.173116299637394
268911,,Slight,1,2,23/04/2011,Saturday,23,April,11,10,45,230,A,8,One way Street,30,Other junction,Automatic Traffic Signal,Unclassified,,Daylight: no street lighting,Raining (without high winds),Dry,None,None,No overtaking,325570,673930,521097,Junction,Bus,350857,unset,EH22DF,No crossing facility within 50m or physical crossing facility not controlled by authorised person,Pedestrian phase at traffic signal junction,At scene,55.9526102297279,-3.193519346747527
269211,,Serious,1,1,18/04/2011,Monday,18,April,11,18,0,230,Unclassified,,Unknown,20,Not at or within 20 metres of junction,unset,\,,Daylight: street lighting unknown,Fine (without high winds),Dry,None,None,No overtaking,320280,676960,0,Unset,Cyclist,350858,unset,EH45ES,No crossing facility within 50m or physical crossing facility not controlled by authorised person,No physical crossing facility within 50m,Elsewhere,55.978977605341825,-3.2791096984948904
269311,,Slight,2,1,22/04/2011,Friday,22,April,11,17,15,230,Unclassified,,Single carriageway - 2 lanes,30,Not at or within 20 metres of junction,unset,\,,Daylight: no street lighting,Fine (without high winds),Dry,None,None,No overtaking,325720,673320,567189,Segment,T.V.N.P.,350859,unset,EH11EY,No crossing facility within 50m or physical crossing facility not controlled by authorised person,Zebra crossing,At scene,55.94715395658456,-3.1909495311397658
269411,,Slight,2,1,23/04/2011,Saturday,23,April,11,17,15,230,A,1,Single carriageway - 2 lanes,30,Not at or within 20 metres of junction,unset,\,,Daylight: no street lighting,Fine (without high winds),Dry,None,None,No overtaking,326280,674000,2106001,Segment,T.V.N.P.,350860,unset,EH75BL,No crossing facility within 50m or physical crossing facility not controlled by authorised person,No physical crossing facility within 50m,At scene,55.95334862505411,-3.1821711139741193
269511,,Slight,1,1,23/04/2011,Saturday,23,April,11,18,45,230,B,701,Single carriageway - 2 lanes,30,Not at or within 20 metres of junction,unset,\,,Daylight: street lights present,Fine (without high winds),Dry,None,None,No overtaking,319190,673730,551723,Segment,Cyclist,350861,unset,EH128TD,No crossing facility within 50m or physical crossing facility not controlled by authorised person,No physical crossing facility within 50m,At scene,55.949781879606576,-3.295602180182858
270211,,Slight,2,1,12/04/2011,Tuesday,12,April,11,20,20,230,A,702,Dual carriageway - 2 lanes,30,Not at or within 20 metres of junction,unset,\,,Daylight: street lights present,Fine (without high winds),Dry,None,None,No overtaking,324850,673050,549192,Segment,Cyclist,350862,unset,EH39BN,No crossing facility within 50m or physical crossing facility not controlled by authorised person,No physical crossing facility within 50m,Elsewhere,55.94459318333773,-3.2048012181190377
270611,,Serious,1,1,25/04/2011,Monday,25,April,11,16,20,230,A,900,Single carriageway - 2 lanes,30,Other junction,Give way sign or markings,Unclassified,,Daylight: no street lighting,Fine (without high winds),Dry,None,None,No overtaking,326710,675400,519885,Junction,Pedestrian,350863,unset,EH68NY,No crossing facility within 50m or physical crossing facility not controlled by authorised person,"Pelican, puffin, toucan or similar non-junction pedestrian light crossing",At scene,55.96599047838147,-3.175667749055879
270711,,Slight,1,1,15/04/2011,Friday,15,April,11,12,35,230,A,90,Dual carriageway - 2 lanes,70,Not at or within 20 metres of junction,unset,\,,Daylight: no street lighting,Fine (without high winds),Dry,None,None,No overtaking,313040,677120,555414,Segment,S.V.N.P.,350864,unset,EH309SR,No crossing facility within 50m or physical crossing facility not controlled by authorised person,No physical crossing facility within 50m,At scene,55.979156393996995,-3.3951470423308265
275211,,Fatal,2,1,28/04/2011,Thursday,28,April,11,7,51,230,B,900,Single carriageway - 2 lanes,30,'T' or staggered junction,Give way sign or markings,Unclassified,,Daylight: street lights present,Fine (without high winds),Dry,None,None,No overtaking,325830,675350,519846,Junction,Cyclist,350865,unset,EH74LG,No crossing facility within 50m or physical crossing facility not controlled by authorised person,No physical crossing facility within 50m,At scene,55.96540606496935,-3.1897479780835645
275311,,Serious,1,1,28/04/2011,Thursday,28,April,11,8,35,230,A,71,Single carriageway - 2 lanes,30,Not at or within 20 metres of junction,unset,\,,Darkness: street lights present and lit,Fine (without high winds),Dry,None,None,No overtaking,322870,672240,549710,Segment,Pedestrian,350866,unset,EH112PP,No crossing facility within 50m or physical crossing facility not controlled by authorised person,Pedestrian phase at traffic signal junction,At scene,55.93700317155372,-3.2362629018167666
275711,,Slight,2,1,26/04/2011,Tuesday,26,April,11,13,36,230,Unclassified,,Single carriageway - 2 lanes,30,Roundabout,Give way sign or markings,B,1350,Daylight: street lights present,Fine (without high winds),Dry,None,None,No overtaking,326150,674530,520248,Junction,T.V.N.P.,350867,unset,EH74AA,Control by other authorised person,"Pelican, puffin, toucan or similar non-junction pedestrian light crossing",At scene,55.95808953285982,-3.1843979092378936
277011,,Slight,2,2,26/04/2011,Tuesday,26,April,11,20,0,230,Unclassified,,Single carriageway - 2 lanes,30,Crossroads,Give way sign or markings,Unclassified,,Daylight: street lights present,Fine (without high winds),Dry,None,Other object in carriageway,No overtaking,325490,674710,0,Unset,T.V.N.P.,350868,unset,EH36PS,No crossing facility within 50m or physical crossing facility not controlled by authorised person,No physical crossing facility within 50m,At scene,55.95960439071946,-3.1950160762366475
278311,,Slight,1,1,27/04/2011,Wednesday,27,April,11,8,15,230,Unclassified,,Single carriageway - 2 lanes,30,Crossroads,Authorised Person,Unclassified,,Daylight: street lights present,Fine (without high winds),Dry,None,None,No overtaking,323830,671520,522288,Junction,Pedestrian,350869,unset,EH105DG,Control by school crossing patrol,"Pelican, puffin, toucan or similar non-junction pedestrian light crossing",Elsewhere,55.93068884228064,-3.220695858752749
278911,,Slight,1,1,15/04/2011,Friday,15,April,11,21,58,230,A,70,Single carriageway - 2 lanes,30,Not at or within 20 metres of junction,unset,\,,Daylight: no street lighting,Fine (without high winds),Dry,None,None,No overtaking,324070,673140,521382,Junction,Pedestrian,350870,unset,EH112BQ,No crossing facility within 50m or physical crossing facility not controlled by authorised person,No physical crossing facility within 50m,At scene,55.94527888704245,-3.217311991631321
279511,,Slight,2,1,27/04/2011,Wednesday,27,April,11,14,25,230,A,720,Dual carriageway - 2 lanes,70,Not at or within 20 metres of junction,unset,\,,Daylight: no street lighting,Fine (without high winds),Dry,None,None,No overtaking,323810,667960,570546,Segment,T.V.N.P.,350871,unset,EH107DS,No crossing facility within 50m or physical crossing facility not controlled by authorised person,No physical crossing facility within 50m,At scene,55.8987070252718,-3.2200109453158587
279611,,Serious,2,3,27/04/2011,Wednesday,27,April,11,18,49,230,A,772,Single carriageway - 2 lanes,30,Crossroads,Automatic Traffic Signal,A,772,Daylight: no street lighting,Fine (without high winds),Dry,None,None,No overtaking,329230,668680,530257,Junction,T.V.N.P.,350872,unset,EH178RQ,Control by other authorised person,Pedestrian phase at traffic signal junction,At scene,55.906003102646615,-3.1335423306703087
279711,,Serious,2,2,29/04/2011,Friday,29,April,11,11,45,230,Unclassified,,Single carriageway - 2 lanes,30,'T' or staggered junction,Give way sign or markings,Unclassified,,Daylight: street lights present,Fine (without high winds),Dry,None,None,No overtaking,319830,670150,529894,Junction,T.V.N.P.,350873,unset,EH142SN,No crossing facility within 50m or physical crossing facility not controlled by authorised person,No physical crossing facility within 50m,At scene,55.917731791556655,-3.2842920790665766
280011,,Slight,2,1,26/04/2011,Tuesday,26,April,11,10,0,230,A,1,Roundabout,30,Roundabout,Give way sign or markings,Unclassified,,Daylight: street lights present,Fine (without high winds),Dry,None,None,No overtaking,331210,672890,521496,Junction,T.V.N.P.,350874,unset,EH153QH,Control by other authorised person,"Pelican, puffin, toucan or similar non-junction pedestrian light crossing",Elsewhere,55.94410950520014,-3.102952760581219
280811,,Slight,1,1,28/04/2011,Thursday,28,April,11,13,49,230,Unclassified,,Single carriageway - 2 lanes,30,'T' or staggered junction,Give way sign or markings,C,,Daylight: no street lighting,Fine (without high winds),Dry,None,None,No overtaking,325020,673340,521493,Junction,Pedestrian,350876,unset,EH12EW,No crossing facility within 50m or physical crossing facility not controlled by authorised person,No physical crossing facility within 50m,At scene,55.947224773325395,-3.202160751264689
280911,,Serious,1,1,29/04/2011,Friday,29,April,11,9,15,230,A,772,Single carriageway - 2 lanes,60,Not at or within 20 metres of junction,unset,\,,Daylight: street lights present,Fine (without high winds),Dry,None,None,No overtaking,330120,668170,569234,Segment,S.V.N.P.,350877,unset,EH181AT,No crossing facility within 50m or physical crossing facility not controlled by authorised person,No physical crossing facility within 50m,At scene,55.90155193001021,-3.119177864519243
281011,,Slight,2,1,28/04/2011,Thursday,28,April,11,16,25,230,Unclassified,,Single carriageway - 2 lanes,30,Not at or within 20 metres of junction,unset,\,,Daylight: street lights present,Fine (without high winds),Dry,None,None,No overtaking,322220,676590,0,Unset,Cyclist,350878,unset,EH44LP,No crossing facility within 50m or physical crossing facility not controlled by authorised person,No physical crossing facility within 50m,Elsewhere,55.975972696413365,-3.247922101020408
281111,,Serious,1,1,29/04/2011,Friday,29,April,11,19,0,230,Unclassified,,Single carriageway - 2 lanes,30,Other junction,Automatic Traffic Signal,A,702,Daylight: street lights present,Fine (without high winds),Dry,None,None,No overtaking,324750,673430,10254968,Junction,Pedestrian,350879,unset,EH12DA,No crossing facility within 50m or physical crossing facility not controlled by authorised person,Pedestrian phase at traffic signal junction,Elsewhere,55.94799096882248,-3.2065080758796234
281611,,Slight,1,2,30/04/2011,Saturday,30,April,11,14,25,230,A,1,Single carriageway - 2 lanes,30,Not at or within 20 metres of junction,unset,\,,Daylight: street lights present,Fine (without high winds),Dry,None,Pedestrian in carriagway - not injured,No overtaking,328140,674170,2106118,Segment,Bus,350880,unset,EH87AG,Control by other authorised person,Pedestrian phase at traffic signal junction,Elsewhere,55.9551578719833,-3.1524362555911507
281911,,Slight,2,2,30/04/2011,Saturday,30,April,11,13,5,230,A,8,Single carriageway - 2 lanes,30,Not at or within 20 metres of junction,unset,\,,Daylight: no street lighting,Fine (without high winds),Dry,None,None,No overtaking,319420,672950,550737,Segment,T.V.N.P.,350881,unset,EH127XF,No crossing facility within 50m or physical crossing facility not controlled by authorised person,No physical crossing facility within 50m,At scene,55.94281421687153,-3.2916868867880127
282011,,Slight,4,1,30/04/2011,Saturday,30,April,11,11,50,230,Unclassified,,Single carriageway - 2 lanes,30,Not at or within 20 metres of junction,unset,\,,Daylight: street lights present,Fine (without high winds),Dry,None,None,No overtaking,324120,675930,563658,Segment,M.V.N.P.,350882,unset,EH52DW,Control by other authorised person,Pedestrian phase at traffic signal junction,At scene,55.970348565681185,-3.217298153345991
282111,,Slight,1,1,01/05/2011,Sunday,1,May,11,13,20,230,A,8,Single carriageway - 2 lanes,30,Not at or within 20 metres of junction,unset,\,,Daylight: street lights present,Fine (without high winds),Dry,None,None,No overtaking,324670,673670,551181,Segment,Bus,351000,unset,EH12AD,No crossing facility within 50m or physical crossing facility not controlled by authorised person,No physical crossing facility within 50m,At scene,55.95013428157167,-3.2078558770317196
282211,,Slight,1,1,01/05/2011,Sunday,1,May,11,13,10,230,Unclassified,,Single carriageway - 2 lanes,30,Not at or within 20 metres of junction,unset,\,,Daylight: street lights present,Fine (without high winds),Dry,None,None,No overtaking,326260,673170,569697,Segment,Pedestrian,351001,unset,EH89HS,No crossing facility within 50m or physical crossing facility not controlled by authorised person,No physical crossing facility within 50m,At scene,55.945889795220815,-3.1822640518890566
282311,,Slight,3,2,01/05/2011,Sunday,1,May,11,13,35,230,A,89,Single carriageway - 2 lanes,40,'T' or staggered junction,Automatic Traffic Signal,B,800,Daylight: street lights present,Fine (without high winds),Dry,None,None,No overtaking,311920,672880,517540,Junction,M.V.N.P.,351002,unset,EH288LA,No crossing facility within 50m or physical crossing facility not controlled by authorised person,No physical crossing facility within 50m,At scene,55.940868269606135,-3.4117020505032456
287111,,Slight,1,1,03/05/2011,Tuesday,3,May,11,11,45,230,Unclassified,,Single carriageway - 2 lanes,30,Not at or within 20 metres of junction,unset,\,,Daylight: no street lighting,Fine (without high winds),Dry,None,None,No overtaking,326060,670990,564340,Segment,Pedestrian,351003,unset,EH93HY,Control by other authorised person,Pedestrian phase at traffic signal junction,Elsewhere,55.92627641445563,-3.1848675336668513
288411,,Slight,2,1,03/05/2011,Tuesday,3,May,11,4,38,230,A,772,Single carriageway - 2 lanes,30,Not at or within 20 metres of junction,unset,\,,Daylight: no street lighting,Fine (without high winds),Dry,None,None,No overtaking,328800,669180,569375,Segment,T.V.N.P.,351004,unset,EH177JG,No crossing facility within 50m or physical crossing facility not controlled by authorised person,No physical crossing facility within 50m,At scene,55.910431119232996,-3.1405505217578975
288511,,Slight,2,1,27/04/2011,Wednesday,27,April,11,14,50,230,C,,Single carriageway - 2 lanes,20,'T' or staggered junction,Give way sign or markings,Unclassified,,Daylight: no street lighting,Fine (without high winds),Dry,None,None,No overtaking,325700,673320,521541,Junction,Cyclist,350883,unset,EH11HU,No crossing facility within 50m or physical crossing facility not controlled by authorised person,Zebra crossing,At scene,55.9471508610416,-3.191269693710437
288611,,Slight,1,1,03/05/2011,Tuesday,3,May,11,13,20,230,A,901,Single carriageway - 2 lanes,30,Crossroads,Automatic Traffic Signal,Unclassified,,Daylight: no street lighting,Fine (without high winds),Dry,None,None,No overtaking,326520,676440,531376,Junction,Pedestrian,351005,unset,EH65LP,No crossing facility within 50m or physical crossing facility not controlled by authorised person,"Pelican, puffin, toucan or similar non-junction pedestrian light crossing",At scene,55.97530354088237,-3.1789949412121894
290111,,Slight,2,1,24/04/2011,Sunday,24,April,11,7,30,230,Unclassified,,Single carriageway - 2 lanes,30,Other junction,Give way sign or markings,Unclassified,,Daylight: street lights present,Fine (without high winds),Dry,None,None,No overtaking,324540,668870,533101,Junction,Cyclist,350884,unset,EH106RF,No crossing facility within 50m or physical crossing facility not controlled by authorised person,No physical crossing facility within 50m,Elsewhere,55.90699650363467,-3.2085938923403936
292011,,Slight,2,2,01/05/2011,Sunday,1,May,11,12,30,230,Unclassified,,Single carriageway - 2 lanes,30,'T' or staggered junction,Give way sign or markings,Unclassified,,Daylight: street lights present,Fine (without high winds),Dry,None,None,No overtaking,320050,670350,0,Unset,T.V.N.P.,351006,unset,EH142PU,No crossing facility within 50m or physical crossing facility not controlled by authorised person,No physical crossing facility within 50m,At scene,55.919564953160986,-3.2808323317531607
292711,,Slight,2,1,03/05/2011,Tuesday,3,May,11,9,20,230,C,,Single carriageway - 2 lanes,30,Other junction,Give way sign or markings,Unclassified,,Daylight: street lights present,Fine (without high winds),Dry,None,None,No overtaking,327030,675220,519900,Junction,Cyclist,351007,unset,EH68RT,No crossing facility within 50m or physical crossing facility not controlled by authorised person,No physical crossing facility within 50m,At scene,55.96442235549646,-3.1704937998010405
293311,,Slight,2,1,03/05/2011,Tuesday,3,May,11,17,5,230,C,,Single carriageway - 2 lanes,30,Not at or within 20 metres of junction,unset,\,,Daylight: street lights present,Fine (without high winds),Dry,None,None,No overtaking,325410,673680,567084,Segment,Cyclist,351008,unset,EH12LU,No crossing facility within 50m or physical crossing facility not controlled by authorised person,Pedestrian phase at traffic signal junction,Elsewhere,55.95033968901474,-3.1960117505932946
293911,,Slight,1,1,03/05/2011,Tuesday,3,May,11,14,25,230,Unclassified,,Single carriageway - 2 lanes,30,Not at or within 20 metres of junction,unset,\,,Daylight: street lights present,Fine (without high winds),Dry,None,None,No overtaking,324530,671230,530422,Junction,Bus,351009,unset,EH104QT,No crossing facility within 50m or physical crossing facility not controlled by authorised person,No physical crossing facility within 50m,Elsewhere,55.92819433981471,-3.2094138366181713
295111,,Slight,2,1,30/04/2011,Saturday,30,April,11,14,30,230,Unclassified,,Dual carriageway - 2 lanes,30,Not at or within 20 metres of junction,unset,\,,Daylight: street lights present,Unknown,Dry,None,None,No overtaking,329990,674330,552868,Segment,T.V.N.P.,350885,unset,EH151DL,No crossing facility within 50m or physical crossing facility not controlled by authorised person,No physical crossing facility within 50m,Elsewhere,55.956868665641466,-3.122856056731947
296411,,Slight,2,1,03/05/2011,Tuesday,3,May,11,9,25,230,A,6095,Single carriageway - 2 lanes,30,Crossroads,Give way sign or markings,C,,Daylight: street lights present,Fine (without high winds),Dry,None,None,No overtaking,329350,671610,523791,Junction,T.V.N.P.,351010,unset,EH164PJ,No crossing facility within 50m or physical crossing facility not controlled by authorised person,Pedestrian phase at traffic signal junction,Elsewhere,55.93234107399065,-3.1323906187273822
297211,,Slight,1,1,04/05/2011,Wednesday,4,May,11,18,25,230,A,900,Single carriageway - 2 lanes,30,Other junction,Give way sign or markings,Unclassified,,Daylight: street lights present,Fine (without high winds),Dry,None,None,No overtaking,326800,675580,519478,Junction,Bus,351011,unset,EH68NR,No crossing facility within 50m or physical crossing facility not controlled by authorised person,No physical crossing facility within 50m,Elsewhere,55.9676211336909,-3.174275290923555
298111,,Slight,1,1,05/05/2011,Thursday,5,May,11,11,15,230,A,8,Single carriageway - 2 lanes,30,Not at or within 20 metres of junction,unset,\,,Daylight: street lights present,Fine (without high winds),Dry,None,None,No overtaking,320030,672930,550692,Segment,S.V.N.P.,351012,unset,EH127SD,No crossing facility within 50m or physical crossing facility not controlled by authorised person,No physical crossing facility within 50m,At scene,55.94273655805397,-3.281917424134664
298811,,Slight,1,1,05/05/2011,Thursday,5,May,11,15,20,230,Unclassified,,Single carriageway - 2 lanes,30,Not at or within 20 metres of junction,unset,\,,Daylight: street lights present,Raining (without high winds),Dry,None,None,No overtaking,322990,671880,561724,Segment,Pedestrian,351013,unset,EH111QU,Control by other authorised person,"Pelican, puffin, toucan or similar non-junction pedestrian light crossing",At scene,55.93378866348198,-3.23423961006351
299911,,Slight,2,1,06/05/2011,Friday,6,May,11,6,10,230,Unclassified,,Single carriageway - 2 lanes,30,'T' or staggered junction,Give way sign or markings,Unclassified,,Daylight: street lights present,Raining (without high winds),Dry,None,None,No overtaking,320600,670400,0,Unset,Cyclist,351014,unset,EH142AB,No crossing facility within 50m or physical crossing facility not controlled by authorised person,No physical crossing facility within 50m,Elsewhere,55.920105276146266,-3.2720490997591853
300111,,Slight,2,1,06/05/2011,Friday,6,May,11,12,20,230,A,720,Dual carriageway - 2 lanes,70,Not at or within 20 metres of junction,unset,\,,Daylight: no street lighting,Fine (without high winds),Dry,None,None,No overtaking,317650,671800,6453019,Segment,T.V.N.P.,351015,unset,EH129DF,No crossing facility within 50m or physical crossing facility not controlled by authorised person,No physical crossing facility within 50m,At scene,55.932184151861435,-3.3196654241152275
300311,,Slight,2,1,05/05/2011,Thursday,5,May,11,18,50,230,A,720,Dual carriageway - 2 lanes,50,Not at or within 20 metres of junction,unset,\,,Daylight: no street lighting,Raining (without high winds),Dry,None,None,No overtaking,317520,672380,6453019,Segment,T.V.N.P.,351016,unset,EH129BS,No crossing facility within 50m or physical crossing facility not controlled by authorised person,No physical crossing facility within 50m,At scene,55.93737162855643,-3.3219230204468584
300511,,Slight,2,1,03/05/2011,Tuesday,3,May,11,7,30,230,Unclassified,,Single carriageway - 2 lanes,30,'T' or staggered junction,Give way sign or markings,Unclassified,,Daylight: street lights present,Fine (without high winds),Dry,None,None,No overtaking,312970,677620,4421942,Junction,Cyclist,351017,unset,EH309PB,No crossing facility within 50m or physical crossing facility not controlled by authorised person,No physical crossing facility within 50m,Elsewhere,55.983634713229435,-3.3964303195554293
302311,,Slight,2,1,06/05/2011,Friday,6,May,11,17,45,230,Unclassified,,Single carriageway - 2 lanes,30,Not at or within 20 metres of junction,unset,\,,Daylight: street lights present,Fine (without high winds),Dry,None,None,No overtaking,322520,672400,559248,Segment,T.V.N.P.,351018,unset,EH112QH,No crossing facility within 50m or physical crossing facility not controlled by authorised person,No physical crossing facility within 50m,At scene,55.93838405160755,-3.241910174312177