acc_ref,beat_no,severity,no_vehicle,no_casualt,a_date,a_day,a_date_day,a_date_mon,a_date_yr,a_time_hr,a_time_min,loc_auth,road1_class,road1_no,road_type,speed_limi,junc_det,junc_ctrl,road2_class,road2_no,light_cond,weather,road_surf,spec_cond,cway_hzrds,ovrtk_patrn,easting,northing,net_id,net_type,acc_type,text_id,division,Postcode,ped_xing_hc,ped_xing_p,place_reported,latitude,longitude
405011,,Slight,1,1,16/06/2011,Thursday,16,June,11,9,0,230,Unclassified,,Single carriageway - 2 lanes,30,'T' or staggered junction,Give way sign or markings,B,901,Daylight: street lights present,Fine (without high winds),Dry,None,None,No overtaking,325450,674990,520191,Junction,Pedestrian,354275,unset,EH74EA,No crossing facility within 50m or physical crossing facility not controlled by authorised person,No physical crossing facility within 50m,Elsewhere,55.96211335509767,-3.1957341736014886
407011,,Slight,2,1,17/06/2011,Friday,17,June,11,17,15,230,A,71,Single carriageway - 2 lanes,30,Not at or within 20 metres of junction,unset,\,,Daylight: street lights present,Raining (without high winds),Dry,None,None,No overtaking,322730,672210,549716,Segment,Cyclist,354276,unset,EH112QU,Control by other authorised person,Pedestrian phase at traffic signal junction,Elsewhere,55.93671118374405,-3.2384948143418493
407211,,Slight,1,1,18/06/2011,Saturday,18,June,11,16,10,230,A,8,Single carriageway - 2 lanes,30,Not at or within 20 metres of junction,unset,\,,Daylight: street lights present,Raining (without high winds),Dry,None,None,No overtaking,323910,673220,550607,Segment,Bus,354277,unset,EH125JZ,Control by other authorised person,Pedestrian phase at traffic signal junction,Elsewhere,55.94597216983389,-3.2198957392848735
407411,,Slight,1,1,19/06/2011,Sunday,19,June,11,22,10,230,Unclassified,,Single carriageway - 2 lanes,40,Not at or within 20 metres of junction,unset,\,,Daylight: street lights present,Fine (without high winds),Dry,None,None,No overtaking,330070,673780,529624,Junction,S.V.N.P.,354278,unset,EH151LU,Control by other authorised person,Pedestrian phase at traffic signal junction,At scene,55.95193966963591,-3.121432174649154
407511,,Slight,1,1,19/06/2011,Sunday,19,June,11,5,40,230,A,702,Single carriageway - 2 lanes,40,'T' or staggered junction,Give way sign or markings,A,702,Daylight: no street lighting,Fine (without high winds),Dry,None,None,No overtaking,324450,669140,532984,Junction,S.V.N.P.,354279,unset,EH106HG,No crossing facility within 50m or physical crossing facility not controlled by authorised person,No physical crossing facility within 50m,At scene,55.90940772610697,-3.2101086718800724
407611,,Fatal,2,2,19/06/2011,Sunday,19,June,11,1,10,230,A,720,Dual carriageway - 2 lanes,70,Not at or within 20 metres of junction,unset,\,,Darkness: no street lighting,Raining (without high winds),Dry,None,None,No overtaking,330980,667900,2579296,Segment,T.V.N.P.,354280,unset,EH181AS,No crossing facility within 50m or physical crossing facility not controlled by authorised person,No physical crossing facility within 50m,At scene,55.89925071737547,-3.105357632012039
408511,,Slight,1,1,20/06/2011,Monday,20,June,11,10,0,230,Unclassified,,Single carriageway - 2 lanes,30,Not at or within 20 metres of junction,unset,\,,Daylight: no street lighting,Fine (without high winds),Dry,None,None,No overtaking,324410,669580,0,Unset,Pedestrian,354281,unset,EH106HL,No crossing facility within 50m or physical crossing facility not controlled by authorised person,No physical crossing facility within 50m,Elsewhere,55.91335387054119,-3.210871573558774
408611,,Slight,2,2,20/06/2011,Monday,20,June,11,8,15,230,B,701,Single carriageway - 2 lanes,30,Not at or within 20 metres of junction,unset,\,,Daylight: street lights present,Fine (without high winds),Dry,None,None,No overtaking,329280,668710,2105876,Segment,T.V.N.P.,354282,unset,EH178RQ,No crossing facility within 50m or physical crossing facility not controlled by authorised person,No physical crossing facility within 50m,\3,55.90627995331305,-3.1327506126761397
410511,,Serious,2,1,21/06/2011,Tuesday,21,June,11,7,35,230,Unclassified,,Single carriageway - 2 lanes,30,'T' or staggered junction,Give way sign or markings,A,702,Daylight: street lights present,Other,Dry,None,None,No overtaking,324760,672290,522042,Junction,Cyclist,354283,unset,EH104EX,No crossing facility within 50m or physical crossing facility not controlled by authorised person,No physical crossing facility within 50m,At scene,55.937752176862936,-3.2060296252575724
413711,,Serious,2,1,19/06/2011,Sunday,19,June,11,17,55,230,A,1,Single carriageway - 2 lanes,30,'T' or staggered junction,Give way sign or markings,Unclassified,,Daylight: street lights present,Fine (without high winds),Dry,None,None,No overtaking,328260,674150,523383,Junction,Bus,354284,unset,EH87AD,No crossing facility within 50m or physical crossing facility not controlled by authorised person,No physical crossing facility within 50m,Elsewhere,55.95499617044326,-3.1505095260267457
414011,,Slight,2,1,21/06/2011,Tuesday,21,June,11,12,45,230,A,7,Single carriageway - 2 lanes,30,'T' or staggered junction,Give way sign or markings,Unclassified,,Daylight: street lights present,Raining (without high winds),Dry,None,None,No overtaking,326380,672510,532687,Junction,T.V.N.P.,354286,unset,EH89PS,No crossing facility within 50m or physical crossing facility not controlled by authorised person,Pedestrian phase at traffic signal junction,At scene,55.939979530210856,-3.180162775442386
414111,,Slight,2,1,21/06/2011,Tuesday,21,June,11,16,49,230,A,701,Single carriageway - 2 lanes,30,Crossroads,Stop sign,Unclassified,,Daylight: street lights present,Raining (without high winds),Dry,None,None,No overtaking,327280,669650,530143,Junction,Cyclist,354287,unset,EH166JY,No crossing facility within 50m or physical crossing facility not controlled by authorised person,No physical crossing facility within 50m,At scene,55.91442552500875,-3.1649867630297783
414411,,Slight,1,1,21/06/2011,Tuesday,21,June,11,15,45,230,A,1,Single carriageway - 2 lanes,30,Crossroads,Automatic Traffic Signal,C,,Daylight: street lights present,Raining (without high winds),Dry,None,None,No overtaking,329210,673070,523614,Junction,Pedestrian,354288,unset,EH151SR,Control by other authorised person,"Pelican, puffin, toucan or similar non-junction pedestrian light crossing",At scene,55.945435645421156,-3.1350145064794566
414611,,Slight,2,1,21/06/2011,Tuesday,21,June,11,19,0,230,Unclassified,,Single carriageway - 2 lanes,30,Other junction,Stop sign,Unclassified,,Daylight: street lights present,Raining (without high winds),Dry,None,None,No overtaking,326050,673010,521571,Junction,Cyclist,354289,unset,EH89DD,No crossing facility within 50m or physical crossing facility not controlled by authorised person,No physical crossing facility within 50m,At scene,55.94442023422741,-3.1855817323302755
414811,,Slight,2,1,22/06/2011,Wednesday,22,June,11,9,15,230,A,90,Single carriageway - 2 lanes,30,'T' or staggered junction,Give way sign or markings,C,,Daylight: street lights present,Raining (without high winds),Dry,None,None,No overtaking,324110,674250,520476,Junction,Cyclist,354290,unset,EH43AD,No crossing facility within 50m or physical crossing facility not controlled by authorised person,No physical crossing facility within 50m,Elsewhere,55.95525603771788,-3.2169845123420404
415111,,Slight,2,1,23/06/2011,Thursday,23,June,11,7,45,230,B,900,Single carriageway - 2 lanes,30,Not at or within 20 metres of junction,unset,\,,Daylight: street lights present,Fine (without high winds),Dry,None,None,No overtaking,324940,674780,554216,Segment,Cyclist,354291,unset,EH35DL,No crossing facility within 50m or physical crossing facility not controlled by authorised person,No physical crossing facility within 50m,Elsewhere,55.96014745003218,-3.2038428599618176
415211,,Slight,2,1,22/06/2011,Wednesday,22,June,11,21,40,230,C,,Single carriageway - 2 lanes,30,'T' or staggered junction,Automatic Traffic Signal,A,701,Daylight: street lights present,Raining (without high winds),Dry,None,None,No overtaking,327120,670290,530098,Junction,Cyclist,354292,unset,EH166AA,No crossing facility within 50m or physical crossing facility not controlled by authorised person,No physical crossing facility within 50m,Elsewhere,55.92015036435659,-3.167718782525573
415311,,Serious,1,1,23/06/2011,Thursday,23,June,11,9,50,230,Unclassified,,Single carriageway - 2 lanes,30,Not at or within 20 metres of junction,unset,\,,Daylight: no street lighting,Fine (without high winds),Dry,None,None,No overtaking,327010,675880,557488,Segment,Pedestrian,354293,unset,EH68HQ,Control by other authorised person,Central refuge - no other controls,At scene,55.97034799381944,-3.1709931997385685
418411,,Slight,2,1,21/06/2011,Tuesday,21,June,11,20,55,230,Unclassified,,Single carriageway - 2 lanes,30,Not at or within 20 metres of junction,unset,\,,Darkness: street lights present and lit,Raining (without high winds),Dry,None,None,No overtaking,321970,677110,12226742,Segment,T.V.N.P.,354294,unset,EH51QR,No crossing facility within 50m or physical crossing facility not controlled by authorised person,No physical crossing facility within 50m,At scene,55.980603012600575,-3.2520779526253434
418811,,Slight,2,1,20/06/2011,Monday,20,June,11,13,55,230,C,,Single carriageway - 2 lanes,30,Not at or within 20 metres of junction,unset,\,,Daylight: street lights present,Fine (without high winds),Dry,None,None,No overtaking,320960,670980,530914,Junction,Cyclist,354295,unset,EH142AP,No crossing facility within 50m or physical crossing facility not controlled by authorised person,No physical crossing facility within 50m,At scene,55.92537453395717,-3.266460278001846
418911,,Slight,2,2,24/06/2011,Friday,24,June,11,9,0,230,Motorway,9,Dual carriageway - 2 lanes,50,Not at or within 20 metres of junction,unset,\,,Daylight: no street lighting,Fine (without high winds),Dry,None,None,No overtaking,312580,672330,6452176,Segment,T.V.N.P.,354296,unset,EH288PJ,No crossing facility within 50m or physical crossing facility not controlled by authorised person,No physical crossing facility within 50m,At scene,55.93604872680221,-3.4009609077927987
424011,,Fatal,2,1,26/06/2011,Sunday,26,June,11,13,15,230,Unclassified,,Single carriageway - 2 lanes,60,Not at or within 20 metres of junction,unset,\,,Daylight: no street lighting,Fine (without high winds),Dry,None,None,No overtaking,313740,675360,0,Unset,T.V.N.P.,354297,unset,EH299EH,No crossing facility within 50m or physical crossing facility not controlled by authorised person,No physical crossing facility within 50m,At scene,55.963474330664155,-3.3833685549838908
425011,,Slight,3,2,24/06/2011,Friday,24,June,11,13,5,230,Unclassified,,Single carriageway - 2 lanes,30,'T' or staggered junction,Give way sign or markings,Unclassified,,Daylight: no street lighting,Fine (without high winds),Dry,None,None,No overtaking,325510,676200,519250,Junction,M.V.N.P.,354298,unset,EH64SS,No crossing facility within 50m or physical crossing facility not controlled by authorised person,"Pelican, puffin, toucan or similar non-junction pedestrian light crossing",At scene,55.972991830209665,-3.1951083929675894
425511,,Slight,2,1,24/06/2011,Friday,24,June,11,19,0,230,A,720,Roundabout,60,Roundabout,Automatic Traffic Signal,A,7,Daylight: no street lighting,Fine (without high winds),Dry,None,None,No overtaking,331760,667960,2318947,Junction,T.V.N.P.,354299,unset,EH221RT,No crossing facility within 50m or physical crossing facility not controlled by authorised person,No physical crossing facility within 50m,At scene,55.8999010527401,-3.0929014213737447
426211,,Slight,1,1,24/06/2011,Friday,24,June,11,18,0,230,Unclassified,,Single carriageway - 2 lanes,30,Not at or within 20 metres of junction,unset,\,,Daylight: street lights present,Fine (without high winds),Dry,None,None,No overtaking,320490,670440,0,Unset,Cyclist,354300,unset,EH142NY,No crossing facility within 50m or physical crossing facility not controlled by authorised person,No physical crossing facility within 50m,Elsewhere,55.920446390326155,-3.2738204999266873
426511,,Slight,1,1,26/06/2011,Sunday,26,June,11,14,59,230,A,902,Single carriageway - 2 lanes,30,Not at or within 20 metres of junction,unset,\,,Darkness: street lights present but unlit,Fine (without high winds),Dry,None,None,No overtaking,322900,675690,563670,Segment,Pedestrian,354301,unset,EH42PW,Control by other authorised person,"Pelican, puffin, toucan or similar non-junction pedestrian light crossing",At scene,55.96799815538215,-3.2367706519433104
427711,,Slight,1,1,24/06/2011,Friday,24,June,11,23,45,230,A,8,Single carriageway - 2 lanes,30,'T' or staggered junction,Give way sign or markings,Unclassified,,Darkness: street lights present and lit,Fine (without high winds),Dry,None,None,No overtaking,320040,672920,521721,Junction,Bus,354302,unset,EH127SD,No crossing facility within 50m or physical crossing facility not controlled by authorised person,No physical crossing facility within 50m,Elsewhere,55.94264839844627,-3.281754398969681
427811,,Slight,2,1,22/06/2011,Wednesday,22,June,11,19,0,230,Unclassified,,Single carriageway - 2 lanes,30,Crossroads,Automatic Traffic Signal,C,,Daylight: street lights present,Unknown,Dry,None,None,No overtaking,325090,673210,521478,Junction,Cyclist,354303,unset,EH39DN,No crossing facility within 50m or physical crossing facility not controlled by authorised person,No physical crossing facility within 50m,Elsewhere,55.94606794132302,-3.2010040296490523
427911,,Slight,1,1,27/06/2011,Monday,27,June,11,15,59,230,Unclassified,,One way Street,30,Not at or within 20 metres of junction,unset,\,,Daylight: no street lighting,Raining (without high winds),Dry,None,None,No overtaking,324450,672900,559553,Segment,Pedestrian,354304,unset,EH38AP,No crossing facility within 50m or physical crossing facility not controlled by authorised person,No physical crossing facility within 50m,At scene,55.943182983590795,-3.2111619372254503
428511,,Slight,4,2,24/06/2011,Friday,24,June,11,18,40,230,A,90,Single carriageway - 2 lanes,30,Crossroads,Automatic Traffic Signal,C,,Daylight: street lights present,Fine (without high winds),Dry,None,None,No overtaking,323810,674230,520464,Junction,M.V.N.P.,354305,unset,EH43DJ,Control by other authorised person,"Pelican, puffin, toucan or similar non-junction pedestrian light crossing",At scene,55.9550288441665,-3.221782241004876
428911,,Slight,1,1,28/06/2011,Tuesday,28,June,11,17,25,230,C,,Single carriageway - 2 lanes,30,Not at or within 20 metres of junction,unset,\,,Daylight: street lights present,Fine (without high winds),Dry,None,Other object in carriageway,No overtaking,325630,673540,567096,Segment,S.V.N.P.,354306,unset,EH11RN,Control by other authorised person,Pedestrian phase at traffic signal junction,At scene,55.94911623810068,-3.1924510123561376
434511,,Serious,1,1,29/06/2011,Wednesday,29,June,11,21,55,230,A,7,Single carriageway - 2 lanes,30,Not at or within 20 metres of junction,unset,\,,Daylight: street lights present,Fine (without high winds),Dry,None,None,No overtaking,325930,673700,569273,Segment,Bus,354307,unset,EH11SB,No crossing facility within 50m or physical crossing facility not controlled by authorised person,No physical crossing facility within 50m,\3,55.95059988253903,-3.1876923348969544
435611,,Slight,1,1,29/06/2011,Wednesday,29,June,11,12,30,230,Unclassified,,Single carriageway - 2 lanes,30,Other junction,Give way sign or markings,Unclassified,,Daylight: street lights present,Fine (without high winds),Dry,None,None,No overtaking,324530,671160,530416,Junction,Bus,354308,unset,EH104QU,Control by other authorised person,"Pelican, puffin, toucan or similar non-junction pedestrian light crossing",At scene,55.927565545004846,-3.2093942467251697
435811,,Slight,3,4,29/06/2011,Wednesday,29,June,11,10,50,230,Unclassified,,Single carriageway - 2 lanes,30,'T' or staggered junction,Give way sign or markings,Unclassified,,Daylight: street lights present,Fine (without high winds),Dry,None,None,No overtaking,324090,673490,521313,Junction,M.V.N.P.,354309,unset,EH125AW,No crossing facility within 50m or physical crossing facility not controlled by authorised person,No physical crossing facility within 50m,At scene,55.948426005586306,-3.2170904856069735
436011,,Slight,1,1,29/06/2011,Wednesday,29,June,11,9,55,230,B,900,Single carriageway - 2 lanes,30,'T' or staggered junction,Give way sign or markings,Unclassified,,Daylight: street lights present,Fine (without high winds),Dry,None,None,No overtaking,324370,674680,520104,Junction,Bus,354310,unset,EH41JF,Control by other authorised person,"Pelican, puffin, toucan or similar non-junction pedestrian light crossing",At scene,55.959159660425996,-3.2129423806335367
436611,,Slight,1,1,29/06/2011,Wednesday,29,June,11,17,55,230,A,90,Single carriageway - 2 lanes,30,Not at or within 20 metres of junction,unset,\,,Daylight: street lights present,Fine (without high winds),Dry,None,None,No overtaking,323870,674230,520461,Junction,Bus,354311,unset,EH43AP,No crossing facility within 50m or physical crossing facility not controlled by authorised person,No physical crossing facility within 50m,At scene,55.95503836697948,-3.220821568841084
436711,,Slight,2,1,29/06/2011,Wednesday,29,June,11,20,5,230,Unclassified,,Single carriageway - 2 lanes,60,Other junction,Give way sign or markings,Unclassified,,Daylight: no street lighting,Fine (without high winds),Dry,None,None,No overtaking,316850,676100,0,Unset,Cyclist,354312,unset,EH309TJ,No crossing facility within 50m or physical crossing facility not controlled by authorised person,No physical crossing facility within 50m,At scene,55.97067029639817,-3.3337939152590996
436811,,Slight,2,1,29/06/2011,Wednesday,29,June,11,18,20,230,B,901,Single carriageway - 2 lanes,30,Other junction,Give way sign or markings,Unclassified,,Daylight: street lights present,Fine (without high winds),Dry,None,None,No overtaking,325880,674480,520608,Junction,Cyclist,354313,unset,EH13RH,No crossing facility within 50m or physical crossing facility not controlled by authorised person,No physical crossing facility within 50m,Elsewhere,55.9575987569729,-3.188707558404792
437711,,Slight,2,1,30/06/2011,Thursday,30,June,11,8,25,230,Unclassified,,Single carriageway - 2 lanes,30,Mini-roundabout,Give way sign or markings,Unclassified,,Daylight: street lights present,Fine (without high winds),Dry,None,None,No overtaking,323310,676530,522858,Junction,T.V.N.P.,354314,unset,EH52HQ,No crossing facility within 50m or physical crossing facility not controlled by authorised person,No physical crossing facility within 50m,At scene,55.975609311671874,-3.230443427186941
438111,,Slight,2,1,22/06/2011,Wednesday,22,June,11,9,55,230,Unclassified,,Single carriageway - 2 lanes,30,Other junction,Give way sign or markings,B,901,Daylight: street lights present,Raining (without high winds),Dry,None,None,No overtaking,325700,674760,520215,Junction,Cyclist,354315,unset,EH74BS,No crossing facility within 50m or physical crossing facility not controlled by authorised person,No physical crossing facility within 50m,At scene,55.96008609905824,-3.191667095540945
438211,,Slight,2,1,30/06/2011,Thursday,30,June,11,8,35,230,A,701,Single carriageway - 2 lanes,30,'T' or staggered junction,Give way sign or markings,Unclassified,,Daylight: street lights present,Fine (without high winds),Dry,None,None,No overtaking,327130,669840,530149,Junction,T.V.N.P.,354316,unset,EH166AF,No crossing facility within 50m or physical crossing facility not controlled by authorised person,No physical crossing facility within 50m,Elsewhere,55.916109560980914,-3.16743728276687
439111,,Slight,1,1,24/06/2011,Friday,24,June,11,10,25,230,A,71,Single carriageway - 2 lanes,30,'T' or staggered junction,Give way sign or markings,Unclassified,,Daylight: street lights present,Fine (without high winds),Dry,None,None,No overtaking,323200,672370,522000,Junction,Pedestrian,354317,unset,EH111TE,No crossing facility within 50m or physical crossing facility not controlled by authorised person,No physical crossing facility within 50m,At scene,55.938223814653995,-3.231018724230691
440011,,Slight,3,3,01/07/2011,Friday,1,July,11,8,40,230,A,8,Dual carriageway - 2 lanes,40,Not at or within 20 metres of junction,unset,\,,Daylight: street lights present,Fine (without high winds),Dry,None,None,No overtaking,317190,672540,550821,Segment,M.V.N.P.,362381,unset,EH129BQ,No crossing facility within 50m or physical crossing facility not controlled by authorised person,No physical crossing facility within 50m,At scene,55.93875201550424,-3.327253253882315
440111,,Serious,1,1,03/07/2011,Sunday,3,July,11,1,40,230,C,,Single carriageway - 2 lanes,30,Not at or within 20 metres of junction,unset,\,,Darkness: street lights present but unlit,Fine (without high winds),Dry,None,None,No overtaking,325860,674360,566780,Segment,Pedestrian,362382,unset,EH13JG,No crossing facility within 50m or physical crossing facility not controlled by authorised person,No physical crossing facility within 50m,At scene,55.956517730022036,-3.188994754621655
441311,,Slight,2,1,01/07/2011,Friday,1,July,11,18,48,230,C,,Single carriageway - 2 lanes,30,Crossroads,Give way sign or markings,Unclassified,,Daylight: street lights present,Fine (without high winds),Dry,None,None,No overtaking,327050,675350,519903,Junction,Cyclist,362383,unset,EH68LQ,Control by other authorised person,Pedestrian phase at traffic signal junction,At scene,55.96559316899162,-3.1702087434408575
441811,,Slight,2,1,28/06/2011,Tuesday,28,June,11,17,0,230,Unclassified,,Single carriageway - 2 lanes,30,'T' or staggered junction,Give way sign or markings,Unclassified,,Daylight: street lights present,Fine (without high winds),Dry,None,None,No overtaking,319860,670310,0,Unset,Cyclist,354318,unset,EH114QF,No crossing facility within 50m or physical crossing facility not controlled by authorised person,No physical crossing facility within 50m,At scene,55.91917400216734,-3.2838597305745836
442011,,Slight,1,1,02/07/2011,Saturday,2,July,11,11,15,230,Unclassified,,Single carriageway - 2 lanes,30,Not at or within 20 metres of junction,unset,\,,Daylight: street lights present,Fine (without high winds),Dry,None,None,No overtaking,326480,673580,0,Unset,Pedestrian,362384,unset,EH89UG,No crossing facility within 50m or physical crossing facility not controlled by authorised person,No physical crossing facility within 50m,At scene,55.94960651270227,-3.1788542848816843
442411,,Slight,2,1,02/07/2011,Saturday,2,July,11,11,15,230,Unclassified,,Single carriageway - 2 lanes,30,Other junction,Automatic Traffic Signal,A,903,Daylight: street lights present,Fine (without high winds),Dry,None,None,No overtaking,324290,675970,519415,Junction,T.V.N.P.,362385,unset,EH53QH,No crossing facility within 50m or physical crossing facility not controlled by authorised person,Pedestrian phase at traffic signal junction,At scene,55.97073474141104,-3.214586427595425
444011,,Slight,2,1,03/07/2011,Sunday,3,July,11,6,50,230,A,1,Single carriageway - 2 lanes,30,Crossroads,Automatic Traffic Signal,A,1,Daylight: no street lighting,Fine (without high winds),Dry,None,None,No overtaking,328310,674150,523374,Junction,T.V.N.P.,362386,unset,EH87AA,No crossing facility within 50m or physical crossing facility not controlled by authorised person,"Pelican, puffin, toucan or similar non-junction pedestrian light crossing",Elsewhere,55.95500364369037,-3.1497089459786642
444611,,Slight,2,1,03/07/2011,Sunday,3,July,11,16,48,230,A,70,Single carriageway - 2 lanes,30,Other junction,Give way sign or markings,Unclassified,,Daylight: no street lighting,Fine (without high winds),Dry,None,None,No overtaking,322900,671800,522243,Junction,T.V.N.P.,362387,unset,EH111QU,No crossing facility within 50m or physical crossing facility not controlled by authorised person,No physical crossing facility within 50m,At scene,55.933055608198224,-3.2356569428246944
445411,,Slight,2,1,02/07/2011,Saturday,2,July,11,10,10,230,C,,Single carriageway - 2 lanes,30,Roundabout,Automatic Traffic Signal,C,,Daylight: street lights present,Fine (without high winds),Dry,None,None,No overtaking,325340,674040,520515,Junction,T.V.N.P.,362388,unset,EH21EL,No crossing facility within 50m or physical crossing facility not controlled by authorised person,Pedestrian phase at traffic signal junction,At scene,55.953562608201494,-3.197232229718184
445911,,Slight,2,1,26/06/2011,Sunday,26,June,11,12,25,230,C,,Single carriageway - 2 lanes,30,Not at or within 20 metres of junction,unset,\,,Daylight: no street lighting,Fine (without high winds),Dry,None,None,No overtaking,322520,672390,559248,Segment,Cyclist,354319,unset,EH112QW,No crossing facility within 50m or physical crossing facility not controlled by authorised person,No physical crossing facility within 50m,At scene,55.93829422502244,-3.2419072994389784
446011,,Serious,1,1,04/07/2011,Monday,4,July,11,13,44,230,A,8,Dual carriageway - 2 lanes,60,'T' or staggered junction,Give way sign or markings,Unclassified,,Daylight: street lights present,Fine (without high winds),Dry,None,None,No overtaking,314810,672460,532249,Junction,S.V.N.P.,362389,unset,EH288NQ,Control by other authorised person,Central refuge - no other controls,At scene,55.93761713456341,-3.365316580203353
446211,,Slight,2,1,01/07/2011,Friday,1,July,11,13,47,230,Unclassified,,Single carriageway - 2 lanes,30,'T' or staggered junction,Automatic Traffic Signal,Unclassified,,Daylight: street lights present,Fine (without high winds),Dry,None,None,No overtaking,326890,674310,520692,Junction,Cyclist,362390,unset,EH75AN,Control by other authorised person,Pedestrian phase at traffic signal junction,At scene,55.95622663852572,-3.1724887258348895
447411,,Serious,2,1,05/07/2011,Tuesday,5,July,11,10,12,230,Unclassified,,Single carriageway - 2 lanes,30,Not at or within 20 metres of junction,unset,\,,Daylight: street lights present,Fine (without high winds),Dry,None,None,No overtaking,326850,674470,557686,Segment,T.V.N.P.,362391,unset,EH75EJ,No crossing facility within 50m or physical crossing facility not controlled by authorised person,No physical crossing facility within 50m,At scene,55.95765779926455,-3.173172687510722
447511,,Slight,2,2,03/07/2011,Sunday,3,July,11,23,45,230,B,9080,Single carriageway - 2 lanes,60,'T' or staggered junction,Give way sign or markings,Unclassified,,Darkness: no street lighting,Fine (without high winds),Dry,None,None,No overtaking,311080,674950,12230833,Junction,T.V.N.P.,362392,unset,EH299EF,No crossing facility within 50m or physical crossing facility not controlled by authorised person,No physical crossing facility within 50m,At scene,55.95930614583221,-3.425828788718214
447611,,Slight,3,1,04/07/2011,Monday,4,July,11,8,0,230,A,90,Single carriageway - 2 lanes,30,Other junction,Give way sign or markings,Unclassified,,Daylight: no street lighting,Fine (without high winds),Dry,None,None,No overtaking,321970,674610,519990,Junction,M.V.N.P.,362393,unset,EH43QW,No crossing facility within 50m or physical crossing facility not controlled by authorised person,No physical crossing facility within 50m,At scene,55.95814656396461,-3.251352715992644
448311,,Slight,1,1,02/07/2011,Saturday,2,July,11,0,45,230,Unclassified,,Single carriageway - 2 lanes,30,Other junction,Give way sign or markings,Unknown,,Darkness: street lights present and lit,Fine (without high winds),Dry,None,None,No overtaking,322230,676580,0,Unset,Pedestrian,362394,unset,EH44LP,No crossing facility within 50m or physical crossing facility not controlled by authorised person,No physical crossing facility within 50m,\3,55.97588449258721,-3.2477590116151096
449611,,Serious,1,2,05/07/2011,Tuesday,5,July,11,18,10,230,Unclassified,,Single carriageway - 2 lanes,30,Other junction,Give way sign or markings,Unclassified,,Daylight: street lighting unknown,Fine (without high winds),Dry,None,None,No overtaking,327020,672060,522108,Junction,Pedestrian,362395,unset,EH165AJ,No crossing facility within 50m or physical crossing facility not controlled by authorised person,No physical crossing facility within 50m,At scene,55.9360349400322,-3.169797529038137
451911,,Slight,4,1,06/07/2011,Wednesday,6,July,11,20,47,230,Unclassified,,Single carriageway - 2 lanes,30,Not at or within 20 metres of junction,unset,\,,Daylight: street lights present,Other,Dry,None,None,No overtaking,313810,670700,0,Unset,M.V.N.P.,362396,unset,EH288RT,No crossing facility within 50m or physical crossing facility not controlled by authorised person,No physical crossing facility within 50m,At scene,55.921630087853636,-3.380757146028031
453511,,Slight,2,1,07/07/2011,Thursday,7,July,11,13,0,230,Unclassified,,Single carriageway - 2 lanes,30,Not at or within 20 metres of junction,unset,\,,Daylight: street lights present,Fine (without high winds),Dry,None,None,No overtaking,312080,678310,0,Unset,T.V.N.P.,362397,unset,EH309RZ,No crossing facility within 50m or physical crossing facility not controlled by authorised person,No physical crossing facility within 50m,At scene,55.989669895058036,-3.410915476599503
454811,,Slight,3,2,07/07/2011,Thursday,7,July,11,18,0,230,A,701,Dual carriageway - 2 lanes,40,Not at or within 20 metres of junction,unset,\,,Daylight: street lights present,Fine (without high winds),Dry,None,None,No overtaking,327460,667040,570931,Segment,M.V.N.P.,362398,unset,EH178SG,No crossing facility within 50m or physical crossing facility not controlled by authorised person,No physical crossing facility within 50m,At scene,55.89100716617194,-3.1614067033698183
455311,,Slight,3,2,08/07/2011,Friday,8,July,11,10,40,230,Unclassified,,Single carriageway - 2 lanes,30,Not at or within 20 metres of junction,unset,\,,Daylight: street lights present,Fine (without high winds),Dry,None,None,No overtaking,328170,674860,557740,Segment,M.V.N.P.,362399,unset,EH76EH,No crossing facility within 50m or physical crossing facility not controlled by authorised person,No physical crossing facility within 50m,At scene,55.961360581555645,-3.152140061789893
455911,,Slight,2,1,08/07/2011,Friday,8,July,11,17,0,230,Unclassified,,Single carriageway - 2 lanes,30,Not at or within 20 metres of junction,unset,\,,Daylight: street lights present,Raining (without high winds),Dry,None,None,No overtaking,320250,671660,559343,Segment,T.V.N.P.,362400,unset,EH113UX,No crossing facility within 50m or physical crossing facility not controlled by authorised person,No physical crossing facility within 50m,At scene,55.93136533227276,-3.27802039435124
456511,,Slight,2,1,08/07/2011,Friday,8,July,11,18,50,230,A,702,Single carriageway - 2 lanes,30,Crossroads,Automatic Traffic Signal,A,8,Daylight: street lights present,Unknown,Dry,None,None,No overtaking,324720,673660,522381,Junction,Cyclist,362401,unset,EH12DA,No crossing facility within 50m or physical crossing facility not controlled by authorised person,Central refuge - no other controls,At scene,55.950052299284415,-3.2070526183464017
459711,,Slight,2,1,18/06/2011,Saturday,18,June,11,15,45,230,A,8,Dual carriageway - 2 lanes,30,Not at or within 20 metres of junction,unset,\,,Daylight: street lights present,Fine (without high winds),Dry,None,None,No overtaking,325290,673840,550529,Segment,Cyclist,354320,unset,EH22HG,No crossing facility within 50m or physical crossing facility not controlled by authorised person,No physical crossing facility within 50m,Elsewhere,55.951758269559555,-3.1979772710165584