acc_ref,beat_no,severity,no_vehicle,no_casualt,a_date,a_day,a_date_day,a_date_mon,a_date_yr,a_time_hr,a_time_min,loc_auth,road1_class,road1_no,road_type,speed_limi,junc_det,junc_ctrl,road2_class,road2_no,light_cond,weather,road_surf,spec_cond,cway_hzrds,ovrtk_patrn,easting,northing,net_id,net_type,acc_type,text_id,division,Postcode,ped_xing_hc,ped_xing_p,place_reported,latitude,longitude
460711,,Slight,2,1,11/07/2011,Monday,11,July,11,10,35,230,Unclassified,,Single carriageway - 2 lanes,30,'T' or staggered junction,Give way sign or markings,Unclassified,,Daylight: no street lighting,Fine (without high winds),Dry,None,None,No overtaking,324830,675650,519427,Junction,T.V.N.P.,362402,unset,EH35NJ,Control by other authorised person,Pedestrian phase at traffic signal junction,At scene,55.96794521302305,-3.205847398975643
461111,,Slight,3,1,11/07/2011,Monday,11,July,11,10,54,230,Unclassified,,Single carriageway - 2 lanes,30,'T' or staggered junction,Automatic Traffic Signal,Unclassified,,Daylight: no street lighting,Fine (without high winds),Dry,None,None,No overtaking,323420,675820,519409,Junction,M.V.N.P.,362403,unset,EH52DH,Control by other authorised person,Pedestrian phase at traffic signal junction,At scene,55.9692492083908,-3.228479080169433
461211,,Slight,2,1,11/07/2011,Monday,11,July,11,14,20,230,A,900,Single carriageway - 2 lanes,30,'T' or staggered junction,Give way sign or markings,Unclassified,,Daylight: no street lighting,Fine (without high winds),Dry,None,None,No overtaking,326490,675040,523233,Junction,T.V.N.P.,362404,unset,EH74PA,No crossing facility within 50m or physical crossing facility not controlled by authorised person,No physical crossing facility within 50m,At scene,55.96272299273678,-3.179092901276843
461411,,Slight,1,1,10/07/2011,Sunday,10,July,11,17,35,230,C,,One way Street,30,'T' or staggered junction,Automatic Traffic Signal,Unclassified,,Daylight: street lights present,Unknown,Dry,None,None,No overtaking,325700,673140,521523,Junction,Bus,362405,unset,EH12QP,Control by other authorised person,Pedestrian phase at traffic signal junction,Elsewhere,55.94553395423526,-3.1912200413718605
462611,,Slight,1,1,11/07/2011,Monday,11,July,11,13,27,230,Unclassified,,Single carriageway - 2 lanes,30,Other junction,Give way sign or markings,Unclassified,,Daylight: no street lighting,Fine (without high winds),Dry,None,None,No overtaking,320730,675450,519759,Junction,Pedestrian,362406,unset,EH45AA,No crossing facility within 50m or physical crossing facility not controlled by authorised person,"Pelican, puffin, toucan or similar non-junction pedestrian light crossing",At scene,55.96548863143289,-3.271455273941716
463411,,Slight,1,1,11/07/2011,Monday,11,July,11,10,30,230,C,,Single carriageway - 2 lanes,30,Not at or within 20 metres of junction,unset,\,,Daylight: street lights present,Fine (without high winds),Dry,None,None,No overtaking,321310,671660,565427,Segment,Bus,362407,unset,EH113LA,No crossing facility within 50m or physical crossing facility not controlled by authorised person,Central refuge - no other controls,At scene,55.9315401630288,-3.2610591388352783
464211,,Slight,2,1,12/07/2011,Tuesday,12,July,11,20,50,230,C,,Single carriageway - 2 lanes,30,Other junction,Give way sign or markings,Unclassified,,Daylight: street lights present,Fine (without high winds),Dry,None,None,No overtaking,324470,672860,521832,Junction,T.V.N.P.,362408,unset,EH39RU,No crossing facility within 50m or physical crossing facility not controlled by authorised person,No physical crossing facility within 50m,At scene,55.94282682042558,-3.210830595874513
464611,,Slight,3,2,08/06/2011,Wednesday,8,June,11,8,35,230,Unclassified,,Dual carriageway - 2 lanes,30,Not at or within 20 metres of junction,unset,\,,Daylight: street lights present,Fine (without high winds),Dry,None,None,No overtaking,317930,672240,9658493,Junction,M.V.N.P.,354321,unset,EH129DF,No crossing facility within 50m or physical crossing facility not controlled by authorised person,No physical crossing facility within 50m,At scene,55.93618433464545,-3.3153190311053304
465111,,Slight,2,2,13/07/2011,Wednesday,13,July,11,8,30,230,A,71,Single carriageway - 2 lanes,50,'T' or staggered junction,Give way sign or markings,Unclassified,,Daylight: street lights present,Fine (without high winds),Dry,None,None,No overtaking,314550,669180,517744,Junction,T.V.N.P.,362409,unset,EH278EB,No crossing facility within 50m or physical crossing facility not controlled by authorised person,No physical crossing facility within 50m,At scene,55.90810923957239,-3.36843860056403
465811,,Slight,1,1,13/07/2011,Wednesday,13,July,11,12,15,230,Unclassified,,Single carriageway - 2 lanes,30,Other junction,Give way sign or markings,Unclassified,,Daylight: no street lighting,Fine (without high winds),Dry,None,None,No overtaking,324540,671320,530428,Junction,Pedestrian,362410,unset,EH104AX,Control by other authorised person,"Pelican, puffin, toucan or similar non-junction pedestrian light crossing",At scene,55.929004361327756,-3.209279019378029
466511,,Slight,1,1,14/07/2011,Thursday,14,July,11,2,55,230,A,71,Single carriageway - 2 lanes,50,Not at or within 20 metres of junction,unset,\,,Daylight: no street lighting,Fine (without high winds),Dry,None,None,No overtaking,313600,668730,549671,Segment,S.V.N.P.,362411,unset,EH278EB,No crossing facility within 50m or physical crossing facility not controlled by authorised person,No physical crossing facility within 50m,At scene,55.90389747085666,-3.3834859641989863
466611,,Slight,2,3,24/06/2011,Friday,24,June,11,10,0,230,A,701,Single carriageway - 2 lanes,30,Not at or within 20 metres of junction,unset,\,,Daylight: no street lighting,Fine (without high winds),Dry,None,None,No overtaking,327170,670690,570719,Segment,Bus,354322,unset,EH165QS,No crossing facility within 50m or physical crossing facility not controlled by authorised person,No physical crossing facility within 50m,At scene,55.923751118234016,-3.167026917844098
466711,,Slight,1,1,14/07/2011,Thursday,14,July,11,10,0,230,A,702,Single carriageway - 2 lanes,30,Not at or within 20 metres of junction,unset,\,,Daylight: street lights present,Fine (without high winds),Dry,None,None,No overtaking,324540,672090,548973,Segment,Pedestrian,362412,unset,EH104DG,No crossing facility within 50m or physical crossing facility not controlled by authorised person,No physical crossing facility within 50m,At scene,55.93592109909766,-3.20949454221864
466811,,Slight,2,1,14/07/2011,Thursday,14,July,11,13,0,230,A,70,Single carriageway - 2 lanes,30,'T' or staggered junction,Stop sign,Unclassified,,Daylight: street lights present,Fine (without high winds),Dry,None,None,No overtaking,322810,671680,522237,Junction,T.V.N.P.,362413,unset,EH141NX,Control by other authorised person,No physical crossing facility within 50m,Elsewhere,55.931963229407415,-3.2370627699971815
467011,,Slight,2,1,14/07/2011,Thursday,14,July,11,17,45,230,A,7,Single carriageway - 2 lanes,30,Not at or within 20 metres of junction,unset,\,,Darkness: street lights present but unlit,Fine (without high winds),Dry,None,None,No overtaking,326170,672980,569460,Segment,Cyclist,362414,unset,EH89EJ,No crossing facility within 50m or physical crossing facility not controlled by authorised person,No physical crossing facility within 50m,Elsewhere,55.944169220464964,-3.1836526651079016
470711,,Slight,1,1,16/07/2011,Saturday,16,July,11,11,45,230,A,8,Single carriageway - 2 lanes,30,Not at or within 20 metres of junction,unset,\,,Daylight: street lights present,Fine (without high winds),Dry,None,None,No overtaking,324020,673210,550604,Segment,Pedestrian,362415,unset,EH125EZ,No crossing facility within 50m or physical crossing facility not controlled by authorised person,No physical crossing facility within 50m,At scene,55.945899766540435,-3.2181320956996142
471011,,Slight,2,1,16/07/2011,Saturday,16,July,11,15,0,230,Unclassified,,Single carriageway - 2 lanes,20,'T' or staggered junction,Give way sign or markings,Unclassified,,Daylight: street lights present,Raining with high winds,Dry,None,None,No overtaking,319870,669990,0,Unset,T.V.N.P.,362416,unset,EH142RR,No crossing facility within 50m or physical crossing facility not controlled by authorised person,No physical crossing facility within 50m,At scene,55.91630125556801,-3.283604756743306
473211,,Slight,2,2,17/07/2011,Sunday,17,July,11,2,45,230,A,702,Single carriageway - 2 lanes,30,Crossroads,Automatic Traffic Signal,Unclassified,,Darkness: street lights present and lit,Raining (without high winds),Dry,None,None,No overtaking,324830,673070,521403,Junction,T.V.N.P.,362417,unset,EH39BN,No crossing facility within 50m or physical crossing facility not controlled by authorised person,No physical crossing facility within 50m,At scene,55.94476970735203,-3.205126938776231
473611,,Slight,2,1,18/07/2011,Monday,18,July,11,12,55,230,Unclassified,,Single carriageway - 2 lanes,30,Crossroads,Give way sign or markings,Unclassified,,Daylight: no street lighting,Raining (without high winds),Dry,None,None,No overtaking,324300,673630,10258595,Junction,T.V.N.P.,362418,unset,EH37JA,No crossing facility within 50m or physical crossing facility not controlled by authorised person,No physical crossing facility within 50m,At scene,55.9497167553849,-3.2137680486241376
478611,,Slight,1,1,19/07/2011,Tuesday,19,July,11,8,50,230,A,8,Single carriageway - 2 lanes,30,Using private drive or entrance,Give way sign or markings,A,8,Daylight: no street lighting,Fine (without high winds),Dry,None,None,No overtaking,324040,673200,550604,Segment,Pedestrian,362419,unset,EH125EY,Control by other authorised person,No physical crossing facility within 50m,At scene,55.94581310453717,-3.217809126704035
479511,,Slight,2,1,19/07/2011,Tuesday,19,July,11,19,30,230,Unclassified,,Single carriageway - 2 lanes,30,Roundabout,Give way sign or markings,Unclassified,,Daylight: street lights present,Fine (without high winds),Dry,None,None,No overtaking,320680,676190,519091,Junction,Cyclist,362420,unset,EH45HA,No crossing facility within 50m or physical crossing facility not controlled by authorised person,No physical crossing facility within 50m,Elsewhere,55.97212742298186,-3.272474239931621
480511,,Slight,4,1,17/07/2011,Sunday,17,July,11,17,20,230,A,900,Single carriageway - 2 lanes,30,'T' or staggered junction,Automatic Traffic Signal,C,,Daylight: no street lighting,Fine (without high winds),Dry,None,None,No overtaking,326550,675130,519867,Junction,M.V.N.P.,362421,unset,EH74PE,Control by other authorised person,Pedestrian phase at traffic signal junction,At scene,55.96354063863999,-3.1781565922684583
480911,,Slight,3,1,19/07/2011,Tuesday,19,July,11,18,10,230,A,720,Dual carriageway - 2 lanes,70,Not at or within 20 metres of junction,unset,\,,Daylight: no street lighting,Raining (without high winds),Dry,None,None,No overtaking,320560,668400,570552,Segment,M.V.N.P.,362422,unset,EH130PF,No crossing facility within 50m or physical crossing facility not controlled by authorised person,No physical crossing facility within 50m,At scene,55.902133477905,-3.2721004776399916
481111,,Slight,1,1,20/07/2011,Wednesday,20,July,11,8,15,230,Motorway,8,Dual carriageway - 2 lanes,70,Not at or within 20 metres of junction,unset,\,,Daylight: no street lighting,Raining (without high winds),Dry,None,None,No overtaking,316610,670410,6452039,Segment,S.V.N.P.,362423,unset,EH129BZ,No crossing facility within 50m or physical crossing facility not controlled by authorised person,No physical crossing facility within 50m,At scene,55.91951926579995,-3.3358768479342076
482411,,Serious,2,1,22/07/2011,Friday,22,July,11,7,30,230,C,,Single carriageway - 2 lanes,30,'T' or staggered junction,Give way sign or markings,Unclassified,,Daylight: no street lighting,Fine (without high winds),Dry,None,None,No overtaking,325940,672460,0,Unset,Cyclist,362424,unset,EH91LR,No crossing facility within 50m or physical crossing facility not controlled by authorised person,No physical crossing facility within 50m,At scene,55.93946271642488,-3.1871913210903258
483211,,Slight,1,1,21/07/2011,Thursday,21,July,11,6,0,230,A,720,Dual carriageway - 2 lanes,70,Not at or within 20 metres of junction,unset,\,,Daylight: no street lighting,Fine (without high winds),Dry,None,None,No overtaking,324440,667820,570546,Segment,S.V.N.P.,362425,unset,EH107DS,No crossing facility within 50m or physical crossing facility not controlled by authorised person,No physical crossing facility within 50m,At scene,55.89754883634287,-3.2098993180340654
483711,,Serious,2,1,21/07/2011,Thursday,21,July,11,16,50,230,Unclassified,,Single carriageway - 2 lanes,30,Not at or within 20 metres of junction,unset,\,,Daylight: street lights present,Fine (without high winds),Dry,None,None,No overtaking,322540,675360,0,Unset,Cyclist,362426,unset,EH42QX,No crossing facility within 50m or physical crossing facility not controlled by authorised person,No physical crossing facility within 50m,At scene,55.964975888505656,-3.242441552546904
484411,,Slight,2,1,22/07/2011,Friday,22,July,11,2,20,230,A,700,Single carriageway - 2 lanes,30,'T' or staggered junction,Give way sign or markings,C,,Darkness: street lights present and lit,Fine (without high winds),Dry,None,None,No overtaking,325430,672570,521865,Junction,Cyclist,362427,unset,EH91DY,No crossing facility within 50m or physical crossing facility not controlled by authorised person,No physical crossing facility within 50m,At scene,55.94037188565835,-3.195384281155579
484811,,Slight,3,1,07/07/2011,Thursday,7,July,11,10,45,230,A,7,Single carriageway - 2 lanes,30,Not at or within 20 metres of junction,unset,\,,Daylight: street lights present,Fine (without high winds),Dry,None,None,No overtaking,325930,673680,569273,Segment,Cyclist,362428,unset,EH11QN,No crossing facility within 50m or physical crossing facility not controlled by authorised person,No physical crossing facility within 50m,Elsewhere,55.95042022611793,-3.1876868335685704
485611,,Slight,2,1,19/07/2011,Tuesday,19,July,11,19,23,230,Unclassified,,Single carriageway - 2 lanes,30,'T' or staggered junction,Give way sign or markings,Unclassified,,Daylight: street lights present,Fine (without high winds),Dry,None,None,No overtaking,319650,671860,522126,Junction,T.V.N.P.,362429,unset,EH129AD,No crossing facility within 50m or physical crossing facility not controlled by authorised person,"Pelican, puffin, toucan or similar non-junction pedestrian light crossing",At scene,55.933061838582965,-3.2876806220114094
486311,,Slight,1,1,21/07/2011,Thursday,21,July,11,17,10,230,B,6415,Single carriageway - 2 lanes,30,Not at or within 20 metres of junction,unset,\,,Daylight: street lights present,Unknown,Dry,None,None,No overtaking,330660,673790,563346,Segment,Bus,362430,unset,EH152AN,No crossing facility within 50m or physical crossing facility not controlled by authorised person,No physical crossing facility within 50m,Elsewhere,55.95211512147864,-3.1119885313041165
487011,,Slight,2,1,29/06/2011,Wednesday,29,June,11,18,0,230,B,901,Single carriageway - 2 lanes,30,'T' or staggered junction,Give way sign or markings,Unclassified,,Daylight: street lights present,Unknown,Dry,None,None,No overtaking,325880,674480,520608,Junction,T.V.N.P.,354323,unset,EH13RH,No crossing facility within 50m or physical crossing facility not controlled by authorised person,No physical crossing facility within 50m,Elsewhere,55.9575987569729,-3.188707558404792
487411,,Slight,2,1,19/07/2011,Tuesday,19,July,11,18,45,230,C,,Single carriageway - 2 lanes,30,Crossroads,Automatic Traffic Signal,C,,Daylight: street lights present,Fine (without high winds),Dry,None,None,No overtaking,325210,674510,520155,Junction,Cyclist,362431,unset,EH36QQ,No crossing facility within 50m or physical crossing facility not controlled by authorised person,No physical crossing facility within 50m,At scene,55.957764269087065,-3.19944420266831
487611,,Slight,2,1,21/07/2011,Thursday,21,July,11,20,50,230,A,71,Single carriageway - 2 lanes,30,Crossroads,Give way sign or markings,Unclassified,,Daylight: street lights present,Fine (without high winds),Dry,None,None,No overtaking,321630,671500,529558,Junction,T.V.N.P.,362432,unset,EH113XN,No crossing facility within 50m or physical crossing facility not controlled by authorised person,No physical crossing facility within 50m,Elsewhere,55.93015526390754,-3.255892219527735
489711,,Slight,1,1,23/07/2011,Saturday,23,July,11,2,50,230,Unclassified,,Single carriageway - 2 lanes,30,Not at or within 20 metres of junction,unset,\,,Darkness: street lights present and lit,Fine (without high winds),Dry,None,None,No overtaking,325680,673730,2310553,Junction,Pedestrian,362433,unset,EH22EJ,No crossing facility within 50m or physical crossing facility not controlled by authorised person,No physical crossing facility within 50m,At scene,55.95083071692847,-3.1917030025720856
489911,,Serious,2,1,27/07/2011,Wednesday,27,July,11,13,57,230,B,701,Single carriageway - 2 lanes,30,Not at or within 20 metres of junction,unset,\,,Daylight: no street lighting,Fine (without high winds),Dry,None,None,No overtaking,327240,668010,2105891,Segment,T.V.N.P.,362434,unset,EH178AB,No crossing facility within 50m or physical crossing facility not controlled by authorised person,No physical crossing facility within 50m,At scene,55.8996874213145,-3.1651846283861547
490311,,Slight,1,1,20/07/2011,Wednesday,20,July,11,3,0,230,A,720,Dual carriageway - 2 lanes,70,Not at or within 20 metres of junction,unset,\,,Daylight: no street lighting,Fine (without high winds),Dry,None,Any animal in carriagway (except riden hors,No overtaking,324300,667870,570534,Segment,S.V.N.P.,362435,unset,EH107DS,No crossing facility within 50m or physical crossing facility not controlled by authorised person,No physical crossing facility within 50m,At scene,55.897975959122874,-3.212151587422102
490411,,Slight,2,1,25/07/2011,Monday,25,July,11,8,10,230,Unclassified,,Roundabout,40,Roundabout,Give way sign or markings,Unclassified,,Daylight: street lights present,Fine (without high winds),Dry,None,None,No overtaking,318440,672040,9658545,Junction,Cyclist,362436,unset,EH129EB,No crossing facility within 50m or physical crossing facility not controlled by authorised person,No physical crossing facility within 50m,At scene,55.93447473092565,-3.307097048182789
490811,,Slight,2,1,23/07/2011,Saturday,23,July,11,16,0,230,A,700,Single carriageway - 2 lanes,30,Crossroads,Automatic Traffic Signal,Unclassified,,Daylight: street lights present,Fine (without high winds),Dry,None,None,No overtaking,326210,672570,532729,Junction,T.V.N.P.,362437,unset,EH39EE,No crossing facility within 50m or physical crossing facility not controlled by authorised person,No physical crossing facility within 50m,Elsewhere,55.94049240307303,-3.1829000938904146
491011,,Slight,1,1,23/07/2011,Saturday,23,July,11,18,10,230,A,8,Single carriageway - 2 lanes,30,Not at or within 20 metres of junction,unset,\,,Daylight: street lights present,Fine (without high winds),Dry,None,None,No overtaking,319420,672960,550737,Segment,Bus,362438,unset,EH128SQ,No crossing facility within 50m or physical crossing facility not controlled by authorised person,No physical crossing facility within 50m,Elsewhere,55.94290404166295,-3.291689877359683
491811,,Slight,2,2,24/07/2011,Sunday,24,July,11,14,0,230,Unclassified,,Single carriageway - 2 lanes,30,Other junction,Give way sign or markings,Unclassified,,Daylight: street lights present,Fine (without high winds),Dry,None,None,No overtaking,326960,675230,0,Unset,Cyclist,362439,unset,EH68RS,No crossing facility within 50m or physical crossing facility not controlled by authorised person,No physical crossing facility within 50m,At scene,55.96450152984093,-3.1716175905893014
491911,,Slight,2,1,16/07/2011,Saturday,16,July,11,15,15,230,Unclassified,,Roundabout,30,Roundabout,Give way sign or markings,Unclassified,,Daylight: street lights present,Fine (without high winds),Dry,None,None,No overtaking,327290,671090,523095,Junction,Bus,362440,unset,EH165PB,Control by other authorised person,"Pelican, puffin, toucan or similar non-junction pedestrian light crossing",Elsewhere,55.92736246830031,-3.165214921466574
492011,,Slight,1,1,20/07/2011,Wednesday,20,July,11,17,0,230,Unclassified,,Single carriageway - 2 lanes,30,Other junction,Give way sign or markings,Unclassified,,Daylight: no street lighting,Fine (without high winds),Dry,None,None,No overtaking,323620,676910,0,Unset,Pedestrian,362441,unset,EH51BL,Control by other authorised person,Central refuge - no other controls,At scene,55.97907220235779,-3.225585292476908
492111,,Slight,3,2,26/07/2011,Tuesday,26,July,11,9,40,230,A,1,Dual carriageway - 2 lanes,40,Not at or within 20 metres of junction,unset,\,,Daylight: street lights present,Fine (without high winds),Dry,None,None,No overtaking,331210,672770,552838,Segment,M.V.N.P.,362442,unset,EH153BE,No crossing facility within 50m or physical crossing facility not controlled by authorised person,No physical crossing facility within 50m,At scene,55.94303153354397,-3.102922115193179
492211,,Slight,2,1,17/07/2011,Sunday,17,July,11,12,0,230,Unclassified,,Single carriageway - 2 lanes,30,'T' or staggered junction,Automatic Traffic Signal,Unclassified,,Daylight: street lights present,Fine (without high winds),Dry,None,None,No overtaking,324030,673560,520887,Junction,T.V.N.P.,362443,unset,EH125BJ,No crossing facility within 50m or physical crossing facility not controlled by authorised person,No physical crossing facility within 50m,Elsewhere,55.94904530323756,-3.2180707409155045
492611,,Slight,2,1,15/06/2011,Wednesday,15,June,11,17,20,230,A,900,Single carriageway - 2 lanes,30,Crossroads,Automatic Traffic Signal,Unclassified,,Daylight: street lights present,Unknown,Dry,None,None,No overtaking,326400,674910,520266,Junction,Cyclist,354324,unset,EH75HW,Control by other authorised person,Pedestrian phase at traffic signal junction,Elsewhere,55.96154142481,-3.1804986585930846
493011,,Slight,2,1,26/07/2011,Tuesday,26,July,11,16,5,230,Unclassified,,Single carriageway - 2 lanes,30,Crossroads,Automatic Traffic Signal,C,,Daylight: street lights present,Fine (without high winds),Dry,None,None,No overtaking,325510,671940,529450,Junction,T.V.N.P.,362444,unset,EH91AF,Control by other authorised person,Pedestrian phase at traffic signal junction,At scene,55.93472512837264,-3.1939297261553956
493211,,Slight,2,1,26/07/2011,Tuesday,26,July,11,18,0,230,Unclassified,,Single carriageway - 2 lanes,30,Crossroads,Automatic Traffic Signal,Unclassified,,Daylight: no street lighting,Fine (without high winds),Dry,None,None,No overtaking,326390,674880,520266,Junction,T.V.N.P.,362445,unset,EH75HP,No crossing facility within 50m or physical crossing facility not controlled by authorised person,No physical crossing facility within 50m,At scene,55.961270405624745,-3.180650593379674
493411,,Slight,1,1,26/07/2011,Tuesday,26,July,11,20,40,230,Unclassified,,Single carriageway - 2 lanes,30,'T' or staggered junction,Automatic Traffic Signal,Unclassified,,Daylight: street lights present,Fine (without high winds),Dry,None,None,No overtaking,319320,671390,9659711,Junction,S.V.N.P.,362446,unset,EH114BP,Control by other authorised person,"Pelican, puffin, toucan or similar non-junction pedestrian light crossing",At scene,55.92878474706023,-3.2928205606525096
494111,,Slight,2,1,23/07/2011,Saturday,23,July,11,17,0,230,Unclassified,,Single carriageway - 2 lanes,30,Using private drive or entrance,Give way sign or markings,Unclassified,,Daylight: street lights present,Fine (without high winds),Dry,None,None,No overtaking,322180,672110,565553,Segment,T.V.N.P.,362447,unset,EH113BQ,Control by other authorised person,"Pelican, puffin, toucan or similar non-junction pedestrian light crossing",At scene,55.93572410308216,-3.2472678668720896
494411,,Slight,2,1,19/07/2011,Tuesday,19,July,11,14,45,230,A,1,Single carriageway - 2 lanes,30,'T' or staggered junction,Give way sign or markings,Unclassified,,Daylight: street lights present,Fine (without high winds),Dry,None,None,No overtaking,328840,673680,523503,Junction,Cyclist,362448,unset,EH87PX,No crossing facility within 50m or physical crossing facility not controlled by authorised person,No physical crossing facility within 50m,At scene,55.95086054649219,-3.1410985444513986
496911,,Slight,2,1,25/07/2011,Monday,25,July,11,18,40,230,Unclassified,,Single carriageway - 2 lanes,30,Other junction,Give way sign or markings,Unclassified,,Daylight: street lights present,Fine (without high winds),Dry,None,None,No overtaking,327020,672060,522108,Junction,Cyclist,362449,unset,EH165AJ,Control by other authorised person,No physical crossing facility within 50m,Elsewhere,55.9360349400322,-3.169797529038137
497611,,Serious,1,1,28/07/2011,Thursday,28,July,11,12,30,230,A,8,One way Street,30,Multiple junction,Automatic Traffic Signal,Unclassified,,Daylight: street lights present,Raining (without high winds),Dry,None,None,No overtaking,324130,673240,521340,Junction,Bus,362450,unset,EH38DS,Control by other authorised person,Pedestrian phase at traffic signal junction,At scene,55.94618664730188,-3.216379724720565
498211,,Slight,2,2,26/07/2011,Tuesday,26,July,11,16,45,230,Unclassified,,Dual carriageway - 2 lanes,30,'T' or staggered junction,Automatic Traffic Signal,B,701,Daylight: street lights present,Fine (without high winds),Dry,None,None,No overtaking,319610,669990,12201404,Junction,T.V.N.P.,362451,unset,EH142SW,No crossing facility within 50m or physical crossing facility not controlled by authorised person,No physical crossing facility within 50m,Elsewhere,55.91625783509769,-3.2877634135659166
498311,,Slight,2,1,28/07/2011,Thursday,28,July,11,8,55,230,Unclassified,,Single carriageway - 2 lanes,30,Other junction,Give way sign or markings,Unclassified,,Daylight: street lights present,Raining (without high winds),Dry,None,None,No overtaking,319500,673210,0,Unset,Cyclist,362452,unset,EH128RP,No crossing facility within 50m or physical crossing facility not controlled by authorised person,No physical crossing facility within 50m,Elsewhere,55.94516308215215,-3.2904841112381487
499811,,Slight,2,1,28/07/2011,Thursday,28,July,11,18,30,230,Unclassified,,Single carriageway - 2 lanes,60,Not at or within 20 metres of junction,unset,\,,Daylight: street lighting unknown,Fine (without high winds),Dry,None,None,No overtaking,315730,667850,0,Unset,T.V.N.P.,362453,unset,EH144AE,No crossing facility within 50m or physical crossing facility not controlled by authorised person,No physical crossing facility within 50m,At scene,55.896371016892786,-3.349154305229024
500011,,Serious,1,1,29/07/2011,Friday,29,July,11,11,44,230,Unclassified,,Single carriageway - 2 lanes,30,Not at or within 20 metres of junction,unset,\,,Daylight: no street lighting,Fine (without high winds),Dry,None,None,No overtaking,326330,676400,563718,Segment,Bus,362454,unset,EH64AQ,No crossing facility within 50m or physical crossing facility not controlled by authorised person,No physical crossing facility within 50m,At scene,55.974915072989425,-3.1820277442032285
500811,,Slight,2,1,29/07/2011,Friday,29,July,11,18,5,230,A,1140,Single carriageway - 2 lanes,30,Not at or within 20 metres of junction,unset,\,,Daylight: no street lighting,Fine (without high winds),Dry,None,None,No overtaking,328490,674170,554882,Segment,Cyclist,362455,unset,EH87BB,No crossing facility within 50m or physical crossing facility not controlled by authorised person,No physical crossing facility within 50m,At scene,55.9552101632264,-3.146832167724
501111,,Slight,1,1,28/07/2011,Thursday,28,July,11,16,30,230,C,,Single carriageway - 2 lanes,30,'T' or staggered junction,Give way sign or markings,Unclassified,,Daylight: no street lighting,Raining (without high winds),Dry,None,None,No overtaking,325700,673330,521541,Junction,Pedestrian,362456,unset,EH11EL,Control by other authorised person,Pedestrian phase at traffic signal junction,Elsewhere,55.947240689184135,-3.191272452322784
502211,,Serious,1,1,31/07/2011,Sunday,31,July,11,3,0,230,A,1,Single carriageway - 2 lanes,30,Not at or within 20 metres of junction,unset,\,,Daylight: no street lighting,Fine (without high winds),Dry,None,None,No overtaking,327670,674290,2306922,Segment,Pedestrian,362457,unset,EH76AE,No crossing facility within 50m or physical crossing facility not controlled by authorised person,No physical crossing facility within 50m,At scene,55.95616519985054,-3.159993960008449
502611,,Slight,2,1,01/08/2011,Monday,1,August,11,7,30,230,A,902,Single carriageway - 2 lanes,30,'T' or staggered junction,Automatic Traffic Signal,Unclassified,,Daylight: no street lighting,Fine (without high winds),Dry,None,None,No overtaking,322480,674960,520062,Junction,Cyclist,362727,unset,EH42NG,Control by other authorised person,Pedestrian phase at traffic signal junction,At scene,55.96137314919115,-3.2432872277684606
503511,,Slight,1,1,29/07/2011,Friday,29,July,11,21,0,230,Unclassified,,Single carriageway - 2 lanes,30,'T' or staggered junction,Give way sign or markings,A,6095,Daylight: street lights present,Fine (without high winds),Dry,None,None,No overtaking,329500,671590,523821,Junction,Bus,362458,unset,EH164EG,No crossing facility within 50m or physical crossing facility not controlled by authorised person,No physical crossing facility within 50m,Elsewhere,55.93218345863932,-3.1299850333515935
504311,,Serious,2,1,30/07/2011,Saturday,30,July,11,12,40,230,Unclassified,,Single carriageway - 2 lanes,60,Not at or within 20 metres of junction,unset,\,,Daylight: no street lighting,Fine (without high winds),Dry,None,None,No overtaking,315190,672770,6423426,Junction,T.V.N.P.,362459,unset,EH288NQ,No crossing facility within 50m or physical crossing facility not controlled by authorised person,No physical crossing facility within 50m,At scene,55.940468885237934,-3.359332929142964
504411,,Slight,1,1,30/07/2011,Saturday,30,July,11,13,20,230,A,6095,Single carriageway - 2 lanes,30,Not at or within 20 metres of junction,unset,\,,Daylight: street lights present,Fine (without high winds),Dry,None,None,No overtaking,329870,671740,553868,Segment,Pedestrian,362460,unset,EH164RA,No crossing facility within 50m or physical crossing facility not controlled by authorised person,No physical crossing facility within 50m,Elsewhere,55.933585093935385,-3.1241031965271366
505211,,Slight,2,1,31/07/2011,Sunday,31,July,11,11,30,230,A,8,Single carriageway - 2 lanes,30,Other junction,Give way sign or markings,Unclassified,,Daylight: street lights present,Fine (without high winds),Dry,None,None,No overtaking,323800,673220,521298,Junction,T.V.N.P.,362461,unset,EH125LQ,No crossing facility within 50m or physical crossing facility not controlled by authorised person,No physical crossing facility within 50m,Elsewhere,55.9459547206973,-3.2216565602636815
505411,,Slight,2,1,31/07/2011,Sunday,31,July,11,13,45,230,B,700,Single carriageway - 2 lanes,30,Multiple junction,Automatic Traffic Signal,Unclassified,,Daylight: street lights present,Fine (without high winds),Dry,None,None,No overtaking,324480,673210,521379,Junction,T.V.N.P.,362462,unset,EH38AJ,Control by other authorised person,Pedestrian phase at traffic signal junction,At scene,55.94597235766247,-3.2107686504150212
505511,,Slight,2,1,31/07/2011,Sunday,31,July,11,13,45,230,Motorway,8,Dual carriageway - 2 lanes,70,Not at or within 20 metres of junction,unset,\,,Daylight: street lights present,Fine (without high winds),Dry,None,None,No overtaking,312600,672230,6452359,Segment,T.V.N.P.,362463,unset,EH288PL,No crossing facility within 50m or physical crossing facility not controlled by authorised person,No physical crossing facility within 50m,Elsewhere,55.93515415780419,-3.4006084452794387