acc_ref,beat_no,severity,no_vehicle,no_casualt,a_date,a_day,a_date_day,a_date_mon,a_date_yr,a_time_hr,a_time_min,loc_auth,road1_class,road1_no,road_type,speed_limi,junc_det,junc_ctrl,road2_class,road2_no,light_cond,weather,road_surf,spec_cond,cway_hzrds,ovrtk_patrn,easting,northing,net_id,net_type,acc_type,text_id,division,Postcode,ped_xing_hc,ped_xing_p,place_reported,latitude,longitude
541211,,Slight,3,1,16/08/2011,Tuesday,16,August,11,6,40,230,C,,Single carriageway - 2 lanes,30,Crossroads,Give way sign or markings,Unclassified,,Daylight: street lights present,Fine (without high winds),Dry,None,None,No overtaking,327030,675220,519900,Junction,M.V.N.P.,362788,unset,EH68RT,No crossing facility within 50m or physical crossing facility not controlled by authorised person,No physical crossing facility within 50m,At scene,55.96442235549646,-3.1704937998010405
541411,,Slight,2,1,15/08/2011,Monday,15,August,11,11,0,230,Unclassified,,Single carriageway - 2 lanes,30,Crossroads,Automatic Traffic Signal,Unclassified,,Daylight: no street lighting,Fine (without high winds),Dry,None,None,No overtaking,329760,673300,523641,Junction,Bus,362789,unset,EH151ND,No crossing facility within 50m or physical crossing facility not controlled by authorised person,Pedestrian phase at traffic signal junction,At scene,55.94758254408998,-3.1262702118138694
542211,,Slight,2,1,16/08/2011,Tuesday,16,August,11,13,48,230,C,,Single carriageway - 2 lanes,30,'T' or staggered junction,Give way sign or markings,Unclassified,,Daylight: no street lighting,Raining (without high winds),Dry,None,None,No overtaking,321960,672450,521913,Junction,Cyclist,362790,unset,EH125SA,No crossing facility within 50m or physical crossing facility not controlled by authorised person,No physical crossing facility within 50m,At scene,55.93874249581859,-3.2508869849047968
542411,,Serious,2,1,16/08/2011,Tuesday,16,August,11,15,43,230,Unclassified,,Single carriageway - 2 lanes,30,Not at or within 20 metres of junction,unset,\,,Daylight: street lights present,Fine (without high winds),Dry,None,None,No overtaking,328960,669850,0,Unset,T.V.N.P.,362791,unset,EH177RN,No crossing facility within 50m or physical crossing facility not controlled by authorised person,No physical crossing facility within 50m,At scene,55.916473428500936,-3.1381679479031246
543011,,Slight,2,1,16/08/2011,Tuesday,16,August,11,20,0,230,Unclassified,,Single carriageway - 2 lanes,30,'T' or staggered junction,Give way sign or markings,Unclassified,,Darkness: street lights present and lit,Raining (without high winds),Dry,None,None,No overtaking,328400,674980,523317,Junction,Cyclist,362792,unset,EH76EP,No crossing facility within 50m or physical crossing facility not controlled by authorised person,No physical crossing facility within 50m,Elsewhere,55.962472918266485,-3.1484887203989094
543111,,Slight,2,1,16/08/2011,Tuesday,16,August,11,13,56,230,Unclassified,,Single carriageway - 2 lanes,40,'T' or staggered junction,Give way sign or markings,Unclassified,,Daylight: street lights present,Fine (without high winds),Dry,None,None,No overtaking,312440,672230,12231704,Junction,T.V.N.P.,362793,unset,EH288PJ,No crossing facility within 50m or physical crossing facility not controlled by authorised person,No physical crossing facility within 50m,At scene,55.935125016996444,-3.4031687398913797
543511,,Slight,1,3,16/08/2011,Tuesday,16,August,11,13,5,230,Unclassified,,Single carriageway - 2 lanes,30,Crossroads,Give way sign or markings,Unclassified,,Daylight: street lights present,Raining (without high winds),Dry,None,None,No overtaking,326030,673300,521586,Junction,Pedestrian,362794,unset,EH89BE,No crossing facility within 50m or physical crossing facility not controlled by authorised person,No physical crossing facility within 50m,At scene,55.94702217452129,-3.185981510548103
543611,,Slight,2,1,15/08/2011,Monday,15,August,11,13,0,230,Unclassified,,Single carriageway - 2 lanes,30,Not at or within 20 metres of junction,unset,\,,Daylight: street lights present,Fine (without high winds),Dry,None,None,No overtaking,322830,676470,570093,Segment,T.V.N.P.,362795,unset,EH52LY,No crossing facility within 50m or physical crossing facility not controlled by authorised person,No physical crossing facility within 50m,Elsewhere,55.97499334399605,-3.238115617802508
544111,,Slight,2,1,10/08/2011,Wednesday,10,August,11,16,45,230,C,,Roundabout,30,Roundabout,Give way sign or markings,B,901,Daylight: street lights present,Unknown,Dry,None,None,No overtaking,325760,674670,520203,Junction,Cyclist,362796,unset,EH74BN,No crossing facility within 50m or physical crossing facility not controlled by authorised person,No physical crossing facility within 50m,Elsewhere,55.95928693588437,-3.190681460343034
545211,,Slight,3,2,02/08/2011,Tuesday,2,August,11,12,6,230,Unclassified,,Single carriageway - 2 lanes,30,Crossroads,Automatic Traffic Signal,C,,Daylight: street lights present,Fine (without high winds),Dry,None,None,No overtaking,326200,673570,521139,Junction,M.V.N.P.,362797,unset,EH11TA,Control by other authorised person,Pedestrian phase at traffic signal junction,At scene,55.94947370974005,-3.1833341176309142
545311,,Slight,1,1,18/08/2011,Thursday,18,August,11,11,40,230,A,772,Single carriageway - 2 lanes,30,Other junction,Give way sign or markings,Unclassified,,Daylight: no street lighting,Raining (without high winds),Dry,None,None,No overtaking,329330,668580,530254,Junction,Bus,362798,unset,EH178RN,No crossing facility within 50m or physical crossing facility not controlled by authorised person,No physical crossing facility within 50m,At scene,55.90511950871869,-3.131917008231195
546011,,Slight,2,1,18/08/2011,Thursday,18,August,11,11,25,230,C,,Single carriageway - 2 lanes,30,Crossroads,Automatic Traffic Signal,C,,Daylight: street lights present,Fine (without high winds),Dry,None,None,No overtaking,325090,674130,520548,Junction,T.V.N.P.,362799,unset,EH21LN,Control by other authorised person,Pedestrian phase at traffic signal junction,At scene,55.95433209665137,-3.201259950904266
546411,,Slight,1,1,18/08/2011,Thursday,18,August,11,19,15,230,A,199,Single carriageway - 2 lanes,30,'T' or staggered junction,Automatic Traffic Signal,A,901,Daylight: street lights present,Fine (without high winds),Dry,None,None,No overtaking,326480,676750,531310,Junction,Bus,362800,unset,EH66NF,Control by other authorised person,Pedestrian phase at traffic signal junction,At scene,55.97808207973722,-3.179720512938781
546811,,Slight,2,1,17/08/2011,Wednesday,17,August,11,12,20,230,Unclassified,,Single carriageway - 2 lanes,30,'T' or staggered junction,Give way sign or markings,Unclassified,,Daylight: street lights present,Fine (without high winds),Dry,None,None,No overtaking,324800,671720,523833,Junction,Cyclist,362801,unset,EH104BJ,Control by other authorised person,Central refuge - no other controls,At scene,55.93263825522262,-3.2052304369494795
548111,,Slight,2,1,19/08/2011,Friday,19,August,11,9,20,230,Unclassified,,Single carriageway - 2 lanes,30,'T' or staggered junction,Automatic Traffic Signal,Unclassified,,Daylight: street lights present,Fine (without high winds),Dry,None,None,No overtaking,327270,671720,530389,Junction,Bus,362802,unset,EH165DT,Control by other authorised person,Pedestrian phase at traffic signal junction,Elsewhere,55.93301868119026,-3.165704866924222
548211,,Serious,1,1,19/08/2011,Friday,19,August,11,13,5,230,Unclassified,,Single carriageway - 2 lanes,30,'T' or staggered junction,Automatic Traffic Signal,A,8,Daylight: street lights present,Fine (without high winds),Dry,None,None,No overtaking,320110,672920,521724,Junction,Pedestrian,362803,unset,EH128AT,No crossing facility within 50m or physical crossing facility not controlled by authorised person,No physical crossing facility within 50m,At scene,55.94266005134062,-3.280633997892652
548611,,Serious,2,2,19/08/2011,Friday,19,August,11,12,43,230,Unclassified,,Single carriageway - 2 lanes,30,Not at or within 20 metres of junction,unset,\,,Daylight: street lights present,Fine (without high winds),Dry,None,None,No overtaking,320810,674780,565736,Segment,T.V.N.P.,362804,unset,EH47SU,No crossing facility within 50m or physical crossing facility not controlled by authorised person,No physical crossing facility within 50m,At scene,55.95948355216662,-3.269976894002965
549011,,Slight,1,1,19/08/2011,Friday,19,August,11,17,15,230,C,,Single carriageway - 2 lanes,30,'T' or staggered junction,Give way sign or markings,Unclassified,,Daylight: street lights present,Fine (without high winds),Dry,None,None,No overtaking,327110,675530,519508,Junction,Pedestrian,362805,unset,EH68JW,Control by other authorised person,Central refuge - no other controls,At scene,55.96721920522392,-3.1692965650993448
549511,,Slight,1,1,18/08/2011,Thursday,18,August,11,15,35,230,Unclassified,,Single carriageway - 2 lanes,30,'T' or staggered junction,Give way sign or markings,Unclassified,,Daylight: street lights present,Fine (without high winds),Dry,None,None,No overtaking,327790,668000,0,Unset,Pedestrian,362806,unset,EH178EP,No crossing facility within 50m or physical crossing facility not controlled by authorised person,No physical crossing facility within 50m,At scene,55.899680506687,-3.15638813265964
550911,,Slight,1,1,20/08/2011,Saturday,20,August,11,12,5,230,A,702,Single carriageway - 2 lanes,30,Crossroads,Automatic Traffic Signal,B,701,Daylight: street lights present,Fine (without high winds),Dry,None,None,No overtaking,324770,668280,533137,Junction,Bus,362807,unset,EH106QR,Control by other authorised person,Pedestrian phase at traffic signal junction,Elsewhere,55.90173268170007,-3.204751501281229
551411,,Slight,2,1,17/08/2011,Wednesday,17,August,11,8,40,230,C,,Single carriageway - 2 lanes,30,Crossroads,Give way sign or markings,Unclassified,,Daylight: street lights present,Fine (without high winds),Dry,None,None,No overtaking,321450,671840,522174,Junction,Cyclist,362808,unset,EH113DH,No crossing facility within 50m or physical crossing facility not controlled by authorised person,No physical crossing facility within 50m,Elsewhere,55.93317994902029,-3.258871400423548
551611,,Slight,2,1,20/08/2011,Saturday,20,August,11,18,5,230,Unclassified,,Single carriageway - 2 lanes,30,Not at or within 20 metres of junction,unset,\,,Daylight: street lights present,Fine (without high winds),Dry,None,None,No overtaking,319900,671160,551797,Segment,Cyclist,362809,unset,EH113UP,Control by other authorised person,"Pelican, puffin, toucan or similar non-junction pedestrian light crossing",At scene,55.92681582839735,-3.283472258099257
553111,,Slight,1,1,20/08/2011,Saturday,20,August,11,16,30,230,A,702,Single carriageway - 2 lanes,30,Not at or within 20 metres of junction,unset,\,,Daylight: street lights present,Fine (without high winds),Dry,None,None,No overtaking,324920,672860,549186,Segment,Pedestrian,362810,unset,EH39LZ,No crossing facility within 50m or physical crossing facility not controlled by authorised person,No physical crossing facility within 50m,At scene,55.942897408860986,-3.2036277768142285
555311,,Serious,1,1,30/08/2011,Tuesday,30,August,11,14,45,230,B,6415,Single carriageway - 2 lanes,30,'T' or staggered junction,Give way sign or markings,Unclassified,,Daylight: no street lighting,Fine (without high winds),Dry,None,None,No overtaking,330420,673970,523581,Junction,Pedestrian,362811,unset,EH151AR,Control by other authorised person,Pedestrian phase at traffic signal junction,At scene,55.95369732767113,-3.115877598616659
555511,,Slight,2,1,22/08/2011,Monday,22,August,11,8,55,230,A,902,Single carriageway - 2 lanes,30,Other junction,Give way sign or markings,Unclassified,,Daylight: street lights present,Fine (without high winds),Dry,None,None,No overtaking,322830,675420,519792,Junction,T.V.N.P.,362812,unset,EH42PT,No crossing facility within 50m or physical crossing facility not controlled by authorised person,Central refuge - no other controls,At scene,55.96556158773087,-3.2378143530688015
556311,,Slight,2,1,23/08/2011,Tuesday,23,August,11,9,10,230,Unclassified,,Single carriageway - 2 lanes,30,'T' or staggered junction,Give way sign or markings,Unclassified,,Daylight: street lights present,Fine (without high winds),Dry,None,None,No overtaking,325510,676200,519250,Junction,T.V.N.P.,362813,unset,EH64SS,No crossing facility within 50m or physical crossing facility not controlled by authorised person,"Pelican, puffin, toucan or similar non-junction pedestrian light crossing",At scene,55.972991830209665,-3.1951083929675894
556611,,Slight,3,1,23/08/2011,Tuesday,23,August,11,11,0,230,A,71,Dual carriageway - 2 lanes,40,Not at or within 20 metres of junction,unset,\,,Daylight: no street lighting,Fine (without high winds),Dry,None,None,No overtaking,319290,670620,549701,Segment,M.V.N.P.,362814,unset,EH114JX,No crossing facility within 50m or physical crossing facility not controlled by authorised person,No physical crossing facility within 50m,At scene,55.92186318284896,-3.293070169776083
556911,,Slight,2,1,20/08/2011,Saturday,20,August,11,17,0,230,A,702,Single carriageway - 2 lanes,30,Not at or within 20 metres of junction,unset,\,,Daylight: street lights present,Fine (without high winds),Dry,None,None,No overtaking,324920,672850,549186,Segment,Cyclist,362815,unset,EH39LZ,No crossing facility within 50m or physical crossing facility not controlled by authorised person,No physical crossing facility within 50m,Elsewhere,55.94280758105995,-3.2036249900559786
560111,,Slight,2,1,24/08/2011,Wednesday,24,August,11,15,50,230,A,720,Dual carriageway - 2 lanes,70,Not at or within 20 metres of junction,unset,\,,Daylight: street lights present,Raining (without high winds),Dry,None,None,No overtaking,322790,668050,570552,Segment,T.V.N.P.,362816,unset,EH139QP,No crossing facility within 50m or physical crossing facility not controlled by authorised person,No physical crossing facility within 50m,At scene,55.899352781132556,-3.2363443457430927
560311,,Slight,2,1,24/08/2011,Wednesday,24,August,11,16,44,230,A,90,Dual carriageway - 2 lanes,70,Not at or within 20 metres of junction,unset,\,,Daylight: street lights present,Fine (without high winds),Dry,None,None,No overtaking,313450,677040,555414,Segment,T.V.N.P.,362817,unset,EH309SR,No crossing facility within 50m or physical crossing facility not controlled by authorised person,No physical crossing facility within 50m,At scene,55.978512005827874,-3.3885530510935813
560511,,Serious,1,1,02/09/2011,Friday,2,September,11,20,0,230,A,901,Single carriageway - 2 lanes,30,Other junction,Give way sign or markings,Unclassified,,Darkness: street lights present and lit,Fine (without high winds),Dry,None,None,No overtaking,326850,676020,531349,Junction,Pedestrian,362845,unset,EH65HZ,No crossing facility within 50m or physical crossing facility not controlled by authorised person,"Pelican, puffin, toucan or similar non-junction pedestrian light crossing",At scene,55.97158121149874,-3.1735941300782975
561011,,Serious,1,1,17/08/2011,Wednesday,17,August,11,12,20,230,A,8,Single carriageway - 2 lanes,30,Crossroads,Automatic Traffic Signal,C,,Daylight: street lights present,Fine (without high winds),Dry,None,None,No overtaking,325390,673880,521049,Junction,Pedestrian,362818,unset,EH22DF,No crossing facility within 50m or physical crossing facility not controlled by authorised person,Pedestrian phase at traffic signal junction,At scene,55.9521331385416,-3.1963873551008213
561111,,Slight,2,2,24/08/2011,Wednesday,24,August,11,17,0,230,A,70,Single carriageway - 2 lanes,40,Other junction,Give way sign or markings,Unclassified,,Daylight: street lights present,Fine (without high winds),Dry,None,None,No overtaking,321340,669960,532843,Junction,T.V.N.P.,362819,unset,EH142LU,No crossing facility within 50m or physical crossing facility not controlled by authorised person,No physical crossing facility within 50m,At scene,55.916274628932506,-3.2600833937072586
561211,,Serious,1,1,02/09/2011,Friday,2,September,11,16,10,230,A,8,Single carriageway - 2 lanes,30,Not at or within 20 metres of junction,unset,\,,Daylight: street lights present,Fine (without high winds),Dry,None,None,No overtaking,323920,673220,550607,Segment,Pedestrian,362846,unset,EH125JZ,No crossing facility within 50m or physical crossing facility not controlled by authorised person,Pedestrian phase at traffic signal junction,At scene,55.94597375487165,-3.219735664553972
561411,,Serious,1,1,02/09/2011,Friday,2,September,11,18,1,230,Unclassified,,Single carriageway - 2 lanes,30,Other junction,Give way sign or markings,C,,Daylight: street lights present,Fine (without high winds),Dry,None,None,No overtaking,326050,673580,12220768,Junction,Pedestrian,362847,unset,EH11NB,No crossing facility within 50m or physical crossing facility not controlled by authorised person,No physical crossing facility within 50m,At scene,55.94954044894338,-3.185738231603651
561511,,Serious,2,1,30/08/2011,Tuesday,30,August,11,17,50,230,Unclassified,,Single carriageway - 2 lanes,30,Other junction,Give way sign or markings,Unclassified,,Daylight: street lights present,Fine (without high winds),Dry,None,None,No overtaking,322820,670750,529747,Junction,Cyclist,362820,unset,EH141BY,No crossing facility within 50m or physical crossing facility not controlled by authorised person,"Pelican, puffin, toucan or similar non-junction pedestrian light crossing",At scene,55.92361093343191,-3.2366366022948982
562011,,Slight,1,1,24/08/2011,Wednesday,24,August,11,15,56,230,A,702,Single carriageway - 2 lanes,30,Not at or within 20 metres of junction,unset,\,,Daylight: street lights present,Fine (without high winds),Dry,None,None,No overtaking,324740,673580,548952,Segment,Pedestrian,362821,unset,EH12DA,No crossing facility within 50m or physical crossing facility not controlled by authorised person,Pedestrian phase at traffic signal junction,At scene,55.949336815148946,-3.206710076566109
562111,,Serious,2,1,02/09/2011,Friday,2,September,11,10,55,230,Unclassified,,Single carriageway - 2 lanes,30,Crossroads,Automatic Traffic Signal,A,700,Daylight: street lights present,Fine (without high winds),Dry,None,None,No overtaking,326220,672550,532729,Junction,Pedestrian,362848,unset,EH91ND,No crossing facility within 50m or physical crossing facility not controlled by authorised person,"Pelican, puffin, toucan or similar non-junction pedestrian light crossing",At scene,55.94031428291815,-3.182734563271526
562311,,Slight,2,1,01/09/2011,Thursday,1,September,11,14,0,230,Unclassified,,Single carriageway - 2 lanes,30,'T' or staggered junction,Give way sign or markings,Unclassified,,Daylight: street lights present,Fine (without high winds),Dry,None,None,No overtaking,324490,669060,532981,Junction,Cyclist,362849,unset,EH106PZ,No crossing facility within 50m or physical crossing facility not controlled by authorised person,No physical crossing facility within 50m,Elsewhere,55.90869538664727,-3.2094465995181003
562411,,Serious,1,1,05/09/2011,Monday,5,September,11,10,30,230,Unclassified,,Single carriageway - 2 lanes,30,Not at or within 20 metres of junction,unset,\,,Daylight: street lights present,Fine (without high winds),Dry,None,None,No overtaking,323410,668900,564800,Segment,Pedestrian,362850,unset,EH139ND,No crossing facility within 50m or physical crossing facility not controlled by authorised person,No physical crossing facility within 50m,At scene,55.907087279303596,-3.226672673896771
562711,,Slight,1,1,05/09/2011,Monday,5,September,11,11,45,230,Unclassified,,Single carriageway - 2 lanes,30,Not at or within 20 metres of junction,unset,\,,Daylight: street lights present,Fine (without high winds),Dry,None,None,No overtaking,323080,671950,561730,Segment,Pedestrian,362851,unset,EH111QW,No crossing facility within 50m or physical crossing facility not controlled by authorised person,"Pelican, puffin, toucan or similar non-junction pedestrian light crossing",At scene,55.93443187566914,-3.2328193703072414
563011,,Slight,2,1,17/08/2011,Wednesday,17,August,11,9,30,230,A,720,Single carriageway - 3 lanes,70,Roundabout,Give way sign or markings,A,701,Daylight: street lights present,Fine (without high winds),Dry,None,None,No overtaking,327420,666990,2587878,Junction,T.V.N.P.,362822,unset,EH178SG,No crossing facility within 50m or physical crossing facility not controlled by authorised person,No physical crossing facility within 50m,At scene,55.89055198213765,-3.1620326841475306
563711,,Slight,2,1,10/08/2011,Wednesday,10,August,11,17,10,230,A,7,Single carriageway - 2 lanes,30,Not at or within 20 metres of junction,unset,\,,Daylight: street lights present,Raining (without high winds),Dry,None,None,No overtaking,328710,670330,568099,Segment,T.V.N.P.,362823,unset,EH164SU,No crossing facility within 50m or physical crossing facility not controlled by authorised person,No physical crossing facility within 50m,At scene,55.92074824800214,-3.142293717624144
564511,,Slight,1,1,23/08/2011,Tuesday,23,August,11,22,50,230,Unclassified,,Roundabout,30,Roundabout,Give way sign or markings,Unclassified,,Darkness: street lights present and lit,Fine (without high winds),Dry,None,None,No overtaking,327560,671210,523116,Junction,S.V.N.P.,362824,unset,EH165PB,No crossing facility within 50m or physical crossing facility not controlled by authorised person,No physical crossing facility within 50m,At scene,55.928481217641746,-3.1609271205192013
564811,,Slight,2,1,24/08/2011,Wednesday,24,August,11,23,45,230,Unclassified,,Single carriageway - 2 lanes,30,Not at or within 20 metres of junction,unset,\,,Darkness: street lights present and lit,Fine (without high winds),Dry,None,None,No overtaking,325790,671280,0,Unset,Cyclist,362825,unset,EH92HQ,No crossing facility within 50m or physical crossing facility not controlled by authorised person,No physical crossing facility within 50m,At scene,55.92883980435908,-3.1892672123972226
565711,,Slight,2,1,25/08/2011,Thursday,25,August,11,17,40,230,C,,Single carriageway - 2 lanes,30,Not at or within 20 metres of junction,unset,\,,Daylight: street lights present,Fine (without high winds),Dry,None,None,No overtaking,323550,672460,533380,Junction,T.V.N.P.,362826,unset,EH112JZ,No crossing facility within 50m or physical crossing facility not controlled by authorised person,"Pelican, puffin, toucan or similar non-junction pedestrian light crossing",Elsewhere,55.93908811217956,-3.225442771662101
566411,,Serious,2,1,06/09/2011,Tuesday,6,September,11,17,50,230,A,71,Dual carriageway - 2 lanes,40,Not at or within 20 metres of junction,unset,\,,Daylight: no street lighting,Fine with high winds,Dry,None,None,No overtaking,319920,670800,0,Unset,T.V.N.P.,362852,unset,EH114BQ,No crossing facility within 50m or physical crossing facility not controlled by authorised person,No physical crossing facility within 50m,At scene,55.92358544995341,-3.28304540030717
566911,,Slight,1,1,26/08/2011,Friday,26,August,11,22,5,230,Unclassified,,Single carriageway - 2 lanes,30,Other junction,Automatic Traffic Signal,Unclassified,,Darkness: street lights present and lit,Fine (without high winds),Dry,None,None,No overtaking,325880,676290,519238,Junction,Pedestrian,362827,unset,EH64NN,No crossing facility within 50m or physical crossing facility not controlled by authorised person,No physical crossing facility within 50m,At scene,55.973857615177586,-3.189206244737521
567511,,Slight,1,1,26/08/2011,Friday,26,August,11,16,50,230,B,701,Single carriageway - 2 lanes,30,'T' or staggered junction,Give way sign or markings,Unclassified,,Daylight: street lights present,Fine (without high winds),Dry,None,None,No overtaking,323440,668550,533047,Junction,Pedestrian,362828,unset,EH139NW,No crossing facility within 50m or physical crossing facility not controlled by authorised person,No physical crossing facility within 50m,Elsewhere,55.90394809203663,-3.2260937101259493
568111,,Slight,1,1,27/08/2011,Saturday,27,August,11,19,20,230,Unclassified,,Single carriageway - 2 lanes,30,Not at or within 20 metres of junction,unset,\,,Darkness: street lights present and lit,Raining (without high winds),Dry,None,None,No overtaking,325760,675180,0,Unset,Pedestrian,362829,unset,EH74JZ,No crossing facility within 50m or physical crossing facility not controlled by authorised person,No physical crossing facility within 50m,At scene,55.963868161248215,-3.190822164274949
568311,,Slight,1,1,27/08/2011,Saturday,27,August,11,20,0,230,A,90,Dual carriageway - 2 lanes,30,Not at or within 20 metres of junction,unset,\,,Daylight: street lights present,Raining (without high winds),Dry,None,None,No overtaking,322430,674410,555876,Segment,Pedestrian,362830,unset,EH43HL,No crossing facility within 50m or physical crossing facility not controlled by authorised person,Pedestrian phase at traffic signal junction,At scene,55.95642462586736,-3.2439294042952125
568611,,Slight,1,1,28/08/2011,Sunday,28,August,11,3,45,230,A,900,Dual carriageway - 2 lanes,30,Not at or within 20 metres of junction,unset,\,,Darkness: street lights present and lit,Fine (without high winds),Dry,None,None,No overtaking,326120,674470,558512,Segment,Pedestrian,362831,unset,EH13AF,No crossing facility within 50m or physical crossing facility not controlled by authorised person,No physical crossing facility within 50m,At scene,55.9575459450074,-3.18486182025437
570211,,Slight,2,1,28/08/2011,Sunday,28,August,11,15,4,230,A,199,Single carriageway - 2 lanes,40,Not at or within 20 metres of junction,unset,\,,Daylight: no street lighting,Fine (without high winds),Dry,None,None,No overtaking,329950,674500,522621,Junction,T.V.N.P.,362832,unset,EH151TB,No crossing facility within 50m or physical crossing facility not controlled by authorised person,No physical crossing facility within 50m,At scene,55.958389939207436,-3.1235408050473454
570411,,Slight,2,1,26/08/2011,Friday,26,August,11,17,30,230,A,720,Dual carriageway - 2 lanes,50,Not at or within 20 metres of junction,unset,\,,Daylight: no street lighting,Fine (without high winds),Dry,None,None,No overtaking,317520,672330,0,Unset,T.V.N.P.,362833,unset,EH129DF,No crossing facility within 50m or physical crossing facility not controlled by authorised person,No physical crossing facility within 50m,At scene,55.936922509589785,-3.3219077210892474
570911,,Slight,1,1,29/08/2011,Monday,29,August,11,0,20,230,Unclassified,,Single carriageway - 2 lanes,50,Not at or within 20 metres of junction,unset,\,,Darkness: no street lighting,Raining (without high winds),Dry,None,None,No overtaking,324690,669980,553522,Segment,S.V.N.P.,362834,unset,EH106LF,No crossing facility within 50m or physical crossing facility not controlled by authorised person,No physical crossing facility within 50m,At scene,55.91699095273981,-3.2065048391746123
572111,,Slight,1,1,28/08/2011,Sunday,28,August,11,21,10,230,A,8,Single carriageway - 2 lanes,30,'T' or staggered junction,Give way sign or markings,C,,Daylight: street lights present,Fine (without high winds),Dry,None,None,No overtaking,321480,672990,521754,Junction,Pedestrian,362835,unset,EH125YS,No crossing facility within 50m or physical crossing facility not controlled by authorised person,No physical crossing facility within 50m,At scene,55.94351484635593,-3.258726382859644
572911,,Slight,2,2,30/08/2011,Tuesday,30,August,11,8,40,230,Unclassified,,Single carriageway - 2 lanes,30,'T' or staggered junction,Give way sign or markings,Unclassified,,Daylight: street lights present,Fine (without high winds),Dry,None,Other object in carriageway,No overtaking,325940,677610,0,Unset,T.V.N.P.,362836,unset,unset,No crossing facility within 50m or physical crossing facility not controlled by authorised person,No physical crossing facility within 50m,At scene,55.98572414998332,-3.1886088075530963
573811,,Serious,2,1,29/08/2011,Monday,29,August,11,15,30,230,Unclassified,,Single carriageway - 2 lanes,30,'T' or staggered junction,Give way sign or markings,Unclassified,,Daylight: street lights present,Fine (without high winds),Dry,None,None,No overtaking,326240,673800,521169,Junction,T.V.N.P.,362837,unset,EH88BH,No crossing facility within 50m or physical crossing facility not controlled by authorised person,No physical crossing facility within 50m,Elsewhere,55.95154591147668,-3.1827567531967533
574911,,Serious,1,2,10/09/2011,Saturday,10,September,11,23,45,230,A,700,Single carriageway - 2 lanes,30,Not at or within 20 metres of junction,unset,\,,Darkness: street lights present and lit,Fine (without high winds),Dry,None,None,No overtaking,325330,672610,559577,Segment,Pedestrian,362853,unset,EH39LW,No crossing facility within 50m or physical crossing facility not controlled by authorised person,No physical crossing facility within 50m,At scene,55.94071565546248,-3.1969958957118614
575111,,Slight,2,1,31/08/2011,Wednesday,31,August,11,12,30,230,C,,Single carriageway - 2 lanes,30,Crossroads,Automatic Traffic Signal,Unclassified,,Daylight: street lights present,Fine (without high winds),Dry,None,None,No overtaking,326850,670750,529873,Junction,T.V.N.P.,362838,unset,EH93JF,No crossing facility within 50m or physical crossing facility not controlled by authorised person,Pedestrian phase at traffic signal junction,At scene,55.924241472062455,-3.1721627405307746
577311,,Slight,2,1,22/08/2011,Monday,22,August,11,7,0,230,Unclassified,,Single carriageway - 2 lanes,30,Not at or within 20 metres of junction,unset,\,,Daylight: street lights present,Fine (without high winds),Dry,None,None,No overtaking,327200,671800,568120,Segment,T.V.N.P.,362839,unset,EH165DX,No crossing facility within 50m or physical crossing facility not controlled by authorised person,No physical crossing facility within 50m,At scene,55.93372670752072,-3.166846642979044
577411,,Slight,1,1,01/09/2011,Thursday,1,September,11,11,30,230,Unclassified,,Single carriageway - 2 lanes,30,Crossroads,Give way sign or markings,Unclassified,,Daylight: street lights present,Fine (without high winds),Dry,None,None,No overtaking,325290,672100,0,Unset,Pedestrian,362854,unset,EH91BZ,No crossing facility within 50m or physical crossing facility not controlled by authorised person,No physical crossing facility within 50m,At scene,55.93612820125624,-3.1974947274631744
577911,,Slight,2,2,01/09/2011,Thursday,1,September,11,16,0,230,Motorway,9,Dual carriageway - 2 lanes,70,Not at or within 20 metres of junction,unset,\,,Daylight: no street lighting,Fine (without high winds),Dry,None,None,No overtaking,312420,672990,562738,Segment,T.V.N.P.,362855,unset,EH288SY,No crossing facility within 50m or physical crossing facility not controlled by authorised person,No physical crossing facility within 50m,At scene,55.94194774563885,-3.4037357059167306
578311,,Slight,2,1,29/08/2011,Monday,29,August,11,10,25,230,C,,Single carriageway - 2 lanes,30,Roundabout,Give way sign or markings,B,901,Daylight: street lights present,Fine (without high winds),Dry,None,None,No overtaking,325180,675030,6450444,Junction,Cyclist,362840,unset,EH35EA,No crossing facility within 50m or physical crossing facility not controlled by authorised person,Pedestrian phase at traffic signal junction,At scene,55.962430630483276,-3.200069144593735
578511,,Slight,2,1,02/09/2011,Friday,2,September,11,9,5,230,A,90,Dual carriageway - 2 lanes,40,Not at or within 20 metres of junction,unset,\,,Daylight: street lights present,Fine (without high winds),Dry,None,None,No overtaking,317600,675760,555435,Segment,T.V.N.P.,362856,unset,EH46DT,No crossing facility within 50m or physical crossing facility not controlled by authorised person,No physical crossing facility within 50m,At scene,55.967745736732326,-3.3216770010575254