acc_ref,beat_no,severity,no_vehicle,no_casualt,a_date,a_day,a_date_day,a_date_mon,a_date_yr,a_time_hr,a_time_min,loc_auth,road1_class,road1_no,road_type,speed_limi,junc_det,junc_ctrl,road2_class,road2_no,light_cond,weather,road_surf,spec_cond,cway_hzrds,ovrtk_patrn,easting,northing,net_id,net_type,acc_type,text_id,division,Postcode,ped_xing_hc,ped_xing_p,place_reported,latitude,longitude
579511,,Slight,2,2,02/09/2011,Friday,2,September,11,11,25,230,A,71,Single carriageway - 2 lanes,30,Crossroads,Automatic Traffic Signal,C,,Daylight: no street lighting,Raining (without high winds),Dry,None,None,No overtaking,322290,671870,522219,Junction,T.V.N.P.,362857,unset,EH112RZ,No crossing facility within 50m or physical crossing facility not controlled by authorised person,"Pelican, puffin, toucan or similar non-junction pedestrian light crossing",At scene,55.93358607961745,-3.2454383415457393
579611,,Slight,2,1,02/09/2011,Friday,2,September,11,15,35,230,B,701,Single carriageway - 2 lanes,30,'T' or staggered junction,Give way sign or markings,Unclassified,,Daylight: no street lighting,Fine (without high winds),Dry,None,None,No overtaking,319290,673130,521196,Junction,Bus,362858,unset,EH128SL,Control by other authorised person,Pedestrian phase at traffic signal junction,Elsewhere,55.94440922571479,-3.2938215497544743
579911,,Slight,2,2,03/09/2011,Saturday,3,September,11,2,45,230,C,,Single carriageway - 2 lanes,30,Multiple junction,Automatic Traffic Signal,B,901,Darkness: street lights present and lit,Raining (without high winds),Dry,None,None,No overtaking,325910,674380,520605,Junction,T.V.N.P.,362859,unset,EH13JG,No crossing facility within 50m or physical crossing facility not controlled by authorised person,Pedestrian phase at traffic signal junction,Elsewhere,55.956705109594274,-3.188199659095808
580311,,Slight,2,2,03/09/2011,Saturday,3,September,11,12,49,230,C,,Single carriageway - 2 lanes,30,Crossroads,Automatic Traffic Signal,Unclassified,,Daylight: no street lighting,Fine (without high winds),Dry,None,None,No overtaking,326520,671750,529468,Junction,Cyclist,362860,unset,EH92NJ,No crossing facility within 50m or physical crossing facility not controlled by authorised person,Pedestrian phase at traffic signal junction,At scene,55.93317399393087,-3.177714835974753
581111,,Slight,1,1,03/09/2011,Saturday,3,September,11,20,55,230,Unclassified,,Single carriageway - 2 lanes,20,Not at or within 20 metres of junction,unset,\,,Darkness: street lights present and lit,Fine (without high winds),Dry,None,None,No overtaking,329070,670380,0,Unset,Pedestrian,362861,unset,EH164SY,No crossing facility within 50m or physical crossing facility not controlled by authorised person,Zebra crossing,Elsewhere,55.92125068532845,-3.1365477462530715
581411,,Slight,2,1,04/09/2011,Sunday,4,September,11,3,0,230,Motorway,8,Dual carriageway - 2 lanes,70,Not at or within 20 metres of junction,unset,\,,Darkness: street lights present and lit,Fine (without high winds),Dry,None,None,No overtaking,311600,671160,562603,Segment,T.V.N.P.,356873,unset,EH288LQ,No crossing facility within 50m or physical crossing facility not controlled by authorised person,No physical crossing facility within 50m,At scene,55.9253603775425,-3.4162594935887642
581511,,Slight,2,3,03/09/2011,Saturday,3,September,11,23,30,230,Unclassified,,Single carriageway - 2 lanes,30,'T' or staggered junction,Give way sign or markings,Unclassified,,Darkness: street lights present and lit,Fine (without high winds),Dry,None,None,No overtaking,325310,673300,521484,Junction,T.V.N.P.,362862,unset,EH12HS,No crossing facility within 50m or physical crossing facility not controlled by authorised person,No physical crossing facility within 50m,At scene,55.946910675846006,-3.1975073052012255
581611,,Serious,1,1,04/09/2011,Sunday,4,September,11,3,35,230,Unclassified,,Single carriageway - 2 lanes,30,Not at or within 20 metres of junction,unset,\,,Darkness: street lights present and lit,Fine (without high winds),Dry,None,None,No overtaking,327390,671780,12227950,Segment,S.V.N.P.,362863,unset,EH165EF,No crossing facility within 50m or physical crossing facility not controlled by authorised person,No physical crossing facility within 50m,At scene,55.933575815893015,-3.1638007338016454
581811,,Slight,1,1,03/09/2011,Saturday,3,September,11,16,4,230,Unclassified,,Single carriageway - 2 lanes,30,Not at or within 20 metres of junction,unset,\,,Daylight: street lights present,Fine (without high winds),Dry,None,None,No overtaking,328080,674880,0,Unset,Bus,362864,unset,EH76DJ,No crossing facility within 50m or physical crossing facility not controlled by authorised person,No physical crossing facility within 50m,Elsewhere,55.96152675483216,-3.153586686159754
582811,,Slight,2,1,04/09/2011,Sunday,4,September,11,22,40,230,B,1350,Single carriageway - 2 lanes,30,'T' or staggered junction,Give way sign or markings,Unclassified,,Darkness: street lights present and lit,Raining (without high winds),Dry,None,None,No overtaking,326370,674500,520668,Junction,T.V.N.P.,362865,unset,EH75LB,No crossing facility within 50m or physical crossing facility not controlled by authorised person,No physical crossing facility within 50m,At scene,55.9578538610358,-3.1808669087333503
583311,,Slight,2,1,05/09/2011,Monday,5,September,11,10,31,230,A,8,One way Street,30,Crossroads,Automatic Traffic Signal,Unclassified,,Daylight: street lights present,Fine (without high winds),Dry,None,None,No overtaking,324210,673340,521319,Junction,Cyclist,362866,unset,EH38HP,No crossing facility within 50m or physical crossing facility not controlled by authorised person,Pedestrian phase at traffic signal junction,Elsewhere,55.94709755892555,-3.2151272551263017
583511,,Slight,2,1,03/09/2011,Saturday,3,September,11,1,45,230,Unclassified,,Single carriageway - 2 lanes,30,Not at or within 20 metres of junction,unset,\,,Darkness: street lights present and lit,Raining (without high winds),Dry,None,None,No overtaking,326190,676530,0,Unset,T.V.N.P.,362867,unset,EH64AY,No crossing facility within 50m or physical crossing facility not controlled by authorised person,No physical crossing facility within 50m,At scene,55.97606130541732,-3.1843061825764334
583911,,Slight,1,2,05/09/2011,Monday,5,September,11,10,30,230,C,,Single carriageway - 2 lanes,30,Other junction,Automatic Traffic Signal,B,901,Daylight: street lights present,Fine (without high winds),Dry,None,None,No overtaking,325920,674380,520605,Junction,Bus,362868,unset,EH13JG,No crossing facility within 50m or physical crossing facility not controlled by authorised person,Pedestrian phase at traffic signal junction,At scene,55.95670665365339,-3.188039538214397
584411,,Slight,3,1,02/09/2011,Friday,2,September,11,15,10,230,A,702,Single carriageway - 2 lanes,30,Not at or within 20 metres of junction,unset,\,,Daylight: street lights present,Fine (without high winds),Dry,None,None,No overtaking,324310,670280,549072,Segment,M.V.N.P.,362869,unset,EH106ER,No crossing facility within 50m or physical crossing facility not controlled by authorised person,Pedestrian phase at traffic signal junction,Elsewhere,55.9196260844013,-3.212667308637411
585311,,Slight,2,1,05/09/2011,Monday,5,September,11,17,40,230,Unclassified,,Single carriageway - 2 lanes,30,Other junction,Give way sign or markings,Unclassified,,Daylight: street lights present,Fine (without high winds),Dry,None,None,No overtaking,327540,670150,0,Unset,Cyclist,362870,unset,EH166YN,No crossing facility within 50m or physical crossing facility not controlled by authorised person,No physical crossing facility within 50m,Elsewhere,55.91895627807287,-3.1609623729541334
586111,,Slight,1,1,23/08/2011,Tuesday,23,August,11,16,55,230,A,6106,Single carriageway - 2 lanes,30,'T' or staggered junction,Give way sign or markings,Unclassified,,Daylight: street lights present,Fine (without high winds),Dry,None,None,No overtaking,330470,671950,6443309,Junction,Pedestrian,362841,unset,EH153HT,No crossing facility within 50m or physical crossing facility not controlled by authorised person,No physical crossing facility within 50m,At scene,55.93555879567553,-3.114555597014386
586411,,Slight,1,1,07/09/2011,Wednesday,7,September,11,13,30,230,A,900,Single carriageway - 2 lanes,30,Multiple junction,Automatic Traffic Signal,Unclassified,,Daylight: street lights present,Raining (without high winds),Dry,None,None,No overtaking,326960,675900,522483,Junction,Pedestrian,362871,unset,EH68LN,No crossing facility within 50m or physical crossing facility not controlled by authorised person,Pedestrian phase at traffic signal junction,At scene,55.97052003782506,-3.171799522368729
588111,,Slight,3,1,06/09/2011,Tuesday,6,September,11,15,30,230,Unclassified,,Single carriageway - 2 lanes,20,Not at or within 20 metres of junction,unset,\,,Daylight: street lights present,Fine (without high winds),Dry,None,None,No overtaking,323380,674050,565817,Segment,M.V.N.P.,362872,unset,EH43EG,No crossing facility within 50m or physical crossing facility not controlled by authorised person,No physical crossing facility within 50m,Elsewhere,55.953343495814174,-3.22861581566817
588811,,Slight,2,2,07/09/2011,Wednesday,7,September,11,16,30,230,Motorway,8,Dual carriageway - 2 lanes,70,Not at or within 20 metres of junction,unset,\,,Daylight: street lights present,Fine with high winds,Dry,None,None,No overtaking,317770,670680,6452114,Segment,T.V.N.P.,362873,unset,EH129BU,No crossing facility within 50m or physical crossing facility not controlled by authorised person,No physical crossing facility within 50m,At scene,55.92214441157283,-3.3174038297963873
589211,,Serious,1,1,30/08/2011,Tuesday,30,August,11,12,40,230,C,,Single carriageway - 2 lanes,30,'T' or staggered junction,Give way sign or markings,Unclassified,,Daylight: street lights present,Fine (without high winds),Dry,None,None,No overtaking,327180,675640,519514,Junction,Pedestrian,362842,unset,EH68HT,No crossing facility within 50m or physical crossing facility not controlled by authorised person,"Pelican, puffin, toucan or similar non-junction pedestrian light crossing",Elsewhere,55.968217953124004,-3.1682051870694
589511,,Slight,2,1,17/09/2011,Saturday,17,September,11,17,0,230,Unclassified,,Single carriageway - 2 lanes,30,'T' or staggered junction,Give way sign or markings,Unclassified,,Daylight: street lights present,Fine (without high winds),Dry,None,None,No overtaking,322960,671850,522246,Junction,Cyclist,362874,unset,EH111QR,No crossing facility within 50m or physical crossing facility not controlled by authorised person,No physical crossing facility within 50m,At scene,55.933514371214805,-3.234711107701405
590011,,Slight,1,4,08/09/2011,Thursday,8,September,11,10,50,230,Unclassified,,Single carriageway - 2 lanes,30,Crossroads,Give way sign or markings,Unclassified,,Daylight: street lights present,Fine (without high winds),Dry,None,None,No overtaking,322500,670410,529984,Junction,Bus,362875,unset,EH141HL,No crossing facility within 50m or physical crossing facility not controlled by authorised person,Pedestrian phase at traffic signal junction,Elsewhere,55.92050530780893,-3.2416583334768956
591411,,Slight,2,1,09/09/2011,Friday,9,September,11,11,25,230,A,8,Dual carriageway - 2 lanes,30,Not at or within 20 metres of junction,unset,\,,Daylight: street lights present,Fine (without high winds),Dry,None,None,No overtaking,318100,672730,550658,Segment,T.V.N.P.,362876,unset,EH128LU,No crossing facility within 50m or physical crossing facility not controlled by authorised person,No physical crossing facility within 50m,At scene,55.94061473710811,-3.31274743769897
592011,,Slight,1,1,01/09/2011,Thursday,1,September,11,18,40,230,A,702,Roundabout,30,Roundabout,Give way sign or markings,Unclassified,,Daylight: no street lighting,Fine (without high winds),Dry,None,None,No overtaking,324850,667710,522513,Junction,S.V.N.P.,362877,unset,EH107DUA,No crossing facility within 50m or physical crossing facility not controlled by authorised person,No physical crossing facility within 50m,At scene,55.89662497071316,-3.2033137994193
594111,,Slight,2,1,10/09/2011,Saturday,10,September,11,12,20,230,Unclassified,,Single carriageway - 2 lanes,30,'T' or staggered junction,Give way sign or markings,A,701,Daylight: street lights present,Fine (without high winds),Dry,None,None,No overtaking,327320,668190,530290,Junction,T.V.N.P.,362878,unset,EH166PL,No crossing facility within 50m or physical crossing facility not controlled by authorised person,No physical crossing facility within 50m,At scene,55.90131645553011,-3.163953960571916
595211,,Slight,2,1,10/09/2011,Saturday,10,September,11,17,15,230,A,702,Single carriageway - 2 lanes,30,'T' or staggered junction,Give way sign or markings,Unclassified,,Daylight: street lights present,Fine (without high winds),Dry,None,None,No overtaking,324330,670340,530005,Junction,Cyclist,362879,unset,EH106ER,No crossing facility within 50m or physical crossing facility not controlled by authorised person,"Pelican, puffin, toucan or similar non-junction pedestrian light crossing",At scene,55.92016820162037,-3.212364202729718
595611,,Slight,2,1,10/09/2011,Saturday,10,September,11,17,20,230,B,900,Single carriageway - 2 lanes,30,Crossroads,Give way sign or markings,Unclassified,,Daylight: no street lighting,Fine (without high winds),Dry,None,None,No overtaking,323750,674680,520083,Junction,T.V.N.P.,362880,unset,EH41AJ,No crossing facility within 50m or physical crossing facility not controlled by authorised person,No physical crossing facility within 50m,At scene,55.959061526856395,-3.2228703822655387
596011,,Serious,1,1,09/09/2011,Friday,9,September,11,17,0,230,Unclassified,,Single carriageway - 2 lanes,30,Other junction,Automatic Traffic Signal,Unclassified,,Daylight: street lights present,Fine (without high winds),Dry,None,None,No overtaking,327410,674370,520725,Junction,Bus,362881,unset,EH75TT,No crossing facility within 50m or physical crossing facility not controlled by authorised person,No physical crossing facility within 50m,Elsewhere,55.956844565305666,-3.1641786561494833
596611,,Slight,2,1,11/09/2011,Sunday,11,September,11,14,0,230,Unclassified,,Single carriageway - 2 lanes,30,Other junction,Give way sign or markings,Unclassified,,Daylight: no street lighting,Other,Dry,None,None,No overtaking,323420,672640,12223725,Junction,Cyclist,362882,unset,EH112LT,No crossing facility within 50m or physical crossing facility not controlled by authorised person,No physical crossing facility within 50m,At scene,55.94068428263235,-3.2275745208697977
596811,,Serious,2,1,22/09/2011,Thursday,22,September,11,7,20,230,A,8,Single carriageway - 2 lanes,30,Not at or within 20 metres of junction,unset,\,,Daylight: street lights present,Fine (without high winds),Dry,None,None,No overtaking,325800,673990,550541,Segment,Cyclist,362883,unset,EH22EJ,No crossing facility within 50m or physical crossing facility not controlled by authorised person,No physical crossing facility within 50m,At scene,55.95318481635643,-3.1898534937461243
597711,,Slight,2,1,11/09/2011,Sunday,11,September,11,13,15,230,A,70,Single carriageway - 2 lanes,30,Not at or within 20 metres of junction,unset,\,,Daylight: street lights present,Fine (without high winds),Dry,None,None,No overtaking,322100,670720,561790,Segment,Cyclist,362884,unset,EH141TH,No crossing facility within 50m or physical crossing facility not controlled by authorised person,"Pelican, puffin, toucan or similar non-junction pedestrian light crossing",Elsewhere,55.92322524949472,-3.2481465683337625
598411,,Slight,2,1,07/09/2011,Wednesday,7,September,11,21,45,230,Unclassified,,Single carriageway - 2 lanes,30,Crossroads,Automatic Traffic Signal,Unclassified,,Darkness: street lights present and lit,Fine (without high winds),Dry,None,None,No overtaking,326730,671820,529477,Junction,T.V.N.P.,362885,unset,EH92BT,No crossing facility within 50m or physical crossing facility not controlled by authorised person,Pedestrian phase at traffic signal junction,At scene,55.93383488293439,-3.1743733462717483
598611,,Slight,2,1,10/07/2011,Sunday,10,July,11,1,10,230,C,,Single carriageway - 2 lanes,30,Not at or within 20 metres of junction,unset,\,,Darkness: street lights present and lit,Fine (without high winds),Dry,None,None,No overtaking,325100,674890,566690,Segment,Cyclist,362468,unset,EH35DX,No crossing facility within 50m or physical crossing facility not controlled by authorised person,No physical crossing facility within 50m,At scene,55.961160559952276,-3.2013113266948734
599111,,Serious,1,1,05/09/2011,Monday,5,September,11,18,50,230,Unclassified,,One way Street,20,Not at or within 20 metres of junction,unset,\,,Daylight: street lights present,Fine (without high winds),Dry,None,None,No overtaking,327840,674800,0,Unset,Pedestrian,362886,unset,EH76DF,No crossing facility within 50m or physical crossing facility not controlled by authorised person,No physical crossing facility within 50m,At scene,55.960772079966056,-3.1574086547410474
599211,,Slight,1,1,12/09/2011,Monday,12,September,11,13,0,230,A,71,Single carriageway - 2 lanes,30,Multiple junction,Automatic Traffic Signal,Unclassified,,Daylight: street lights present,Fine (without high winds),Dry,None,None,No overtaking,322310,671880,522213,Junction,Pedestrian,362887,unset,EH112RT,Control by school crossing patrol,Pedestrian phase at traffic signal junction,At scene,55.93367914191964,-3.245121179076727
599311,,Serious,2,1,10/08/2011,Wednesday,10,August,11,16,48,230,A,199,Single carriageway - 2 lanes,30,Not at or within 20 metres of junction,unset,\,,Daylight: street lights present,Fine (without high winds),Dry,None,None,No overtaking,326520,676740,563376,Segment,Bus,362843,unset,EH66NF,No crossing facility within 50m or physical crossing facility not controlled by authorised person,Pedestrian phase at traffic signal junction,Elsewhere,55.97799838410143,-3.179076940608345
600211,,Slight,1,1,13/09/2011,Tuesday,13,September,11,2,50,230,Unclassified,,Single carriageway - 2 lanes,30,Not at or within 20 metres of junction,unset,\,,Darkness: street lights present and lit,Fine with high winds,Dry,None,None,No overtaking,329620,669620,568105,Segment,S.V.N.P.,362888,unset,EH164SR,No crossing facility within 50m or physical crossing facility not controlled by authorised person,No physical crossing facility within 50m,At scene,55.91450445091113,-3.1275507111010983
600311,,Serious,2,1,11/09/2011,Sunday,11,September,11,11,35,230,Unclassified,,Single carriageway - 2 lanes,30,'T' or staggered junction,Give way sign or markings,Unclassified,,Daylight: street lights present,Fine (without high winds),Dry,None,None,No overtaking,318000,675490,0,Unset,Cyclist,362889,unset,EH46DP,No crossing facility within 50m or physical crossing facility not controlled by authorised person,No physical crossing facility within 50m,At scene,55.96538904427889,-3.3151883660174026
600811,,Slight,1,1,12/09/2011,Monday,12,September,11,14,15,230,Unclassified,,Single carriageway - 2 lanes,30,Not at or within 20 metres of junction,unset,\,,Daylight: street lights present,Raining with high winds,Dry,None,None,No overtaking,325660,673910,551250,Segment,Bus,362890,unset,EH22EJ,No crossing facility within 50m or physical crossing facility not controlled by authorised person,Pedestrian phase at traffic signal junction,Elsewhere,55.952444524230884,-3.192072891079219
600911,,Slight,2,1,09/09/2011,Friday,9,September,11,21,0,230,A,7,Single carriageway - 2 lanes,30,Crossroads,Automatic Traffic Signal,C,,Darkness: street lights present but unlit,Fine (without high winds),Dry,None,None,No overtaking,325940,673660,521103,Junction,Cyclist,362891,unset,EH11SB,No crossing facility within 50m or physical crossing facility not controlled by authorised person,Pedestrian phase at traffic signal junction,Elsewhere,55.950242112960915,-3.1875212380698903
601711,,Slight,2,2,12/09/2011,Monday,12,September,11,14,5,230,Unclassified,,One way Street,20,Not at or within 20 metres of junction,unset,\,,Daylight: street lights present,Raining with high winds,Dry,None,None,No overtaking,314900,673620,6454438,Segment,Bus,362892,unset,EH129DN,No crossing facility within 50m or physical crossing facility not controlled by authorised person,No physical crossing facility within 50m,At scene,55.9480524613435,-3.364242634787405
602511,,Slight,2,1,09/09/2011,Friday,9,September,11,12,25,230,B,901,Single carriageway - 2 lanes,30,Not at or within 20 metres of junction,unset,\,,Daylight: street lights present,Raining (without high winds),Dry,None,None,No overtaking,325910,674430,12285580,Segment,T.V.N.P.,362893,unset,EH13RH,No crossing facility within 50m or physical crossing facility not controlled by authorised person,No physical crossing facility within 50m,At scene,55.957154250091676,-3.1882134217197917
602711,,Slight,2,1,12/09/2011,Monday,12,September,11,17,40,230,C,,Single carriageway - 2 lanes,30,'T' or staggered junction,Automatic Traffic Signal,Unclassified,,Daylight: street lights present,Unknown,Dry,None,None,No overtaking,325500,673640,521022,Junction,Cyclist,362894,unset,EH12LU,No crossing facility within 50m or physical crossing facility not controlled by authorised person,"Pelican, puffin, toucan or similar non-junction pedestrian light crossing",Elsewhere,55.94999435639996,-3.1945598364204706
603511,,Slight,1,2,14/09/2011,Wednesday,14,September,11,8,0,230,Unclassified,,Single carriageway - 2 lanes,30,'T' or staggered junction,Give way sign or markings,Unclassified,,Daylight: street lights present,Fine (without high winds),Dry,None,None,No overtaking,318930,675090,0,Unset,Pedestrian,362895,unset,EH46EL,No crossing facility within 50m or physical crossing facility not controlled by authorised person,No physical crossing facility within 50m,At scene,55.9619541426934,-3.3001739289011196
604311,,Slight,1,1,14/09/2011,Wednesday,14,September,11,17,0,230,Unclassified,,Single carriageway - 2 lanes,30,Not at or within 20 metres of junction,unset,\,,Daylight: no street lighting,Fine (without high winds),Dry,None,None,No overtaking,325750,673340,567189,Segment,Pedestrian,362896,unset,EH11HU,No crossing facility within 50m or physical crossing facility not controlled by authorised person,No physical crossing facility within 50m,At scene,55.94733825467527,-3.19047480070242
604611,,Slight,1,1,14/09/2011,Wednesday,14,September,11,17,30,230,Unclassified,,Single carriageway - 2 lanes,30,Not at or within 20 metres of junction,unset,\,,Daylight: no street lighting,Fine (without high winds),Dry,None,None,No overtaking,320860,675460,563995,Segment,Bus,362897,unset,EH45AD,No crossing facility within 50m or physical crossing facility not controlled by authorised person,No physical crossing facility within 50m,Elsewhere,55.96559992144502,-3.2693762361474445
604911,,Serious,1,2,23/07/2011,Saturday,23,July,11,11,45,230,Unclassified,,Single carriageway - 2 lanes,30,Not at or within 20 metres of junction,unset,\,,Daylight: no street lighting,Fine (without high winds),Dry,None,None,No overtaking,325670,673850,551250,Segment,Bus,362469,unset,EH22EJ,No crossing facility within 50m or physical crossing facility not controlled by authorised person,No physical crossing facility within 50m,Elsewhere,55.951907104952724,-3.1918962244362015
605011,,Serious,2,1,14/09/2011,Wednesday,14,September,11,16,42,230,Unclassified,,Single carriageway - 2 lanes,30,Multiple junction,Automatic Traffic Signal,Unclassified,,Daylight: no street lighting,Fine (without high winds),Dry,None,None,No overtaking,323020,671900,522273,Junction,T.V.N.P.,362898,unset,EH111QR,No crossing facility within 50m or physical crossing facility not controlled by authorised person,Pedestrian phase at traffic signal junction,At scene,55.93397312703856,-3.233765250195769
605311,,Slight,2,1,14/09/2011,Wednesday,14,September,11,18,40,230,A,901,Single carriageway - 2 lanes,30,'T' or staggered junction,Give way sign or markings,Unclassified,,Daylight: no street lighting,Fine (without high winds),Dry,None,None,No overtaking,326870,676000,531346,Junction,T.V.N.P.,362899,unset,EH65HX,No crossing facility within 50m or physical crossing facility not controlled by authorised person,Pedestrian phase at traffic signal junction,At scene,55.97140460525034,-3.173268324894465
605611,,Serious,1,1,26/09/2011,Monday,26,September,11,7,40,230,Unclassified,,Single carriageway - 2 lanes,30,'T' or staggered junction,Give way sign or markings,Unclassified,,Daylight: street lights present,Fine (without high winds),Dry,None,None,No overtaking,325520,676200,519250,Junction,Pedestrian,362900,unset,EH64SS,No crossing facility within 50m or physical crossing facility not controlled by authorised person,"Pelican, puffin, toucan or similar non-junction pedestrian light crossing",At scene,55.972993383538,-3.1949482052258755
605711,,Slight,1,1,26/09/2011,Monday,26,September,11,14,40,230,Unclassified,,Single carriageway - 2 lanes,30,Crossroads,Give way sign or markings,Unclassified,,Daylight: street lights present,Fine (without high winds),Dry,None,None,No overtaking,326210,676370,532555,Junction,Pedestrian,362901,unset,EH64PG,No crossing facility within 50m or physical crossing facility not controlled by authorised person,"Pelican, puffin, toucan or similar non-junction pedestrian light crossing",At scene,55.97462713643217,-3.183941866876356
606011,,Serious,1,2,15/09/2011,Thursday,15,September,11,7,35,230,A,701,Single carriageway - 2 lanes,30,Other junction,Automatic Traffic Signal,C,,Daylight: no street lighting,Fine (without high winds),Dry,None,None,No overtaking,327380,669420,530191,Junction,Pedestrian,362902,unset,EH166NL,No crossing facility within 50m or physical crossing facility not controlled by authorised person,Pedestrian phase at traffic signal junction,At scene,55.91237456784949,-3.1633253997901902
607511,,Slight,2,1,19/09/2011,Monday,19,September,11,16,40,230,C,,Single carriageway - 2 lanes,30,Crossroads,Automatic Traffic Signal,A,8,Daylight: street lights present,Fine (without high winds),Dry,None,None,No overtaking,325380,673890,521049,Junction,Cyclist,362903,unset,EH22DF,No crossing facility within 50m or physical crossing facility not controlled by authorised person,"Pelican, puffin, toucan or similar non-junction pedestrian light crossing",Elsewhere,55.952221411617266,-3.1965502279687654
607711,,Slight,1,1,15/09/2011,Thursday,15,September,11,16,10,230,Unclassified,,Single carriageway - 2 lanes,30,Not at or within 20 metres of junction,unset,\,,Daylight: street lights present,Fine (without high winds),Dry,None,None,No overtaking,322830,675730,563961,Segment,Pedestrian,362904,unset,EH52NJ,No crossing facility within 50m or physical crossing facility not controlled by authorised person,No physical crossing facility within 50m,Elsewhere,55.96834620310927,-3.2379032791627664
608211,,Slight,2,1,15/09/2011,Thursday,15,September,11,17,50,230,A,8,Single carriageway - 2 lanes,30,'T' or staggered junction,Give way sign or markings,Unclassified,,Daylight: street lights present,Fine (without high winds),Dry,None,None,No overtaking,320200,672890,521727,Junction,T.V.N.P.,362905,unset,EH126NN,No crossing facility within 50m or physical crossing facility not controlled by authorised person,No physical crossing facility within 50m,At scene,55.942405542958895,-3.2791845961843658
608411,,Slight,1,1,16/09/2011,Friday,16,September,11,16,30,230,C,,Single carriageway - 2 lanes,30,Not at or within 20 metres of junction,unset,\,,Daylight: street lights present,Raining (without high winds),Dry,None,None,No overtaking,326040,673510,2106577,Segment,Pedestrian,362906,unset,EH11LY,No crossing facility within 50m or physical crossing facility not controlled by authorised person,Pedestrian phase at traffic signal junction,At scene,55.94891010998661,-3.185879098508852
609011,,Slight,2,1,24/09/2011,Saturday,24,September,11,8,11,230,A,71,Roundabout,40,Roundabout,Give way sign or markings,C,,Daylight: street lights present,Fine (without high winds),Dry,None,None,No overtaking,320720,671140,529507,Junction,T.V.N.P.,362907,unset,EH113PR,No crossing facility within 50m or physical crossing facility not controlled by authorised person,No physical crossing facility within 50m,At scene,55.92677220119312,-3.2703469892905526
609211,,Slight,1,1,27/09/2011,Tuesday,27,September,11,13,50,230,A,702,Single carriageway - 2 lanes,30,Not at or within 20 metres of junction,unset,\,,Daylight: street lights present,Fine (without high winds),Dry,None,None,No overtaking,324850,672470,548991,Segment,Pedestrian,362908,unset,EH104EX,No crossing facility within 50m or physical crossing facility not controlled by authorised person,No physical crossing facility within 50m,At scene,55.93938317223405,-3.204639444542725
609411,,Slight,1,2,19/09/2011,Monday,19,September,11,10,50,230,A,8,Single carriageway - 2 lanes,30,Not at or within 20 metres of junction,unset,\,,Daylight: street lights present,Fine (without high winds),Dry,None,None,No overtaking,323990,673210,550604,Segment,Pedestrian,362909,unset,EH125DR,No crossing facility within 50m or physical crossing facility not controlled by authorised person,No physical crossing facility within 50m,At scene,55.94589501705634,-3.21861231921485
609511,,Slight,2,1,29/09/2011,Thursday,29,September,11,13,55,230,A,90,Single carriageway - 2 lanes,30,Other junction,Give way sign or markings,Unclassified,,Daylight: street lights present,Fine (without high winds),Dry,None,None,No overtaking,324730,673950,520983,Junction,T.V.N.P.,362910,unset,EH24HQ,No crossing facility within 50m or physical crossing facility not controlled by authorised person,No physical crossing facility within 50m,At scene,55.9526588671574,-3.2069735898456666
609611,,Slight,2,1,30/09/2011,Friday,30,September,11,12,55,230,Unclassified,,Single carriageway - 2 lanes,30,'T' or staggered junction,Give way sign or markings,Unclassified,,Daylight: no street lighting,Fine (without high winds),Dry,None,None,No overtaking,326460,672750,532738,Junction,Cyclist,362911,unset,EH89QY,No crossing facility within 50m or physical crossing facility not controlled by authorised person,No physical crossing facility within 50m,Elsewhere,55.9421476781565,-3.1789478614267606
609811,,Slight,1,1,30/09/2011,Friday,30,September,11,9,50,230,C,,Dual carriageway - 2 lanes,30,Not at or within 20 metres of junction,unset,\,,Daylight: street lights present,Fine (without high winds),Dry,None,None,No overtaking,325180,673990,566570,Segment,Bus,362912,unset,EH22JG,No crossing facility within 50m or physical crossing facility not controlled by authorised person,No physical crossing facility within 50m,At scene,55.95308854926481,-3.1997800509159005
609911,,Serious,2,1,18/09/2011,Sunday,18,September,11,15,0,230,Unclassified,,Single carriageway - 2 lanes,30,Not at or within 20 metres of junction,unset,\,,Daylight: street lights present,Fine (without high winds),Dry,None,None,No overtaking,323520,671380,559397,Segment,Cyclist,362913,unset,EH105BT,No crossing facility within 50m or physical crossing facility not controlled by authorised person,No physical crossing facility within 50m,Elsewhere,55.929381997973536,-3.225616503964514
610011,,Slight,1,1,30/09/2011,Friday,30,September,11,20,55,230,Unclassified,,Single carriageway - 2 lanes,30,Not at or within 20 metres of junction,unset,\,,Darkness: street lights present and lit,Fine (without high winds),Dry,None,None,No overtaking,322260,675630,563950,Segment,Pedestrian,362914,unset,EH44AJ,No crossing facility within 50m or physical crossing facility not controlled by authorised person,No physical crossing facility within 50m,At scene,55.967355895126325,-3.2470038155262673
610111,,Slight,2,1,20/09/2011,Tuesday,20,September,11,12,15,230,Unclassified,,Single carriageway - 2 lanes,30,Crossroads,Give way sign or markings,Unclassified,,Daylight: street lights present,Fine (without high winds),Dry,None,None,No overtaking,323740,674680,520083,Junction,Cyclist,362915,unset,EH41AH,No crossing facility within 50m or physical crossing facility not controlled by authorised person,Central refuge - no other controls,At scene,55.95905993750491,-3.223030510817616