acc_ref,beat_no,severity,no_vehicle,no_casualt,a_date,a_day,a_date_day,a_date_mon,a_date_yr,a_time_hr,a_time_min,loc_auth,road1_class,road1_no,road_type,speed_limi,junc_det,junc_ctrl,road2_class,road2_no,light_cond,weather,road_surf,spec_cond,cway_hzrds,ovrtk_patrn,easting,northing,net_id,net_type,acc_type,text_id,division,Postcode,ped_xing_hc,ped_xing_p,place_reported,latitude,longitude
610311,,Slight,1,1,03/09/2011,Saturday,3,September,11,10,45,230,Unclassified,,Single carriageway - 2 lanes,30,Crossroads,Automatic Traffic Signal,Unclassified,,Daylight: street lights present,Raining (without high winds),Dry,None,None,No overtaking,325900,676280,519238,Junction,Bus,362916,unset,EH64BR,No crossing facility within 50m or physical crossing facility not controlled by authorised person,Pedestrian phase at traffic signal junction,At scene,55.97377087848973,-3.1888831055532396
610411,,Slight,1,2,26/09/2011,Monday,26,September,11,13,20,230,B,900,Single carriageway - 2 lanes,30,'T' or staggered junction,Give way sign or markings,Unclassified,,Daylight: street lights present,Fine (without high winds),Dry,None,None,No overtaking,324270,674690,520113,Junction,Pedestrian,362917,unset,EH41DR,No crossing facility within 50m or physical crossing facility not controlled by authorised person,"Pelican, puffin, toucan or similar non-junction pedestrian light crossing",At scene,55.95923371371053,-3.2145464891457634
610511,,Slight,1,1,09/09/2011,Friday,9,September,11,18,34,230,Unclassified,,One way Street,30,'T' or staggered junction,Automatic Traffic Signal,C,,Daylight: street lights present,Fine (without high winds),Dry,None,None,No overtaking,324770,673040,521439,Junction,Pedestrian,362918,unset,EH39PY,No crossing facility within 50m or physical crossing facility not controlled by authorised person,Pedestrian phase at traffic signal junction,At scene,55.94449082491192,-3.20607898442182
610711,,Slight,2,1,15/09/2011,Thursday,15,September,11,15,0,230,Unclassified,,Single carriageway - 2 lanes,30,'T' or staggered junction,Give way sign or markings,Unclassified,,Daylight: street lights present,Fine (without high winds),Dry,None,None,No overtaking,313770,670690,0,Unset,Cyclist,362919,unset,EH288RT,No crossing facility within 50m or physical crossing facility not controlled by authorised person,No physical crossing facility within 50m,At scene,55.92153309007093,-3.381393807006862
610811,,Slight,2,1,15/09/2011,Thursday,15,September,11,18,30,230,A,71,Single carriageway - 2 lanes,30,'T' or staggered junction,Give way sign or markings,Unclassified,,Daylight: no street lighting,Fine (without high winds),Dry,None,None,No overtaking,323130,672330,522003,Junction,Bus,362920,unset,EH111TZ,No crossing facility within 50m or physical crossing facility not controlled by authorised person,Pedestrian phase at traffic signal junction,Elsewhere,55.937853305760186,-3.2321276096852527
610911,,Slight,2,1,21/09/2011,Wednesday,21,September,11,12,45,230,A,900,Single carriageway - 2 lanes,30,Other junction,Automatic Traffic Signal,A,900,Daylight: street lights present,Fine (without high winds),Dry,None,None,No overtaking,325880,674040,520638,Junction,Cyclist,362921,unset,EH13SJ,No crossing facility within 50m or physical crossing facility not controlled by authorised person,No physical crossing facility within 50m,Elsewhere,55.953646320382425,-3.1885864083865045
611111,,Slight,2,1,21/09/2011,Wednesday,21,September,11,7,45,230,Unclassified,,Single carriageway - 2 lanes,30,Not at or within 20 metres of junction,unset,\,,Daylight: street lights present,Fine (without high winds),Dry,None,None,No overtaking,325890,673780,569724,Segment,Cyclist,362922,unset,EH11QG,No crossing facility within 50m or physical crossing facility not controlled by authorised person,No physical crossing facility within 50m,Elsewhere,55.95131233275983,-3.188354735395106
611411,,Slight,2,1,22/09/2011,Thursday,22,September,11,19,20,230,B,6415,Single carriageway - 2 lanes,30,Crossroads,Automatic Traffic Signal,C,,Darkness: street lights present and lit,Fine (without high winds),Dry,None,None,No overtaking,330510,673880,523602,Junction,Bus,362923,unset,EH151AF,No crossing facility within 50m or physical crossing facility not controlled by authorised person,"Pelican, puffin, toucan or similar non-junction pedestrian light crossing",Elsewhere,55.95290189634317,-3.114413353439043
611611,,Slight,1,1,17/09/2011,Saturday,17,September,11,16,0,230,A,900,Single carriageway - 2 lanes,30,Not at or within 20 metres of junction,unset,\,,Daylight: street lights present,Fine (without high winds),Dry,None,None,No overtaking,326600,675200,558467,Segment,Pedestrian,362924,unset,EH65BR,No crossing facility within 50m or physical crossing facility not controlled by authorised person,Pedestrian phase at traffic signal junction,At scene,55.96417709067051,-3.177374940610764
611711,,Slight,1,1,17/09/2011,Saturday,17,September,11,0,30,230,A,7,Single carriageway - 2 lanes,30,Not at or within 20 metres of junction,unset,\,,Daylight: no street lighting,Fine (without high winds),Dry,None,None,No overtaking,326150,673060,569460,Segment,Pedestrian,362925,unset,EH89EW,No crossing facility within 50m or physical crossing facility not controlled by authorised person,No physical crossing facility within 50m,At scene,55.94488477133602,-3.1839947356477265
611811,,Slight,2,1,18/09/2011,Sunday,18,September,11,1,15,230,A,900,Dual carriageway - 2 lanes,30,Not at or within 20 metres of junction,unset,\,,Darkness: street lights present and lit,Fine (without high winds),Dry,None,None,No overtaking,326410,674920,558503,Segment,T.V.N.P.,362926,unset,EH75HW,No crossing facility within 50m or physical crossing facility not controlled by authorised person,No physical crossing facility within 50m,At scene,55.961632787237164,-3.1803412520867167
611911,,Slight,1,1,26/08/2011,Friday,26,August,11,14,15,230,C,,Single carriageway - 2 lanes,30,Other junction,Automatic Traffic Signal,A,199,Daylight: street lights present,Fine (without high winds),Dry,None,None,No overtaking,328200,675970,523242,Junction,Pedestrian,362844,unset,EH67LA,Control by other authorised person,No physical crossing facility within 50m,Elsewhere,55.971336105990105,-3.151955914281324
612011,,Slight,1,1,23/09/2011,Friday,23,September,11,17,25,230,Unclassified,,Single carriageway - 2 lanes,30,'T' or staggered junction,Give way sign or markings,Unclassified,,Daylight: street lights present,Fine (without high winds),Dry,None,None,No overtaking,324180,669340,0,Unset,Pedestrian,362927,unset,EH106LY,No crossing facility within 50m or physical crossing facility not controlled by authorised person,No physical crossing facility within 50m,Elsewhere,55.91116177133961,-3.2144827993250606
612211,,Serious,1,1,23/09/2011,Friday,23,September,11,23,25,230,Unclassified,,Dual carriageway - 2 lanes,30,Not at or within 20 metres of junction,unset,\,,Darkness: street lights present but unlit,Fine (without high winds),Dry,None,None,No overtaking,326840,672570,4477242,Segment,Pedestrian,362928,unset,EH165BH,No crossing facility within 50m or physical crossing facility not controlled by authorised person,No physical crossing facility within 50m,Elsewhere,55.940588820843466,-3.1728166426316515
612311,,Slight,2,2,17/09/2011,Saturday,17,September,11,14,45,230,B,701,Roundabout,30,Roundabout,Give way sign or markings,A,8,Daylight: street lights present,Fine (without high winds),Dry,None,None,No overtaking,319320,672950,522894,Junction,T.V.N.P.,362929,unset,EH128SQ,No crossing facility within 50m or physical crossing facility not controlled by authorised person,Pedestrian phase at traffic signal junction,Elsewhere,55.94279742317109,-3.293287458914118
612611,,Slight,1,1,17/09/2011,Saturday,17,September,11,12,50,230,B,900,Single carriageway - 2 lanes,30,Multiple junction,Give way sign or markings,B,900,Daylight: street lights present,Fine (without high winds),Dry,None,None,No overtaking,322590,674390,520425,Junction,Pedestrian,362930,unset,EH42EE,No crossing facility within 50m or physical crossing facility not controlled by authorised person,Pedestrian phase at traffic signal junction,At scene,55.95627081146846,-3.241361788567105
612911,,Slight,2,1,18/09/2011,Sunday,18,September,11,11,37,230,A,1,Single carriageway - 2 lanes,30,Not at or within 20 metres of junction,unset,\,,Daylight: street lights present,Fine (without high winds),Dry,None,None,No overtaking,327290,674400,2106013,Segment,T.V.N.P.,362931,unset,EH88HH,No crossing facility within 50m or physical crossing facility not controlled by authorised person,No physical crossing facility within 50m,At scene,55.957095881251746,-3.1661082330247665
613111,,Slight,1,1,30/09/2011,Friday,30,September,11,16,55,230,A,900,Single carriageway - 2 lanes,40,Not at or within 20 metres of junction,unset,\,,Daylight: no street lighting,Fine (without high winds),Dry,None,None,No overtaking,326710,675400,519885,Junction,Bus,362932,unset,EH68NY,No crossing facility within 50m or physical crossing facility not controlled by authorised person,No physical crossing facility within 50m,Elsewhere,55.96599047838147,-3.175667749055879
613311,,Slight,1,1,25/09/2011,Sunday,25,September,11,17,30,230,Unclassified,,Single carriageway - 2 lanes,20,Not at or within 20 metres of junction,unset,\,,Daylight: street lights present,Fine (without high winds),Dry,None,None,No overtaking,321640,675410,0,Unset,Pedestrian,362933,unset,EH42TG,No crossing facility within 50m or physical crossing facility not controlled by authorised person,No physical crossing facility within 50m,Elsewhere,55.965278843798394,-3.2568697101844104
613411,,Slight,2,1,18/09/2011,Sunday,18,September,11,11,28,230,Motorway,8,Roundabout,70,Roundabout,Automatic Traffic Signal,Motorway,8,Daylight: street lights present,Raining (without high winds),Dry,Road works present,None,No overtaking,318050,670930,6453338,Junction,T.V.N.P.,362934,unset,EH129BU,No crossing facility within 50m or physical crossing facility not controlled by authorised person,No physical crossing facility within 50m,\3,55.92443785514208,-3.3130005891334733
613511,,Slight,2,1,26/09/2011,Monday,26,September,11,17,0,230,B,900,Single carriageway - 2 lanes,30,Other junction,Give way sign or markings,Unclassified,,Daylight: street lights present,Fine (without high winds),Dry,None,None,No overtaking,323720,674670,520083,Junction,T.V.N.P.,362935,unset,EH41AH,No crossing facility within 50m or physical crossing facility not controlled by authorised person,"Pelican, puffin, toucan or similar non-junction pedestrian light crossing",At scene,55.95896693126972,-3.2233479337472724
613611,,Slight,1,1,20/09/2011,Tuesday,20,September,11,8,30,230,B,701,Single carriageway - 2 lanes,30,Not at or within 20 metres of junction,unset,\,,Daylight: street lights present,Fine (without high winds),Dry,None,None,No overtaking,319070,674190,551708,Segment,Pedestrian,362936,unset,EH48DB,No crossing facility within 50m or physical crossing facility not controlled by authorised person,No physical crossing facility within 50m,At scene,55.95389358672307,-3.297661449854421
614111,,Slight,2,1,21/09/2011,Wednesday,21,September,11,16,59,230,C,,Roundabout,60,Roundabout,Give way sign or markings,Unclassified,,Daylight: street lights present,Fine with high winds,Dry,None,None,No overtaking,329160,667360,4486297,Junction,T.V.N.P.,362937,unset,EH178RZ,No crossing facility within 50m or physical crossing facility not controlled by authorised person,No physical crossing facility within 50m,At scene,55.894135146600405,-3.134315562477131
615511,,Slight,2,2,24/09/2011,Saturday,24,September,11,11,0,230,Motorway,8,Dual carriageway - 2 lanes,70,Not at or within 20 metres of junction,unset,\,,Daylight: street lights present,Other,Dry,None,None,No overtaking,317780,670710,6452850,Segment,T.V.N.P.,362938,unset,EH129BU,No crossing facility within 50m or physical crossing facility not controlled by authorised person,No physical crossing facility within 50m,At scene,55.922415595331294,-3.3172530014248984
615811,,Slight,1,1,16/09/2011,Friday,16,September,11,0,40,230,C,,Dual carriageway - 2 lanes,30,Not at or within 20 metres of junction,unset,\,,Darkness: street lights present and lit,Fine (without high winds),Dry,None,None,No overtaking,321890,676250,559715,Segment,Pedestrian,362939,unset,EH44NL,No crossing facility within 50m or physical crossing facility not controlled by authorised person,No physical crossing facility within 50m,At scene,55.97286498057973,-3.253109825226179
615911,,Slight,1,1,26/09/2011,Monday,26,September,11,16,50,230,A,702,Dual carriageway - 2 lanes,30,Crossroads,Automatic Traffic Signal,C,,Daylight: street lights present,Fine (without high winds),Dry,None,None,No overtaking,324840,673070,521403,Junction,Pedestrian,362940,unset,EH39BN,No crossing facility within 50m or physical crossing facility not controlled by authorised person,Pedestrian phase at traffic signal junction,At scene,55.944771273184166,-3.204966868131201
616511,,Slight,2,1,18/09/2011,Sunday,18,September,11,11,15,230,Unclassified,,Single carriageway - 2 lanes,30,'T' or staggered junction,Automatic Traffic Signal,C,,Daylight: street lights present,Raining (without high winds),Dry,None,None,No overtaking,324500,671680,523830,Junction,T.V.N.P.,362941,unset,EH104DR,No crossing facility within 50m or physical crossing facility not controlled by authorised person,"Pelican, puffin, toucan or similar non-junction pedestrian light crossing",At scene,55.93223187526024,-3.210019846306031
616911,,Slight,1,1,26/09/2011,Monday,26,September,11,18,30,230,Unclassified,,Single carriageway - 2 lanes,30,'T' or staggered junction,Give way sign or markings,Unclassified,,Daylight: street lights present,Fine (without high winds),Dry,None,None,No overtaking,320270,670110,529954,Junction,Pedestrian,362942,unset,EH142RG,No crossing facility within 50m or physical crossing facility not controlled by authorised person,No physical crossing facility within 50m,At scene,55.917445690365916,-3.2772422514933615
618411,,Serious,2,2,20/09/2011,Tuesday,20,September,11,9,0,230,C,,Single carriageway - 2 lanes,30,Multiple junction,Automatic Traffic Signal,C,,Daylight: street lights present,Fine (without high winds),Dry,None,None,No overtaking,327140,670240,530089,Junction,T.V.N.P.,362943,unset,EH166AJ,No crossing facility within 50m or physical crossing facility not controlled by authorised person,No physical crossing facility within 50m,At scene,55.91970425119069,-3.1673853369783447
620111,,Slight,2,1,16/09/2011,Friday,16,September,11,8,30,230,A,1140,Single carriageway - 2 lanes,30,Not at or within 20 metres of junction,unset,\,,Daylight: street lights present,Fine (without high winds),Dry,None,None,No overtaking,328990,674230,554891,Segment,T.V.N.P.,362944,unset,EH87BN,No crossing facility within 50m or physical crossing facility not controlled by authorised person,No physical crossing facility within 50m,At scene,55.9558234011962,-3.1388421241485363
620511,,Slight,3,1,07/09/2011,Wednesday,7,September,11,11,15,230,A,90,Single carriageway - 2 lanes,30,Not at or within 20 metres of junction,unset,\,,Daylight: street lights present,Fine (without high winds),Dry,None,None,No overtaking,321970,674610,555516,Segment,M.V.N.P.,362945,unset,EH43QW,No crossing facility within 50m or physical crossing facility not controlled by authorised person,No physical crossing facility within 50m,At scene,55.95814656396461,-3.251352715992644
621111,,Serious,2,1,21/09/2011,Wednesday,21,September,11,8,40,230,C,,Single carriageway - 2 lanes,30,Crossroads,Automatic Traffic Signal,Unclassified,,Daylight: street lights present,Fine (without high winds),Dry,None,None,No overtaking,326520,671750,529468,Junction,Cyclist,362946,unset,EH92NJ,No crossing facility within 50m or physical crossing facility not controlled by authorised person,No physical crossing facility within 50m,At scene,55.93317399393087,-3.177714835974753
621211,,Slight,1,1,16/09/2011,Friday,16,September,11,13,40,230,B,901,Single carriageway - 2 lanes,30,Not at or within 20 metres of junction,unset,\,,Daylight: street lights present,Fine (without high winds),Dry,None,None,No overtaking,325910,674420,12285580,Segment,Bus,362947,unset,EH13RH,No crossing facility within 50m or physical crossing facility not controlled by authorised person,No physical crossing facility within 50m,Elsewhere,55.95706442199501,-3.1882106691636682
621911,,Serious,2,1,21/09/2011,Wednesday,21,September,11,8,45,230,B,900,Single carriageway - 2 lanes,30,Not at or within 20 metres of junction,unset,\,,Daylight: street lights present,Fine with high winds,Dry,None,None,No overtaking,324420,674670,554192,Segment,Cyclist,362948,unset,EH41HX,No crossing facility within 50m or physical crossing facility not controlled by authorised person,No physical crossing facility within 50m,At scene,55.959077712303014,-3.212138924475973
622411,,Slight,1,1,27/09/2011,Tuesday,27,September,11,12,25,230,A,7,Single carriageway - 2 lanes,30,Not at or within 20 metres of junction,unset,\,,Daylight: street lights present,Fine (without high winds),Dry,None,None,No overtaking,326040,673290,569288,Segment,Bus,362949,unset,EH89DH,No crossing facility within 50m or physical crossing facility not controlled by authorised person,No physical crossing facility within 50m,At scene,55.946933887202086,-3.1858186835230087
626911,,Slight,2,1,06/10/2011,Thursday,6,October,11,18,45,230,A,900,Dual carriageway - 2 lanes,30,Not at or within 20 metres of junction,unset,\,,Darkness: street lights present and lit,Fine (without high winds),Dry,None,None,No overtaking,325990,674230,12285707,Segment,Cyclist,351365,unset,EH13SJ,No crossing facility within 50m or physical crossing facility not controlled by authorised person,"Pelican, puffin, toucan or similar non-junction pedestrian light crossing",At scene,55.95537003391782,-3.1868774505572293
632711,,Slight,2,1,01/10/2011,Saturday,1,October,11,22,5,230,Unclassified,,Single carriageway - 2 lanes,30,Not at or within 20 metres of junction,unset,\,,Darkness: street lights present and lit,Raining (without high winds),Dry,None,None,No overtaking,315230,672520,6423659,Segment,T.V.N.P.,351366,unset,EH288NQ,No crossing facility within 50m or physical crossing facility not controlled by authorised person,No physical crossing facility within 50m,At scene,55.93823038784359,-3.3586141275423373
632911,,Slight,2,1,02/10/2011,Sunday,2,October,11,10,0,230,Unclassified,,Single carriageway - 2 lanes,60,Using private drive or entrance,Give way sign or markings,Unclassified,,Daylight: street lights present,Raining (without high winds),Dry,None,None,No overtaking,313170,672140,12231517,Segment,T.V.N.P.,351367,unset,EH288LU,No crossing facility within 50m or physical crossing facility not controlled by authorised person,No physical crossing facility within 50m,At scene,55.93444914847687,-3.391458372584653
633111,,Slight,2,2,01/10/2011,Saturday,1,October,11,12,42,230,Motorway,8,Dual carriageway - 2 lanes,70,Not at or within 20 metres of junction,unset,\,,Daylight: street lights present,Fine (without high winds),Dry,None,None,No overtaking,311950,671200,6452164,Segment,T.V.N.P.,351368,unset,EH288LZ,No crossing facility within 50m or physical crossing facility not controlled by authorised person,No physical crossing facility within 50m,Elsewhere,55.92578392429001,-3.410673337874158
633311,,Slight,2,1,30/09/2011,Friday,30,September,11,17,10,230,C,,Single carriageway - 2 lanes,30,Other junction,Give way sign or markings,Unclassified,,Daylight: street lights present,Fine (without high winds),Dry,None,None,No overtaking,326430,673590,521145,Junction,Cyclist,362950,unset,EH88BB,No crossing facility within 50m or physical crossing facility not controlled by authorised person,No physical crossing facility within 50m,Elsewhere,55.94968867910723,-3.1796574772583672
633611,,Slight,2,1,04/10/2011,Tuesday,4,October,11,16,35,230,C,,Single carriageway - 2 lanes,30,Crossroads,Give way sign or markings,Unclassified,,Daylight: street lights present,Raining (without high winds),Dry,None,None,No overtaking,327030,675220,519900,Junction,Cyclist,351369,unset,EH68RT,No crossing facility within 50m or physical crossing facility not controlled by authorised person,Central refuge - no other controls,Elsewhere,55.96442235549646,-3.1704937998010405
633911,,Slight,1,1,07/10/2011,Friday,7,October,11,17,45,230,A,900,Single carriageway - 2 lanes,30,Other junction,Automatic Traffic Signal,C,,Daylight: street lights present,Fine (without high winds),Dry,None,None,No overtaking,326550,675130,519867,Junction,Pedestrian,351370,unset,EH74PE,No crossing facility within 50m or physical crossing facility not controlled by authorised person,Pedestrian phase at traffic signal junction,At scene,55.96354063863999,-3.1781565922684583
634211,,Slight,2,1,05/10/2011,Wednesday,5,October,11,10,23,230,C,,Single carriageway - 2 lanes,30,'T' or staggered junction,Automatic Traffic Signal,A,90,Daylight: no street lighting,Fine (without high winds),Dry,None,None,No overtaking,324770,673870,520992,Junction,Bus,351371,unset,EH24LH,No crossing facility within 50m or physical crossing facility not controlled by authorised person,Pedestrian phase at traffic signal junction,At scene,55.95194651882223,-3.2063108255002533
634411,,Slight,2,1,04/10/2011,Tuesday,4,October,11,17,20,230,A,7,Single carriageway - 2 lanes,30,Other junction,Give way sign or markings,Unclassified,,Daylight: street lights present,Raining (without high winds),Dry,None,None,No overtaking,326070,673220,521583,Junction,Cyclist,351372,unset,EH89DH,No crossing facility within 50m or physical crossing facility not controlled by authorised person,No physical crossing facility within 50m,Elsewhere,55.94630971054061,-3.1853192277942077
634711,,Slight,1,1,04/10/2011,Tuesday,4,October,11,19,0,230,Unclassified,,Single carriageway - 2 lanes,30,'T' or staggered junction,Automatic Traffic Signal,A,7,Darkness: street lights present and lit,Fine (without high winds),Dry,None,None,No overtaking,326670,672470,522093,Junction,Pedestrian,351373,unset,EH165BS,No crossing facility within 50m or physical crossing facility not controlled by authorised person,Pedestrian phase at traffic signal junction,At scene,55.939664597054865,-3.1755103656247887
635211,,Slight,1,1,09/10/2011,Sunday,9,October,11,12,20,230,A,901,Single carriageway - 2 lanes,30,'T' or staggered junction,Give way sign or markings,Unclassified,,Daylight: street lights present,Fine (without high winds),Dry,None,None,No overtaking,325010,676980,519037,Junction,Pedestrian,351374,unset,EH53BY,No crossing facility within 50m or physical crossing facility not controlled by authorised person,No physical crossing facility within 50m,At scene,55.97992042952473,-3.2033353290701876
635511,,Slight,1,1,07/10/2011,Friday,7,October,11,22,10,230,C,,Single carriageway - 2 lanes,20,'T' or staggered junction,Automatic Traffic Signal,Unclassified,,Darkness: street lights present and lit,Fine (without high winds),Dry,None,None,No overtaking,325750,674320,520590,Junction,Pedestrian,351375,unset,EH13DX,No crossing facility within 50m or physical crossing facility not controlled by authorised person,"Pelican, puffin, toucan or similar non-junction pedestrian light crossing",At scene,55.956141408217675,-3.190745040855174
635611,,Slight,2,1,05/10/2011,Wednesday,5,October,11,7,35,230,Unclassified,,Single carriageway - 2 lanes,30,Crossroads,Stop sign,Unclassified,,Daylight: street lights present,Fine (without high winds),Dry,None,None,No overtaking,324540,671110,530413,Junction,Cyclist,351376,unset,EH104RD,No crossing facility within 50m or physical crossing facility not controlled by authorised person,"Pelican, puffin, toucan or similar non-junction pedestrian light crossing",At scene,55.92711797684669,-3.2092202567994255
635911,,Slight,2,2,06/10/2011,Thursday,6,October,11,10,45,230,Unclassified,,Single carriageway - 2 lanes,30,Not at or within 20 metres of junction,unset,\,,Daylight: no street lighting,Raining (without high winds),Dry,None,None,No overtaking,319890,670130,565265,Segment,T.V.N.P.,351377,unset,EH142RT,No crossing facility within 50m or physical crossing facility not controlled by authorised person,No physical crossing facility within 50m,At scene,55.91756214633898,-3.283326415499704
636111,,Slight,2,1,06/10/2011,Thursday,6,October,11,9,1,230,Unclassified,,Single carriageway - 2 lanes,30,'T' or staggered junction,Give way sign or markings,Unclassified,,Daylight: no street lighting,Raining (without high winds),Dry,None,None,No overtaking,325900,674610,0,Unset,Cyclist,351378,unset,EH13RL,No crossing facility within 50m or physical crossing facility not controlled by authorised person,Pedestrian phase at traffic signal junction,At scene,55.95876961120424,-3.188423099799445
636211,,Slight,2,1,05/10/2011,Wednesday,5,October,11,7,45,230,A,70,Single carriageway - 2 lanes,30,'T' or staggered junction,Give way sign or markings,Unclassified,,Daylight: street lights present,Fine (without high winds),Dry,None,None,No overtaking,317700,667500,0,Unset,Cyclist,351379,unset,EH145RR,No crossing facility within 50m or physical crossing facility not controlled by authorised person,No physical crossing facility within 50m,At scene,55.893568279553,-3.317554502549991
636311,,Slight,2,1,06/10/2011,Thursday,6,October,11,15,0,230,Unclassified,,Single carriageway - 2 lanes,30,Crossroads,Give way sign or markings,Unclassified,,Daylight: no street lighting,Fine (without high winds),Dry,None,None,No overtaking,325600,671530,523860,Junction,T.V.N.P.,351380,unset,EH92DY,No crossing facility within 50m or physical crossing facility not controlled by authorised person,Pedestrian phase at traffic signal junction,At scene,55.93105611995273,-3.1923763040519932
636911,,Serious,1,1,07/10/2011,Friday,7,October,11,13,20,230,Unclassified,,Single carriageway - 2 lanes,30,Not at or within 20 metres of junction,unset,\,,Daylight: street lights present,Fine (without high winds),Dry,None,None,No overtaking,328960,673990,558023,Segment,Pedestrian,351381,unset,EH87RX,No crossing facility within 50m or physical crossing facility not controlled by authorised person,No physical crossing facility within 50m,At scene,55.95366304759902,-3.1392591474096485
637111,,Slight,1,1,02/10/2011,Sunday,2,October,11,4,0,230,A,702,Single carriageway - 2 lanes,30,Other junction,Give way sign or markings,Unclassified,,Darkness: street lights present and lit,Raining (without high winds),Dry,None,None,No overtaking,324710,672240,522039,Junction,Pedestrian,351382,unset,EH104ET,No crossing facility within 50m or physical crossing facility not controlled by authorised person,"Pelican, puffin, toucan or similar non-junction pedestrian light crossing",At scene,55.93729520049275,-3.2068158653050634
637511,,Slight,2,1,01/10/2011,Saturday,1,October,11,18,40,230,A,900,Single carriageway - 2 lanes,30,Other junction,Give way sign or markings,Unclassified,,Daylight: street lights present,Raining (without high winds),Dry,None,None,No overtaking,326590,675170,519873,Junction,T.V.N.P.,351383,unset,EH68SD,No crossing facility within 50m or physical crossing facility not controlled by authorised person,"Pelican, puffin, toucan or similar non-junction pedestrian light crossing",At scene,55.96390607531007,-3.177526907354614
637711,,Slight,1,1,30/09/2011,Friday,30,September,11,16,27,230,A,8,Single carriageway - 2 lanes,30,Not at or within 20 metres of junction,unset,\,,Daylight: no street lighting,Fine (without high winds),Dry,None,None,No overtaking,319900,672940,550689,Segment,Pedestrian,362951,unset,EH127SL,No crossing facility within 50m or physical crossing facility not controlled by authorised person,No physical crossing facility within 50m,Elsewhere,55.942804712232025,-3.2840011441563712
638111,,Slight,1,1,26/09/2011,Monday,26,September,11,15,55,230,Unclassified,,Single carriageway - 2 lanes,30,Not at or within 20 metres of junction,unset,\,,Daylight: street lights present,Fine (without high winds),Dry,None,None,No overtaking,328320,668410,562981,Segment,Bus,362952,unset,EH178JA,No crossing facility within 50m or physical crossing facility not controlled by authorised person,No physical crossing facility within 50m,At scene,55.90344285082319,-3.148022868301344
638811,,Slight,2,1,28/09/2011,Wednesday,28,September,11,14,20,230,C,,Single carriageway - 2 lanes,30,Crossroads,Give way sign or markings,Unclassified,,Daylight: street lights present,Fine (without high winds),Dry,None,None,No overtaking,327050,675360,519903,Junction,Bus,362953,unset,EH68LH,No crossing facility within 50m or physical crossing facility not controlled by authorised person,No physical crossing facility within 50m,At scene,55.965682997544526,-3.170211455178343
638911,,Slight,2,1,29/09/2011,Thursday,29,September,11,10,20,230,Unclassified,,Single carriageway - 2 lanes,30,Crossroads,Automatic Traffic Signal,C,,Daylight: street lights present,Fine with high winds,Dry,None,None,No overtaking,326520,671740,529468,Junction,Cyclist,362954,unset,EH92NJ,Control by other authorised person,No physical crossing facility within 50m,At scene,55.93308416514191,-3.1777121101869024
639111,,Slight,1,1,02/10/2011,Sunday,2,October,11,15,0,230,C,,Single carriageway - 2 lanes,30,'T' or staggered junction,Give way sign or markings,Unclassified,,Daylight: street lights present,Fine (without high winds),Dry,None,None,No overtaking,322740,672670,521781,Junction,Bus,351384,unset,EH112RB,No crossing facility within 50m or physical crossing facility not controlled by authorised person,Pedestrian phase at traffic signal junction,At scene,55.940844820866786,-3.2384666518470806
639411,,Slight,2,1,03/10/2011,Monday,3,October,11,8,20,230,Unclassified,,Roundabout,30,Roundabout,Give way sign or markings,C,,Daylight: street lights present,Fine (without high winds),Dry,None,None,No overtaking,326750,673920,521184,Junction,Cyclist,351385,unset,EH88DU,No crossing facility within 50m or physical crossing facility not controlled by authorised person,No physical crossing facility within 50m,At scene,55.95270197135,-3.1746242848356276
639811,,Slight,1,1,10/10/2011,Monday,10,October,11,17,15,230,Unclassified,,Single carriageway - 2 lanes,30,Other junction,Give way sign or markings,Unclassified,,Daylight: street lights present,Fine (without high winds),Dry,None,None,No overtaking,325230,676130,519220,Junction,Pedestrian,351386,unset,EH74HP,No crossing facility within 50m or physical crossing facility not controlled by authorised person,Pedestrian phase at traffic signal junction,Elsewhere,55.972319460044666,-3.1995741797442627
640911,,Slight,1,1,11/10/2011,Tuesday,11,October,11,9,0,230,Unclassified,,Single carriageway - 2 lanes,30,Crossroads,Automatic Traffic Signal,A,199,Daylight: no street lighting,Fine (without high winds),Dry,None,None,No overtaking,327090,676520,519052,Junction,Pedestrian,351387,unset,EH66RA,No crossing facility within 50m or physical crossing facility not controlled by authorised person,Pedestrian phase at traffic signal junction,At scene,55.976109184665724,-3.1698853133300897
641511,,Slight,2,1,08/10/2011,Saturday,8,October,11,12,15,230,A,8,Single carriageway - 2 lanes,30,'T' or staggered junction,Give way sign or markings,Unclassified,,Daylight: street lights present,Other,Dry,None,None,No overtaking,323340,673200,521289,Junction,T.V.N.P.,351388,unset,EH125JQ,No crossing facility within 50m or physical crossing facility not controlled by authorised person,"Pelican, puffin, toucan or similar non-junction pedestrian light crossing",At scene,55.94570182520477,-3.2290142806409725