acc_ref,beat_no,severity,no_vehicle,no_casualt,a_date,a_day,a_date_day,a_date_mon,a_date_yr,a_time_hr,a_time_min,loc_auth,road1_class,road1_no,road_type,speed_limi,junc_det,junc_ctrl,road2_class,road2_no,light_cond,weather,road_surf,spec_cond,cway_hzrds,ovrtk_patrn,easting,northing,net_id,net_type,acc_type,text_id,division,Postcode,ped_xing_hc,ped_xing_p,place_reported,latitude,longitude
641711,,Slight,2,1,04/10/2011,Tuesday,4,October,11,8,24,230,Unclassified,,Single carriageway - 2 lanes,30,Not at or within 20 metres of junction,unset,\,,Daylight: no street lighting,Fine (without high winds),Dry,None,None,No overtaking,322780,670660,554729,Segment,T.V.N.P.,351389,unset,EH141BP,No crossing facility within 50m or physical crossing facility not controlled by authorised person,No physical crossing facility within 50m,Elsewhere,55.92279606320856,-3.2372507658879734
642111,,Slight,2,1,11/10/2011,Tuesday,11,October,11,17,30,230,C,,Single carriageway - 2 lanes,30,Not at or within 20 metres of junction,unset,\,,Daylight: street lights present,Fine (without high winds),Dry,None,None,No overtaking,325570,673560,558197,Segment,T.V.N.P.,351390,unset,EH12PH,No crossing facility within 50m or physical crossing facility not controlled by authorised person,No physical crossing facility within 50m,Elsewhere,55.94928659314842,-3.193417075490471
642211,,Slight,3,1,05/05/2011,Thursday,5,May,11,17,0,230,Unclassified,,Single carriageway - 2 lanes,30,Other junction,Give way sign or markings,Unclassified,,Daylight: street lights present,Raining (without high winds),Dry,None,None,No overtaking,322910,671810,522243,Junction,M.V.N.P.,356875,unset,EH111QU,No crossing facility within 50m or physical crossing facility not controlled by authorised person,No physical crossing facility within 50m,At scene,55.93314704034699,-3.2354997817723827
642411,,Serious,2,2,11/10/2011,Tuesday,11,October,11,17,20,230,A,8,Single carriageway - 2 lanes,30,'T' or staggered junction,Give way sign or markings,Unclassified,,Daylight: no street lighting,Fine (without high winds),Dry,None,None,No overtaking,322060,673140,521244,Junction,Bus,351391,unset,EH126HS,No crossing facility within 50m or physical crossing facility not controlled by authorised person,Pedestrian phase at traffic signal junction,At scene,55.944956751232944,-3.24948614025046
642711,,Slight,3,1,12/10/2011,Wednesday,12,October,11,17,0,230,Unclassified,,Single carriageway - 2 lanes,30,Not at or within 20 metres of junction,unset,\,,Daylight: no street lighting,Fine (without high winds),Dry,None,None,No overtaking,323200,671180,554717,Segment,M.V.N.P.,351392,unset,EH141AW,No crossing facility within 50m or physical crossing facility not controlled by authorised person,No physical crossing facility within 50m,At scene,55.927534396913856,-3.230679729312766
643011,,Slight,2,1,11/10/2011,Tuesday,11,October,11,16,30,230,Unclassified,,Single carriageway - 2 lanes,30,'T' or staggered junction,Give way sign or markings,B,7030,Daylight: street lights present,Fine (without high winds),Dry,None,None,No overtaking,312400,672540,12231700,Junction,T.V.N.P.,351393,unset,EH288PJ,No crossing facility within 50m or physical crossing facility not controlled by authorised person,No physical crossing facility within 50m,At scene,55.93790216653822,-3.40390954411441
647611,,Serious,2,1,13/10/2011,Thursday,13,October,11,13,40,230,Unclassified,,Single carriageway - 2 lanes,30,Using private drive or entrance,Give way sign or markings,Unclassified,,Daylight: no street lighting,Fine (without high winds),Dry,None,None,No overtaking,318720,670590,2586909,Segment,T.V.N.P.,351394,unset,EH129BU,No crossing facility within 50m or physical crossing facility not controlled by authorised person,No physical crossing facility within 50m,At scene,55.92149762734656,-3.3021794441094925
647811,,Slight,2,2,12/10/2011,Wednesday,12,October,11,13,50,230,Unclassified,,Single carriageway - 2 lanes,30,'T' or staggered junction,Give way sign or markings,Unclassified,,Daylight: no street lighting,Fine (without high winds),Dry,None,None,No overtaking,322780,671620,522234,Junction,T.V.N.P.,351395,unset,EH141PB,No crossing facility within 50m or physical crossing facility not controlled by authorised person,No physical crossing facility within 50m,At scene,55.93141944594909,-3.2375256335165017
649711,,Slight,1,1,14/10/2011,Friday,14,October,11,12,45,230,A,8,Single carriageway - 2 lanes,30,'T' or staggered junction,Give way sign or markings,Unclassified,,Daylight: street lights present,Fine (without high winds),Dry,None,None,No overtaking,321740,673090,521241,Junction,Pedestrian,351396,unset,EH126JG,No crossing facility within 50m or physical crossing facility not controlled by authorised person,Central refuge - no other controls,At scene,55.94445556064121,-3.254593807173391
649911,,Slight,3,1,14/10/2011,Friday,14,October,11,1,0,230,Unclassified,,Single carriageway - 2 lanes,30,Not at or within 20 metres of junction,unset,\,,Darkness: street lights present and lit,Fine (without high winds),Dry,None,None,No overtaking,327370,676630,0,Unset,M.V.N.P.,351397,unset,EH67DH,No crossing facility within 50m or physical crossing facility not controlled by authorised person,No physical crossing facility within 50m,At scene,55.97713979704753,-3.1654293684443147
650011,,Slight,1,2,14/10/2011,Friday,14,October,11,13,0,230,B,900,Single carriageway - 2 lanes,30,'T' or staggered junction,Give way sign or markings,Unclassified,,Daylight: street lights present,Fine (without high winds),Dry,None,None,No overtaking,324760,674730,520137,Junction,Pedestrian,351398,unset,EH35AZ,No crossing facility within 50m or physical crossing facility not controlled by authorised person,"Pelican, puffin, toucan or similar non-junction pedestrian light crossing",At scene,55.95967011722805,-3.206711293942172
651711,,Slight,1,1,14/10/2011,Friday,14,October,11,20,5,230,A,700,Single carriageway - 2 lanes,30,Crossroads,Automatic Traffic Signal,Unclassified,,Darkness: street lights present and lit,Fine (without high winds),Dry,None,None,No overtaking,324950,672940,533362,Junction,Pedestrian,351399,unset,EH39JG,No crossing facility within 50m or physical crossing facility not controlled by authorised person,Pedestrian phase at traffic signal junction,At scene,55.943620722273224,-3.2031698734827136
651911,,Slight,1,1,15/10/2011,Saturday,15,October,11,0,45,230,A,90,Single carriageway - 2 lanes,30,Other junction,Automatic Traffic Signal,Unclassified,,Darkness: street lights present and lit,Fine (without high winds),Dry,None,None,No overtaking,324770,673780,521001,Junction,Bus,351400,unset,EH24AX,No crossing facility within 50m or physical crossing facility not controlled by authorised person,"Pelican, puffin, toucan or similar non-junction pedestrian light crossing",At scene,55.951138070554904,-3.206285680813683
654511,,Slight,3,1,07/10/2011,Friday,7,October,11,10,10,230,A,90,Single carriageway - 2 lanes,40,Multiple junction,Automatic Traffic Signal,A,90,Daylight: street lights present,Unknown,Dry,None,None,No overtaking,318580,674950,519945,Junction,M.V.N.P.,356877,unset,EH48DZ,Control by other authorised person,Pedestrian phase at traffic signal junction,Elsewhere,55.96063733844267,-3.3057363161753126
654711,,Serious,2,1,16/10/2011,Sunday,16,October,11,10,55,230,Unclassified,,Single carriageway - 2 lanes,30,'T' or staggered junction,Give way sign or markings,Unclassified,,Daylight: street lights present,Fine (without high winds),Dry,None,None,No overtaking,325900,671120,533449,Junction,T.V.N.P.,351401,unset,EH92PP,No crossing facility within 50m or physical crossing facility not controlled by authorised person,"Pelican, puffin, toucan or similar non-junction pedestrian light crossing",At scene,55.92741953059602,-3.1874631805434217
654811,,Slight,2,1,16/10/2011,Sunday,16,October,11,13,0,230,B,6415,Single carriageway - 2 lanes,30,Other junction,Automatic Traffic Signal,C,,Daylight: street lights present,Fine (without high winds),Dry,None,None,No overtaking,330500,673890,523602,Junction,Cyclist,351402,unset,EH151AF,No crossing facility within 50m or physical crossing facility not controlled by authorised person,Pedestrian phase at traffic signal junction,At scene,55.95299027847827,-3.114576044382991
655211,,Slight,1,1,16/10/2011,Sunday,16,October,11,20,55,230,A,71,Single carriageway - 2 lanes,30,'T' or staggered junction,Give way sign or markings,Unclassified,,Darkness: street lights present and lit,Fine (without high winds),Dry,None,None,No overtaking,323130,672330,522003,Junction,Pedestrian,351403,unset,EH111TZ,No crossing facility within 50m or physical crossing facility not controlled by authorised person,"Pelican, puffin, toucan or similar non-junction pedestrian light crossing",At scene,55.937853305760186,-3.2321276096852527
657411,,Slight,2,1,17/10/2011,Monday,17,October,11,11,20,230,A,901,Single carriageway - 2 lanes,30,'T' or staggered junction,Give way sign or markings,A,901,Daylight: street lights present,Raining (without high winds),Dry,None,None,No overtaking,325790,677010,532669,Junction,T.V.N.P.,351404,unset,EH64HY,No crossing facility within 50m or physical crossing facility not controlled by authorised person,Pedestrian phase at traffic signal junction,At scene,55.980311290645425,-3.1908467248300076
657511,,Serious,1,1,15/10/2011,Saturday,15,October,11,4,0,230,A,90,One way Street,30,Not at or within 20 metres of junction,unset,\,,Darkness: street lighting unknown,Fine (without high winds),Dry,None,None,No overtaking,324620,673850,555636,Segment,S.V.N.P.,351405,unset,EH24DF,No crossing facility within 50m or physical crossing facility not controlled by authorised person,No physical crossing facility within 50m,At scene,55.95174332635543,-3.2087067274108443
657611,,Slight,1,1,17/10/2011,Monday,17,October,11,16,50,230,A,702,Single carriageway - 2 lanes,30,Crossroads,Authorised Person,C,,Daylight: street lights present,Raining (without high winds),Dry,None,Involvement with previous accident,No overtaking,324810,673170,521406,Junction,Pedestrian,351406,unset,EH39BG,No crossing facility within 50m or physical crossing facility not controlled by authorised person,Pedestrian phase at traffic signal junction,At scene,55.94566485212221,-3.205474992541219
657711,,Slight,1,1,17/10/2011,Monday,17,October,11,16,35,230,A,702,Single carriageway - 2 lanes,30,Crossroads,Automatic Traffic Signal,B,700,Daylight: no street lighting,Raining (without high winds),Dry,None,None,No overtaking,324810,673190,521406,Junction,Pedestrian,351407,unset,EH39AN,No crossing facility within 50m or physical crossing facility not controlled by authorised person,Pedestrian phase at traffic signal junction,At scene,55.94584450751689,-3.205480575236287
661111,,Slight,1,1,17/10/2011,Monday,17,October,11,11,40,230,A,702,Single carriageway - 2 lanes,30,Other junction,Give way sign or markings,Unclassified,,Daylight: street lights present,Raining (without high winds),Dry,None,None,No overtaking,324920,672630,533323,Junction,Pedestrian,351408,unset,EH104HS,No crossing facility within 50m or physical crossing facility not controlled by authorised person,No physical crossing facility within 50m,Elsewhere,55.94083136908009,-3.2035636853851166
661211,,Slight,1,1,18/10/2011,Tuesday,18,October,11,17,50,230,Unclassified,,Single carriageway - 2 lanes,30,Not at or within 20 metres of junction,unset,\,,Daylight: street lights present,Fine (without high winds),Dry,None,None,No overtaking,320270,670170,0,Unset,Pedestrian,351409,unset,EH142QH,No crossing facility within 50m or physical crossing facility not controlled by authorised person,No physical crossing facility within 50m,Elsewhere,55.91798464437771,-3.2772599776951505
663411,,Serious,1,1,19/10/2011,Wednesday,19,October,11,0,20,230,Unclassified,,Single carriageway - 2 lanes,30,Other junction,Give way sign or markings,Unclassified,,Darkness: street lights present and lit,Fine (without high winds),Dry,None,None,No overtaking,322650,669630,532849,Junction,S.V.N.P.,351410,unset,EH130PR,No crossing facility within 50m or physical crossing facility not controlled by authorised person,"Pelican, puffin, toucan or similar non-junction pedestrian light crossing",At scene,55.91352297304387,-3.239035242226763
663611,,Slight,2,1,19/10/2011,Wednesday,19,October,11,6,40,230,Unclassified,,Roundabout,30,Roundabout,Automatic Traffic Signal,A,8,Darkness: street lights present and lit,Fine (without high winds),Dry,Road works present,None,No overtaking,317530,672670,9658417,Junction,T.V.N.P.,351411,unset,EH128ND,No crossing facility within 50m or physical crossing facility not controlled by authorised person,No physical crossing facility within 50m,At scene,55.939978235415445,-3.3218517216308765
664811,,Slight,2,1,03/10/2011,Monday,3,October,11,11,45,230,A,89,Roundabout,50,Roundabout,Automatic Traffic Signal,A,8,Daylight: no street lighting,Other,Dry,None,None,No overtaking,312470,672690,517564,Junction,T.V.N.P.,351412,unset,EH288SH,No crossing facility within 50m or physical crossing facility not controlled by authorised person,No physical crossing facility within 50m,Elsewhere,55.93926224063347,-3.4028380444976154
664911,,Fatal,2,1,18/10/2011,Tuesday,18,October,11,19,43,230,A,90,Dual carriageway - 2 lanes,40,Not at or within 20 metres of junction,unset,\,,Daylight: no street lighting,Fine (without high winds),Dry,None,None,No overtaking,316640,676620,555432,Segment,Pedestrian,351413,unset,EH309TQ,No crossing facility within 50m or physical crossing facility not controlled by authorised person,No physical crossing facility within 50m,At scene,55.975304626176616,-3.3373186462092628
668811,,Slight,1,1,19/10/2011,Wednesday,19,October,11,17,45,230,A,8,Single carriageway - 2 lanes,30,Other junction,Give way sign or markings,Unclassified,,Daylight: street lights present,Fine (without high winds),Dry,None,None,No overtaking,323830,673220,521298,Junction,Pedestrian,351414,unset,EH125LA,No crossing facility within 50m or physical crossing facility not controlled by authorised person,No physical crossing facility within 50m,Elsewhere,55.945959482047485,-3.221176336553373
669211,,Slight,1,1,20/10/2011,Thursday,20,October,11,18,30,230,Unclassified,,Single carriageway - 2 lanes,30,Not at or within 20 metres of junction,unset,\,,Darkness: street lights present and lit,Raining (without high winds),Dry,None,None,No overtaking,326480,676440,563724,Segment,Pedestrian,351415,unset,EH64AE,No crossing facility within 50m or physical crossing facility not controlled by authorised person,No physical crossing facility within 50m,At scene,55.97529740907162,-3.1796357339714034
669411,,Slight,3,1,20/10/2011,Thursday,20,October,11,18,0,230,A,71,Single carriageway - 2 lanes,30,Crossroads,Automatic Traffic Signal,Unclassified,,Darkness: street lights present and lit,Raining (without high winds),Dry,None,None,No overtaking,322280,671860,522219,Junction,M.V.N.P.,351416,unset,EH113BQ,No crossing facility within 50m or physical crossing facility not controlled by authorised person,Pedestrian phase at traffic signal junction,At scene,55.93349463489713,-3.2455954807647562
672211,,Slight,2,1,22/10/2011,Saturday,22,October,11,2,43,230,Motorway,8,Dual carriageway - 2 lanes,70,Not at or within 20 metres of junction,unset,\,,Darkness: no street lighting,Fine (without high winds),Dry,None,None,No overtaking,311100,671150,562603,Segment,T.V.N.P.,351417,unset,EH288LQ,No crossing facility within 50m or physical crossing facility not controlled by authorised person,No physical crossing facility within 50m,At scene,55.925178310099646,-3.4242550315788542
674311,,Slight,1,1,22/10/2011,Saturday,22,October,11,19,35,230,Unclassified,,Single carriageway - 2 lanes,30,Not at or within 20 metres of junction,unset,\,,Darkness: street lights present and lit,Fine (without high winds),Dry,None,None,No overtaking,321540,668920,12228752,Segment,S.V.N.P.,351418,unset,EH130DQ,No crossing facility within 50m or physical crossing facility not controlled by authorised person,No physical crossing facility within 50m,At scene,55.90696537005235,-3.2565821410080122
676011,,Slight,1,1,22/10/2011,Saturday,22,October,11,17,48,230,Unclassified,,Single carriageway - 2 lanes,30,Crossroads,Give way sign or markings,Unclassified,,Darkness: street lights present and lit,Fine (without high winds),Dry,None,None,No overtaking,328200,674650,523278,Junction,Bus,351419,unset,EH76EQ,No crossing facility within 50m or physical crossing facility not controlled by authorised person,No physical crossing facility within 50m,At scene,55.95947865918851,-3.151603603526297
678811,,Slight,2,1,24/10/2011,Monday,24,October,11,17,0,230,A,702,Single carriageway - 2 lanes,30,Crossroads,Automatic Traffic Signal,A,8,Darkness: street lights present and lit,Fine (without high winds),Dry,None,None,No overtaking,324710,673670,520923,Junction,Cyclist,351420,unset,EH12AD,No crossing facility within 50m or physical crossing facility not controlled by authorised person,Central refuge - no other controls,At scene,55.95014055822293,-3.2072155064769245
678911,,Slight,2,1,22/10/2011,Saturday,22,October,11,22,0,230,A,901,Single carriageway - 2 lanes,30,Crossroads,Automatic Traffic Signal,A,902,Daylight: no street lighting,Fine (without high winds),Dry,None,None,No overtaking,326510,676450,531376,Junction,T.V.N.P.,351421,unset,EH64AE,No crossing facility within 50m or physical crossing facility not controlled by authorised person,Pedestrian phase at traffic signal junction,Elsewhere,55.97539183636444,-3.1791578728839807
680711,,Slight,1,1,24/10/2011,Monday,24,October,11,14,35,230,Unclassified,,Single carriageway - 2 lanes,30,Not at or within 20 metres of junction,unset,\,,Daylight: street lights present,Fine (without high winds),Dry,None,None,No overtaking,328840,673050,0,Unset,Bus,351422,unset,EH87PF,No crossing facility within 50m or physical crossing facility not controlled by authorised person,No physical crossing facility within 50m,Elsewhere,55.945201273150616,-3.1409320757899044
681311,,Slight,1,1,24/10/2011,Monday,24,October,11,15,25,230,Unclassified,,Single carriageway - 2 lanes,30,Not at or within 20 metres of junction,unset,\,,Daylight: street lights present,Fine (without high winds),Dry,None,None,No overtaking,320190,669410,565046,Segment,Pedestrian,351423,unset,EH143AU,No crossing facility within 50m or physical crossing facility not controlled by authorised person,Zebra crossing,At scene,55.91114461361879,-3.278314912315516
681611,,Slight,2,1,25/10/2011,Tuesday,25,October,11,18,10,230,C,,Single carriageway - 2 lanes,30,Crossroads,Automatic Traffic Signal,Unclassified,,Darkness: street lights present and lit,Fine (without high winds),Dry,None,None,No overtaking,326520,671750,529468,Junction,Cyclist,351424,unset,EH92NJ,No crossing facility within 50m or physical crossing facility not controlled by authorised person,No physical crossing facility within 50m,At scene,55.93317399393087,-3.177714835974753
684111,,Serious,1,1,26/10/2011,Wednesday,26,October,11,7,0,230,B,701,Single carriageway - 2 lanes,30,Not at or within 20 metres of junction,unset,\,,Daylight: street lights present,Fine (without high winds),Dry,None,None,No overtaking,327690,668190,2105897,Segment,Bus,351425,unset,EH178DT,No crossing facility within 50m or physical crossing facility not controlled by authorised person,No physical crossing facility within 50m,At scene,55.9013722459877,-3.1580378708440366
684911,,Slight,2,1,25/10/2011,Tuesday,25,October,11,14,20,230,A,71,Dual carriageway - 2 lanes,40,Not at or within 20 metres of junction,unset,\,,Daylight: street lights present,Fine (without high winds),Dry,None,None,No overtaking,318060,670190,2578705,Segment,Cyclist,351426,unset,EH144AW,No crossing facility within 50m or physical crossing facility not controlled by authorised person,No physical crossing facility within 50m,At scene,55.917792558028275,-3.3126158868402076
685011,,Slight,2,1,25/10/2011,Tuesday,25,October,11,20,30,230,Unclassified,,Roundabout,30,Roundabout,Give way sign or markings,Unclassified,,Darkness: street lights present and lit,Fine (without high winds),Dry,None,None,No overtaking,327910,674590,520323,Junction,T.V.N.P.,351427,unset,EH76AP,No crossing facility within 50m or physical crossing facility not controlled by authorised person,No physical crossing facility within 50m,At scene,55.95889619376705,-3.1562314227907584
685111,,Slight,2,1,26/10/2011,Wednesday,26,October,11,7,50,230,Unclassified,,Single carriageway - 2 lanes,30,Mini-roundabout,Give way sign or markings,Unclassified,,Daylight: street lights present,Fine (without high winds),Dry,None,None,No overtaking,324290,675500,12232951,Junction,T.V.N.P.,351428,unset,EH35PA,No crossing facility within 50m or physical crossing facility not controlled by authorised person,Zebra crossing,At scene,55.96651286950222,-3.214454136898038
685211,,Slight,3,1,26/10/2011,Wednesday,26,October,11,9,25,230,Motorway,8,Dual carriageway - 2 lanes,70,Not at or within 20 metres of junction,unset,\,,Daylight: no street lighting,Fine (without high winds),Dry,None,None,No overtaking,315130,671620,6452039,Segment,M.V.N.P.,351429,unset,EH288NW,No crossing facility within 50m or physical crossing facility not controlled by authorised person,No physical crossing facility within 50m,At scene,55.93012870662054,-3.359931164445189
685311,,Slight,2,1,26/10/2011,Wednesday,26,October,11,8,45,230,A,8,Single carriageway - 2 lanes,40,'T' or staggered junction,Give way sign or markings,Unclassified,,Daylight: street lights present,Fog (or mist if hazard),Dry,Road works present,None,No overtaking,318810,672810,521652,Junction,T.V.N.P.,351430,unset,EH128LJ,No crossing facility within 50m or physical crossing facility not controlled by authorised person,"Pelican, puffin, toucan or similar non-junction pedestrian light crossing",At scene,55.941453909581604,-3.3014081678273954
685511,,Slight,2,1,26/10/2011,Wednesday,26,October,11,17,0,230,C,,Single carriageway - 2 lanes,30,Not at or within 20 metres of junction,unset,\,,Daylight: no street lighting,Fine (without high winds),Dry,None,None,No overtaking,327630,669460,562957,Segment,T.V.N.P.,351431,unset,EH166RZ,No crossing facility within 50m or physical crossing facility not controlled by authorised person,No physical crossing facility within 50m,At scene,55.912771598393334,-3.1593376304937193
685611,,Slight,3,1,26/10/2011,Wednesday,26,October,11,13,50,230,Unclassified,,Single carriageway - 2 lanes,30,'T' or staggered junction,Give way sign or markings,Unclassified,,Daylight: street lights present,Fine (without high winds),Dry,None,None,No overtaking,325670,676240,519244,Junction,M.V.N.P.,351432,unset,EH64SP,No crossing facility within 50m or physical crossing facility not controlled by authorised person,No physical crossing facility within 50m,At scene,55.9733759693656,-3.192556444305725
688111,,Slight,2,1,18/10/2011,Tuesday,18,October,11,11,45,230,A,701,Roundabout,40,Roundabout,Give way sign or markings,Unclassified,,Daylight: street lights present,Fine (without high winds),Dry,None,None,No overtaking,327440,667010,2587854,Junction,T.V.N.P.,351433,unset,EH178SG,No crossing facility within 50m or physical crossing facility not controlled by authorised person,No physical crossing facility within 50m,At scene,55.89073465958685,-3.1617183533329847
688211,,Serious,2,2,27/10/2011,Thursday,27,October,11,13,10,230,Unclassified,,Single carriageway - 2 lanes,30,Crossroads,Give way sign or markings,Unclassified,,Daylight: street lights present,Fine (without high winds),Dry,None,None,No overtaking,331700,673260,0,Unset,T.V.N.P.,351434,unset,EH152JQ,No crossing facility within 50m or physical crossing facility not controlled by authorised person,No physical crossing facility within 50m,At scene,55.94750323608831,-3.095202964923006
691011,,Slight,2,2,28/10/2011,Friday,28,October,11,13,10,230,B,900,Single carriageway - 2 lanes,30,'T' or staggered junction,Give way sign or markings,Unclassified,,Daylight: street lights present,Fine (without high winds),Dry,None,None,No overtaking,324310,674680,520110,Junction,T.V.N.P.,351435,unset,EH41JH,No crossing facility within 50m or physical crossing facility not controlled by authorised person,No physical crossing facility within 50m,At scene,55.95915019857299,-3.2139031576796464
691111,,Slight,2,1,28/10/2011,Friday,28,October,11,12,15,230,C,,Single carriageway - 2 lanes,30,Not at or within 20 metres of junction,unset,\,,Daylight: street lights present,Fine (without high winds),Dry,None,None,No overtaking,321570,671930,565445,Segment,T.V.N.P.,351436,unset,EH113DP,No crossing facility within 50m or physical crossing facility not controlled by authorised person,"Pelican, puffin, toucan or similar non-junction pedestrian light crossing",At scene,55.93400799561016,-3.256977346535572
691211,,Serious,2,1,28/10/2011,Friday,28,October,11,12,50,230,Unclassified,,Single carriageway - 2 lanes,30,'T' or staggered junction,Give way sign or markings,Unclassified,,Daylight: street lights present,Fine (without high winds),Dry,None,None,No overtaking,323430,668870,533056,Junction,Pedestrian,351437,unset,EH139ND,No crossing facility within 50m or physical crossing facility not controlled by authorised person,No physical crossing facility within 50m,At scene,55.90682098261837,-3.2263443390561
691611,,Slight,2,1,28/10/2011,Friday,28,October,11,20,0,230,Unclassified,,Single carriageway - 2 lanes,30,Crossroads,Give way sign or markings,Unclassified,,Darkness: street lights present and lit,Fine (without high winds),Dry,None,None,No overtaking,324110,673630,10258603,Junction,T.V.N.P.,351438,unset,EH37EG,No crossing facility within 50m or physical crossing facility not controlled by authorised person,No physical crossing facility within 50m,At scene,55.949686750086215,-3.216809765894674
691711,,Slight,1,1,28/10/2011,Friday,28,October,11,22,3,230,B,701,Single carriageway - 2 lanes,30,Not at or within 20 metres of junction,unset,\,,Darkness: street lights present but unlit,Fine (without high winds),Dry,None,None,No overtaking,328590,668480,2105927,Segment,Pedestrian,351439,unset,EH178LH,No crossing facility within 50m or physical crossing facility not controlled by authorised person,No physical crossing facility within 50m,At scene,55.90411184545039,-3.143723972948228
692611,,Serious,1,1,28/10/2011,Friday,28,October,11,18,51,230,Unclassified,,Single carriageway - 2 lanes,30,Not at or within 20 metres of junction,unset,\,,Daylight: street lights present,Fine (without high winds),Dry,None,None,No overtaking,323550,668720,564815,Segment,Pedestrian,351440,unset,EH139NE,No crossing facility within 50m or physical crossing facility not controlled by authorised person,No physical crossing facility within 50m,Elsewhere,55.90549266643997,-3.2243829171986773
694011,,Slight,2,1,28/10/2011,Friday,28,October,11,20,15,230,Unclassified,,Single carriageway - 2 lanes,30,'T' or staggered junction,Give way sign or markings,Unclassified,,Daylight: street lights present,Fine (without high winds),Dry,None,None,No overtaking,326650,672540,531406,Junction,Cyclist,351441,unset,EH165BH,No crossing facility within 50m or physical crossing facility not controlled by authorised person,No physical crossing facility within 50m,Elsewhere,55.940290343129895,-3.175849523275655
694111,,Slight,1,1,29/10/2011,Saturday,29,October,11,14,20,230,B,701,Single carriageway - 2 lanes,30,Other junction,Give way sign or markings,Unclassified,,Daylight: street lights present,Fine with high winds,Dry,None,None,No overtaking,319070,674180,520356,Junction,Pedestrian,351442,unset,EH48DB,No crossing facility within 50m or physical crossing facility not controlled by authorised person,"Pelican, puffin, toucan or similar non-junction pedestrian light crossing",At scene,55.95380376230477,-3.2976584442216783
694211,,Serious,2,4,29/10/2011,Saturday,29,October,11,15,55,230,Unclassified,,Single carriageway - 2 lanes,30,Not at or within 20 metres of junction,unset,\,,Daylight: street lights present,Fine (without high winds),Dry,None,None,No overtaking,316020,674320,0,Unset,T.V.N.P.,351443,unset,EH120AP,No crossing facility within 50m or physical crossing facility not controlled by authorised person,No physical crossing facility within 50m,At scene,55.95453728545814,-3.3465324894491366
694511,,Slight,1,1,28/10/2011,Friday,28,October,11,21,5,230,A,7,Single carriageway - 2 lanes,30,Not at or within 20 metres of junction,unset,\,,Darkness: street lights present and lit,Fine (without high winds),Dry,None,None,No overtaking,326120,673130,569282,Segment,Bus,351444,unset,EH89BZ,No crossing facility within 50m or physical crossing facility not controlled by authorised person,No physical crossing facility within 50m,Elsewhere,55.94550895368288,-3.184494151483651
694611,,Slight,2,3,24/10/2011,Monday,24,October,11,12,15,230,A,70,Single carriageway - 2 lanes,40,'T' or staggered junction,Give way sign or markings,Unclassified,,Daylight: street lights present,Fine (without high winds),Dry,None,None,No overtaking,320830,669330,532918,Junction,T.V.N.P.,351445,unset,EH130LX,No crossing facility within 50m or physical crossing facility not controlled by authorised person,No physical crossing facility within 50m,At scene,55.91053184212575,-3.2680560485188623
697311,,Slight,2,1,31/10/2011,Monday,31,October,11,8,55,230,A,71,Single carriageway - 2 lanes,30,'T' or staggered junction,Give way sign or markings,Unclassified,,Daylight: no street lighting,Fine with high winds,Dry,None,None,No overtaking,323270,672400,522339,Junction,Cyclist,351446,unset,EH111TE,No crossing facility within 50m or physical crossing facility not controlled by authorised person,Pedestrian phase at traffic signal junction,At scene,55.93850448665386,-3.2299069703852075
699611,,Slight,1,1,01/11/2011,Tuesday,1,November,11,3,20,230,A,7,Single carriageway - 2 lanes,30,Not at or within 20 metres of junction,unset,\,,Darkness: street lights present and lit,Raining (without high winds),Dry,None,None,No overtaking,325990,673460,569294,Segment,Pedestrian,351453,unset,EH11LL,No crossing facility within 50m or physical crossing facility not controlled by authorised person,No physical crossing facility within 50m,At scene,55.9484532609913,-3.186665801910608
700011,,Slight,2,1,01/11/2011,Tuesday,1,November,11,8,59,230,B,701,Single carriageway - 2 lanes,30,Crossroads,Automatic Traffic Signal,C,,Daylight: street lights present,Fine (without high winds),Dry,None,None,No overtaking,328310,668460,530314,Junction,T.V.N.P.,351454,unset,EH178JD,No crossing facility within 50m or physical crossing facility not controlled by authorised person,Pedestrian phase at traffic signal junction,At scene,55.90389051048691,-3.1481960446784045
700211,,Slight,1,1,01/11/2011,Tuesday,1,November,11,3,35,230,C,,One way Street,30,Crossroads,Automatic Traffic Signal,A,702,Darkness: street lights present and lit,Raining (without high winds),Dry,None,None,No overtaking,324830,673070,521403,Junction,Pedestrian,351455,unset,EH39BN,No crossing facility within 50m or physical crossing facility not controlled by authorised person,Pedestrian phase at traffic signal junction,Elsewhere,55.94476970735203,-3.205126938776231
700311,,Slight,2,1,01/11/2011,Tuesday,1,November,11,6,45,230,A,702,Single carriageway - 2 lanes,30,Multiple junction,Automatic Traffic Signal,A,702,Daylight: no street lighting,Fine (without high winds),Dry,None,None,No overtaking,324910,672970,533371,Junction,T.V.N.P.,351456,unset,EH39BN,No crossing facility within 50m or physical crossing facility not controlled by authorised person,"Pelican, puffin, toucan or similar non-junction pedestrian light crossing",At scene,55.9438839504629,-3.203818499269948