acc_ref,beat_no,severity,no_vehicle,no_casualt,a_date,a_day,a_date_day,a_date_mon,a_date_yr,a_time_hr,a_time_min,loc_auth,road1_class,road1_no,road_type,speed_limi,junc_det,junc_ctrl,road2_class,road2_no,light_cond,weather,road_surf,spec_cond,cway_hzrds,ovrtk_patrn,easting,northing,net_id,net_type,acc_type,text_id,division,Postcode,ped_xing_hc,ped_xing_p,place_reported,latitude,longitude
700711,,Slight,2,1,31/10/2011,Monday,31,October,11,17,45,230,C,,Single carriageway - 2 lanes,30,Crossroads,Automatic Traffic Signal,Unclassified,,Darkness: street lights present and lit,Fine (without high winds),Dry,None,None,No overtaking,324390,672520,522336,Junction,T.V.N.P.,351447,unset,EH39PG,No crossing facility within 50m or physical crossing facility not controlled by authorised person,No physical crossing facility within 50m,At scene,55.93976009077464,-3.212015685573897
701011,,Slight,1,1,31/10/2011,Monday,31,October,11,21,20,230,B,901,Single carriageway - 2 lanes,30,Not at or within 20 metres of junction,unset,\,,Darkness: street lights present and lit,Raining (without high winds),Dry,None,None,No overtaking,325770,674630,566903,Segment,Pedestrian,351448,unset,EH13SA,No crossing facility within 50m or physical crossing facility not controlled by authorised person,"Pelican, puffin, toucan or similar non-junction pedestrian light crossing",At scene,55.958929171245074,-3.1905102965550025
701911,,Slight,1,1,01/11/2011,Tuesday,1,November,11,17,12,230,A,902,Single carriageway - 2 lanes,30,Not at or within 20 metres of junction,unset,\,,Daylight: street lights present,Fine (without high winds),Dry,None,None,No overtaking,322460,674950,563706,Segment,Pedestrian,351457,unset,EH42LZ,No crossing facility within 50m or physical crossing facility not controlled by authorised person,No physical crossing facility within 50m,Elsewhere,55.96128009095534,-3.243604620197034
702211,,Slight,2,1,01/11/2011,Tuesday,1,November,11,18,0,230,A,71,Roundabout,40,Roundabout,Give way sign or markings,Unclassified,,Daylight: street lights present,Fine (without high winds),Dry,None,None,No overtaking,320070,670860,529669,Junction,T.V.N.P.,351458,unset,EH113TA,No crossing facility within 50m or physical crossing facility not controlled by authorised person,No physical crossing facility within 50m,Elsewhere,55.92414938034417,-3.2806634970907207
702511,,Slight,2,1,01/11/2011,Tuesday,1,November,11,16,40,230,C,,Single carriageway - 2 lanes,30,Crossroads,Give way sign or markings,Unclassified,,Daylight: street lights present,Fine (without high winds),Dry,None,None,No overtaking,321900,676210,519115,Junction,Cyclist,351459,unset,EH44TY,No crossing facility within 50m or physical crossing facility not controlled by authorised person,Zebra crossing,Elsewhere,55.97250730645413,-3.2529380248601374
702911,,Slight,3,3,01/11/2011,Tuesday,1,November,11,8,25,230,A,901,Single carriageway - 2 lanes,30,Not at or within 20 metres of junction,unset,\,,Daylight: street lights present,Fine (without high winds),Dry,None,None,No overtaking,324740,677000,558719,Segment,M.V.N.P.,351460,unset,EH53RU,No crossing facility within 50m or physical crossing facility not controlled by authorised person,No physical crossing facility within 50m,Elsewhere,55.98005777319818,-3.207666752238526
703011,,Slight,2,1,30/10/2011,Sunday,30,October,11,13,24,230,Unclassified,,Single carriageway - 2 lanes,30,'T' or staggered junction,Give way sign or markings,A,900,Daylight: street lights present,Fine (without high winds),Dry,None,None,No overtaking,326670,675310,519876,Junction,Cyclist,351449,unset,EH68PF,No crossing facility within 50m or physical crossing facility not controlled by authorised person,No physical crossing facility within 50m,At scene,55.965175909302594,-3.1762838562091202
703711,,Slight,2,1,02/11/2011,Wednesday,2,November,11,9,15,230,C,,Single carriageway - 2 lanes,30,'T' or staggered junction,Give way sign or markings,Unclassified,,Daylight: street lights present,Fine (without high winds),Dry,None,None,No overtaking,328000,668800,530251,Junction,T.V.N.P.,351461,unset,EH166UD,No crossing facility within 50m or physical crossing facility not controlled by authorised person,Pedestrian phase at traffic signal junction,At scene,55.906898400468805,-3.1532437620712175
704911,,Slight,2,1,02/11/2011,Wednesday,2,November,11,9,5,230,A,702,Single carriageway - 2 lanes,30,Not at or within 20 metres of junction,unset,\,,Daylight: street lights present,Fine (without high winds),Dry,None,None,No overtaking,324760,673390,548997,Segment,Bus,351462,unset,EH38BR,No crossing facility within 50m or physical crossing facility not controlled by authorised person,"Pelican, puffin, toucan or similar non-junction pedestrian light crossing",Elsewhere,55.9476332259531,-3.206336817768628
705011,,Slight,2,2,02/11/2011,Wednesday,2,November,11,16,35,230,Unclassified,,Single carriageway - 2 lanes,60,Not at or within 20 metres of junction,unset,\,,Darkness: no street lighting,Fine (without high winds),Dry,None,None,No overtaking,312330,672510,12231275,Segment,T.V.N.P.,351463,unset,EH288PJ,No crossing facility within 50m or physical crossing facility not controlled by authorised person,No physical crossing facility within 50m,At scene,55.93761993151973,-3.4050199945608894
706411,,Slight,3,1,03/11/2011,Thursday,3,November,11,9,30,230,A,902,Single carriageway - 2 lanes,30,Not at or within 20 metres of junction,unset,\,,Daylight: street lights present,Fine (without high winds),Dry,None,None,No overtaking,322820,675390,563664,Segment,M.V.N.P.,351464,unset,EH42PT,No crossing facility within 50m or physical crossing facility not controlled by authorised person,"Pelican, puffin, toucan or similar non-junction pedestrian light crossing",At scene,55.96529049988008,-3.2379659015319597
707711,,Slight,2,1,03/11/2011,Thursday,3,November,11,18,10,230,A,8,Single carriageway - 2 lanes,30,Not at or within 20 metres of junction,unset,\,,Darkness: street lights present and lit,Fine (without high winds),Dry,None,None,No overtaking,319890,672950,550689,Segment,Cyclist,351465,unset,EH127SL,No crossing facility within 50m or physical crossing facility not controlled by authorised person,No physical crossing facility within 50m,Elsewhere,55.94289286883725,-3.2841641750425725
707811,,Slight,2,1,03/11/2011,Thursday,3,November,11,14,15,230,Unclassified,,Single carriageway - 2 lanes,30,Crossroads,Give way sign or markings,Unclassified,,Daylight: street lights present,Fine (without high winds),Dry,None,None,No overtaking,324640,676310,10310035,Junction,T.V.N.P.,351466,unset,EH53PQ,No crossing facility within 50m or physical crossing facility not controlled by authorised person,No physical crossing facility within 50m,At scene,55.97384399290585,-3.209075493878604
707911,,Slight,2,1,03/11/2011,Thursday,3,November,11,18,35,230,Unclassified,,Single carriageway - 2 lanes,30,'T' or staggered junction,Give way sign or markings,Unclassified,,Darkness: street lights present but unlit,Fine (without high winds),Dry,None,None,No overtaking,313700,677500,0,Unset,Cyclist,351467,unset,EH309PW,No crossing facility within 50m or physical crossing facility not controlled by authorised person,No physical crossing facility within 50m,At scene,55.98268882130765,-3.3846957562451285
708111,,Slight,1,1,03/11/2011,Thursday,3,November,11,17,30,230,A,7,Single carriageway - 2 lanes,30,Not at or within 20 metres of junction,unset,\,,Darkness: street lights present and lit,Fine (without high winds),Dry,None,None,No overtaking,325980,673470,569294,Segment,Pedestrian,351468,unset,EH11HR,No crossing facility within 50m or physical crossing facility not controlled by authorised person,No physical crossing facility within 50m,Elsewhere,55.94854154713305,-3.1868286372724866
708711,,Slight,3,1,03/11/2011,Thursday,3,November,11,16,45,230,A,199,Single carriageway - 2 lanes,30,'T' or staggered junction,Automatic Traffic Signal,A,900,Daylight: street lights present,Fine (without high winds),Dry,None,None,No overtaking,327300,676440,519265,Junction,M.V.N.P.,351469,unset,EH67BG,No crossing facility within 50m or physical crossing facility not controlled by authorised person,No physical crossing facility within 50m,Elsewhere,55.97542244557682,-3.1664994328138443
709611,,Slight,2,1,04/11/2011,Friday,4,November,11,8,50,230,A,90,Single carriageway - 2 lanes,40,Not at or within 20 metres of junction,unset,\,,Daylight: street lights present,Fine (without high winds),Dry,None,None,No overtaking,321710,674810,555525,Segment,T.V.N.P.,351470,unset,EH42AG,No crossing facility within 50m or physical crossing facility not controlled by authorised person,No physical crossing facility within 50m,Elsewhere,55.95990072793267,-3.2555740837344804
710311,,Slight,1,1,04/11/2011,Friday,4,November,11,17,10,230,A,7,Single carriageway - 2 lanes,30,Crossroads,Authorised Person,C,,Darkness: street lights present and lit,Fine (without high winds),Dry,None,None,No overtaking,325940,673640,521103,Junction,Pedestrian,351471,unset,EH11RU,Control by other authorised person,"Pelican, puffin, toucan or similar non-junction pedestrian light crossing",At scene,55.95006245651817,-3.1875157376076606
710411,,Slight,2,1,03/11/2011,Thursday,3,November,11,17,20,230,Unclassified,,Single carriageway - 2 lanes,30,Crossroads,Give way sign or markings,Unclassified,,Darkness: street lights present and lit,Fine (without high winds),Dry,None,None,No overtaking,325580,674400,12222985,Junction,T.V.N.P.,351472,unset,EH13PP,No crossing facility within 50m or physical crossing facility not controlled by authorised person,No physical crossing facility within 50m,At scene,55.95683369482318,-3.1934891688467166
710511,,Slight,3,1,04/11/2011,Friday,4,November,11,14,0,230,A,90,Single carriageway - 2 lanes,40,'T' or staggered junction,Give way sign or markings,Unclassified,,Daylight: street lights present,Raining (without high winds),Dry,None,None,No overtaking,318130,675070,519690,Junction,M.V.N.P.,351473,unset,EH48DZ,No crossing facility within 50m or physical crossing facility not controlled by authorised person,No physical crossing facility within 50m,At scene,55.96163865115304,-3.3129786491107134
712711,,Slight,1,1,05/11/2011,Saturday,5,November,11,21,0,230,C,,Single carriageway - 2 lanes,30,Not at or within 20 metres of junction,unset,\,,Darkness: street lights present and lit,Fine (without high winds),Dry,None,None,No overtaking,325450,674240,566762,Segment,Pedestrian,351474,unset,EH21JE,No crossing facility within 50m or physical crossing facility not controlled by authorised person,Pedestrian phase at traffic signal junction,At scene,55.955376267813826,-3.1955264307368343
712811,,Slight,1,1,05/11/2011,Saturday,5,November,11,18,30,230,C,,One way Street,30,'T' or staggered junction,Give way sign or markings,Unclassified,,Darkness: street lights present and lit,Fine (without high winds),Dry,None,None,No overtaking,325680,674050,520581,Junction,Pedestrian,351475,unset,EH22AU,No crossing facility within 50m or physical crossing facility not controlled by authorised person,Pedestrian phase at traffic signal junction,At scene,55.953705214608775,-3.191791330263014
713011,,Slight,1,1,05/11/2011,Saturday,5,November,11,19,35,230,A,8,Single carriageway - 2 lanes,30,'T' or staggered junction,Automatic Traffic Signal,Unclassified,,Darkness: street lights present and lit,Fine (without high winds),Dry,Road suface defective,None,No overtaking,324120,673270,521349,Junction,Bus,351476,unset,EH125ED,No crossing facility within 50m or physical crossing facility not controlled by authorised person,No physical crossing facility within 50m,Elsewhere,55.94645454858521,-3.216548251596515
713111,,Slight,1,1,06/11/2011,Sunday,6,November,11,2,0,230,C,,Single carriageway - 2 lanes,30,Not at or within 20 metres of junction,unset,\,,Darkness: street lights present and lit,Fine (without high winds),Dry,None,None,No overtaking,325440,674060,566552,Segment,Pedestrian,351477,unset,EH22PF,No crossing facility within 50m or physical crossing facility not controlled by authorised person,No physical crossing facility within 50m,At scene,55.95375781201855,-3.195636693925284
713611,,Slight,2,1,06/11/2011,Sunday,6,November,11,9,30,230,C,,Roundabout,30,Roundabout,Give way sign or markings,Unclassified,,Daylight: no street lighting,Fine (without high winds),Dry,None,None,No overtaking,321000,670990,530917,Junction,T.V.N.P.,351478,unset,EH142AS,No crossing facility within 50m or physical crossing facility not controlled by authorised person,No physical crossing facility within 50m,At scene,55.925470939172875,-3.2658232586916904
714411,,Serious,1,1,31/10/2011,Monday,31,October,11,11,20,230,C,,Single carriageway - 2 lanes,30,Not at or within 20 metres of junction,unset,\,,Daylight: street lights present,Fine (without high winds),Dry,None,None,No overtaking,325290,674030,566549,Segment,Bus,351450,unset,EH22HN,No crossing facility within 50m or physical crossing facility not controlled by authorised person,Pedestrian phase at traffic signal junction,At scene,55.953464998570716,-3.19802999148844
714611,,Slight,1,1,06/11/2011,Sunday,6,November,11,19,40,230,Unclassified,,Single carriageway - 2 lanes,30,Not at or within 20 metres of junction,unset,\,,Daylight: no street lighting,Fine (without high winds),Dry,None,None,No overtaking,328880,674140,558023,Segment,Pedestrian,351479,unset,EH87BJ,No crossing facility within 50m or physical crossing facility not controlled by authorised person,No physical crossing facility within 50m,At scene,55.95499864155691,-3.140579664666398
714711,,Slight,2,1,01/11/2011,Tuesday,1,November,11,13,15,230,Unclassified,,Single carriageway - 2 lanes,20,Not at or within 20 metres of junction,unset,\,,Daylight: no street lighting,Fine (without high winds),Dry,None,None,No overtaking,330110,672570,12240142,Segment,T.V.N.P.,351480,unset,EH153LW,No crossing facility within 50m or physical crossing facility not controlled by authorised person,No physical crossing facility within 50m,At scene,55.941076020249525,-3.1204777558838197
714811,,Slight,2,1,06/11/2011,Sunday,6,November,11,16,45,230,Unclassified,,Single carriageway - 2 lanes,30,Not at or within 20 metres of junction,unset,\,,Darkness: street lights present and lit,Fine (without high winds),Dry,None,None,No overtaking,322520,672400,559248,Segment,Cyclist,351481,unset,EH112QH,No crossing facility within 50m or physical crossing facility not controlled by authorised person,No physical crossing facility within 50m,At scene,55.93838405160755,-3.241910174312177
715011,,Serious,2,1,06/11/2011,Sunday,6,November,11,2,18,230,A,702,Single carriageway - 2 lanes,30,'T' or staggered junction,Give way sign or markings,Unclassified,,Daylight: no street lighting,Fine (without high winds),Dry,None,None,No overtaking,324920,672830,533344,Junction,T.V.N.P.,351482,unset,EH39NA,No crossing facility within 50m or physical crossing facility not controlled by authorised person,Pedestrian phase at traffic signal junction,At scene,55.94262792545364,-3.2036194165870424
715111,,Slight,1,1,05/11/2011,Saturday,5,November,11,3,0,230,Unclassified,,Single carriageway - 2 lanes,30,'T' or staggered junction,Give way sign or markings,Unclassified,,Daylight: no street lighting,Fine (without high winds),Dry,None,None,No overtaking,318860,674270,0,Unset,Pedestrian,351483,unset,EH48HN,No crossing facility within 50m or physical crossing facility not controlled by authorised person,Pedestrian phase at traffic signal junction,At scene,55.95457672274307,-3.30104770916956
716211,,Slight,2,2,07/11/2011,Monday,7,November,11,8,19,230,A,7,Single carriageway - 2 lanes,30,Not at or within 20 metres of junction,unset,\,,Daylight: no street lighting,Fine (without high winds),Dry,None,None,No overtaking,327920,671050,568093,Segment,T.V.N.P.,351484,unset,EH164TD,No crossing facility within 50m or physical crossing facility not controlled by authorised person,No physical crossing facility within 50m,At scene,55.92709810614584,-3.155124124570089
716811,,Slight,2,2,07/11/2011,Monday,7,November,11,9,0,230,A,720,Dual carriageway - 2 lanes,50,Not at or within 20 metres of junction,unset,\,,Daylight: street lights present,Fine (without high winds),Dry,None,None,No overtaking,319120,669820,2578907,Segment,T.V.N.P.,351485,unset,EH142SR,No crossing facility within 50m or physical crossing facility not controlled by authorised person,No physical crossing facility within 50m,At scene,55.91464859668571,-3.2955499109359527
716911,,Slight,3,1,07/11/2011,Monday,7,November,11,9,5,230,C,,Single carriageway - 2 lanes,30,'T' or staggered junction,Give way sign or markings,Unclassified,,Daylight: street lights present,Fine (without high winds),Dry,None,None,No overtaking,326710,671180,531439,Junction,Cyclist,351486,unset,EH93AH,No crossing facility within 50m or physical crossing facility not controlled by authorised person,No physical crossing facility within 50m,At scene,55.92808277998637,-3.1745194247537625
717011,,Slight,1,1,07/11/2011,Monday,7,November,11,11,0,230,Unclassified,,Single carriageway - 2 lanes,30,Crossroads,Automatic Traffic Signal,C,,Daylight: street lights present,Fine (without high winds),Dry,None,None,No overtaking,322590,670370,529981,Junction,S.V.N.P.,351487,unset,EH141DG,No crossing facility within 50m or physical crossing facility not controlled by authorised person,Pedestrian phase at traffic signal junction,At scene,55.92016050815344,-3.2402071407029798
717111,,Slight,1,1,22/10/2011,Saturday,22,October,11,10,30,230,A,901,Single carriageway - 2 lanes,30,Other junction,Give way sign or markings,Unclassified,,Daylight: street lights present,Fine (without high winds),Dry,None,None,No overtaking,325790,677020,532669,Junction,Bus,351451,unset,EH64HY,No crossing facility within 50m or physical crossing facility not controlled by authorised person,"Pelican, puffin, toucan or similar non-junction pedestrian light crossing",At scene,55.98040111831495,-3.19084948590139
717311,,Slight,2,1,07/11/2011,Monday,7,November,11,10,27,230,Unclassified,,Single carriageway - 2 lanes,30,'T' or staggered junction,Give way sign or markings,Unclassified,,Daylight: no street lighting,Fine (without high winds),Dry,None,None,No overtaking,324090,673480,521313,Junction,Cyclist,351488,unset,EH125EP,No crossing facility within 50m or physical crossing facility not controlled by authorised person,Pedestrian phase at traffic signal junction,Elsewhere,55.94833617831278,-3.2170876671046336
717411,,Slight,3,1,07/11/2011,Monday,7,November,11,17,30,230,A,71,Dual carriageway - 2 lanes,40,Not at or within 20 metres of junction,unset,\,,Darkness: street lights present and lit,Unknown,Dry,None,None,No overtaking,319130,670590,560501,Segment,M.V.N.P.,351489,unset,EH114DW,No crossing facility within 50m or physical crossing facility not controlled by authorised person,No physical crossing facility within 50m,At scene,55.92156680589184,-3.295620709565651
717511,,Slight,2,1,07/11/2011,Monday,7,November,11,18,10,230,A,720,Dual carriageway - 2 lanes,50,Not at or within 20 metres of junction,unset,\,,Daylight: no street lighting,Fine with high winds,Dry,None,None,No overtaking,318130,670970,6452631,Segment,T.V.N.P.,351490,unset,EH129BU,No crossing facility within 50m or physical crossing facility not controlled by authorised person,Pedestrian phase at traffic signal junction,At scene,55.92481079106678,-3.3117328864238607
717611,,Slight,2,1,07/11/2011,Monday,7,November,11,19,10,230,Unclassified,,Single carriageway - 2 lanes,30,Not at or within 20 metres of junction,unset,\,,Darkness: street lights present and lit,Fine (without high winds),Dry,None,None,No overtaking,324460,671870,559379,Segment,Cyclist,351491,unset,EH105DP,No crossing facility within 50m or physical crossing facility not controlled by authorised person,No physical crossing facility within 50m,At scene,55.93393231186036,-3.210713160128682
718711,,Serious,2,3,07/11/2011,Monday,7,November,11,7,0,230,A,6095,Single carriageway - 2 lanes,30,Crossroads,Automatic Traffic Signal,A,6106,Darkness: street lights present and lit,Fine (without high winds),Dry,None,None,No overtaking,330490,671760,530029,Junction,T.V.N.P.,351492,unset,EH153EL,No crossing facility within 50m or physical crossing facility not controlled by authorised person,Pedestrian phase at traffic signal junction,Elsewhere,55.93385490710341,-3.114186520085545
718811,,Slight,3,2,04/11/2011,Friday,4,November,11,15,50,230,A,90,Single carriageway - 2 lanes,30,'T' or staggered junction,Give way sign or markings,A,90,Daylight: street lights present,Fine (without high winds),Dry,None,None,No overtaking,322080,674540,520041,Junction,M.V.N.P.,351493,unset,EH42BP,No crossing facility within 50m or physical crossing facility not controlled by authorised person,Pedestrian phase at traffic signal junction,Elsewhere,55.9575356576786,-3.249571098067524
718911,,Slight,2,1,08/11/2011,Tuesday,8,November,11,9,45,230,C,,Single carriageway - 2 lanes,30,Crossroads,Give way sign or markings,Unclassified,,Daylight: street lights present,Raining (without high winds),Dry,None,None,No overtaking,327030,675220,519900,Junction,Cyclist,351494,unset,EH68RT,No crossing facility within 50m or physical crossing facility not controlled by authorised person,No physical crossing facility within 50m,At scene,55.96442235549646,-3.1704937998010405
719811,,Slight,2,1,10/10/2011,Monday,10,October,11,7,0,230,A,900,Roundabout,30,Roundabout,Give way sign or markings,Unclassified,,Darkness: street lights present and lit,Raining (without high winds),Dry,None,None,No overtaking,326000,674340,520620,Junction,Cyclist,351452,unset,EH13JT,No crossing facility within 50m or physical crossing facility not controlled by authorised person,No physical crossing facility within 50m,Elsewhere,55.95635968602878,-3.1867475741247415
719911,,Slight,1,1,08/11/2011,Tuesday,8,November,11,14,40,230,A,903,Single carriageway - 2 lanes,30,'T' or staggered junction,Give way sign or markings,Unclassified,,Daylight: street lights present,Fine (without high winds),Dry,None,None,No overtaking,324180,676860,519022,Junction,Pedestrian,351495,unset,EH51AH,No crossing facility within 50m or physical crossing facility not controlled by authorised person,Central refuge - no other controls,At scene,55.97871195788679,-3.2165993446599326
720011,,Slight,2,1,08/11/2011,Tuesday,8,November,11,17,0,230,C,,Single carriageway - 2 lanes,30,Crossroads,Give way sign or markings,Unclassified,,Daylight: no street lighting,Fine (without high winds),Dry,None,None,No overtaking,327030,675230,519900,Junction,Cyclist,351496,unset,EH68RT,No crossing facility within 50m or physical crossing facility not controlled by authorised person,Pedestrian phase at traffic signal junction,At scene,55.96451218405745,-3.170496512079526
720211,,Slight,2,1,08/11/2011,Tuesday,8,November,11,17,0,230,Motorway,9,Dual carriageway - 2 lanes,70,Not at or within 20 metres of junction,unset,\,,Darkness: no street lighting,Fine (without high winds),Dry,None,None,No overtaking,312010,673800,562735,Segment,T.V.N.P.,351497,unset,EH299EA,No crossing facility within 50m or physical crossing facility not controlled by authorised person,No physical crossing facility within 50m,At scene,55.94914824238915,-3.410562112885454
720411,,Slight,1,1,08/11/2011,Tuesday,8,November,11,19,25,230,Unclassified,,Single carriageway - 2 lanes,40,Not at or within 20 metres of junction,unset,\,,Daylight: no street lighting,Fine (without high winds),Dry,None,None,No overtaking,320020,676100,557148,Segment,S.V.N.P.,351498,unset,EH46HR,No crossing facility within 50m or physical crossing facility not controlled by authorised person,No physical crossing facility within 50m,At scene,55.97120938765584,-3.2830192865001337
721011,,Slight,2,1,07/11/2011,Monday,7,November,11,8,50,230,C,,Single carriageway - 2 lanes,30,Not at or within 20 metres of junction,unset,\,,Daylight: no street lighting,Fine (without high winds),Dry,None,None,No overtaking,325270,673420,558203,Segment,Cyclist,351499,unset,EH12NG,No crossing facility within 50m or physical crossing facility not controlled by authorised person,No physical crossing facility within 50m,At scene,55.94798238483247,-3.198180919873858
721311,,Slight,2,1,08/11/2011,Tuesday,8,November,11,17,20,230,Unclassified,,Single carriageway - 2 lanes,30,'T' or staggered junction,Automatic Traffic Signal,Unclassified,,Darkness: street lights present but unlit,Fine (without high winds),Dry,None,None,No overtaking,326270,672400,532774,Junction,Cyclist,351500,unset,EH91QB,No crossing facility within 50m or physical crossing facility not controlled by authorised person,No physical crossing facility within 50m,Elsewhere,55.93897453580898,-3.1818932526028574
722911,,Serious,1,1,09/11/2011,Wednesday,9,November,11,8,30,230,A,900,Single carriageway - 2 lanes,30,'T' or staggered junction,Automatic Traffic Signal,A,900,Daylight: street lights present,Fine (without high winds),Dry,None,None,No overtaking,325990,674180,12288417,Junction,Pedestrian,351501,unset,EH13AA,No crossing facility within 50m or physical crossing facility not controlled by authorised person,Pedestrian phase at traffic signal junction,At scene,55.95492089307216,-3.1868637043231827
723611,,Slight,2,1,09/11/2011,Wednesday,9,November,11,13,10,230,Unclassified,,Single carriageway - 2 lanes,30,Using private drive or entrance,Give way sign or markings,Unclassified,,Daylight: no street lighting,Fine (without high winds),Dry,None,None,No overtaking,319290,671070,9659733,Segment,T.V.N.P.,351502,unset,EH114BY,No crossing facility within 50m or physical crossing facility not controlled by authorised person,No physical crossing facility within 50m,At scene,55.925905308693636,-3.293204800439557
723711,,Slight,2,1,07/11/2011,Monday,7,November,11,16,20,230,Unclassified,,Single carriageway - 2 lanes,30,Not at or within 20 metres of junction,unset,\,,Darkness: street lights present and lit,Fine (without high winds),Dry,None,None,No overtaking,319340,672840,551757,Segment,T.V.N.P.,351503,unset,EH128HH,No crossing facility within 50m or physical crossing facility not controlled by authorised person,No physical crossing facility within 50m,Elsewhere,55.94181271127084,-3.2929344168789805
723811,,Slight,1,1,09/11/2011,Wednesday,9,November,11,17,15,230,C,,Dual carriageway - 2 lanes,30,Not at or within 20 metres of junction,unset,\,,Darkness: street lights present but unlit,Fine (without high winds),Dry,None,None,No overtaking,326820,672520,557413,Segment,Pedestrian,351504,unset,EH165BG,No crossing facility within 50m or physical crossing facility not controlled by authorised person,"Pelican, puffin, toucan or similar non-junction pedestrian light crossing",At scene,55.94013662848985,-3.1731231735357803
724211,,Slight,2,1,09/11/2011,Wednesday,9,November,11,17,0,230,Unclassified,,Single carriageway - 2 lanes,40,'T' or staggered junction,Give way sign or markings,A,90,Daylight: no street lighting,Fine (without high winds),Dry,None,None,No overtaking,319570,674990,519981,Junction,Cyclist,351505,unset,EH46ER,No crossing facility within 50m or physical crossing facility not controlled by authorised person,Pedestrian phase at traffic signal junction,At scene,55.96116361364331,-3.289895320858014
727211,,Slight,1,1,10/11/2011,Thursday,10,November,11,18,12,230,C,,Single carriageway - 2 lanes,30,'T' or staggered junction,Automatic Traffic Signal,B,901,Darkness: street lights present and lit,Fine (without high winds),Dry,None,None,No overtaking,325960,674380,520599,Junction,Bus,351506,unset,EH13JT,No crossing facility within 50m or physical crossing facility not controlled by authorised person,"Pelican, puffin, toucan or similar non-junction pedestrian light crossing",At scene,55.95671282780995,-3.187399054532163
728811,,Slight,1,1,11/11/2011,Friday,11,November,11,17,45,230,A,8,Dual carriageway - 2 lanes,30,Other junction,Automatic Traffic Signal,C,,Darkness: street lights present and lit,Other,Dry,None,None,No overtaking,325210,673820,521037,Junction,Pedestrian,351507,unset,EH22HG,No crossing facility within 50m or physical crossing facility not controlled by authorised person,No physical crossing facility within 50m,At scene,55.95156615306826,-3.199252514494736
728911,,Slight,2,1,11/11/2011,Friday,11,November,11,17,0,230,B,701,Single carriageway - 2 lanes,30,Crossroads,Automatic Traffic Signal,C,,Darkness: street lights present and lit,Fine (without high winds),Dry,None,None,No overtaking,328270,668450,530308,Junction,T.V.N.P.,351508,unset,EH166TZ,No crossing facility within 50m or physical crossing facility not controlled by authorised person,Pedestrian phase at traffic signal junction,At scene,55.90379471358079,-3.1488330105551183
729111,,Slight,1,1,11/11/2011,Friday,11,November,11,23,23,230,A,901,Single carriageway - 2 lanes,30,Crossroads,Automatic Traffic Signal,B,900,Darkness: street lights present and lit,Raining (without high winds),Dry,None,None,No overtaking,326730,676160,531355,Junction,Pedestrian,351509,unset,EH65JB,No crossing facility within 50m or physical crossing facility not controlled by authorised person,"Pelican, puffin, toucan or similar non-junction pedestrian light crossing",At scene,55.972820487082565,-3.175554473182839
729411,,Serious,3,3,11/11/2011,Friday,11,November,11,17,15,230,Motorway,8,Unknown,70,Not at or within 20 metres of junction,unset,\,,Darkness: no street lighting,Fine (without high winds),Dry,None,None,No overtaking,317720,670650,6452114,Segment,M.V.N.P.,351510,unset,EH129BU,No crossing facility within 50m or physical crossing facility not controlled by authorised person,No physical crossing facility within 50m,At scene,55.92186637991982,-3.3181945333459417
730011,,Slight,2,1,12/11/2011,Saturday,12,November,11,9,20,230,Unclassified,,Dual carriageway - 2 lanes,30,Not at or within 20 metres of junction,unset,\,,Daylight: no street lighting,Fine (without high winds),Dry,None,None,No overtaking,325930,673240,560073,Segment,T.V.N.P.,351511,unset,EH89BL,No crossing facility within 50m or physical crossing facility not controlled by authorised person,No physical crossing facility within 50m,At scene,55.94646778342836,-3.1875658201807706
730211,,Slight,1,1,13/11/2011,Sunday,13,November,11,2,20,230,Unclassified,,Single carriageway - 2 lanes,30,Not at or within 20 metres of junction,unset,\,,Darkness: street lights present and lit,Fine (without high winds),Dry,None,None,No overtaking,323420,671650,564145,Segment,S.V.N.P.,351512,unset,EH111RG,No crossing facility within 50m or physical crossing facility not controlled by authorised person,No physical crossing facility within 50m,At scene,55.93179139918827,-3.227293246669441
730611,,Serious,2,3,10/11/2011,Thursday,10,November,11,15,0,230,A,90,Single carriageway - 2 lanes,30,Not at or within 20 metres of junction,unset,\,,Daylight: street lights present,Fine (without high winds),Dry,None,None,No overtaking,323700,674230,555573,Segment,T.V.N.P.,351513,unset,EH42HS,No crossing facility within 50m or physical crossing facility not controlled by authorised person,No physical crossing facility within 50m,At scene,55.9550113662311,-3.223543471799102
731711,,Slight,1,1,12/11/2011,Saturday,12,November,11,17,15,230,C,,Single carriageway - 2 lanes,30,Other junction,Automatic Traffic Signal,B,901,Darkness: street lights present and lit,Fine (without high winds),Dry,None,None,No overtaking,325930,674380,520599,Junction,Pedestrian,351514,unset,EH13JG,No crossing facility within 50m or physical crossing facility not controlled by authorised person,Pedestrian phase at traffic signal junction,Elsewhere,55.956708197504504,-3.1878794173173253