acc_ref,beat_no,severity,no_vehicle,no_casualt,a_date,a_day,a_date_day,a_date_mon,a_date_yr,a_time_hr,a_time_min,loc_auth,road1_class,road1_no,road_type,speed_limi,junc_det,junc_ctrl,road2_class,road2_no,light_cond,weather,road_surf,spec_cond,cway_hzrds,ovrtk_patrn,easting,northing,net_id,net_type,acc_type,text_id,division,Postcode,ped_xing_hc,ped_xing_p,place_reported,latitude,longitude
732111,,Slight,2,1,13/11/2011,Sunday,13,November,11,10,25,230,A,8,Single carriageway - 2 lanes,40,Other junction,Give way sign or markings,A,8,Daylight: street lights present,Fine (without high winds),Dry,None,None,No overtaking,318670,672790,4550182,Junction,T.V.N.P.,351515,unset,EH128LJ,No crossing facility within 50m or physical crossing facility not controlled by authorised person,No physical crossing facility within 50m,At scene,55.94125056740897,-3.303642845020949
733811,,Slight,1,1,14/11/2011,Monday,14,November,11,18,0,230,C,,Single carriageway - 2 lanes,30,Crossroads,Automatic Traffic Signal,C,,Darkness: street lights present and lit,Fine (without high winds),Dry,None,None,No overtaking,325300,674200,520521,Junction,Pedestrian,351516,unset,EH21JX,No crossing facility within 50m or physical crossing facility not controlled by authorised person,Pedestrian phase at traffic signal junction,At scene,55.954993628325084,-3.197917054033127
734811,,Slight,2,1,14/11/2011,Monday,14,November,11,16,10,230,A,7,Single carriageway - 2 lanes,30,Crossroads,Automatic Traffic Signal,Unclassified,,Darkness: street lights present and lit,Fine (without high winds),Dry,None,None,No overtaking,326340,672620,532690,Junction,Cyclist,351517,unset,EH89JD,No crossing facility within 50m or physical crossing facility not controlled by authorised person,Pedestrian phase at traffic signal junction,At scene,55.94096150924245,-3.1808330556249382
734911,,Slight,2,1,14/01/2011,Friday,14,January,11,9,5,230,Unclassified,,Single carriageway - 2 lanes,40,Not at or within 20 metres of junction,unset,\,,Daylight: street lights present,Fine (without high winds),Dry,None,None,No overtaking,324190,672910,559245,Segment,T.V.N.P.,356879,unset,EH38DZ,No crossing facility within 50m or physical crossing facility not controlled by authorised person,No physical crossing facility within 50m,Elsewhere,55.94323182334119,-3.2153264028574027
736611,,Serious,2,1,15/11/2011,Tuesday,15,November,11,18,45,230,A,71,Single carriageway - 2 lanes,30,'T' or staggered junction,Give way sign or markings,Unclassified,,Darkness: street lights present and lit,Fine (without high winds),Dry,None,None,No overtaking,323000,672280,521958,Junction,T.V.N.P.,351518,unset,EH111TU,No crossing facility within 50m or physical crossing facility not controlled by authorised person,"Pelican, puffin, toucan or similar non-junction pedestrian light crossing",At scene,55.93738334248741,-3.2341938501523924
736911,,Fatal,2,1,15/11/2011,Tuesday,15,November,11,18,53,230,A,199,Single carriageway - 2 lanes,30,'T' or staggered junction,Give way sign or markings,Unclassified,,Daylight: no street lighting,Fine (without high winds),Dry,None,None,No overtaking,327520,676400,519280,Junction,T.V.N.P.,351519,unset,EH67HW,No crossing facility within 50m or physical crossing facility not controlled by authorised person,Pedestrian phase at traffic signal junction,At scene,55.97509643927711,-3.162964257906579
737111,,Slight,1,1,06/11/2011,Sunday,6,November,11,0,5,230,A,702,Single carriageway - 2 lanes,30,Other junction,Automatic Traffic Signal,Unclassified,,Darkness: street lights present and lit,Raining (without high winds),Dry,None,None,No overtaking,324760,673520,520953,Junction,Pedestrian,351520,unset,EH12DP,No crossing facility within 50m or physical crossing facility not controlled by authorised person,Pedestrian phase at traffic signal junction,At scene,55.948800985171765,-3.206373135041701
737811,,Slight,2,2,16/11/2011,Wednesday,16,November,11,11,10,230,Unclassified,,Single carriageway - 2 lanes,40,Other junction,Give way sign or markings,Unclassified,,Daylight: street lights present,Fine (without high winds),Dry,None,None,No overtaking,317920,672790,0,Unset,T.V.N.P.,351521,unset,EH128ND,No crossing facility within 50m or physical crossing facility not controlled by authorised person,No physical crossing facility within 50m,At scene,55.941122945685706,-3.315646553519136
738011,,Slight,1,1,16/11/2011,Wednesday,16,November,11,8,45,230,Unclassified,,Single carriageway - 2 lanes,30,'T' or staggered junction,Give way sign or markings,Unclassified,,Daylight: street lights present,Fine (without high winds),Dry,None,None,No overtaking,322000,676250,0,Unset,Pedestrian,351522,unset,EH44HP,Control by school crossing patrol,Central refuge - no other controls,Elsewhere,55.972882884719105,-3.2513478030683904
739111,,Slight,2,1,16/11/2011,Wednesday,16,November,11,17,5,230,A,720,Dual carriageway - 2 lanes,70,Not at or within 20 metres of junction,unset,\,,Darkness: no street lighting,Fine (without high winds),Dry,None,None,No overtaking,326490,667090,2588141,Segment,T.V.N.P.,351523,unset,EH209NR,No crossing facility within 50m or physical crossing facility not controlled by authorised person,No physical crossing facility within 50m,Elsewhere,55.89130904166612,-3.1769258529654754
739411,,Slight,2,3,16/11/2011,Wednesday,16,November,11,20,0,230,Unclassified,,Single carriageway - 2 lanes,20,Crossroads,Automatic Traffic Signal,Unclassified,,Daylight: no street lighting,Fine (without high winds),Dry,None,None,No overtaking,323650,671840,522279,Junction,T.V.N.P.,351524,unset,EH111NJ,No crossing facility within 50m or physical crossing facility not controlled by authorised person,Pedestrian phase at traffic signal junction,At scene,55.93353473585669,-3.223666686621644
739911,,Slight,2,1,16/11/2011,Wednesday,16,November,11,13,10,230,A,701,Single carriageway - 2 lanes,40,Not at or within 20 metres of junction,unset,\,,Daylight: no street lighting,Fine (without high winds),Dry,None,None,No overtaking,326490,672250,569297,Segment,T.V.N.P.,351525,unset,EH91QN,No crossing facility within 50m or physical crossing facility not controlled by authorised person,No physical crossing facility within 50m,Elsewhere,55.93766083950946,-3.178331273848382
740311,,Slight,2,1,16/11/2011,Wednesday,16,November,11,21,45,230,Unclassified,,Single carriageway - 2 lanes,30,'T' or staggered junction,Give way sign or markings,Unclassified,,Darkness: street lights present and lit,Fine (without high winds),Dry,None,None,No overtaking,318680,670720,12232063,Junction,Cyclist,351526,unset,EH114DW,No crossing facility within 50m or physical crossing facility not controlled by authorised person,No physical crossing facility within 50m,Elsewhere,55.92265858063361,-3.3028585014293177
740411,,Slight,2,1,17/11/2011,Thursday,17,November,11,10,15,230,Unclassified,,Single carriageway - 2 lanes,40,Not at or within 20 metres of junction,unset,\,,Daylight: street lights present,Fine (without high winds),Dry,None,None,No overtaking,323510,672700,559227,Segment,T.V.N.P.,351527,unset,EH112LN,No crossing facility within 50m or physical crossing facility not controlled by authorised person,No physical crossing facility within 50m,Elsewhere,55.941237591850935,-3.2261510801314093
741411,,Slight,2,1,17/11/2011,Thursday,17,November,11,15,38,230,Unclassified,,Single carriageway - 2 lanes,30,Crossroads,Automatic Traffic Signal,Unclassified,,Daylight: street lights present,Fine (without high winds),Dry,Automatic Traffic Signal out,None,No overtaking,324520,670890,529828,Junction,T.V.N.P.,351528,unset,EH106AD,No crossing facility within 50m or physical crossing facility not controlled by authorised person,Pedestrian phase at traffic signal junction,At scene,55.92513862182155,-3.2094786824822643
742211,,Serious,2,1,18/11/2011,Friday,18,November,11,8,15,230,Unclassified,,Single carriageway - 2 lanes,40,Roundabout,Give way sign or markings,A,1,Daylight: street lighting unknown,Fine (without high winds),Dry,None,None,No overtaking,331210,672910,521499,Junction,T.V.N.P.,351529,unset,EH153QH,No crossing facility within 50m or physical crossing facility not controlled by authorised person,No physical crossing facility within 50m,At scene,55.94428916712329,-3.102957868349296
742411,,Slight,3,1,18/11/2011,Friday,18,November,11,12,30,230,C,,Single carriageway - 2 lanes,30,Not at or within 20 metres of junction,unset,\,,Daylight: street lights present,Fine (without high winds),Dry,None,None,No overtaking,322050,672260,565409,Segment,M.V.N.P.,351530,unset,EH113AX,No crossing facility within 50m or physical crossing facility not controlled by authorised person,No physical crossing facility within 50m,Elsewhere,55.93705041437486,-3.2493916449834805
742511,,Slight,2,1,17/11/2011,Thursday,17,November,11,9,0,230,Unclassified,,Single carriageway - 2 lanes,30,Not at or within 20 metres of junction,unset,\,,Daylight: street lights present,Fine (without high winds),Dry,None,None,No overtaking,328900,673170,0,Unset,T.V.N.P.,351531,unset,EH87NL,No crossing facility within 50m or physical crossing facility not controlled by authorised person,No physical crossing facility within 50m,Elsewhere,55.94628812237271,-3.140003296010404
742811,,Slight,2,1,18/11/2011,Friday,18,November,11,12,53,230,C,,Single carriageway - 2 lanes,30,Other junction,Give way sign or markings,Unclassified,,Daylight: street lights present,Fine (without high winds),Dry,None,None,No overtaking,326560,671600,529465,Junction,Cyclist,351532,unset,EH92PA,No crossing facility within 50m or physical crossing facility not controlled by authorised person,Central refuge - no other controls,At scene,55.93183268047052,-3.1770338751821834
743011,,Slight,1,1,18/11/2011,Friday,18,November,11,16,10,230,C,,Roundabout,30,Roundabout,Automatic Traffic Signal,C,,Darkness: street lights present and lit,Fine (without high winds),Dry,None,Pedestrian in carriagway - not injured,No overtaking,325150,673990,521070,Junction,Bus,351533,unset,EH22JG,No crossing facility within 50m or physical crossing facility not controlled by authorised person,Pedestrian phase at traffic signal junction,At scene,55.95308387090385,-3.200260366660641
744011,,Slight,2,1,19/11/2011,Saturday,19,November,11,13,5,230,A,702,Single carriageway - 2 lanes,30,'T' or staggered junction,Automatic Traffic Signal,Unclassified,,Daylight: no street lighting,Fine (without high winds),Dry,None,None,No overtaking,324760,673430,10254968,Junction,Bus,351534,unset,EH12DA,No crossing facility within 50m or physical crossing facility not controlled by authorised person,Pedestrian phase at traffic signal junction,At scene,55.947992536507314,-3.2063479920280944
744111,,Slight,3,3,19/11/2011,Saturday,19,November,11,9,15,230,Unclassified,,Single carriageway - 2 lanes,30,'T' or staggered junction,Give way sign or markings,Unclassified,,Daylight: street lights present,Fine (without high winds),Dry,None,None,No overtaking,323530,668750,533086,Junction,M.V.N.P.,351535,unset,EH139NE,No crossing facility within 50m or physical crossing facility not controlled by authorised person,No physical crossing facility within 50m,At scene,55.90575896852374,-3.2247112273189296
744211,,Slight,1,1,19/11/2011,Saturday,19,November,11,17,44,230,A,7,Single carriageway - 2 lanes,30,Not at or within 20 metres of junction,unset,\,,Darkness: street lights present and lit,Fine (without high winds),Dry,None,None,No overtaking,328190,670690,568093,Segment,Bus,351536,unset,EH164TE,No crossing facility within 50m or physical crossing facility not controlled by authorised person,No physical crossing facility within 50m,At scene,55.92390467732071,-3.1507082453209714
744511,,Slight,2,1,18/11/2011,Friday,18,November,11,21,0,230,Unclassified,,Single carriageway - 2 lanes,30,Other junction,Automatic Traffic Signal,C,,Darkness: street lights present and lit,Fine (without high winds),Dry,None,None,No overtaking,324370,673880,520902,Junction,T.V.N.P.,351537,unset,EH37TT,No crossing facility within 50m or physical crossing facility not controlled by authorised person,No physical crossing facility within 50m,At scene,55.9519734756448,-3.2127176285397425
744811,,Slight,1,1,20/11/2011,Sunday,20,November,11,1,1,230,A,90,Single carriageway - 2 lanes,30,Not at or within 20 metres of junction,unset,\,,Darkness: street lights present and lit,Fine (without high winds),Dry,None,None,No overtaking,324620,673700,555627,Segment,Pedestrian,351538,unset,EH24RA,No crossing facility within 50m or physical crossing facility not controlled by authorised person,"Pelican, puffin, toucan or similar non-junction pedestrian light crossing",At scene,55.95039591365696,-3.2086647374326853
745611,,Slight,1,1,17/11/2011,Thursday,17,November,11,9,30,230,A,7,Single carriageway - 2 lanes,30,Not at or within 20 metres of junction,unset,\,,Daylight: street lights present,Fine (without high winds),Dry,None,None,No overtaking,325960,673560,569279,Segment,Bus,351539,unset,EH11HN,No crossing facility within 50m or physical crossing facility not controlled by authorised person,No physical crossing facility within 50m,At scene,55.949346916502854,-3.1871735552812535
745711,,Slight,2,1,20/11/2011,Sunday,20,November,11,10,30,230,Unclassified,,Single carriageway - 2 lanes,30,Not at or within 20 metres of junction,unset,\,,Daylight: no street lighting,Fine (without high winds),Dry,None,None,No overtaking,325040,670410,0,Unset,T.V.N.P.,351540,unset,EH106BY,No crossing facility within 50m or physical crossing facility not controlled by authorised person,No physical crossing facility within 50m,At scene,55.920908292493976,-3.2010258253287054
747111,,Slight,2,2,21/11/2011,Monday,21,November,11,16,40,230,A,720,Dual carriageway - 2 lanes,70,Slip road,Give way sign or markings,Unclassified,,Darkness: street lights present and lit,Fine (without high winds),Dry,None,None,No overtaking,318760,670150,2581994,Junction,T.V.N.P.,351541,unset,EH142SR,No crossing facility within 50m or physical crossing facility not controlled by authorised person,No physical crossing facility within 50m,At scene,55.917552101234335,-3.3014071033759467
748211,,Slight,2,1,21/11/2011,Monday,21,November,11,7,59,230,A,199,Single carriageway - 2 lanes,30,Crossroads,Automatic Traffic Signal,Unclassified,,Daylight: no street lighting,Fine (without high winds),Dry,None,None,No overtaking,327640,676340,519277,Junction,Cyclist,351542,unset,EH67LA,No crossing facility within 50m or physical crossing facility not controlled by authorised person,Pedestrian phase at traffic signal junction,At scene,55.97457559245685,-3.161025728946587
748911,,Slight,2,1,22/11/2011,Tuesday,22,November,11,11,25,230,Unclassified,,Single carriageway - 2 lanes,30,Crossroads,Stop sign,Unclassified,,Daylight: street lights present,Fine (without high winds),Dry,None,None,No overtaking,325610,671520,523860,Junction,T.V.N.P.,351543,unset,EH92HZ,No crossing facility within 50m or physical crossing facility not controlled by authorised person,No physical crossing facility within 50m,At scene,55.93096784062617,-3.192213530080223
749211,,Slight,3,1,22/11/2011,Tuesday,22,November,11,12,10,230,Unclassified,,Single carriageway - 2 lanes,30,Not at or within 20 metres of junction,unset,\,,Daylight: street lights present,Fine (without high winds),Dry,None,None,No overtaking,330250,673120,569094,Segment,M.V.N.P.,351544,unset,EH151JX,No crossing facility within 50m or physical crossing facility not controlled by authorised person,No physical crossing facility within 50m,Elsewhere,55.94603706045224,-3.1183793262684625
751011,,Serious,1,1,16/11/2011,Wednesday,16,November,11,10,30,230,C,,Single carriageway - 2 lanes,30,Not at or within 20 metres of junction,unset,\,,Daylight: street lights present,Fine (without high winds),Dry,None,None,No overtaking,324790,673890,566537,Segment,Bus,351545,unset,EH24JS,No crossing facility within 50m or physical crossing facility not controlled by authorised person,No physical crossing facility within 50m,Elsewhere,55.95212930879177,-3.205996211518116
751611,,Slight,2,1,23/11/2011,Wednesday,23,November,11,11,0,230,C,,Single carriageway - 2 lanes,30,Not at or within 20 metres of junction,unset,\,,Daylight: street lights present,Fine (without high winds),Dry,None,None,No overtaking,323220,676870,559682,Segment,T.V.N.P.,351546,unset,EH51PD,No crossing facility within 50m or physical crossing facility not controlled by authorised person,"Pelican, puffin, toucan or similar non-junction pedestrian light crossing",At scene,55.97864900472742,-3.2319822969113727
751911,,Slight,2,2,23/11/2011,Wednesday,23,November,11,15,45,230,Unclassified,,Single carriageway - 2 lanes,30,'T' or staggered junction,Give way sign or markings,Unclassified,,Darkness: street lights present and lit,Fine (without high winds),Dry,None,None,No overtaking,330190,673510,523566,Junction,Cyclist,351547,unset,EH151JJ,No crossing facility within 50m or physical crossing facility not controlled by authorised person,No physical crossing facility within 50m,At scene,55.949531722987345,-3.1194409093982176
752011,,Slight,2,1,23/11/2011,Wednesday,23,November,11,16,40,230,A,701,Single carriageway - 2 lanes,30,Crossroads,Automatic Traffic Signal,C,,Darkness: street lights present and lit,Fine (without high winds),Dry,None,None,No overtaking,327380,669440,530191,Junction,T.V.N.P.,351548,unset,EH166JX,No crossing facility within 50m or physical crossing facility not controlled by authorised person,"Pelican, puffin, toucan or similar non-junction pedestrian light crossing",At scene,55.91255422695697,-3.16333078062333
752111,,Slight,1,1,23/11/2011,Wednesday,23,November,11,15,0,230,Unclassified,,Single carriageway - 2 lanes,30,Not at or within 20 metres of junction,unset,\,,Daylight: street lights present,Raining (without high winds),Dry,None,None,No overtaking,323710,674770,554330,Segment,Pedestrian,351549,unset,EH42HX,No crossing facility within 50m or physical crossing facility not controlled by authorised person,No physical crossing facility within 50m,At scene,55.95986361026454,-3.223536407574054
752611,,Slight,3,1,23/11/2011,Wednesday,23,November,11,17,50,230,A,720,Dual carriageway - 2 lanes,70,Slip road,Give way sign or markings,C,,Darkness: street lights present and lit,Raining (without high winds),Dry,None,None,No overtaking,328820,667040,2579085,Junction,M.V.N.P.,351550,unset,EH178SD,No crossing facility within 50m or physical crossing facility not controlled by authorised person,No physical crossing facility within 50m,At scene,55.89121036280612,-3.1396667201226003
752711,,Slight,2,1,11/11/2011,Friday,11,November,11,18,0,230,B,1350,Single carriageway - 2 lanes,30,Other junction,Give way sign or markings,Unclassified,,Darkness: street lights present and lit,Unknown,Dry,None,None,No overtaking,326390,674500,520668,Junction,Cyclist,351551,unset,EH75DX,No crossing facility within 50m or physical crossing facility not controlled by authorised person,No physical crossing facility within 50m,Elsewhere,55.95785692993485,-3.1805466566229605
752911,,Slight,2,1,19/11/2011,Saturday,19,November,11,12,40,230,C,,Roundabout,30,Roundabout,Give way sign or markings,C,,Daylight: street lights present,Fine (without high winds),Dry,None,None,No overtaking,325340,674030,520509,Junction,T.V.N.P.,351552,unset,EH22LE,No crossing facility within 50m or physical crossing facility not controlled by authorised person,Pedestrian phase at traffic signal junction,Elsewhere,55.95347278034676,-3.197229456651361
753311,,Slight,1,1,24/11/2011,Thursday,24,November,11,10,20,230,Unclassified,,Single carriageway - 2 lanes,30,Not at or within 20 metres of junction,unset,\,,Daylight: no street lighting,Fine (without high winds),Dry,None,None,No overtaking,322850,670790,554732,Segment,S.V.N.P.,351553,unset,EH141BY,No crossing facility within 50m or physical crossing facility not controlled by authorised person,No physical crossing facility within 50m,At scene,55.923975059878444,-3.2361680976324356
754511,,Slight,1,1,24/11/2011,Thursday,24,November,11,21,20,230,Unclassified,,Single carriageway - 2 lanes,30,Not at or within 20 metres of junction,unset,\,,Daylight: street lights present,Raining (without high winds),Dry,None,None,No overtaking,325490,673390,2106553,Segment,Pedestrian,351554,unset,EH12HJ,No crossing facility within 50m or physical crossing facility not controlled by authorised person,No physical crossing facility within 50m,At scene,55.947747103832256,-3.1946507619751534
754811,,Slight,2,1,24/11/2011,Thursday,24,November,11,17,15,230,A,772,Single carriageway - 2 lanes,30,Crossroads,Automatic Traffic Signal,C,,Daylight: no street lighting,Fine (without high winds),Dry,None,None,No overtaking,328070,669940,530179,Junction,Cyclist,351555,unset,EH177PR,No crossing facility within 50m or physical crossing facility not controlled by authorised person,Pedestrian phase at traffic signal junction,Elsewhere,55.91714949037458,-3.152428128259711
754911,,Slight,3,2,25/11/2011,Friday,25,November,11,7,20,230,Unclassified,,Single carriageway - 2 lanes,30,Not at or within 20 metres of junction,unset,\,,Daylight: no street lighting,Raining (without high winds),Dry,None,None,No overtaking,319360,676300,557148,Segment,M.V.N.P.,351556,unset,EH46JH,No crossing facility within 50m or physical crossing facility not controlled by authorised person,No physical crossing facility within 50m,At scene,55.97289535722154,-3.293650769243053
755011,,Slight,1,1,24/11/2011,Thursday,24,November,11,9,30,230,Unclassified,,Single carriageway - 2 lanes,30,Not at or within 20 metres of junction,unset,\,,Daylight: no street lighting,Fine (without high winds),Dry,None,None,No overtaking,312920,678220,4421969,Segment,S.V.N.P.,351557,unset,EH309SD,No crossing facility within 50m or physical crossing facility not controlled by authorised person,No physical crossing facility within 50m,Elsewhere,55.989014850235755,-3.3974258349797313
755311,,Slight,1,1,25/11/2011,Friday,25,November,11,12,30,230,A,702,Single carriageway - 2 lanes,30,Not at or within 20 metres of junction,unset,\,,Daylight: street lights present,Raining with high winds,Dry,None,None,No overtaking,324880,672550,549171,Segment,Pedestrian,351558,unset,EH104HW,No crossing facility within 50m or physical crossing facility not controlled by authorised person,No physical crossing facility within 50m,Elsewhere,55.940106489542536,-3.204181600652871
755411,,Slight,1,1,25/11/2011,Friday,25,November,11,12,45,230,C,,Single carriageway - 2 lanes,30,'T' or staggered junction,Give way sign or markings,Unclassified,,Daylight: street lights present,Raining with high winds,Dry,None,None,No overtaking,325690,673330,521541,Junction,Pedestrian,351559,unset,EH11EN,No crossing facility within 50m or physical crossing facility not controlled by authorised person,Zebra crossing,At scene,55.94723914109559,-3.1914325339549827
755811,,Slight,2,1,25/11/2011,Friday,25,November,11,8,45,230,Unclassified,,Single carriageway - 2 lanes,30,'T' or staggered junction,Give way sign or markings,Unclassified,,Daylight: street lights present,Unknown,Dry,None,None,No overtaking,323390,668940,533059,Junction,T.V.N.P.,351560,unset,EH139NB,Control by school crossing patrol,No physical crossing facility within 50m,Elsewhere,55.90744340262513,-3.227003850332395
756011,,Slight,1,1,25/11/2011,Friday,25,November,11,18,50,230,Unclassified,,Single carriageway - 2 lanes,30,Not at or within 20 metres of junction,unset,\,,Darkness: street lights present and lit,Fine (without high winds),Dry,None,None,No overtaking,322910,673870,565718,Segment,S.V.N.P.,351561,unset,EH43JB,No crossing facility within 50m or physical crossing facility not controlled by authorised person,No physical crossing facility within 50m,Elsewhere,55.95165134733879,-3.2360891809205965
757111,,Slight,1,1,26/11/2011,Saturday,26,November,11,19,45,230,Unclassified,,Roundabout,30,Roundabout,Automatic Traffic Signal,Unclassified,,Darkness: street lights present and lit,Raining (without high winds),Dry,None,None,No overtaking,327530,671300,523107,Junction,Pedestrian,351562,unset,EH165DT,No crossing facility within 50m or physical crossing facility not controlled by authorised person,Pedestrian phase at traffic signal junction,At scene,55.92928515635467,-3.1614313275083386
757211,,Serious,2,1,26/11/2011,Saturday,26,November,11,22,7,230,B,900,Single carriageway - 2 lanes,30,Other junction,Give way sign or markings,Unclassified,,Darkness: street lights present and lit,Raining with high winds,Dry,None,None,No overtaking,323380,674570,520065,Junction,T.V.N.P.,351563,unset,EH42DP,No crossing facility within 50m or physical crossing facility not controlled by authorised person,No physical crossing facility within 50m,At scene,55.958014488259046,-3.228763814813308
759011,,Serious,1,1,27/11/2011,Sunday,27,November,11,23,25,230,Unclassified,,Single carriageway - 2 lanes,30,'T' or staggered junction,Give way sign or markings,Unclassified,,Darkness: street lights present and lit,Fine (without high winds),Dry,None,None,No overtaking,325670,676240,519244,Junction,Pedestrian,351564,unset,EH64SP,No crossing facility within 50m or physical crossing facility not controlled by authorised person,No physical crossing facility within 50m,At scene,55.9733759693656,-3.192556444305725
759211,,Slight,1,1,27/11/2011,Sunday,27,November,11,15,5,230,Unclassified,,Single carriageway - 2 lanes,30,Not at or within 20 metres of junction,unset,\,,Daylight: street lighting unknown,Fine (without high winds),Dry,None,None,No overtaking,322470,672320,559251,Segment,Pedestrian,351565,unset,EH112SJ,No crossing facility within 50m or physical crossing facility not controlled by authorised person,No physical crossing facility within 50m,At scene,55.937657368533884,-3.2426873713124644
759411,,Serious,1,1,27/11/2011,Sunday,27,November,11,20,46,230,C,,Roundabout,30,Roundabout,Give way sign or markings,Unclassified,,Darkness: street lights present and lit,Fine with high winds,Dry,None,None,No overtaking,324570,672910,522729,Junction,Pedestrian,351566,unset,EH38DJ,No crossing facility within 50m or physical crossing facility not controlled by authorised person,Pedestrian phase at traffic signal junction,At scene,55.943291681185165,-3.209243971032267
761311,,Serious,1,1,23/11/2011,Wednesday,23,November,11,19,45,230,Unclassified,,Single carriageway - 2 lanes,30,Crossroads,Automatic Traffic Signal,A,900,Darkness: street lights present and lit,Unknown,Dry,None,None,No overtaking,327210,676230,519253,Junction,Pedestrian,351567,unset,EH67AE,No crossing facility within 50m or physical crossing facility not controlled by authorised person,Pedestrian phase at traffic signal junction,Elsewhere,55.97352239199533,-3.1678843734542217
761511,,Slight,2,1,16/11/2011,Wednesday,16,November,11,16,20,230,Unclassified,,Single carriageway - 2 lanes,30,'T' or staggered junction,Give way sign or markings,Unclassified,,Darkness: street lights present and lit,Unknown,Dry,None,None,No overtaking,322020,674580,520044,Junction,Cyclist,351568,unset,EH42BS,No crossing facility within 50m or physical crossing facility not controlled by authorised person,No physical crossing facility within 50m,Elsewhere,55.95788521452241,-3.250543409458141
761611,,Slight,2,1,28/11/2011,Monday,28,November,11,16,45,230,B,901,Single carriageway - 2 lanes,30,Crossroads,Automatic Traffic Signal,Unclassified,,Darkness: street lights present and lit,Fine (without high winds),Dry,None,None,No overtaking,325400,675010,519819,Junction,Cyclist,351569,unset,EH74EN,No crossing facility within 50m or physical crossing facility not controlled by authorised person,Pedestrian phase at traffic signal junction,Elsewhere,55.96228523775254,-3.1965404319493422
761811,,Slight,1,1,28/11/2011,Monday,28,November,11,16,30,230,Unclassified,,Single carriageway - 2 lanes,30,'T' or staggered junction,Give way sign or markings,Unclassified,,Daylight: no street lighting,Raining (without high winds),Dry,None,None,No overtaking,328200,674550,523275,Junction,Pedestrian,351570,unset,EH76BH,No crossing facility within 50m or physical crossing facility not controlled by authorised person,Pedestrian phase at traffic signal junction,At scene,55.95858036676808,-3.1515769241015357
762111,,Slight,1,1,28/11/2011,Monday,28,November,11,0,55,230,Unclassified,,Single carriageway - 2 lanes,30,Not at or within 20 metres of junction,unset,\,,Darkness: street lights present and lit,Raining (without high winds),Dry,None,None,No overtaking,328610,669830,12240584,Segment,Pedestrian,351571,unset,EH177RG,No crossing facility within 50m or physical crossing facility not controlled by authorised person,Pedestrian phase at traffic signal junction,At scene,55.916241894496046,-3.143761172592066
763111,,Slight,2,1,22/11/2011,Tuesday,22,November,11,9,36,230,C,,Single carriageway - 2 lanes,30,'T' or staggered junction,Give way sign or markings,Unclassified,,Daylight: street lights present,Unknown,Dry,None,None,No overtaking,325700,673320,521541,Junction,Cyclist,351572,unset,EH11HU,No crossing facility within 50m or physical crossing facility not controlled by authorised person,Zebra crossing,Elsewhere,55.9471508610416,-3.191269693710437
763311,,Slight,1,1,29/11/2011,Tuesday,29,November,11,7,45,230,Unclassified,,Single carriageway - 2 lanes,30,Not at or within 20 metres of junction,unset,\,,Daylight: no street lighting,Raining (without high winds),Dry,None,None,No overtaking,320040,671610,559338,Segment,Pedestrian,351573,unset,EH113SN,No crossing facility within 50m or physical crossing facility not controlled by authorised person,No physical crossing facility within 50m,Elsewhere,55.93088129228803,-3.281365793790263
765411,,Slight,1,1,30/11/2011,Wednesday,30,November,11,16,35,230,A,8,Single carriageway - 2 lanes,30,'T' or staggered junction,Give way sign or markings,Unclassified,,Darkness: street lights present and lit,Raining (without high winds),Dry,None,None,No overtaking,324340,673430,521304,Junction,Pedestrian,351574,unset,EH38HA,No crossing facility within 50m or physical crossing facility not controlled by authorised person,No physical crossing facility within 50m,At scene,55.94792651472939,-3.2130715000816212
765511,,Serious,1,1,29/11/2011,Tuesday,29,November,11,21,9,230,A,71,Single carriageway - 2 lanes,30,Not at or within 20 metres of junction,unset,\,,Darkness: street lights present and lit,Fine (without high winds),Dry,None,None,No overtaking,323370,672440,549758,Segment,Bus,351575,unset,EH112NB,No crossing facility within 50m or physical crossing facility not controlled by authorised person,No physical crossing facility within 50m,At scene,55.938879764488824,-3.2283179100882515
765711,,Slight,1,1,30/11/2011,Wednesday,30,November,11,17,45,230,Unclassified,,Single carriageway - 2 lanes,30,Crossroads,Give way sign or markings,Unclassified,,Daylight: no street lighting,Raining (without high winds),Dry,None,None,No overtaking,326000,672840,0,Unset,Pedestrian,351576,unset,EH89LW,No crossing facility within 50m or physical crossing facility not controlled by authorised person,Central refuge - no other controls,At scene,55.94288544689122,-3.1863353869400797
765811,,Slight,2,1,30/11/2011,Wednesday,30,November,11,19,37,230,C,,Single carriageway - 2 lanes,30,Not at or within 20 metres of junction,unset,\,,Daylight: no street lighting,Raining (without high winds),Dry,None,None,No overtaking,325100,673970,566561,Segment,T.V.N.P.,351577,unset,EH23EE,No crossing facility within 50m or physical crossing facility not controlled by authorised person,No physical crossing facility within 50m,At scene,55.952896414002836,-3.201055328839663