acc_ref,beat_no,severity,no_vehicle,no_casualt,a_date,a_day,a_date_day,a_date_mon,a_date_yr,a_time_hr,a_time_min,loc_auth,road1_class,road1_no,road_type,speed_limi,junc_det,junc_ctrl,road2_class,road2_no,light_cond,weather,road_surf,spec_cond,cway_hzrds,ovrtk_patrn,easting,northing,net_id,net_type,acc_type,text_id,division,Postcode,ped_xing_hc,ped_xing_p,place_reported,latitude,longitude
765911,,Slight,2,1,30/11/2011,Wednesday,30,November,11,16,4,230,A,702,Single carriageway - 2 lanes,30,'T' or staggered junction,Give way sign or markings,Unclassified,,Daylight: street lights present,Fine (without high winds),Dry,None,None,No overtaking,324470,669070,532981,Junction,Cyclist,351578,unset,EH106UU,No crossing facility within 50m or physical crossing facility not controlled by authorised person,No physical crossing facility within 50m,At scene,55.90878207255698,-3.2097692403939395
766111,,Slight,1,1,27/11/2011,Sunday,27,November,11,2,0,230,Unclassified,,Single carriageway - 2 lanes,30,Not at or within 20 metres of junction,unset,\,,Darkness: street lights present and lit,Raining with high winds,Dry,None,None,No overtaking,325610,673700,567177,Segment,Pedestrian,351579,unset,EH11PY,No crossing facility within 50m or physical crossing facility not controlled by authorised person,"Pelican, puffin, toucan or similar non-junction pedestrian light crossing",At scene,55.95055038745204,-3.1928153894962117
766211,,Slight,3,2,30/11/2011,Wednesday,30,November,11,18,0,230,A,902,Single carriageway - 2 lanes,30,Other junction,Automatic Traffic Signal,Unclassified,,Darkness: street lights present and lit,Raining with high winds,Dry,None,None,No overtaking,322460,674950,520062,Junction,M.V.N.P.,351580,unset,EH42LZ,No crossing facility within 50m or physical crossing facility not controlled by authorised person,Pedestrian phase at traffic signal junction,At scene,55.96128009095534,-3.243604620197034
767111,,Slight,3,1,01/12/2011,Thursday,1,December,11,10,0,230,Unclassified,,Single carriageway - 2 lanes,30,Not at or within 20 metres of junction,unset,\,,Daylight: street lights present,Fine (without high winds),Dry,None,None,No overtaking,328740,670320,568099,Segment,M.V.N.P.,352068,unset,EH164SU,No crossing facility within 50m or physical crossing facility not controlled by authorised person,Pedestrian phase at traffic signal junction,At scene,55.9206628686695,-3.1418111503702186
767411,,Slight,1,1,01/12/2011,Thursday,1,December,11,9,20,230,C,,Single carriageway - 2 lanes,30,Not at or within 20 metres of junction,unset,\,,Daylight: street lighting unknown,Fine (without high winds),Dry,None,None,No overtaking,325360,673080,567120,Segment,Bus,352069,unset,EH39EZ,No crossing facility within 50m or physical crossing facility not controlled by authorised person,No physical crossing facility within 50m,At scene,55.94494223797947,-3.1966459435783294
767911,,Slight,1,1,01/12/2011,Thursday,1,December,11,13,45,230,Unclassified,,Unknown,30,Not at or within 20 metres of junction,unset,\,,Daylight: street lights present,Fine (without high winds),Dry,None,None,No overtaking,318000,672440,0,Unset,Bus,352070,unset,EH129DG,No crossing facility within 50m or physical crossing facility not controlled by authorised person,No physical crossing facility within 50m,Elsewhere,55.937992773240005,-3.314259673086773
768111,,Slight,2,1,01/12/2011,Thursday,1,December,11,16,59,230,C,,Single carriageway - 2 lanes,30,Crossroads,Give way sign or markings,Unclassified,,Darkness: street lights present and lit,Fine (without high winds),Dry,None,None,No overtaking,327030,675220,519900,Junction,Cyclist,352071,unset,EH68RT,No crossing facility within 50m or physical crossing facility not controlled by authorised person,No physical crossing facility within 50m,At scene,55.96442235549646,-3.1704937998010405
770611,,Serious,3,2,02/12/2011,Friday,2,December,11,14,0,230,Unclassified,,Single carriageway - 2 lanes,30,'T' or staggered junction,Give way sign or markings,Unclassified,,Daylight: street lights present,Fine (without high winds),Dry,None,None,No overtaking,324060,675930,519421,Junction,M.V.N.P.,352072,unset,EH52PR,No crossing facility within 50m or physical crossing facility not controlled by authorised person,No physical crossing facility within 50m,At scene,55.97033906863946,-3.218259206089415
771111,,Slight,2,1,01/12/2011,Thursday,1,December,11,17,50,230,A,772,Single carriageway - 2 lanes,30,'T' or staggered junction,Give way sign or markings,Unclassified,,Darkness: street lights present and lit,Fine (without high winds),Dry,None,None,No overtaking,328660,669330,530215,Junction,T.V.N.P.,352073,unset,EH177JG,No crossing facility within 50m or physical crossing facility not controlled by authorised person,No physical crossing facility within 50m,At scene,55.91175781173499,-3.142829222862278
771211,,Serious,1,1,02/12/2011,Friday,2,December,11,12,10,230,A,702,Single carriageway - 2 lanes,30,Other junction,Automatic Traffic Signal,Unclassified,,Daylight: street lights present,Fine (without high winds),Dry,None,None,No overtaking,324760,673400,10254972,Junction,Pedestrian,352074,unset,EH12DA,No crossing facility within 50m or physical crossing facility not controlled by authorised person,Pedestrian phase at traffic signal junction,At scene,55.94772305359376,-3.2063396113096543
773011,,Slight,2,1,03/12/2011,Saturday,3,December,11,14,20,230,A,702,Single carriageway - 2 lanes,30,Crossroads,Automatic Traffic Signal,A,702,Daylight: street lights present,Fine (without high winds),Dry,None,None,No overtaking,324910,672960,533374,Junction,Cyclist,352075,unset,EH39LY,No crossing facility within 50m or physical crossing facility not controlled by authorised person,Pedestrian phase at traffic signal junction,At scene,55.94379412268261,-3.20381571196699
773111,,Slight,1,2,04/12/2011,Sunday,4,December,11,5,0,230,A,1,Single carriageway - 2 lanes,30,Multiple junction,Automatic Traffic Signal,Unclassified,,Darkness: street lights present and lit,Fine (without high winds),Dry,None,None,No overtaking,327980,674200,520758,Junction,S.V.N.P.,352076,unset,EH87AW,No crossing facility within 50m or physical crossing facility not controlled by authorised person,Pedestrian phase at traffic signal junction,At scene,55.95540337012669,-3.1550061445359487
774611,,Slight,1,1,04/12/2011,Sunday,4,December,11,17,25,230,A,90,Single carriageway - 2 lanes,30,'T' or staggered junction,Give way sign or markings,Unclassified,,Darkness: street lights present and lit,Fine (without high winds),Dry,None,None,No overtaking,324130,674250,520473,Junction,Pedestrian,352077,unset,EH41PU,No crossing facility within 50m or physical crossing facility not controlled by authorised person,Central refuge - no other controls,At scene,55.95525920036391,-3.216664285905309
775111,,Slight,2,1,05/12/2011,Monday,5,December,11,9,40,230,Unclassified,,Single carriageway - 2 lanes,30,Other junction,Give way sign or markings,Unclassified,,Daylight: street lights present,Fine (without high winds),Dry,None,None,No overtaking,323530,672630,12223733,Junction,Cyclist,352078,unset,EH112LG,No crossing facility within 50m or physical crossing facility not controlled by authorised person,No physical crossing facility within 50m,At scene,55.94061198815781,-3.225811105004036
777211,,Slight,2,1,05/12/2011,Monday,5,December,11,16,20,230,A,71,Roundabout,40,Roundabout,Give way sign or markings,C,,Darkness: street lights present and lit,Fine (without high winds),Dry,None,None,No overtaking,320760,671100,529501,Junction,T.V.N.P.,352079,unset,EH113PA,No crossing facility within 50m or physical crossing facility not controlled by authorised person,No physical crossing facility within 50m,At scene,55.926419497545815,-3.2696952675637174
779511,,Serious,2,1,06/12/2011,Tuesday,6,December,11,13,35,230,A,7,Single carriageway - 2 lanes,30,Crossroads,Automatic Traffic Signal,A,7,Daylight: street lights present,Fine (without high winds),Dry,None,None,No overtaking,326410,672440,532786,Junction,Bus,352080,unset,EH89PT,No crossing facility within 50m or physical crossing facility not controlled by authorised person,"Pelican, puffin, toucan or similar non-junction pedestrian light crossing",At scene,55.939355329139666,-3.1796635014184185
779811,,Slight,2,2,06/12/2011,Tuesday,6,December,11,16,39,230,Unclassified,,Single carriageway - 2 lanes,30,Crossroads,Stop sign,Unclassified,,Darkness: street lights present and lit,Raining (without high winds),Dry,Permanent road signing or marking defective or obscured,None,No overtaking,325610,671520,523860,Junction,T.V.N.P.,352081,unset,EH92HZ,No crossing facility within 50m or physical crossing facility not controlled by authorised person,No physical crossing facility within 50m,At scene,55.93096784062617,-3.192213530080223
780411,,Slight,2,1,07/12/2011,Wednesday,7,December,11,9,15,230,A,902,Roundabout,30,Roundabout,Give way sign or markings,Unclassified,,Daylight: street lighting unknown,Fine with high winds,Dry,None,None,No overtaking,322920,675740,519394,Junction,T.V.N.P.,352082,unset,EH52NJ,No crossing facility within 50m or physical crossing facility not controlled by authorised person,No physical crossing facility within 50m,At scene,55.96845050156816,-3.2364646500248226
780811,,Slight,2,1,07/12/2011,Wednesday,7,December,11,8,45,230,Unclassified,,Single carriageway - 2 lanes,30,Not at or within 20 metres of junction,unset,\,,Daylight: street lights present,Fine (without high winds),Dry,None,None,No overtaking,323180,671930,564157,Segment,T.V.N.P.,352083,unset,EH111QL,No crossing facility within 50m or physical crossing facility not controlled by authorised person,"Pelican, puffin, toucan or similar non-junction pedestrian light crossing",At scene,55.93426822840264,-3.231213406443674
781911,,Slight,1,2,07/12/2011,Wednesday,7,December,11,14,15,230,C,,Roundabout,30,Roundabout,Give way sign or markings,Unclassified,,Daylight: street lights present,Fine (without high winds),Dry,None,None,No overtaking,324600,672920,522732,Junction,Pedestrian,352084,unset,EH38DF,No crossing facility within 50m or physical crossing facility not controlled by authorised person,Pedestrian phase at traffic signal junction,At scene,55.943386221644,-3.208766576768183
782411,,Slight,2,1,07/12/2011,Wednesday,7,December,11,17,29,230,A,902,Roundabout,30,Roundabout,Give way sign or markings,Unclassified,,Daylight: no street lighting,Raining (without high winds),Dry,None,None,No overtaking,322910,675710,519406,Junction,Cyclist,352085,unset,EH42PW,No crossing facility within 50m or physical crossing facility not controlled by authorised person,Pedestrian phase at traffic signal junction,At scene,55.96817941540696,-3.2366162189478205
784511,,Serious,2,1,09/12/2011,Friday,9,December,11,6,10,230,A,8,Dual carriageway - 2 lanes,70,Slip road,Give way sign or markings,Unclassified,,Darkness: street lights present and lit,Fine (without high winds),Dry,None,None,No overtaking,315470,672360,522348,Junction,Cyclist,352086,unset,EH288NQ,No crossing facility within 50m or physical crossing facility not controlled by authorised person,No physical crossing facility within 50m,At scene,55.93683553058928,-3.3547231305100715
785211,,Slight,2,1,07/12/2011,Wednesday,7,December,11,13,10,230,Unclassified,,Single carriageway - 2 lanes,30,Not at or within 20 metres of junction,unset,\,,Daylight: street lights present,Fine (without high winds),Dry,None,None,No overtaking,320260,673930,565988,Segment,T.V.N.P.,352087,unset,EH126UP,No crossing facility within 50m or physical crossing facility not controlled by authorised person,No physical crossing facility within 50m,At scene,55.95175733229868,-3.278532122122032
786311,,Slight,1,1,23/11/2011,Wednesday,23,November,11,10,20,230,A,6095,Single carriageway - 2 lanes,30,Not at or within 20 metres of junction,unset,\,,Daylight: no street lighting,Fine (without high winds),Dry,None,None,No overtaking,331130,671830,0,Unset,Bus,351581,unset,EH153HR,No crossing facility within 50m or physical crossing facility not controlled by authorised person,Zebra crossing,Elsewhere,55.93457594706257,-3.1039624069216987
786411,,Slight,1,1,09/12/2011,Friday,9,December,11,14,35,230,A,8,Single carriageway - 2 lanes,30,Not at or within 20 metres of junction,unset,\,,Daylight: street lights present,Fine (without high winds),Dry,None,None,No overtaking,324540,673590,550511,Segment,Pedestrian,352088,unset,EH24SD,No crossing facility within 50m or physical crossing facility not controlled by authorised person,Central refuge - no other controls,At scene,55.94939523954695,-3.209914663058814
786611,,Slight,1,1,09/12/2011,Friday,9,December,11,23,40,230,A,70,Single carriageway - 2 lanes,30,Not at or within 20 metres of junction,unset,\,,Darkness: street lights present and lit,Fine (without high winds),Dry,None,None,No overtaking,322080,670710,561790,Segment,Pedestrian,352089,unset,EH141TH,No crossing facility within 50m or physical crossing facility not controlled by authorised person,No physical crossing facility within 50m,At scene,55.92313217967878,-3.2484636384238295
786711,,Slight,2,1,10/12/2011,Saturday,10,December,11,4,17,230,Unclassified,,Single carriageway - 2 lanes,30,Crossroads,Give way sign or markings,Unclassified,,Darkness: street lights present and lit,Snowing (without high winds),Dry,None,None,No overtaking,326920,676300,12238386,Junction,T.V.N.P.,352090,unset,EH66DL,No crossing facility within 50m or physical crossing facility not controlled by authorised person,No physical crossing facility within 50m,At scene,55.974107079019504,-3.172548946150169
787911,,Serious,1,1,26/11/2011,Saturday,26,November,11,13,35,230,Unclassified,,Single carriageway - 2 lanes,30,'T' or staggered junction,Give way sign or markings,Unclassified,,Daylight: street lights present,Fine with high winds,Dry,None,None,No overtaking,325300,672040,0,Unset,S.V.N.P.,351582,unset,EH91BZ,No crossing facility within 50m or physical crossing facility not controlled by authorised person,No physical crossing facility within 50m,At scene,55.93559078835295,-3.197318063309031
788211,,Slight,2,1,10/12/2011,Saturday,10,December,11,17,0,230,Unclassified,,Single carriageway - 2 lanes,30,Mini-roundabout,Give way sign or markings,Unclassified,,Darkness: street lights present and lit,Fine (without high winds),Dry,None,None,No overtaking,324470,670310,529996,Junction,Cyclist,352091,unset,EH106ET,No crossing facility within 50m or physical crossing facility not controlled by authorised person,No physical crossing facility within 50m,At scene,55.919920745901756,-3.2101162395424834
788311,,Serious,1,1,10/12/2011,Saturday,10,December,11,16,25,230,Unclassified,,Single carriageway - 2 lanes,30,Not at or within 20 metres of junction,unset,\,,Darkness: street lights present and lit,Fine (without high winds),Dry,None,None,No overtaking,326460,676440,563724,Segment,Pedestrian,352092,unset,EH64AE,No crossing facility within 50m or physical crossing facility not controlled by authorised person,Pedestrian phase at traffic signal junction,At scene,55.97529434191746,-3.1799561302576107
788411,,Slight,1,1,10/12/2011,Saturday,10,December,11,17,30,230,Unclassified,,Single carriageway - 2 lanes,30,Not at or within 20 metres of junction,unset,\,,Darkness: street lights present and lit,Fine (without high winds),Dry,None,None,No overtaking,326820,675260,0,Unset,Pedestrian,352093,unset,EH68RG,No crossing facility within 50m or physical crossing facility not controlled by authorised person,No physical crossing facility within 50m,At scene,55.96474967617634,-3.1738679056266013
788511,,Slight,2,1,10/12/2011,Saturday,10,December,11,18,30,230,A,90,Dual carriageway - 2 lanes,40,Not at or within 20 metres of junction,unset,\,,Darkness: street lights present and lit,Fine (without high winds),Dry,None,None,No overtaking,312430,677920,555708,Segment,T.V.N.P.,352094,unset,EH309XS,No crossing facility within 50m or physical crossing facility not controlled by authorised person,No physical crossing facility within 50m,At scene,55.986230986583855,-3.4051798652186003
788611,,Slight,1,1,09/12/2011,Friday,9,December,11,20,40,230,A,702,Single carriageway - 2 lanes,30,Not at or within 20 metres of junction,unset,\,,Darkness: street lights present and lit,Other,Dry,None,None,No overtaking,324870,672530,549171,Segment,Pedestrian,352095,unset,EH104HW,No crossing facility within 50m or physical crossing facility not controlled by authorised person,No physical crossing facility within 50m,Elsewhere,55.93992526917694,-3.204336075886379
788811,,Slight,1,1,10/12/2011,Saturday,10,December,11,19,0,230,Unclassified,,One way Street,30,Not at or within 20 metres of junction,unset,\,,Darkness: street lights present and lit,Raining (without high winds),Dry,None,None,No overtaking,326460,676820,0,Unset,Bus,352096,unset,EH66NW,No crossing facility within 50m or physical crossing facility not controlled by authorised person,No physical crossing facility within 50m,At scene,55.97870780860609,-3.180060083138107
789011,,Slight,1,1,07/12/2011,Wednesday,7,December,11,16,30,230,A,71,Single carriageway - 2 lanes,30,'T' or staggered junction,Give way sign or markings,Unclassified,,Daylight: street lights present,Fine (without high winds),Dry,None,None,No overtaking,322930,672260,521961,Junction,Pedestrian,352097,unset,EH112PP,No crossing facility within 50m or physical crossing facility not controlled by authorised person,Central refuge - no other controls,Elsewhere,55.937192458870754,-3.235308399906651
791411,,Serious,2,1,12/12/2011,Monday,12,December,11,15,25,230,Unclassified,,Roundabout,30,Mini-roundabout,Give way sign or markings,Unclassified,,Daylight: street lighting unknown,Fine (without high winds),Dry,None,None,No overtaking,321250,675490,519780,Junction,Cyclist,352098,unset,EH45PZ,No crossing facility within 50m or physical crossing facility not controlled by authorised person,No physical crossing facility within 50m,At scene,55.96593358138358,-3.263139048063332
791511,,Slight,1,1,12/12/2011,Monday,12,December,11,6,37,230,A,702,Single carriageway - 2 lanes,30,Crossroads,Automatic Traffic Signal,B,701,Darkness: street lights present and lit,Fine (without high winds),Dry,None,None,No overtaking,324790,668230,522522,Junction,Pedestrian,352099,unset,EH107AR,No crossing facility within 50m or physical crossing facility not controlled by authorised person,Pedestrian phase at traffic signal junction,At scene,55.901286668703506,-3.2044177930673503
791711,,Slight,1,1,12/12/2011,Monday,12,December,11,8,7,230,C,,Single carriageway - 2 lanes,30,Not at or within 20 metres of junction,unset,\,,Darkness: street lights present and lit,Fine (without high winds),Dry,None,None,No overtaking,323590,674550,560033,Segment,Pedestrian,352100,unset,EH42EW,Control by school crossing patrol,Zebra crossing,At scene,55.95786832325944,-3.2253955321411594
791811,,Slight,2,1,27/06/2011,Monday,27,June,11,16,10,230,Unclassified,,Single carriageway - 2 lanes,30,Not at or within 20 metres of junction,unset,\,,Daylight: no street lighting,Raining (without high winds),Dry,None,None,No overtaking,327750,674920,557947,Segment,Cyclist,356881,unset,EH76DE,No crossing facility within 50m or physical crossing facility not controlled by authorised person,No physical crossing facility within 50m,At scene,55.96183648118562,-3.158882129217083
792111,,Slight,2,1,08/12/2011,Thursday,8,December,11,7,20,230,Unclassified,,Roundabout,50,Roundabout,Automatic Traffic Signal,A,90,Darkness: street lights present and lit,Raining with high winds,Dry,None,None,No overtaking,312470,677710,533311,Junction,T.V.N.P.,352101,unset,EH309XS,No crossing facility within 50m or physical crossing facility not controlled by authorised person,Pedestrian phase at traffic signal junction,At scene,55.9843520714988,-3.4044705546475837
792311,,Serious,1,1,12/12/2011,Monday,12,December,11,6,15,230,A,6095,Single carriageway - 2 lanes,30,Not at or within 20 metres of junction,unset,\,,Darkness: street lights present and lit,Raining (without high winds),Dry,None,None,No overtaking,330350,671770,553888,Segment,Pedestrian,352102,unset,EH153HQ,No crossing facility within 50m or physical crossing facility not controlled by authorised person,"Pelican, puffin, toucan or similar non-junction pedestrian light crossing",Elsewhere,55.9339244506811,-3.1164295336298475
792911,,Serious,2,1,12/12/2011,Monday,12,December,11,13,30,230,Unclassified,,Single carriageway - 2 lanes,30,Other junction,Give way sign or markings,Unclassified,,Daylight: street lights present,Fine (without high winds),Dry,None,None,No overtaking,322190,671160,0,Unset,Cyclist,352103,unset,EH141RJ,No crossing facility within 50m or physical crossing facility not controlled by authorised person,No physical crossing facility within 50m,At scene,55.92719220468969,-3.2468336811477805
793111,,Slight,1,1,12/12/2011,Monday,12,December,11,20,0,230,Unclassified,,Single carriageway - 2 lanes,30,Other junction,Automatic Traffic Signal,A,701,Darkness: street lights present and lit,Fine (without high winds),Dry,None,None,No overtaking,327200,671020,523077,Junction,Pedestrian,352104,unset,EH165PD,No crossing facility within 50m or physical crossing facility not controlled by authorised person,Pedestrian phase at traffic signal junction,At scene,55.92672003117176,-3.1666360345878277
793411,,Slight,1,1,09/12/2011,Friday,9,December,11,16,55,230,C,,Single carriageway - 2 lanes,30,Multiple junction,Automatic Traffic Signal,B,1350,Darkness: street lights present and lit,Fine (without high winds),Dry,None,None,No overtaking,326920,674470,520680,Junction,Pedestrian,352105,unset,EH75AP,No crossing facility within 50m or physical crossing facility not controlled by authorised person,"Pelican, puffin, toucan or similar non-junction pedestrian light crossing",At scene,55.95766846677621,-3.1720518074246282
798311,,Slight,1,1,13/12/2011,Tuesday,13,December,11,16,25,230,C,,One way Street,30,Other junction,Give way sign or markings,Unclassified,,Darkness: street lights present and lit,Raining with high winds,Dry,None,None,No overtaking,325680,674060,520587,Junction,Pedestrian,352106,unset,EH22AU,No crossing facility within 50m or physical crossing facility not controlled by authorised person,"Pelican, puffin, toucan or similar non-junction pedestrian light crossing",At scene,55.95379504263805,-3.191794090762513
799011,,Slight,2,1,13/12/2011,Tuesday,13,December,11,18,15,230,Unclassified,,One way Street,30,'T' or staggered junction,Automatic Traffic Signal,Unclassified,,Darkness: street lights present and lit,Raining (without high winds),Dry,None,None,No overtaking,325570,674040,520557,Junction,Bus,352107,unset,EH21AF,No crossing facility within 50m or physical crossing facility not controlled by authorised person,Pedestrian phase at traffic signal junction,Elsewhere,55.95359833752813,-3.1935497558681396
799911,,Serious,1,1,14/12/2011,Wednesday,14,December,11,8,40,230,Unclassified,,Single carriageway - 2 lanes,30,Not at or within 20 metres of junction,unset,\,,Daylight: no street lighting,Fine (without high winds),Dry,None,None,No overtaking,324640,673580,0,Unset,Pedestrian,356645,unset,EH12AE,No crossing facility within 50m or physical crossing facility not controlled by authorised person,No physical crossing facility within 50m,At scene,55.94932112399531,-3.2083109696120995
800211,,Slight,2,1,14/12/2011,Wednesday,14,December,11,13,5,230,Unclassified,,Single carriageway - 2 lanes,40,Not at or within 20 metres of junction,unset,\,,Daylight: no street lighting,Fine (without high winds),Dry,None,None,No overtaking,311970,670450,12231370,Segment,T.V.N.P.,356646,unset,EH288NR,No crossing facility within 50m or physical crossing facility not controlled by authorised person,Pedestrian phase at traffic signal junction,At scene,55.91905103601437,-3.4101086983530418
800411,,Slight,4,1,14/12/2011,Wednesday,14,December,11,11,50,230,A,71,Single carriageway - 2 lanes,30,'T' or staggered junction,Automatic Traffic Signal,Unclassified,,Daylight: street lights present,Fine (without high winds),Dry,None,None,No overtaking,321850,671610,522204,Junction,M.V.N.P.,356647,unset,EH113AJ,No crossing facility within 50m or physical crossing facility not controlled by authorised person,No physical crossing facility within 50m,At scene,55.931179198521164,-3.252403935268886
800811,,Slight,2,1,14/12/2011,Wednesday,14,December,11,18,48,230,A,70,Single carriageway - 2 lanes,30,Crossroads,Automatic Traffic Signal,Unclassified,,Darkness: street lights present and lit,Fine with high winds,Dry,None,None,No overtaking,323030,671910,522273,Junction,T.V.N.P.,356648,unset,EH111QR,No crossing facility within 50m or physical crossing facility not controlled by authorised person,Pedestrian phase at traffic signal junction,At scene,55.9340645567981,-3.233608080969622
801911,,Slight,1,1,14/12/2011,Wednesday,14,December,11,8,35,230,A,8,Single carriageway - 2 lanes,30,Multiple junction,Automatic Traffic Signal,A,7,Daylight: no street lighting,Fine (without high winds),Dry,None,None,No overtaking,325830,674000,517891,Junction,Pedestrian,356649,unset,EH22EJ,No crossing facility within 50m or physical crossing facility not controlled by authorised person,Pedestrian phase at traffic signal junction,At scene,55.95327928228126,-3.189375929777772
802211,,Slight,2,1,14/12/2011,Wednesday,14,December,11,7,12,230,A,720,Dual carriageway - 2 lanes,70,Not at or within 20 metres of junction,unset,\,,Daylight: no street lighting,Fine (without high winds),Dry,None,None,No overtaking,320660,668290,570552,Segment,T.V.N.P.,356650,unset,EH130PF,No crossing facility within 50m or physical crossing facility not controlled by authorised person,No physical crossing facility within 50m,At scene,55.901161901061734,-3.270469260607685
802611,,Slight,1,1,14/12/2011,Wednesday,14,December,11,14,50,230,Unclassified,,Single carriageway - 2 lanes,30,Not at or within 20 metres of junction,unset,\,,Daylight: street lights present,Fine (without high winds),Dry,None,None,No overtaking,326240,673510,558296,Segment,Pedestrian,356651,unset,EH89UE,No crossing facility within 50m or physical crossing facility not controlled by authorised person,No physical crossing facility within 50m,At scene,55.94894088857562,-3.1826773185834583
804411,,Slight,2,1,16/12/2011,Friday,16,December,11,15,20,230,A,199,Single carriageway - 2 lanes,30,Not at or within 20 metres of junction,unset,\,,Darkness: street lights present and lit,Fine (without high winds),Dry,None,None,No overtaking,328240,675970,563284,Segment,T.V.N.P.,356652,unset,EH67JZ,No crossing facility within 50m or physical crossing facility not controlled by authorised person,No physical crossing facility within 50m,At scene,55.971342093656396,-3.151315180694801
804711,,Slight,1,1,16/12/2011,Friday,16,December,11,13,35,230,Unclassified,,Single carriageway - 2 lanes,30,'T' or staggered junction,Give way sign or markings,Unclassified,,Daylight: street lights present,Fine (without high winds),Dry,None,None,No overtaking,322540,673500,0,Unset,Pedestrian,356653,unset,EH126EE,No crossing facility within 50m or physical crossing facility not controlled by authorised person,No physical crossing facility within 50m,At scene,55.94826819528498,-3.241906344513168
804911,,Slight,3,2,16/12/2011,Friday,16,December,11,14,45,230,A,720,Single carriageway - 3 lanes,40,Roundabout,Give way sign or markings,A,701,Daylight: street lights present,Fine (without high winds),Dry,None,None,No overtaking,327400,666980,2587878,Junction,M.V.N.P.,356654,unset,EH178SG,No crossing facility within 50m or physical crossing facility not controlled by authorised person,No physical crossing facility within 50m,At scene,55.890459133802366,-3.162349697936545
805511,,Slight,1,1,16/12/2011,Friday,16,December,11,17,20,230,A,900,Single carriageway - 2 lanes,30,Crossroads,Automatic Traffic Signal,Unclassified,,Darkness: street lights present and lit,Fine (without high winds),Dry,None,None,No overtaking,326380,674890,520266,Junction,Pedestrian,356655,unset,EH74LU,No crossing facility within 50m or physical crossing facility not controlled by authorised person,Central refuge - no other controls,At scene,55.9613586993583,-3.1808134693813477
805811,,Slight,2,2,16/12/2011,Friday,16,December,11,23,0,230,A,900,Single carriageway - 2 lanes,30,Crossroads,Automatic Traffic Signal,A,199,Darkness: street lights present and lit,Fine (without high winds),Dry,None,None,No overtaking,327280,676420,519259,Junction,T.V.N.P.,356656,unset,EH66PW,No crossing facility within 50m or physical crossing facility not controlled by authorised person,Pedestrian phase at traffic signal junction,At scene,55.97523975551828,-3.166814421914064
806311,,Slight,1,1,14/12/2011,Wednesday,14,December,11,8,10,230,Unclassified,,Single carriageway - 2 lanes,30,'T' or staggered junction,Give way sign or markings,Unclassified,,Daylight: street lights present,Fine (without high winds),Dry,None,None,No overtaking,319370,673200,0,Unset,Pedestrian,356657,unset,EH128SA,No crossing facility within 50m or physical crossing facility not controlled by authorised person,No physical crossing facility within 50m,At scene,55.94505144127247,-3.292561988743413
806411,,Slight,1,1,17/12/2011,Saturday,17,December,11,9,0,230,Unclassified,,Single carriageway - 2 lanes,30,Roundabout,Give way sign or markings,Unclassified,,Daylight: street lights present,Fine (without high winds),Dry,None,None,No overtaking,328950,670140,12240598,Junction,S.V.N.P.,356658,unset,EH177RZ,No crossing facility within 50m or physical crossing facility not controlled by authorised person,No physical crossing facility within 50m,At scene,55.919077027540595,-3.1384042695039724
807111,,Slight,1,1,17/12/2011,Saturday,17,December,11,0,15,230,C,,Single carriageway - 2 lanes,30,'T' or staggered junction,Automatic Traffic Signal,Unclassified,,Darkness: street lights present and lit,Fine (without high winds),Dry,None,None,No overtaking,325510,674080,520560,Junction,Pedestrian,356659,unset,EH22AF,No crossing facility within 50m or physical crossing facility not controlled by authorised person,No physical crossing facility within 50m,At scene,55.95394833920021,-3.1945214692509567
807811,,Slight,2,1,17/12/2011,Saturday,17,December,11,13,30,230,Unclassified,,Single carriageway - 2 lanes,30,Not at or within 20 metres of junction,unset,\,,Daylight: street lights present,Fine (without high winds),Dry,None,None,No overtaking,327350,674380,2106013,Segment,T.V.N.P.,356660,unset,EH75TA,No crossing facility within 50m or physical crossing facility not controlled by authorised person,Pedestrian phase at traffic signal junction,Elsewhere,55.95692531264867,-3.1651420919516617
808311,,Slight,2,1,18/12/2011,Sunday,18,December,11,8,48,230,Unclassified,,Single carriageway - 2 lanes,40,Other junction,Give way sign or markings,Unclassified,,Daylight: no street lighting,Fine (without high winds),Dry,None,None,No overtaking,324510,669040,533005,Junction,T.V.N.P.,356661,unset,EH106HG,No crossing facility within 50m or physical crossing facility not controlled by authorised person,Pedestrian phase at traffic signal junction,At scene,55.90851887176157,-3.2091211641961905
808411,,Serious,1,1,18/12/2011,Sunday,18,December,11,17,0,230,Unclassified,,Single carriageway - 2 lanes,30,Not at or within 20 metres of junction,unset,\,,Darkness: street lights present and lit,Fine (without high winds),Dry,None,None,No overtaking,325000,675210,566978,Segment,Pedestrian,356662,unset,EH35NS,No crossing facility within 50m or physical crossing facility not controlled by authorised person,No physical crossing facility within 50m,Elsewhere,55.96401941784614,-3.2030019037224866