acc_ref,beat_no,severity,no_vehicle,no_casualt,a_date,a_day,a_date_day,a_date_mon,a_date_yr,a_time_hr,a_time_min,loc_auth,road1_class,road1_no,road_type,speed_limi,junc_det,junc_ctrl,road2_class,road2_no,light_cond,weather,road_surf,spec_cond,cway_hzrds,ovrtk_patrn,easting,northing,net_id,net_type,acc_type,text_id,division,Postcode,ped_xing_hc,ped_xing_p,place_reported,latitude,longitude
811111,,Slight,2,1,19/12/2011,Monday,19,December,11,16,15,230,B,701,Single carriageway - 2 lanes,30,'T' or staggered junction,Give way sign or markings,Unclassified,,Darkness: street lights present and lit,Unknown,Dry,None,None,No overtaking,318970,674530,519924,Junction,Cyclist,356663,unset,EH48AY,No crossing facility within 50m or physical crossing facility not controlled by authorised person,Pedestrian phase at traffic signal junction,Elsewhere,55.956930740690844,-3.2993648029409184
811211,,Slight,1,1,19/12/2011,Monday,19,December,11,17,35,230,A,6095,Single carriageway - 2 lanes,30,Not at or within 20 metres of junction,unset,\,,Darkness: street lights present and lit,Fine (without high winds),Dry,None,None,No overtaking,331770,671810,553843,Segment,Pedestrian,356664,unset,EH218RX,No crossing facility within 50m or physical crossing facility not controlled by authorised person,No physical crossing facility within 50m,Elsewhere,55.93448765761143,-3.0937151185461236
812511,,Serious,3,1,20/12/2011,Tuesday,20,December,11,16,50,230,A,900,Single carriageway - 2 lanes,30,'T' or staggered junction,Give way sign or markings,Unclassified,,Darkness: street lights present and lit,Fine (without high winds),Dry,None,None,No overtaking,326590,675170,519873,Junction,M.V.N.P.,356665,unset,EH68SD,No crossing facility within 50m or physical crossing facility not controlled by authorised person,No physical crossing facility within 50m,Elsewhere,55.96390607531007,-3.177526907354614
812911,,Slight,2,2,19/12/2011,Monday,19,December,11,20,0,230,A,6095,Roundabout,30,Roundabout,Give way sign or markings,A,1,Darkness: street lights present and lit,Fine (without high winds),Dry,None,None,No overtaking,331480,671750,4464195,Junction,T.V.N.P.,356666,unset,EH218RX,No crossing facility within 50m or physical crossing facility not controlled by authorised person,No physical crossing facility within 50m,At scene,55.933907372346575,-3.098340859131146
813011,,Slight,2,1,20/12/2011,Tuesday,20,December,11,17,50,230,B,900,Single carriageway - 2 lanes,30,Other junction,Give way sign or markings,Unclassified,,Darkness: street lights present and lit,Unknown,Dry,None,None,No overtaking,323740,674670,520083,Junction,Cyclist,356667,unset,EH41BQ,No crossing facility within 50m or physical crossing facility not controlled by authorised person,No physical crossing facility within 50m,Elsewhere,55.95897011058602,-3.223027677432823
814111,,Slight,1,1,20/12/2011,Tuesday,20,December,11,14,0,230,C,,Single carriageway - 2 lanes,30,Not at or within 20 metres of junction,unset,\,,Daylight: street lights present,Fine (without high winds),Dry,None,None,No overtaking,325180,674160,566768,Segment,Pedestrian,356668,unset,EH21JX,No crossing facility within 50m or physical crossing facility not controlled by authorised person,No physical crossing facility within 50m,Elsewhere,55.954615621276005,-3.1998272949163065
814511,,Slight,1,1,20/12/2011,Tuesday,20,December,11,11,45,230,A,6095,Single carriageway - 2 lanes,30,Not at or within 20 metres of junction,unset,\,,Daylight: street lights present,Fine (without high winds),Dry,None,None,No overtaking,330550,671750,553840,Segment,Pedestrian,356669,unset,EH153HH,No crossing facility within 50m or physical crossing facility not controlled by authorised person,Central refuge - no other controls,At scene,55.93377375831423,-3.113223758493523
815411,,Slight,2,2,21/12/2011,Wednesday,21,December,11,15,0,230,Unclassified,,Single carriageway - 2 lanes,30,'T' or staggered junction,Give way sign or markings,Unclassified,,Daylight: street lights present,Other,Dry,None,None,No overtaking,327410,675060,12239013,Junction,T.V.N.P.,356670,unset,EH76BT,No crossing facility within 50m or physical crossing facility not controlled by authorised person,No physical crossing facility within 50m,At scene,55.96304275432675,-3.164364777037537
815511,,Slight,2,1,21/12/2011,Wednesday,21,December,11,16,45,230,Unclassified,,Single carriageway - 2 lanes,30,'T' or staggered junction,Authorised Person,Unclassified,,Darkness: street lights present and lit,Fine (without high winds),Dry,None,None,No overtaking,329090,673840,523542,Junction,Cyclist,356671,unset,EH87SA,No crossing facility within 50m or physical crossing facility not controlled by authorised person,No physical crossing facility within 50m,Elsewhere,55.95233483018543,-3.1371381930226994
815611,,Slight,2,1,17/12/2011,Saturday,17,December,11,12,40,230,C,,Single carriageway - 2 lanes,30,'T' or staggered junction,Automatic Traffic Signal,Unclassified,,Daylight: no street lighting,Raining (without high winds),Dry,None,None,No overtaking,325630,674290,520572,Junction,T.V.N.P.,356672,unset,EH13EB,No crossing facility within 50m or physical crossing facility not controlled by authorised person,Pedestrian phase at traffic signal junction,At scene,55.95585333982267,-3.192658172276261
816711,,Slight,1,1,21/12/2011,Wednesday,21,December,11,16,30,230,A,702,Single carriageway - 2 lanes,30,Multiple junction,Automatic Traffic Signal,Unclassified,,Darkness: street lights present and lit,Raining (without high winds),Dry,None,None,No overtaking,324720,673650,522381,Junction,Pedestrian,356673,unset,EH12DA,No crossing facility within 50m or physical crossing facility not controlled by authorised person,Pedestrian phase at traffic signal junction,Elsewhere,55.949962471701504,-3.2070498229102564
817411,,Slight,1,1,22/12/2011,Thursday,22,December,11,16,15,230,A,903,Single carriageway - 2 lanes,30,Not at or within 20 metres of junction,unset,\,,Darkness: street lights present and lit,Fine (without high winds),Dry,None,None,No overtaking,324200,676720,559703,Segment,Bus,356674,unset,EH53RG,No crossing facility within 50m or physical crossing facility not controlled by authorised person,No physical crossing facility within 50m,At scene,55.977457544282466,-3.2162394482383134
817611,,Slight,2,2,22/12/2011,Thursday,22,December,11,16,19,230,C,,Single carriageway - 2 lanes,30,'T' or staggered junction,Automatic Traffic Signal,Unclassified,,Darkness: street lights present and lit,Fine (without high winds),Dry,None,None,No overtaking,324230,672740,521838,Junction,T.V.N.P.,356675,unset,EH111AL,No crossing facility within 50m or physical crossing facility not controlled by authorised person,No physical crossing facility within 50m,At scene,55.941711071804264,-3.2146383395364895
818611,,Slight,2,1,17/12/2011,Saturday,17,December,11,3,40,230,A,6095,Single carriageway - 2 lanes,30,Not at or within 20 metres of junction,unset,\,,Darkness: street lights present and lit,Unknown,Dry,Road suface defective,None,No overtaking,328310,671580,553852,Segment,Cyclist,356676,unset,EH165LT,No crossing facility within 50m or physical crossing facility not controlled by authorised person,Pedestrian phase at traffic signal junction,Elsewhere,55.93191745172741,-3.1490250081794775
819611,,Serious,1,1,21/12/2011,Wednesday,21,December,11,8,35,230,C,,Single carriageway - 2 lanes,30,Other junction,Give way sign or markings,Unclassified,,Daylight: street lights present,Fine (without high winds),Dry,None,None,No overtaking,325490,672010,522045,Junction,Pedestrian,356677,unset,EH91AQ,No crossing facility within 50m or physical crossing facility not controlled by authorised person,No physical crossing facility within 50m,Elsewhere,55.935350823100315,-3.194269135745814
819811,,Slight,1,1,24/12/2011,Saturday,24,December,11,9,10,230,Unclassified,,Unknown,30,Not at or within 20 metres of junction,unset,\,,Daylight: no street lighting,Other,Dry,None,None,No overtaking,325220,675960,0,Unset,S.V.N.P.,356678,unset,EH74QY,No crossing facility within 50m or physical crossing facility not controlled by authorised person,No physical crossing facility within 50m,At scene,55.97079083307248,-3.1996870926565557
821811,,Slight,2,2,22/12/2011,Thursday,22,December,11,13,39,230,C,,Single carriageway - 2 lanes,30,Not at or within 20 metres of junction,unset,\,,Daylight: street lights present,Fine (without high winds),Dry,None,None,No overtaking,322290,672130,559260,Segment,Bus,356679,unset,EH112SF,No crossing facility within 50m or physical crossing facility not controlled by authorised person,No physical crossing facility within 50m,At scene,55.93592156903959,-3.2455132927678365
821911,,Slight,1,1,26/12/2011,Monday,26,December,11,13,20,230,B,900,Single carriageway - 2 lanes,30,Other junction,Automatic Traffic Signal,C,,Daylight: street lights present,Fine (without high winds),Dry,None,None,No overtaking,324550,674630,520152,Junction,Pedestrian,356680,unset,EH41LZ,No crossing facility within 50m or physical crossing facility not controlled by authorised person,Pedestrian phase at traffic signal junction,At scene,55.958738864296514,-3.2100460293993933
822611,,Slight,2,3,26/12/2011,Monday,26,December,11,22,0,230,A,772,Single carriageway - 2 lanes,30,Crossroads,Automatic Traffic Signal,B,701,Darkness: street lights present but unlit,Raining with high winds,Dry,Automatic Traffic Signal out,None,No overtaking,329240,668680,530257,Junction,T.V.N.P.,356681,unset,EH178RQ,No crossing facility within 50m or physical crossing facility not controlled by authorised person,No physical crossing facility within 50m,At scene,55.90600457483015,-3.133382415644291
823611,,Slight,2,1,27/12/2011,Tuesday,27,December,11,15,30,230,A,720,Single carriageway - 3 lanes,50,Not at or within 20 metres of junction,unset,\,,Darkness: street lights present and lit,Raining (without high winds),Dry,None,None,No overtaking,317760,671430,9657470,Segment,T.V.N.P.,356682,unset,EH129DF,No crossing facility within 50m or physical crossing facility not controlled by authorised person,No physical crossing facility within 50m,At scene,55.92887950895184,-3.317792455349564
824111,,Slight,2,2,27/12/2011,Tuesday,27,December,11,15,10,230,Unclassified,,Single carriageway - 2 lanes,30,'T' or staggered junction,Automatic Traffic Signal,C,,Daylight: no street lighting,Fine (without high winds),Dry,None,None,No overtaking,325530,674090,520563,Junction,Bus,356683,unset,EH22AF,No crossing facility within 50m or physical crossing facility not controlled by authorised person,Pedestrian phase at traffic signal junction,At scene,55.95404127138329,-3.194204017069356
824211,,Slight,2,1,28/11/2011,Monday,28,November,11,17,2,230,A,71,Single carriageway - 2 lanes,30,Using private drive or entrance,Automatic Traffic Signal,Unclassified,,Daylight: no street lighting,Fine (without high winds),Dry,None,None,No overtaking,321930,671660,549737,Segment,Cyclist,351583,unset,EH113AL,No crossing facility within 50m or physical crossing facility not controlled by authorised person,Pedestrian phase at traffic signal junction,At scene,55.93164134043048,-3.2511383178766065
824411,,Slight,1,1,25/12/2011,Sunday,25,December,11,11,50,230,B,900,Single carriageway - 2 lanes,30,Not at or within 20 metres of junction,unset,\,,Daylight: street lights present,Raining with high winds,Dry,None,None,No overtaking,323340,674560,554168,Segment,S.V.N.P.,356684,unset,EH42DL,No crossing facility within 50m or physical crossing facility not controlled by authorised person,No physical crossing facility within 50m,At scene,55.95791827233735,-3.2294014621908462
824511,,Slight,1,1,28/12/2011,Wednesday,28,December,11,13,45,230,Unclassified,,Single carriageway - 2 lanes,30,Not at or within 20 metres of junction,unset,\,,Daylight: street lights present,Raining with high winds,Dry,None,None,No overtaking,327740,671140,568084,Segment,Pedestrian,356685,unset,EH165UF,No crossing facility within 50m or physical crossing facility not controlled by authorised person,Central refuge - no other controls,At scene,55.92787952582138,-3.1580282509577327
825311,,Slight,1,1,24/12/2011,Saturday,24,December,11,21,40,230,A,8000,Roundabout,30,Roundabout,Give way sign or markings,Unclassified,,Darkness: street lights present and lit,Fine (without high winds),Dry,None,None,No overtaking,312960,677560,10292784,Junction,S.V.N.P.,356686,unset,EH309YA,No crossing facility within 50m or physical crossing facility not controlled by authorised person,"Pelican, puffin, toucan or similar non-junction pedestrian light crossing",At scene,55.98309397587967,-3.396571109010518
825411,,Slight,1,1,28/12/2011,Wednesday,28,December,11,22,35,230,Unclassified,,Single carriageway - 2 lanes,30,Not at or within 20 metres of junction,unset,\,,Daylight: no street lighting,Fine (without high winds),Dry,None,None,No overtaking,325990,673790,10293588,Segment,Pedestrian,356687,unset,EH11DH,No crossing facility within 50m or physical crossing facility not controlled by authorised person,No physical crossing facility within 50m,At scene,55.95141759326791,-3.1867564971190108
825511,,Serious,1,1,28/12/2011,Wednesday,28,December,11,4,30,230,A,71,Single carriageway - 2 lanes,50,Not at or within 20 metres of junction,unset,\,,Darkness: no street lighting,Raining with high winds,Dry,None,None,No overtaking,313810,668860,549671,Segment,S.V.N.P.,356688,unset,EH278EB,No crossing facility within 50m or physical crossing facility not controlled by authorised person,No physical crossing facility within 50m,At scene,55.9051028443216,-3.3801697279509666
826911,,Serious,1,2,29/12/2011,Thursday,29,December,11,15,10,230,Unclassified,,Single carriageway - 2 lanes,60,Not at or within 20 metres of junction,unset,\,,Daylight: no street lighting,Fine (without high winds),Dry,None,None,No overtaking,316420,675960,0,Unset,S.V.N.P.,356689,unset,EH309TN,No crossing facility within 50m or physical crossing facility not controlled by authorised person,No physical crossing facility within 50m,At scene,55.96933804320249,-3.34063769177065
827411,,Slight,1,1,30/12/2011,Friday,30,December,11,7,15,230,Unclassified,,Single carriageway - 2 lanes,60,Not at or within 20 metres of junction,unset,\,,Darkness: no street lighting,Other,Dry,None,None,No overtaking,313280,674970,0,Unset,S.V.N.P.,356690,unset,EH299EQ,No crossing facility within 50m or physical crossing facility not controlled by authorised person,No physical crossing facility within 50m,At scene,55.95988839560433,-3.390609162623107
828011,,Serious,1,1,30/12/2011,Friday,30,December,11,13,35,230,A,8,Single carriageway - 2 lanes,30,'T' or staggered junction,Automatic Traffic Signal,Unclassified,,Daylight: street lights present,Fog (or mist if hazard),Dry,None,None,No overtaking,319840,672950,521703,Junction,Pedestrian,356691,unset,EH127SL,No crossing facility within 50m or physical crossing facility not controlled by authorised person,No physical crossing facility within 50m,At scene,55.942884523432056,-3.2849644653058285
828211,,Slight,2,1,30/12/2011,Friday,30,December,11,14,40,230,Unclassified,,Single carriageway - 2 lanes,30,'T' or staggered junction,Give way sign or markings,Unclassified,,Daylight: street lights present,Raining (without high winds),Dry,None,None,No overtaking,326500,672680,522462,Junction,Cyclist,356692,unset,EH89RB,No crossing facility within 50m or physical crossing facility not controlled by authorised person,"Pelican, puffin, toucan or similar non-junction pedestrian light crossing",At scene,55.941525003536334,-3.17828851968807
828311,,Slight,1,1,30/12/2011,Friday,30,December,11,12,15,230,A,1140,Single carriageway - 2 lanes,30,Other junction,Give way sign or markings,Unclassified,,Daylight: street lights present,Raining (without high winds),Dry,None,None,No overtaking,328400,674160,523371,Junction,Pedestrian,356693,unset,EH87AY,No crossing facility within 50m or physical crossing facility not controlled by authorised person,No physical crossing facility within 50m,Elsewhere,55.95510691183723,-3.148270560792278
828911,,Serious,1,1,31/12/2011,Saturday,31,December,11,4,28,230,A,900,Dual carriageway - 2 lanes,30,'T' or staggered junction,Give way sign or markings,Unclassified,,Darkness: street lights present and lit,Fine with high winds,Dry,None,None,No overtaking,326360,674840,520263,Junction,Pedestrian,356694,unset,EH74AQ,No crossing facility within 50m or physical crossing facility not controlled by authorised person,Central refuge - no other controls,At scene,55.960906488303316,-3.1811200675630995
112,,Serious,1,1,01/01/2012,Sunday,1,January,12,2,0,230,Unclassified,,Single carriageway - 2 lanes,60,Not at or within 20 metres of junction,unset,\,,Darkness: no street lighting,Raining (without high winds),Dry,None,None,No overtaking,314360,676710,0,Unset,S.V.N.P.,354345,unset,EH309UA,No crossing facility within 50m or physical crossing facility not controlled by authorised person,No physical crossing facility within 50m,At scene,55.975711286878486,-3.3738698217447447
1612,,Slight,2,1,01/01/2012,Sunday,1,January,12,18,30,230,C,,Single carriageway - 2 lanes,30,Not at or within 20 metres of junction,unset,\,,Darkness: street lights present and lit,Fog (or mist if hazard),Dry,None,None,No overtaking,322870,676760,559676,Segment,T.V.N.P.,354346,unset,EH51LT,No crossing facility within 50m or physical crossing facility not controlled by authorised person,No physical crossing facility within 50m,At scene,55.97760473886576,-3.237558039024466
1712,,Slight,2,2,01/01/2012,Sunday,1,January,12,17,30,230,C,,Single carriageway - 2 lanes,30,Crossroads,Automatic Traffic Signal,Unclassified,,Darkness: street lights present and lit,Fine (without high winds),Dry,None,None,No overtaking,322590,670360,529981,Junction,T.V.N.P.,354347,unset,EH141DW,No crossing facility within 50m or physical crossing facility not controlled by authorised person,Pedestrian phase at traffic signal junction,At scene,55.92007068124281,-3.240204271734889
2212,,Slight,2,1,31/12/2012,Monday,31,December,12,20,40,230,Unclassified,,Single carriageway - 2 lanes,30,'T' or staggered junction,Give way sign or markings,Unclassified,,Darkness: street lights present and lit,Fine (without high winds),Dry,None,None,No overtaking,320170,670110,0,Unset,Bus,363498,unset,EH142QE,No crossing facility within 50m or physical crossing facility not controlled by authorised person,No physical crossing facility within 50m,At scene,55.91742908918994,-3.2788417873351494
2312,,Slight,3,1,31/12/2012,Monday,31,December,12,18,0,230,A,720,Dual carriageway - 2 lanes,70,Not at or within 20 metres of junction,unset,\,,Darkness: no street lighting,Fine (without high winds),Dry,None,None,No overtaking,331550,667910,2579296,Segment,M.V.N.P.,363499,unset,EH221RT,No crossing facility within 50m or physical crossing facility not controlled by authorised person,No physical crossing facility within 50m,At scene,55.899422040081944,-3.096246482131771
2712,,Slight,2,1,02/01/2012,Monday,2,January,12,11,54,230,A,720,Dual carriageway - 2 lanes,70,Not at or within 20 metres of junction,unset,\,,Daylight: no street lighting,Fine (without high winds),Dry,None,None,No overtaking,326540,667070,2588155,Segment,T.V.N.P.,354348,unset,EH209NR,No crossing facility within 50m or physical crossing facility not controlled by authorised person,No physical crossing facility within 50m,At scene,55.891137021926056,-3.176121156391062
3312,,Slight,2,1,02/01/2012,Monday,2,January,12,18,40,230,Unclassified,,Single carriageway - 2 lanes,30,'T' or staggered junction,Give way sign or markings,Unclassified,,Daylight: no street lighting,Raining (without high winds),Dry,None,None,No overtaking,326500,672680,522462,Junction,T.V.N.P.,354349,unset,EH89RB,No crossing facility within 50m or physical crossing facility not controlled by authorised person,No physical crossing facility within 50m,At scene,55.941525003536334,-3.17828851968807
3412,,Slight,1,1,03/01/2012,Tuesday,3,January,12,4,25,230,A,720,Dual carriageway - 2 lanes,70,Not at or within 20 metres of junction,unset,\,,Daylight: no street lighting,Raining (without high winds),Dry,None,None,No overtaking,318920,669960,2579027,Segment,S.V.N.P.,354350,unset,EH142SR,No crossing facility within 50m or physical crossing facility not controlled by authorised person,No physical crossing facility within 50m,At scene,55.915872448470566,-3.298790781417369
3612,,Serious,1,1,31/12/2012,Monday,31,December,12,17,43,230,A,8,Single carriageway - 2 lanes,30,Not at or within 20 metres of junction,unset,\,,Daylight: no street lighting,Fine (without high winds),Dry,None,None,No overtaking,325820,673990,517891,Junction,Pedestrian,363500,unset,EH22EJ,No crossing facility within 50m or physical crossing facility not controlled by authorised person,No physical crossing facility within 50m,At scene,55.95318790843716,-3.18953328121819
3912,,Slight,1,1,03/01/2012,Tuesday,3,January,12,9,0,230,A,720,Dual carriageway - 2 lanes,70,Slip road,Give way sign or markings,A,720,Daylight: no street lighting,Raining with high winds,Dry,None,None,No overtaking,318780,670130,2581994,Junction,S.V.N.P.,354351,unset,EH142SR,No crossing facility within 50m or physical crossing facility not controlled by authorised person,No physical crossing facility within 50m,At scene,55.91737583207496,-3.301081179277123
4012,,Slight,2,1,03/01/2012,Tuesday,3,January,12,9,0,230,Unclassified,,Single carriageway - 3 lanes,40,Not at or within 20 metres of junction,unset,\,,Daylight: street lights present,Fine with high winds,Dry,None,None,No overtaking,312460,672770,0,Unset,T.V.N.P.,354352,unset,EH288SY,No crossing facility within 50m or physical crossing facility not controlled by authorised person,No physical crossing facility within 50m,At scene,55.93997898375371,-3.4030240623442842
5512,,Slight,2,2,01/01/2012,Sunday,1,January,12,3,30,230,C,,Single carriageway - 2 lanes,30,Crossroads,Automatic Traffic Signal,C,,Darkness: no street lighting,Raining (without high winds),Dry,None,None,No overtaking,325290,674200,520521,Junction,Cyclist,354353,unset,EH21JX,No crossing facility within 50m or physical crossing facility not controlled by authorised person,"Pelican, puffin, toucan or similar non-junction pedestrian light crossing",At scene,55.954992071465036,-3.198077167268585
5812,,Slight,3,1,03/01/2012,Tuesday,3,January,12,14,20,230,Motorway,8,Dual carriageway - 2 lanes,70,Not at or within 20 metres of junction,unset,\,,Daylight: street lights present,Raining with high winds,Dry,None,None,No overtaking,312350,671220,6452164,Segment,M.V.N.P.,354354,unset,EH288LZ,No crossing facility within 50m or physical crossing facility not controlled by authorised person,No physical crossing facility within 50m,At scene,55.92603670027298,-3.4042806507923062
6212,,Slight,1,1,04/01/2012,Wednesday,4,January,12,15,45,230,C,,Single carriageway - 2 lanes,30,Not at or within 20 metres of junction,unset,\,,Daylight: street lights present,Raining (without high winds),Dry,None,None,No overtaking,325440,674060,566552,Segment,Pedestrian,354355,unset,EH22PF,No crossing facility within 50m or physical crossing facility not controlled by authorised person,No physical crossing facility within 50m,Elsewhere,55.95375781201855,-3.195636693925284
8312,,Fatal,3,1,05/01/2012,Thursday,5,January,12,7,45,230,A,70,Single carriageway - 2 lanes,40,'T' or staggered junction,Give way sign or markings,Unclassified,,Darkness: street lights present and lit,Fine (without high winds),Dry,None,None,No overtaking,321410,670190,529969,Junction,Cyclist,354356,unset,EH142LU,No crossing facility within 50m or physical crossing facility not controlled by authorised person,Central refuge - no other controls,At scene,55.91835208637643,-3.2590307226251376
8512,,Slight,2,1,05/01/2012,Thursday,5,January,12,18,10,230,Unclassified,,Single carriageway - 2 lanes,30,Crossroads,Give way sign or markings,Unclassified,,Darkness: street lights present and lit,Fine (without high winds),Dry,None,None,No overtaking,325940,676190,519232,Junction,Cyclist,354357,unset,EH64BT,No crossing facility within 50m or physical crossing facility not controlled by authorised person,Central refuge - no other controls,Elsewhere,55.97296860753887,-3.188217551643984
8612,,Serious,2,1,05/01/2012,Thursday,5,January,12,2,7,230,Unclassified,,Single carriageway - 2 lanes,30,Crossroads,Give way sign or markings,Unclassified,,Darkness: street lights present and lit,Other,Dry,None,None,No overtaking,323170,668670,0,Unset,T.V.N.P.,354358,unset,EH139QG,No crossing facility within 50m or physical crossing facility not controlled by authorised person,No physical crossing facility within 50m,At scene,55.90498295088314,-3.2304451739098616
9712,,Slight,1,2,05/01/2012,Thursday,5,January,12,12,45,230,A,8,One way Street,30,Crossroads,Automatic Traffic Signal,Unclassified,,Daylight: street lights present,Fine (without high winds),Dry,None,None,No overtaking,324110,673230,521340,Junction,Pedestrian,354359,unset,EH112BQ,No crossing facility within 50m or physical crossing facility not controlled by authorised person,Pedestrian phase at traffic signal junction,Elsewhere,55.94609365840945,-3.2166970589610235
10812,,Slight,2,1,06/01/2012,Friday,6,January,12,21,28,230,Unclassified,,Single carriageway - 2 lanes,30,'T' or staggered junction,Give way sign or markings,Unclassified,,Darkness: street lights present and lit,Fine (without high winds),Dry,None,None,No overtaking,322570,675720,0,Unset,Cyclist,354360,unset,EH44BB,No crossing facility within 50m or physical crossing facility not controlled by authorised person,No physical crossing facility within 50m,At scene,55.96821447392147,-3.2420647111193466
11112,,Slight,1,1,08/01/2012,Sunday,8,January,12,2,15,230,A,7,Single carriageway - 2 lanes,30,Other junction,Automatic Traffic Signal,C,,Darkness: street lights present and lit,Fine (without high winds),Dry,None,None,No overtaking,325940,673630,521103,Junction,Pedestrian,354361,unset,EH11RU,No crossing facility within 50m or physical crossing facility not controlled by authorised person,"Pelican, puffin, toucan or similar non-junction pedestrian light crossing",At scene,55.949972628294695,-3.187512987400018
14412,,Slight,2,1,09/01/2012,Monday,9,January,12,13,25,230,A,702,Single carriageway - 2 lanes,30,Multiple junction,Give way sign or markings,Unclassified,,Daylight: street lights present,Fine (without high winds),Dry,None,None,No overtaking,324860,672520,533317,Junction,Cyclist,354362,unset,EH104HW,No crossing facility within 50m or physical crossing facility not controlled by authorised person,"Pelican, puffin, toucan or similar non-junction pedestrian light crossing",At scene,55.939833876436374,-3.204493338127216
15812,,Slight,2,1,10/01/2012,Tuesday,10,January,12,10,15,230,A,71,Roundabout,40,Roundabout,Automatic Traffic Signal,A,71,Daylight: no street lighting,Fine (without high winds),Dry,None,None,No overtaking,318520,670340,2307039,Junction,T.V.N.P.,354363,unset,EH144AW,Control by other authorised person,Pedestrian phase at traffic signal junction,At scene,55.91921813911078,-3.3053033260178686
15912,,Serious,4,3,10/01/2012,Tuesday,10,January,12,8,10,230,A,701,Single carriageway - 2 lanes,30,Crossroads,Automatic Traffic Signal,B,701,Daylight: street lights present,Fine (without high winds),Dry,None,None,No overtaking,327380,668060,530284,Junction,M.V.N.P.,354364,unset,EH178AF,No crossing facility within 50m or physical crossing facility not controlled by authorised person,Pedestrian phase at traffic signal junction,At scene,55.90015773535158,-3.162959646607707
16112,,Slight,1,1,30/12/2012,Sunday,30,December,12,3,28,230,A,7,Single carriageway - 2 lanes,30,Other junction,Give way sign or markings,Unclassified,,Darkness: street lights present and lit,Fine (without high winds),Dry,None,None,No overtaking,326080,673210,521583,Junction,Pedestrian,363501,unset,EH89DH,No crossing facility within 50m or physical crossing facility not controlled by authorised person,"Pelican, puffin, toucan or similar non-junction pedestrian light crossing",At scene,55.946221422316356,-3.1851564052763113
17612,,Slight,2,2,09/01/2012,Monday,9,January,12,16,0,230,A,701,Single carriageway - 2 lanes,30,Not at or within 20 metres of junction,unset,\,,Daylight: street lights present,Fine (without high winds),Dry,None,None,No overtaking,327200,668530,570773,Segment,T.V.N.P.,354365,unset,EH166PG,No crossing facility within 50m or physical crossing facility not controlled by authorised person,No physical crossing facility within 50m,Elsewhere,55.90435250713692,-3.165964332491045
18712,,Serious,1,1,09/01/2012,Monday,9,January,12,11,10,230,A,7,Single carriageway - 2 lanes,30,Other junction,Automatic Traffic Signal,Unclassified,,Daylight: street lights present,Fine (without high winds),Dry,None,None,No overtaking,326000,673410,521589,Junction,Bus,354366,unset,EH89AA,No crossing facility within 50m or physical crossing facility not controlled by authorised person,Pedestrian phase at traffic signal junction,At scene,55.948005661496076,-3.186491976632359
19912,,Slight,1,1,11/01/2012,Wednesday,11,January,12,16,4,230,A,904,Roundabout,30,Roundabout,Automatic Traffic Signal,Unclassified,,Daylight: no street lighting,Fine (without high winds),Dry,None,None,No overtaking,312470,677710,533311,Junction,Pedestrian,354367,unset,EH309XS,No crossing facility within 50m or physical crossing facility not controlled by authorised person,Pedestrian phase at traffic signal junction,At scene,55.9843520714988,-3.4044705546475837
20012,,Slight,1,1,11/01/2012,Wednesday,11,January,12,18,20,230,Unclassified,,Single carriageway - 2 lanes,30,'T' or staggered junction,Give way sign or markings,Unclassified,,Darkness: street lights present and lit,Fine (without high winds),Dry,None,None,No overtaking,328810,674760,523326,Junction,Bus,354368,unset,EH76NA,No crossing facility within 50m or physical crossing facility not controlled by authorised person,No physical crossing facility within 50m,Elsewhere,55.960557693825415,-3.141864476482289
20212,,Serious,3,1,11/01/2012,Wednesday,11,January,12,17,50,230,A,8,Dual carriageway - 2 lanes,40,Not at or within 20 metres of junction,unset,\,,Darkness: street lights present and lit,Fine (without high winds),Dry,None,None,No overtaking,316830,672410,550809,Segment,M.V.N.P.,354369,unset,EH129BH,No crossing facility within 50m or physical crossing facility not controlled by authorised person,No physical crossing facility within 50m,At scene,55.937522096949316,-3.3329745073922195
20412,,Slight,1,1,11/01/2012,Wednesday,11,January,12,14,50,230,Unclassified,,Single carriageway - 2 lanes,30,Other junction,Give way sign or markings,Unclassified,,Daylight: street lights present,Fine (without high winds),Dry,None,None,No overtaking,319220,672360,0,Unset,Pedestrian,354370,unset,EH127RL,No crossing facility within 50m or physical crossing facility not controlled by authorised person,No physical crossing facility within 50m,At scene,55.937480950130066,-3.294711178900725
20812,,Slight,1,1,11/01/2012,Wednesday,11,January,12,9,15,230,A,199,Single carriageway - 2 lanes,30,Not at or within 20 metres of junction,unset,\,,Daylight: street lights present,Fine (without high winds),Dry,None,None,No overtaking,327180,676510,519046,Junction,Pedestrian,354371,unset,EH66PR,No crossing facility within 50m or physical crossing facility not controlled by authorised person,No physical crossing facility within 50m,At scene,55.976033034202196,-3.1684407853426317
21512,,Slight,2,1,12/01/2012,Thursday,12,January,12,14,0,230,Unclassified,,Single carriageway - 2 lanes,30,Other junction,Give way sign or markings,Unclassified,,Daylight: no street lighting,Fine (without high winds),Dry,None,None,No overtaking,326810,674070,520701,Junction,T.V.N.P.,354372,unset,EH88DX,No crossing facility within 50m or physical crossing facility not controlled by authorised person,No physical crossing facility within 50m,Elsewhere,55.954058555662634,-3.173704431742484