acc_ref,beat_no,severity,no_vehicle,no_casualt,a_date,a_day,a_date_day,a_date_mon,a_date_yr,a_time_hr,a_time_min,loc_auth,road1_class,road1_no,road_type,speed_limi,junc_det,junc_ctrl,road2_class,road2_no,light_cond,weather,road_surf,spec_cond,cway_hzrds,ovrtk_patrn,easting,northing,net_id,net_type,acc_type,text_id,division,Postcode,ped_xing_hc,ped_xing_p,place_reported,latitude,longitude
113512,,Slight,1,1,23/02/2012,Thursday,23,February,12,15,35,230,Unclassified,,Single carriageway - 2 lanes,30,Not at or within 20 metres of junction,unset,\,,Daylight: street lights present,Fine (without high winds),Dry,None,None,No overtaking,328980,673980,558023,Segment,Pedestrian,356849,unset,EH87RY,No crossing facility within 50m or physical crossing facility not controlled by authorised person,Pedestrian phase at traffic signal junction,At scene,55.95357617852667,-3.1389362870787125
113612,,Slight,1,1,23/02/2012,Thursday,23,February,12,16,20,230,C,,Single carriageway - 2 lanes,30,'T' or staggered junction,Automatic Traffic Signal,Unclassified,,Daylight: street lights present,Fine (without high winds),Dry,None,None,No overtaking,325780,674340,520593,Junction,Pedestrian,356850,unset,EH13HU,No crossing facility within 50m or physical crossing facility not controlled by authorised person,Pedestrian phase at traffic signal junction,At scene,55.95632570574588,-3.1902702000383316
115112,,Slight,2,1,24/02/2012,Friday,24,February,12,14,45,230,Unclassified,,Single carriageway - 2 lanes,30,Not at or within 20 metres of junction,unset,\,,Daylight: street lights present,Fine (without high winds),Dry,None,None,No overtaking,326860,675700,558446,Segment,T.V.N.P.,356851,unset,EH68NP,No crossing facility within 50m or physical crossing facility not controlled by authorised person,Pedestrian phase at traffic signal junction,Elsewhere,55.96870822853752,-3.1733469208335454
116012,,Slight,2,1,24/02/2012,Friday,24,February,12,17,55,230,A,70,Single carriageway - 2 lanes,30,Multiple junction,Automatic Traffic Signal,Unclassified,,Darkness: street lights present and lit,Fine (without high winds),Dry,None,None,No overtaking,323030,671920,522270,Junction,Cyclist,356852,unset,EH111QU,No crossing facility within 50m or physical crossing facility not controlled by authorised person,"Pelican, puffin, toucan or similar non-junction pedestrian light crossing",At scene,55.93415438372669,-3.233610936184445
116812,,Slight,1,1,25/02/2012,Saturday,25,February,12,19,38,230,Unclassified,,Single carriageway - 2 lanes,30,Roundabout,Give way sign or markings,Unclassified,,Daylight: street lights present,Fine (without high winds),Dry,None,None,No overtaking,326990,672680,533200,Junction,Cyclist,356853,unset,EH87AT,No crossing facility within 50m or physical crossing facility not controlled by authorised person,No physical crossing facility within 50m,At scene,55.941599773821494,-3.1704456190970487
116912,,Slight,2,1,24/02/2012,Friday,24,February,12,16,0,230,C,,Single carriageway - 2 lanes,30,Crossroads,Automatic Traffic Signal,Unclassified,,Daylight: street lights present,Raining (without high winds),Dry,None,None,No overtaking,330150,673480,523662,Junction,Cyclist,356854,unset,EH151JN,No crossing facility within 50m or physical crossing facility not controlled by authorised person,Pedestrian phase at traffic signal junction,At scene,55.949256411370264,-3.1200735077885353
117312,,Slight,2,2,26/02/2012,Sunday,26,February,12,1,55,230,Unclassified,,Single carriageway - 2 lanes,30,Other junction,Give way sign or markings,Unclassified,,Darkness: street lights present and lit,Fine (without high winds),Dry,None,None,No overtaking,322070,675480,12233427,Junction,T.V.N.P.,356855,unset,EH42QH,No crossing facility within 50m or physical crossing facility not controlled by authorised person,Pedestrian phase at traffic signal junction,At scene,55.965977674819456,-3.250003427292773
118912,,Slight,1,1,23/02/2012,Thursday,23,February,12,11,45,230,C,,One way Street,30,'T' or staggered junction,Automatic Traffic Signal,Unclassified,,Daylight: street lights present,Raining (without high winds),Dry,None,None,No overtaking,325530,674080,520560,Junction,Pedestrian,356856,unset,EH22AF,No crossing facility within 50m or physical crossing facility not controlled by authorised person,Pedestrian phase at traffic signal junction,At scene,55.9539514434364,-3.1942012509642903
119112,,Slight,3,1,23/02/2012,Thursday,23,February,12,11,50,230,A,903,Single carriageway - 2 lanes,30,'T' or staggered junction,Give way sign or markings,Unclassified,,Daylight: street lights present,Fine (without high winds),Dry,None,None,No overtaking,324290,676170,519166,Junction,M.V.N.P.,356857,unset,EH53QS,No crossing facility within 50m or physical crossing facility not controlled by authorised person,No physical crossing facility within 50m,At scene,55.97253128170266,-3.2146427322449562
120712,,Slight,2,1,27/02/2012,Monday,27,February,12,8,5,230,A,720,One way Street,70,Roundabout,Give way sign or markings,A,702,Daylight: no street lighting,Fine (without high winds),Dry,None,None,No overtaking,324810,667700,522507,Junction,T.V.N.P.,356858,unset,EH107DUA,No crossing facility within 50m or physical crossing facility not controlled by authorised person,No physical crossing facility within 50m,Elsewhere,55.89652888976455,-3.203950506496113
122612,,Slight,2,1,27/02/2012,Monday,27,February,12,19,30,230,A,71,Roundabout,30,Roundabout,Give way sign or markings,Unclassified,,Darkness: street lights present and lit,Fine (without high winds),Dry,None,None,No overtaking,319400,670700,529645,Junction,Cyclist,356859,unset,EH114HD,No crossing facility within 50m or physical crossing facility not controlled by authorised person,No physical crossing facility within 50m,Elsewhere,55.92260024803613,-3.291334388496199
122712,,Slight,1,1,22/02/2012,Wednesday,22,February,12,8,35,230,Unclassified,,Single carriageway - 2 lanes,30,'T' or staggered junction,Give way sign or markings,Unclassified,,Daylight: street lights present,Fine (without high winds),Dry,None,None,No overtaking,319690,669030,0,Unset,Pedestrian,338145,unset,EH143EE,No crossing facility within 50m or physical crossing facility not controlled by authorised person,No physical crossing facility within 50m,Elsewhere,55.90764796852661,-3.2861982528545637
123312,,Slight,2,1,27/02/2012,Monday,27,February,12,17,30,230,Unclassified,,One way Street,30,'T' or staggered junction,Give way sign or markings,Unclassified,,Darkness: street lights present and lit,Unknown,Dry,None,None,No overtaking,325510,674190,520569,Junction,Cyclist,356860,unset,EH21AW,No crossing facility within 50m or physical crossing facility not controlled by authorised person,No physical crossing facility within 50m,Elsewhere,55.954936446423794,-3.1945519054249885
123412,,Serious,2,1,29/02/2012,Wednesday,29,February,12,8,20,230,A,8,Dual carriageway - 2 lanes,40,Not at or within 20 metres of junction,unset,\,,Daylight: street lights present,Fine (without high winds),Dry,None,None,No overtaking,317980,672720,550637,Segment,Cyclist,356861,unset,EH128LU,No crossing facility within 50m or physical crossing facility not controlled by authorised person,Central refuge - no other controls,At scene,55.940504430440754,-3.314664955637877
123512,,Serious,2,1,25/02/2012,Saturday,25,February,12,18,50,230,Unclassified,,Single carriageway - 2 lanes,30,Crossroads,Give way sign or markings,Unclassified,,Darkness: street lights present and lit,Fine (without high winds),Dry,None,None,No overtaking,326620,672030,522105,Junction,Cyclist,356862,unset,EH91SZ,No crossing facility within 50m or physical crossing facility not controlled by authorised person,"Pelican, puffin, toucan or similar non-junction pedestrian light crossing",At scene,55.93570449173065,-3.176190815716454
126512,,Slight,2,1,01/03/2012,Thursday,1,March,12,11,40,230,A,1,Single carriageway - 2 lanes,30,Crossroads,Automatic Traffic Signal,Unclassified,,Daylight: street lights present,Fine (without high winds),Dry,None,None,No overtaking,330020,672780,532591,Junction,T.V.N.P.,354624,unset,EH151LD,No crossing facility within 50m or physical crossing facility not controlled by authorised person,"Pelican, puffin, toucan or similar non-junction pedestrian light crossing",At scene,55.94294934727604,-3.1219728473006447
126612,,Slight,2,1,29/02/2012,Wednesday,29,February,12,20,10,230,C,,Roundabout,30,Roundabout,Give way sign or markings,C,,Darkness: street lights present and lit,Fine (without high winds),Dry,None,None,No overtaking,326020,674350,520653,Junction,Cyclist,356863,unset,EH13JT,No crossing facility within 50m or physical crossing facility not controlled by authorised person,No physical crossing facility within 50m,At scene,55.95645259831874,-3.186430083383508
127512,,Slight,2,1,01/03/2012,Thursday,1,March,12,18,40,230,Unclassified,,Single carriageway - 2 lanes,30,Other junction,Automatic Traffic Signal,Unclassified,,Darkness: street lights present and lit,Fine (without high winds),Dry,None,None,No overtaking,327250,671740,530389,Junction,Cyclist,354625,unset,EH165DT,No crossing facility within 50m or physical crossing facility not controlled by authorised person,Pedestrian phase at traffic signal junction,At scene,55.933195310058835,-3.1660303133250203
128312,,Slight,2,1,02/03/2012,Friday,2,March,12,12,25,230,A,1,Single carriageway - 2 lanes,30,Not at or within 20 metres of junction,unset,\,,Daylight: no street lighting,Raining (without high winds),Dry,None,None,No overtaking,326970,674390,2106022,Segment,T.V.N.P.,354626,unset,EH75DJ,No crossing facility within 50m or physical crossing facility not controlled by authorised person,No physical crossing facility within 50m,At scene,55.95695745105103,-3.171229472124081
128712,,Serious,2,2,01/03/2012,Thursday,1,March,12,18,15,230,Unclassified,,Single carriageway - 2 lanes,30,Not at or within 20 metres of junction,unset,\,,Darkness: street lights present and lit,Fine (without high winds),Dry,Road works present,Other object in carriageway,No overtaking,326570,674090,0,Unset,T.V.N.P.,354627,unset,EH75BN,No crossing facility within 50m or physical crossing facility not controlled by authorised person,No physical crossing facility within 50m,At scene,55.95420154589522,-3.1775525412609236
129112,,Slight,2,1,02/03/2012,Friday,2,March,12,11,25,230,A,900,Single carriageway - 2 lanes,30,Other junction,Give way sign or markings,Unclassified,,Daylight: no street lighting,Raining (without high winds),Dry,None,None,No overtaking,326740,675480,519888,Junction,Cyclist,354628,unset,EH65EQ,No crossing facility within 50m or physical crossing facility not controlled by authorised person,No physical crossing facility within 50m,At scene,55.96671368864566,-3.1752090561019335
129312,,Slight,2,1,02/03/2012,Friday,2,March,12,17,35,230,C,,Roundabout,30,Roundabout,Give way sign or markings,C,,Daylight: street lights present,Fine (without high winds),Dry,None,None,No overtaking,325730,674670,520206,Junction,Cyclist,354629,unset,EH36LX,No crossing facility within 50m or physical crossing facility not controlled by authorised person,No physical crossing facility within 50m,At scene,55.95928229264727,-3.19116185443476
129712,,Slight,1,1,03/03/2012,Saturday,3,March,12,1,40,230,A,702,Single carriageway - 2 lanes,30,Other junction,Give way sign or markings,A,702,Darkness: street lights present and lit,Fine (without high winds),Dry,None,None,No overtaking,324920,672910,533356,Junction,Pedestrian,354630,unset,EH39LY,No crossing facility within 50m or physical crossing facility not controlled by authorised person,No physical crossing facility within 50m,At scene,55.94334654784504,-3.2036417108432693
131312,,Slight,2,1,02/03/2012,Friday,2,March,12,17,0,230,Unclassified,,Single carriageway - 2 lanes,30,Not at or within 20 metres of junction,unset,\,,Daylight: street lights present,Fine (without high winds),Dry,None,None,No overtaking,322140,671320,559177,Segment,Bus,354631,unset,EH141RL,No crossing facility within 50m or physical crossing facility not controlled by authorised person,No physical crossing facility within 50m,At scene,55.9286213278805,-3.247679852034872
131412,,Slight,1,1,03/03/2012,Saturday,3,March,12,23,45,230,C,,Single carriageway - 2 lanes,30,Not at or within 20 metres of junction,unset,\,,Darkness: street lights present and lit,Fine (without high winds),Dry,None,None,No overtaking,325340,674210,566762,Segment,S.V.N.P.,354632,unset,EH21JE,No crossing facility within 50m or physical crossing facility not controlled by authorised person,No physical crossing facility within 50m,Elsewhere,55.95508968151638,-3.1972793742685153
132112,,Slight,1,1,03/03/2012,Saturday,3,March,12,15,0,230,Unclassified,,Dual carriageway - 2 lanes,30,Not at or within 20 metres of junction,unset,\,,Daylight: street lights present,Unknown,Dry,None,None,No overtaking,321010,676250,557325,Segment,Pedestrian,354633,unset,EH44SY,No crossing facility within 50m or physical crossing facility not controlled by authorised person,No physical crossing facility within 50m,At scene,55.972720840987215,-3.26720593022765
134212,,Fatal,2,1,05/03/2012,Monday,5,March,12,9,9,230,A,8,Single carriageway - 2 lanes,30,Not at or within 20 metres of junction,unset,\,,Daylight: street lights present,Fine (without high winds),Dry,None,None,No overtaking,322530,673200,550571,Segment,Cyclist,354634,unset,EH126HN,No crossing facility within 50m or physical crossing facility not controlled by authorised person,Central refuge - no other controls,At scene,55.945571787749465,-3.24198014542474
134612,,Slight,2,1,05/03/2012,Monday,5,March,12,19,30,230,Unclassified,,Single carriageway - 2 lanes,30,Not at or within 20 metres of junction,unset,\,,Darkness: street lights present and lit,Fine (without high winds),Dry,None,None,No overtaking,323690,675020,12232750,Segment,Pedestrian,354635,unset,EH41DL,No crossing facility within 50m or physical crossing facility not controlled by authorised person,Central refuge - no other controls,Elsewhere,55.96210610112011,-3.223927561033033
135612,,Slight,2,1,06/03/2012,Tuesday,6,March,12,7,45,230,Unclassified,,Single carriageway - 2 lanes,30,Crossroads,Give way sign or markings,Unclassified,,Daylight: street lights present,Fine (without high winds),Dry,Road signing defective or obscured,None,No overtaking,323290,671800,522255,Junction,T.V.N.P.,354636,unset,EH111RF,Control by school crossing patrol,No physical crossing facility within 50m,At scene,55.933118059722055,-3.22941613015769
135912,,Slight,1,1,06/03/2012,Tuesday,6,March,12,9,50,230,C,,Single carriageway - 2 lanes,30,Not at or within 20 metres of junction,unset,\,,Daylight: street lights present,Fine (without high winds),Dry,None,None,No overtaking,325810,673470,2106559,Segment,Pedestrian,354637,unset,EH11JW,No crossing facility within 50m or physical crossing facility not controlled by authorised person,No physical crossing facility within 50m,Elsewhere,55.948515299083645,-3.1895501185093154
136012,,Slight,1,3,06/03/2012,Tuesday,6,March,12,15,40,230,Unclassified,,Single carriageway - 2 lanes,30,Not at or within 20 metres of junction,unset,\,,Daylight: street lights present,Fine (without high winds),Dry,None,None,No overtaking,320330,675380,0,Unset,Pedestrian,354638,unset,EH46AH,No crossing facility within 50m or physical crossing facility not controlled by authorised person,No physical crossing facility within 50m,Elsewhere,55.96479359080041,-3.2778406189425358
136812,,Slight,2,1,06/03/2012,Tuesday,6,March,12,19,20,230,C,,Single carriageway - 2 lanes,30,'T' or staggered junction,Give way sign or markings,Unclassified,,Darkness: street lights present and lit,Fine (without high winds),Dry,None,None,No overtaking,327900,668920,533107,Junction,T.V.N.P.,354639,unset,EH166UB,No crossing facility within 50m or physical crossing facility not controlled by authorised person,No physical crossing facility within 50m,At scene,55.90796137002307,-3.1548749813315173
137912,,Slight,1,1,07/03/2012,Wednesday,7,March,12,8,48,230,C,,Roundabout,30,Roundabout,Give way sign or markings,C,,Daylight: street lights present,Fine (without high winds),Dry,None,None,No overtaking,325160,673980,521073,Junction,Bus,354640,unset,EH22LR,Control by other authorised person,"Pelican, puffin, toucan or similar non-junction pedestrian light crossing",Elsewhere,55.95299560279788,-3.2000974817706074
138912,,Slight,1,1,07/03/2012,Wednesday,7,March,12,15,0,230,A,1,Single carriageway - 2 lanes,30,Not at or within 20 metres of junction,unset,\,,Daylight: street lights present,Fine (without high winds),Dry,None,None,No overtaking,328450,674010,2106145,Segment,Pedestrian,354641,unset,EH87EZ,No crossing facility within 50m or physical crossing facility not controlled by authorised person,"Pelican, puffin, toucan or similar non-junction pedestrian light crossing",At scene,55.95376692895397,-3.1474301093938934
139212,,Fatal,3,3,07/03/2012,Wednesday,7,March,12,19,35,230,A,902,Single carriageway - 2 lanes,30,Not at or within 20 metres of junction,unset,\,,Daylight: no street lighting,Fine (without high winds),Dry,None,None,No overtaking,318110,673830,566078,Segment,M.V.N.P.,354642,unset,EH128UA,No crossing facility within 50m or physical crossing facility not controlled by authorised person,No physical crossing facility within 50m,At scene,55.95049708268914,-3.312921750621706
139312,,Slight,2,1,07/03/2012,Wednesday,7,March,12,17,15,230,A,1,Single carriageway - 2 lanes,30,Crossroads,Automatic Traffic Signal,A,1,Daylight: street lights present,Fine (without high winds),Dry,None,None,No overtaking,326900,674320,520689,Junction,Cyclist,354643,unset,EH75AN,Control by other authorised person,Pedestrian phase at traffic signal junction,At scene,55.956317990788435,-3.172331321715468
139512,,Slight,1,1,08/03/2012,Thursday,8,March,12,3,45,230,C,,One way Street,30,Not at or within 20 metres of junction,unset,\,,Daylight: no street lighting,Fine (without high winds),Dry,None,None,No overtaking,325710,673170,567192,Segment,Pedestrian,354644,unset,EH12QN,No crossing facility within 50m or physical crossing facility not controlled by authorised person,No physical crossing facility within 50m,At scene,55.9458049865321,-3.191068240686844
141312,,Slight,2,1,02/03/2012,Friday,2,March,12,17,0,230,A,902,Single carriageway - 2 lanes,30,Other junction,Give way sign or markings,Unclassified,,Daylight: no street lighting,Fine (without high winds),Dry,None,None,No overtaking,322830,675450,519792,Junction,Cyclist,354645,unset,EH42PS,No crossing facility within 50m or physical crossing facility not controlled by authorised person,Pedestrian phase at traffic signal junction,At scene,55.96583106669791,-3.2378229581340925
141712,,Slight,2,1,08/03/2012,Thursday,8,March,12,7,35,230,Unclassified,,Single carriageway - 2 lanes,30,Crossroads,Automatic Traffic Signal,C,,Daylight: street lights present,Fine (without high winds),Dry,None,None,No overtaking,326230,673520,521139,Junction,Cyclist,354646,unset,EH89UE,No crossing facility within 50m or physical crossing facility not controlled by authorised person,No physical crossing facility within 50m,At scene,55.94902918001192,-3.182840147004774
142012,,Slight,2,1,08/03/2012,Thursday,8,March,12,9,15,230,Unclassified,,Single carriageway - 2 lanes,30,Other junction,Give way sign or markings,Unclassified,,Daylight: street lights present,Fine (without high winds),Dry,None,None,No overtaking,324540,671140,530413,Junction,T.V.N.P.,354647,unset,EH104QU,No crossing facility within 50m or physical crossing facility not controlled by authorised person,No physical crossing facility within 50m,Elsewhere,55.927387460382114,-3.209228651023876
142712,,Slight,2,1,08/03/2012,Thursday,8,March,12,7,40,230,A,199,Single carriageway - 2 lanes,30,'T' or staggered junction,Automatic Traffic Signal,Unclassified,,Daylight: street lights present,Fine (without high winds),Dry,None,None,No overtaking,328770,675700,523248,Junction,Cyclist,354648,unset,EH67LW,No crossing facility within 50m or physical crossing facility not controlled by authorised person,Pedestrian phase at traffic signal junction,At scene,55.96899572331532,-3.142753923597016
144012,,Slight,2,1,09/03/2012,Friday,9,March,12,11,10,230,A,900,Single carriageway - 2 lanes,30,'T' or staggered junction,Give way sign or markings,Unclassified,,Daylight: street lights present,Fine (without high winds),Dry,None,None,No overtaking,326740,675470,519888,Junction,Bus,354649,unset,EH65EQ,No crossing facility within 50m or physical crossing facility not controlled by authorised person,Central refuge - no other controls,At scene,55.96662386026839,-3.1752063326822
144212,,Slight,4,2,09/03/2012,Friday,9,March,12,12,30,230,C,,Single carriageway - 2 lanes,30,Crossroads,Automatic Traffic Signal,Unclassified,,Daylight: street lights present,Fine (without high winds),Dry,None,None,No overtaking,326640,671370,531451,Junction,M.V.N.P.,354650,unset,EH93AB,No crossing facility within 50m or physical crossing facility not controlled by authorised person,Pedestrian phase at traffic signal junction,At scene,55.929778843135146,-3.1756911415102844
145212,,Slight,1,2,08/03/2012,Thursday,8,March,12,19,0,230,C,,Single carriageway - 2 lanes,30,Not at or within 20 metres of junction,unset,\,,Daylight: street lights present,Fine (without high winds),Dry,None,None,No overtaking,326930,674520,2106487,Segment,Pedestrian,354651,unset,EH75RG,No crossing facility within 50m or physical crossing facility not controlled by authorised person,No physical crossing facility within 50m,At scene,55.958119132936694,-3.171905255928883
145312,,Slight,1,1,08/03/2012,Thursday,8,March,12,21,0,230,Unclassified,,Single carriageway - 2 lanes,20,Not at or within 20 metres of junction,unset,\,,Darkness: street lights present and lit,Raining (without high winds),Dry,None,None,No overtaking,326110,673070,569700,Segment,S.V.N.P.,354652,unset,EH89DD,No crossing facility within 50m or physical crossing facility not controlled by authorised person,No physical crossing facility within 50m,At scene,55.94496844410902,-3.1846377679182845
146312,,Slight,1,1,10/03/2012,Saturday,10,March,12,14,25,230,A,7,Single carriageway - 2 lanes,30,Not at or within 20 metres of junction,unset,\,,Daylight: street lights present,Fine (without high winds),Dry,None,Pedestrian in carriagway - not injured,No overtaking,325870,673930,569270,Segment,Bus,354653,unset,EH88DN,No crossing facility within 50m or physical crossing facility not controlled by authorised person,No physical crossing facility within 50m,At scene,55.952656666151256,-3.1887162297637537
146612,,Slight,4,1,09/03/2012,Friday,9,March,12,16,50,230,A,90,Dual carriageway - 2 lanes,50,Not at or within 20 metres of junction,unset,\,,Daylight: street lights present,Fine (without high winds),Dry,None,None,No overtaking,312470,677900,555675,Segment,M.V.N.P.,354654,unset,EH309SF,No crossing facility within 50m or physical crossing facility not controlled by authorised person,No physical crossing facility within 50m,At scene,55.98605865157862,-3.4045324345433
146812,,Slight,2,1,10/03/2012,Saturday,10,March,12,20,0,230,Unclassified,,Single carriageway - 2 lanes,30,'T' or staggered junction,Give way sign or markings,Unclassified,,Darkness: street lights present and lit,Fine (without high winds),Dry,None,None,No overtaking,326100,675810,519451,Junction,T.V.N.P.,354655,unset,EH65PY,No crossing facility within 50m or physical crossing facility not controlled by authorised person,No physical crossing facility within 50m,At scene,55.969579829564815,-3.185550117917363
146912,,Slight,1,1,10/03/2012,Saturday,10,March,12,21,0,230,Unclassified,,Single carriageway - 2 lanes,30,Roundabout,Give way sign or markings,C,,Darkness: street lights present and lit,Fine (without high winds),Dry,None,None,No overtaking,326130,674790,12222782,Junction,S.V.N.P.,354656,unset,EH74BQ,No crossing facility within 50m or physical crossing facility not controlled by authorised person,No physical crossing facility within 50m,At scene,55.96042198656244,-3.184789526820504
147812,,Slight,1,1,17/02/2012,Friday,17,February,12,13,30,230,C,,Single carriageway - 2 lanes,30,Roundabout,Give way sign or markings,C,,Daylight: no street lighting,Fine (without high winds),Dry,None,None,No overtaking,324970,673940,521010,Junction,Bus,356864,unset,EH23ES,No crossing facility within 50m or physical crossing facility not controlled by authorised person,"Pelican, puffin, toucan or similar non-junction pedestrian light crossing",At scene,55.95260662308091,-3.203128324807059
148012,,Slight,1,1,10/03/2012,Saturday,10,March,12,15,0,230,A,6095,Single carriageway - 2 lanes,30,Not at or within 20 metres of junction,unset,\,,Daylight: street lights present,Fine (without high winds),Dry,None,None,No overtaking,331920,671860,553906,Segment,Pedestrian,354657,unset,EH218SG,No crossing facility within 50m or physical crossing facility not controlled by authorised person,"Pelican, puffin, toucan or similar non-junction pedestrian light crossing",Elsewhere,55.93495810719819,-3.091327229847234
149812,,Slight,2,1,12/03/2012,Monday,12,March,12,16,40,230,A,701,Single carriageway - 2 lanes,30,Not at or within 20 metres of junction,unset,\,,Daylight: no street lighting,Fine (without high winds),Dry,None,None,No overtaking,326900,671520,569400,Segment,T.V.N.P.,354658,unset,EH165LZ,No crossing facility within 50m or physical crossing facility not controlled by authorised person,No physical crossing facility within 50m,At scene,55.93116592159268,-3.171571531050802
150612,,Fatal,1,1,12/03/2012,Monday,12,March,12,17,45,230,A,772,Single carriageway - 2 lanes,30,Not at or within 20 metres of junction,unset,\,,Daylight: no street lighting,Fine (without high winds),Dry,None,None,No overtaking,328930,669060,569375,Segment,S.V.N.P.,354659,unset,EH177JE,No crossing facility within 50m or physical crossing facility not controlled by authorised person,No physical crossing facility within 50m,At scene,55.9093723962016,-3.1384398014686643
152412,,Slight,2,2,13/03/2012,Tuesday,13,March,12,9,5,230,Unclassified,,Single carriageway - 2 lanes,30,'T' or staggered junction,Automatic Traffic Signal,Unclassified,,Daylight: no street lighting,Fine (without high winds),Dry,None,None,No overtaking,313050,672420,0,Unset,T.V.N.P.,354660,unset,EH288PL,Control by other authorised person,Pedestrian phase at traffic signal junction,At scene,55.936942432988474,-3.3934688708684173
152612,,Serious,1,1,13/03/2012,Tuesday,13,March,12,8,5,230,Unclassified,,Single carriageway - 2 lanes,30,Other junction,Give way sign or markings,Unclassified,,Daylight: street lights present,Fine (without high winds),Dry,None,None,No overtaking,323310,674120,520440,Junction,Pedestrian,354661,unset,EH43ES,No crossing facility within 50m or physical crossing facility not controlled by authorised person,No physical crossing facility within 50m,At scene,55.95396110188593,-3.2297564861418433
153112,,Slight,2,1,13/03/2012,Tuesday,13,March,12,9,20,230,A,90,Roundabout,70,Roundabout,Automatic Traffic Signal,Unclassified,,Daylight: no street lighting,Fine (without high winds),Dry,None,None,No overtaking,312510,677620,533302,Junction,T.V.N.P.,354662,unset,EH309SS,No crossing facility within 50m or physical crossing facility not controlled by authorised person,No physical crossing facility within 50m,At scene,55.983550992185,-3.4038003730849122
154312,,Slight,2,2,14/03/2012,Wednesday,14,March,12,12,45,230,A,1,Single carriageway - 2 lanes,30,Crossroads,Automatic Traffic Signal,C,,Daylight: street lights present,Fine (without high winds),Dry,None,None,No overtaking,326900,674320,520689,Junction,T.V.N.P.,354663,unset,EH75AN,No crossing facility within 50m or physical crossing facility not controlled by authorised person,Pedestrian phase at traffic signal junction,At scene,55.956317990788435,-3.172331321715468
154512,,Slight,1,1,14/03/2012,Wednesday,14,March,12,1,0,230,Unclassified,,Single carriageway - 2 lanes,30,Not at or within 20 metres of junction,unset,\,,Daylight: street lights present,Fine (without high winds),Dry,None,None,No overtaking,325530,671860,559045,Segment,Pedestrian,354664,unset,EH92DW,No crossing facility within 50m or physical crossing facility not controlled by authorised person,No physical crossing facility within 50m,At scene,55.93400960433895,-3.193587565021501
155312,,Slight,2,1,07/03/2012,Wednesday,7,March,12,7,30,230,A,71,Single carriageway - 2 lanes,50,Not at or within 20 metres of junction,unset,\,,Daylight: no street lighting,Fine (without high winds),Dry,None,None,No overtaking,314390,669130,549671,Segment,T.V.N.P.,354665,unset,EH278EB,No crossing facility within 50m or physical crossing facility not controlled by authorised person,No physical crossing facility within 50m,At scene,55.907631664135245,-3.3709812982900904
155612,,Slight,1,1,15/03/2012,Thursday,15,March,12,8,40,230,Unclassified,,Single carriageway - 2 lanes,30,'T' or staggered junction,Give way sign or markings,Unclassified,,Daylight: street lights present,Fine (without high winds),Dry,Road works present,Other object in carriageway,No overtaking,327060,675850,519550,Junction,Pedestrian,354666,unset,EH68HQ,No crossing facility within 50m or physical crossing facility not controlled by authorised person,No physical crossing facility within 50m,At scene,55.970086116015715,-3.1701841720647157
155712,,Serious,1,1,10/03/2012,Saturday,10,March,12,14,45,230,A,8,Single carriageway - 2 lanes,30,'T' or staggered junction,Automatic Traffic Signal,C,,Daylight: street lights present,Fine (without high winds),Dry,None,None,No overtaking,325380,673880,521049,Junction,Pedestrian,354667,unset,EH22EN,No crossing facility within 50m or physical crossing facility not controlled by authorised person,Pedestrian phase at traffic signal junction,Elsewhere,55.95213158372049,-3.1965474566206864
156112,,Slight,2,1,15/03/2012,Thursday,15,March,12,8,20,230,A,720,Dual carriageway - 2 lanes,30,Not at or within 20 metres of junction,unset,\,,Daylight: no street lighting,Fine (without high winds),Dry,None,None,No overtaking,319890,669420,2579027,Segment,T.V.N.P.,354668,unset,EH143BS,No crossing facility within 50m or physical crossing facility not controlled by authorised person,No physical crossing facility within 50m,At scene,55.91118453524472,-3.2831157018207238
156512,,Slight,2,1,12/03/2012,Monday,12,March,12,6,10,230,Unclassified,,Single carriageway - 2 lanes,30,'T' or staggered junction,Give way sign or markings,Unclassified,,Daylight: street lights present,Fine (without high winds),Dry,None,None,No overtaking,327840,671650,12228069,Junction,Cyclist,354669,unset,EH165EY,No crossing facility within 50m or physical crossing facility not controlled by authorised person,No physical crossing facility within 50m,Elsewhere,55.932475865090865,-3.156564709519103
156912,,Slight,1,1,16/03/2012,Friday,16,March,12,9,0,230,A,7,Single carriageway - 2 lanes,30,Not at or within 20 metres of junction,unset,\,,Daylight: street lighting unknown,Fine (without high winds),Dry,None,None,No overtaking,325920,673730,569273,Segment,Pedestrian,354670,unset,EH11SB,No crossing facility within 50m or physical crossing facility not controlled by authorised person,No physical crossing facility within 50m,At scene,55.95086782364614,-3.187860683817551
157012,,Slight,2,1,15/03/2012,Thursday,15,March,12,17,48,230,B,701,Single carriageway - 2 lanes,30,Not at or within 20 metres of junction,unset,\,,Daylight: street lights present,Fine (without high winds),Dry,None,None,No overtaking,320560,669110,551331,Segment,T.V.N.P.,354671,unset,EH130NJ,No crossing facility within 50m or physical crossing facility not controlled by authorised person,No physical crossing facility within 50m,At scene,55.908511125813426,-3.2723093120736606