acc_ref,beat_no,severity,no_vehicle,no_casualt,a_date,a_day,a_date_day,a_date_mon,a_date_yr,a_time_hr,a_time_min,loc_auth,road1_class,road1_no,road_type,speed_limi,junc_det,junc_ctrl,road2_class,road2_no,light_cond,weather,road_surf,spec_cond,cway_hzrds,ovrtk_patrn,easting,northing,net_id,net_type,acc_type,text_id,division,Postcode,ped_xing_hc,ped_xing_p,place_reported,latitude,longitude
157912,,Slight,2,1,16/03/2012,Friday,16,March,12,16,30,230,A,720,Dual carriageway - 2 lanes,50,Slip road,Give way sign or markings,A,720,Darkness: street lights present and lit,Raining (without high winds),Dry,None,None,No overtaking,318330,670760,2307184,Junction,T.V.N.P.,354672,unset,EH129BU,No crossing facility within 50m or physical crossing facility not controlled by authorised person,No physical crossing facility within 50m,At scene,55.92295851583778,-3.308469672668396
158012,,Slight,1,1,16/03/2012,Friday,16,March,12,9,44,230,C,,Single carriageway - 2 lanes,30,Not at or within 20 metres of junction,unset,\,,Daylight: street lights present,Raining (without high winds),Dry,None,None,No overtaking,325870,674360,566780,Segment,Pedestrian,354673,unset,EH13JD,No crossing facility within 50m or physical crossing facility not controlled by authorised person,No physical crossing facility within 50m,At scene,55.95651927511069,-3.1888346345598357
158112,,Slight,2,1,15/03/2012,Thursday,15,March,12,18,55,230,Unclassified,,Single carriageway - 2 lanes,30,Crossroads,Automatic Traffic Signal,C,,Daylight: street lights present,Fine (without high winds),Dry,None,None,No overtaking,325260,674310,520530,Junction,T.V.N.P.,354674,unset,EH36HZ,No crossing facility within 50m or physical crossing facility not controlled by authorised person,Pedestrian phase at traffic signal junction,At scene,55.955975505237646,-3.1985880470465142
158212,,Slight,2,2,17/03/2012,Saturday,17,March,12,10,0,230,Unclassified,,Single carriageway - 2 lanes,30,'T' or staggered junction,Give way sign or markings,Unclassified,,Daylight: no street lighting,Fine (without high winds),Dry,None,None,No overtaking,320110,671640,522132,Junction,T.V.N.P.,354675,unset,EH113SP,No crossing facility within 50m or physical crossing facility not controlled by authorised person,No physical crossing facility within 50m,At scene,55.931162416159765,-3.2802546204503904
158712,,Slight,2,1,17/03/2012,Saturday,17,March,12,11,35,230,C,,Single carriageway - 2 lanes,30,Other junction,Give way sign or markings,Unclassified,,Daylight: street lights present,Fine (without high winds),Dry,None,None,No overtaking,322980,673060,12223590,Junction,T.V.N.P.,354676,unset,EH125PW,No crossing facility within 50m or physical crossing facility not controlled by authorised person,No physical crossing facility within 50m,At scene,55.94438662495716,-3.2347368738257263
159712,,Slight,2,1,18/03/2012,Sunday,18,March,12,12,0,230,A,900,Dual carriageway - 2 lanes,30,Not at or within 20 metres of junction,unset,\,,Daylight: street lights present,Fine (without high winds),Dry,None,None,No overtaking,326060,674420,558575,Segment,T.V.N.P.,354677,unset,EH13NQ,No crossing facility within 50m or physical crossing facility not controlled by authorised person,Pedestrian phase at traffic signal junction,At scene,55.95708756135395,-3.1858088320610003
159812,,Slight,2,1,18/03/2012,Sunday,18,March,12,15,35,230,Unclassified,,Single carriageway - 2 lanes,30,Crossroads,Give way sign or markings,Unclassified,,Daylight: no street lighting,Fine (without high winds),Dry,None,None,No overtaking,324280,673620,10258595,Junction,T.V.N.P.,354678,unset,EH37JA,No crossing facility within 50m or physical crossing facility not controlled by authorised person,No physical crossing facility within 50m,At scene,55.94962377311259,-3.214085417973261
160012,,Slight,1,1,18/03/2012,Sunday,18,March,12,22,0,230,A,8,Single carriageway - 2 lanes,30,'T' or staggered junction,Give way sign or markings,Unclassified,,Darkness: street lights present and lit,Fine (without high winds),Dry,None,None,No overtaking,319940,672950,521706,Junction,Pedestrian,354679,unset,EH128AX,No crossing facility within 50m or physical crossing facility not controlled by authorised person,Pedestrian phase at traffic signal junction,Elsewhere,55.94290120904593,-3.2833638843564894
160112,,Slight,1,1,07/03/2012,Wednesday,7,March,12,14,25,230,A,71,Single carriageway - 2 lanes,30,Other junction,Give way sign or markings,Unclassified,,Daylight: street lights present,Raining (without high winds),Dry,None,None,No overtaking,322970,672270,521958,Junction,Bus,354680,unset,EH111TU,No crossing facility within 50m or physical crossing facility not controlled by authorised person,Pedestrian phase at traffic signal junction,At scene,55.93728870404575,-3.2346711074038117
161012,,Slight,2,1,19/03/2012,Monday,19,March,12,8,30,230,Unclassified,,Single carriageway - 2 lanes,30,Roundabout,Give way sign or markings,Unclassified,,Daylight: street lights present,Fine (without high winds),Dry,None,None,No overtaking,319780,671490,9659159,Junction,T.V.N.P.,354681,unset,EH113UP,No crossing facility within 50m or physical crossing facility not controlled by authorised person,"Pelican, puffin, toucan or similar non-junction pedestrian light crossing",At scene,55.92976003769143,-3.2854903172979606
161112,,Slight,3,1,19/03/2012,Monday,19,March,12,11,30,230,Unclassified,,Single carriageway - 2 lanes,30,'T' or staggered junction,Give way sign or markings,Unclassified,,Daylight: street lights present,Fine (without high winds),Dry,None,None,No overtaking,324800,676850,0,Unset,M.V.N.P.,354682,unset,EH53LA,No crossing facility within 50m or physical crossing facility not controlled by authorised person,No physical crossing facility within 50m,At scene,55.97871978127042,-3.2066634896339585
162912,,Slight,5,1,17/03/2012,Saturday,17,March,12,13,3,230,Unclassified,,Single carriageway - 2 lanes,30,Not at or within 20 metres of junction,unset,\,,Daylight: street lights present,Fine (without high winds),Dry,None,None,No overtaking,320100,674920,565985,Segment,M.V.N.P.,354683,unset,EH47BL,No crossing facility within 50m or physical crossing facility not controlled by authorised person,Pedestrian phase at traffic signal junction,At scene,55.960623394443985,-3.2813874599043236
163012,,Slight,2,3,20/03/2012,Tuesday,20,March,12,8,0,230,Unclassified,,Single carriageway - 2 lanes,30,Not at or within 20 metres of junction,unset,\,,Daylight: street lights present,Fine (without high winds),Dry,None,None,No overtaking,312480,672360,12231309,Segment,T.V.N.P.,354684,unset,EH288PJ,No crossing facility within 50m or physical crossing facility not controlled by authorised person,No physical crossing facility within 50m,Elsewhere,55.93629997765877,-3.402570868199647
163312,,Slight,2,1,19/03/2012,Monday,19,March,12,18,0,230,C,,Single carriageway - 2 lanes,30,Not at or within 20 metres of junction,unset,\,,Darkness: street lights present and lit,Fine (without high winds),Dry,None,None,No overtaking,322030,676600,559658,Segment,Cyclist,354685,unset,EH44JJ,No crossing facility within 50m or physical crossing facility not controlled by authorised person,Pedestrian phase at traffic signal junction,Elsewhere,55.97603166444917,-3.2509687390897932
164012,,Serious,3,3,20/03/2012,Tuesday,20,March,12,17,39,230,A,720,Dual carriageway - 2 lanes,50,Not at or within 20 metres of junction,unset,\,,Daylight: street lights present,Fine (without high winds),Dry,None,None,No overtaking,318730,670180,2582067,Segment,M.V.N.P.,354686,unset,EH142SR,No crossing facility within 50m or physical crossing facility not controlled by authorised person,No physical crossing facility within 50m,At scene,55.91781650332011,-3.3018959950689055
165512,,Slight,3,1,16/03/2012,Friday,16,March,12,19,50,230,Unclassified,,Single carriageway - 2 lanes,30,'T' or staggered junction,Give way sign or markings,Unclassified,,Darkness: street lights present and lit,Fine (without high winds),Dry,None,None,No overtaking,318280,667810,523125,Junction,M.V.N.P.,354687,unset,EH145PY,No crossing facility within 50m or physical crossing facility not controlled by authorised person,No physical crossing facility within 50m,At scene,55.89645173745644,-3.3083767396618815
165612,,Slight,2,1,21/03/2012,Wednesday,21,March,12,12,0,230,A,90,Single carriageway - 2 lanes,40,'T' or staggered junction,Automatic Traffic Signal,B,701,Daylight: street lights present,Fine (without high winds),Dry,None,None,No overtaking,318890,674910,519933,Junction,T.V.N.P.,354688,unset,EH48AR,No crossing facility within 50m or physical crossing facility not controlled by authorised person,Pedestrian phase at traffic signal junction,At scene,55.9603305465088,-3.3007602251438075
165912,,Slight,1,1,22/03/2012,Thursday,22,March,12,8,5,230,Unclassified,,Single carriageway - 2 lanes,30,Other junction,Give way sign or markings,Unclassified,,Daylight: street lights present,Fine (without high winds),Dry,None,None,No overtaking,322940,671840,522246,Junction,Pedestrian,354689,unset,EH111QU,No crossing facility within 50m or physical crossing facility not controlled by authorised person,Pedestrian phase at traffic signal junction,At scene,55.933421335602596,-3.2350282941748247
166012,,Slight,3,1,21/03/2012,Wednesday,21,March,12,6,50,230,A,90,Single carriageway - 2 lanes,40,Roundabout,Give way sign or markings,Unclassified,,Daylight: street lights present,Fine (without high winds),Dry,None,None,No overtaking,318530,674970,519966,Junction,M.V.N.P.,354690,unset,EH48DZ,No crossing facility within 50m or physical crossing facility not controlled by authorised person,Pedestrian phase at traffic signal junction,At scene,55.96080849919149,-3.306543019659064
166912,,Slight,1,1,18/03/2012,Sunday,18,March,12,12,0,230,A,900,Single carriageway - 2 lanes,30,Other junction,Give way sign or markings,Unclassified,,Daylight: street lights present,Fine (without high winds),Dry,None,None,No overtaking,326690,675370,519882,Junction,Pedestrian,354691,unset,EH65EL,No crossing facility within 50m or physical crossing facility not controlled by authorised person,Pedestrian phase at traffic signal junction,Elsewhere,55.96571793677726,-3.1759798934934325
167112,,Slight,2,1,20/03/2012,Tuesday,20,March,12,14,0,230,Unclassified,,Single carriageway - 2 lanes,40,Not at or within 20 metres of junction,unset,\,,Daylight: no street lighting,Fine (without high winds),Dry,None,None,No overtaking,317890,670060,12229737,Junction,T.V.N.P.,354692,unset,EH144AH,No crossing facility within 50m or physical crossing facility not controlled by authorised person,No physical crossing facility within 50m,At scene,55.91659582649762,-3.3152955328713896
167812,,Slight,2,1,22/03/2012,Thursday,22,March,12,9,12,230,A,720,Dual carriageway - 2 lanes,70,Not at or within 20 metres of junction,unset,\,,Daylight: no street lighting,Fine (without high winds),Dry,None,None,No overtaking,324420,667820,570546,Segment,T.V.N.P.,354693,unset,EH107DS,No crossing facility within 50m or physical crossing facility not controlled by authorised person,No physical crossing facility within 50m,At scene,55.89754569338623,-3.2102190697630806
168312,,Slight,2,1,22/03/2012,Thursday,22,March,12,14,40,230,Unclassified,,Single carriageway - 2 lanes,30,Multiple junction,Give way sign or markings,Unclassified,,Daylight: street lights present,Fine (without high winds),Dry,None,None,No overtaking,325950,671000,533404,Junction,T.V.N.P.,354694,unset,EH93HT,Control by other authorised person,Pedestrian phase at traffic signal junction,Elsewhere,55.92634929830576,-3.1866302298747393
168612,,Slight,2,1,23/03/2012,Friday,23,March,12,0,10,230,C,,Single carriageway - 2 lanes,60,Roundabout,Give way sign or markings,Unclassified,,Darkness: street lights present and lit,Fine (without high winds),Dry,None,None,No overtaking,327470,667010,2587872,Junction,T.V.N.P.,338138,unset,EH178SG,No crossing facility within 50m or physical crossing facility not controlled by authorised person,No physical crossing facility within 50m,At scene,55.890739184457914,-3.161238801315233
168812,,Slight,1,1,22/03/2012,Thursday,22,March,12,13,35,230,A,900,Single carriageway - 2 lanes,30,'T' or staggered junction,Automatic Traffic Signal,A,901,Daylight: street lights present,Fine (without high winds),Dry,None,None,No overtaking,326950,675900,522483,Junction,Bus,354695,unset,EH65AE,No crossing facility within 50m or physical crossing facility not controlled by authorised person,No physical crossing facility within 50m,Elsewhere,55.97051851461898,-3.1719597012294836
169212,,Slight,1,1,23/03/2012,Friday,23,March,12,14,20,230,Unclassified,,Single carriageway - 2 lanes,30,Not at or within 20 metres of junction,unset,\,,Daylight: street lights present,Fine (without high winds),Dry,None,None,No overtaking,320540,671740,565352,Segment,Pedestrian,354696,unset,EH113NR,No crossing facility within 50m or physical crossing facility not controlled by authorised person,No physical crossing facility within 50m,At scene,55.932132000083925,-3.273403645526536
169512,,Slight,1,1,23/03/2012,Friday,23,March,12,8,40,230,Unclassified,,Single carriageway - 2 lanes,30,'T' or staggered junction,Give way sign or markings,Unclassified,,Daylight: street lights present,Fine (without high winds),Dry,None,None,No overtaking,322090,674520,520041,Junction,Pedestrian,354697,unset,EH43NF,No crossing facility within 50m or physical crossing facility not controlled by authorised person,"Pelican, puffin, toucan or similar non-junction pedestrian light crossing",At scene,55.957357629383516,-3.2494051888021755
172012,,Slight,2,1,24/03/2012,Saturday,24,March,12,6,40,230,B,9085,Single carriageway - 2 lanes,30,Multiple junction,Automatic Traffic Signal,A,90,Daylight: street lights present,Fine (without high winds),Dry,None,None,No overtaking,320660,675130,519720,Junction,T.V.N.P.,354698,unset,EH47AG,No crossing facility within 50m or physical crossing facility not controlled by authorised person,"Pelican, puffin, toucan or similar non-junction pedestrian light crossing",At scene,55.96260265401104,-3.272481984104576
172912,,Serious,1,1,25/03/2012,Sunday,25,March,12,18,45,230,C,,Single carriageway - 2 lanes,30,'T' or staggered junction,Give way sign or markings,Unclassified,,Daylight: no street lighting,Fine (without high winds),Dry,None,None,No overtaking,325690,673320,521541,Junction,Pedestrian,354699,unset,EH11EN,Control by other authorised person,Pedestrian phase at traffic signal junction,At scene,55.94714931295825,-3.1914297749722325
173012,,Slight,2,1,01/03/2012,Thursday,1,March,12,11,55,230,Unclassified,,Single carriageway - 2 lanes,30,Crossroads,Automatic Traffic Signal,A,900,Daylight: no street lighting,Fine (without high winds),Dry,None,None,No overtaking,327210,676240,519253,Junction,T.V.N.P.,354700,unset,EH67AF,Control by other authorised person,Pedestrian phase at traffic signal junction,At scene,55.973612220506304,-3.167887080613878
173112,,Serious,1,1,20/03/2012,Tuesday,20,March,12,7,0,230,Unclassified,,Single carriageway - 2 lanes,60,Not at or within 20 metres of junction,unset,\,,Daylight: no street lighting,Fine (without high winds),Dry,None,None,No overtaking,313300,671610,12231495,Segment,S.V.N.P.,354701,unset,EH288QU,No crossing facility within 50m or physical crossing facility not controlled by authorised person,No physical crossing facility within 50m,At scene,55.92971209916053,-3.3892077558762574
174012,,Slight,1,1,26/03/2012,Monday,26,March,12,8,55,230,Unclassified,,Single carriageway - 2 lanes,30,Not at or within 20 metres of junction,unset,\,,Daylight: street lights present,Fine (without high winds),Dry,None,None,No overtaking,324040,670190,0,Unset,Pedestrian,354702,unset,EH105RY,No crossing facility within 50m or physical crossing facility not controlled by authorised person,No physical crossing facility within 50m,At scene,55.91877502706932,-3.216961063831043
174112,,Slight,1,1,26/03/2012,Monday,26,March,12,6,40,230,A,7,Single carriageway - 2 lanes,30,'T' or staggered junction,Give way sign or markings,Unclassified,,Daylight: street lights present,Fine (without high winds),Dry,None,None,No overtaking,326080,673200,521583,Junction,Pedestrian,354703,unset,EH89BE,No crossing facility within 50m or physical crossing facility not controlled by authorised person,Central refuge - no other controls,At scene,55.94613159395981,-3.1851536609267717
174212,,Slight,2,1,26/03/2012,Monday,26,March,12,13,30,230,Unclassified,,Single carriageway - 2 lanes,30,Not at or within 20 metres of junction,unset,\,,Daylight: street lights present,Fine (without high winds),Dry,None,None,No overtaking,325380,676770,558892,Segment,T.V.N.P.,354704,unset,EH64LR,No crossing facility within 50m or physical crossing facility not controlled by authorised person,No physical crossing facility within 50m,At scene,55.97809178722997,-3.1973490329484617
174512,,Slight,1,1,25/03/2012,Sunday,25,March,12,22,7,230,A,70,Single carriageway - 2 lanes,30,Not at or within 20 metres of junction,unset,\,,Darkness: street lights present and lit,Fine (without high winds),Dry,None,None,No overtaking,318180,667780,561623,Segment,Bus,354705,unset,EH145NU,No crossing facility within 50m or physical crossing facility not controlled by authorised person,No physical crossing facility within 50m,Elsewhere,55.89616526170275,-3.3099663092860014
174812,,Slight,2,1,02/02/2012,Thursday,2,February,12,8,15,230,A,70,Single carriageway - 2 lanes,30,'T' or staggered junction,Give way sign or markings,Unclassified,,Daylight: street lights present,Fine (without high winds),Dry,None,None,No overtaking,324070,673160,521382,Junction,T.V.N.P.,356865,unset,EH112BD,No crossing facility within 50m or physical crossing facility not controlled by authorised person,No physical crossing facility within 50m,Elsewhere,55.9454585416629,-3.217317629043138
175412,,Slight,4,2,26/03/2012,Monday,26,March,12,13,0,230,Unclassified,,Single carriageway - 2 lanes,30,Not at or within 20 metres of junction,unset,\,,Daylight: street lights present,Fine (without high winds),Dry,None,None,No overtaking,327320,674390,2106013,Segment,M.V.N.P.,354706,unset,EH75SY,No crossing facility within 50m or physical crossing facility not controlled by authorised person,No physical crossing facility within 50m,At scene,55.95701059790216,-3.1656251614377346
175512,,Slight,1,1,21/03/2012,Wednesday,21,March,12,15,30,230,Unclassified,,Single carriageway - 2 lanes,30,'T' or staggered junction,Give way sign or markings,Unclassified,,Daylight: no street lighting,Fine (without high winds),Dry,None,None,No overtaking,318810,673230,12231896,Junction,Pedestrian,354707,unset,EH128EP,No crossing facility within 50m or physical crossing facility not controlled by authorised person,No physical crossing facility within 50m,At scene,55.945226535931816,-3.3015347250771545
177212,,Slight,1,1,27/03/2012,Tuesday,27,March,12,21,44,230,A,900,Dual carriageway - 2 lanes,30,Not at or within 20 metres of junction,unset,\,,Daylight: no street lighting,Fine (without high winds),Dry,None,None,No overtaking,326070,674430,558575,Segment,Bus,354708,unset,EH13NQ,No crossing facility within 50m or physical crossing facility not controlled by authorised person,No physical crossing facility within 50m,At scene,55.957178930493555,-3.1856514560882494
177312,,Slight,2,1,27/03/2012,Tuesday,27,March,12,17,25,230,Unclassified,,Single carriageway - 2 lanes,30,Crossroads,Give way sign or markings,Unclassified,,Darkness: street lights present but unlit,Fine (without high winds),Dry,None,None,No overtaking,325580,674400,12222985,Junction,Cyclist,354709,unset,EH13PP,Control by other authorised person,Pedestrian phase at traffic signal junction,Elsewhere,55.95683369482318,-3.1934891688467166
177412,,Serious,2,1,26/03/2012,Monday,26,March,12,18,45,230,Unclassified,,Single carriageway - 2 lanes,30,Not at or within 20 metres of junction,unset,\,,Daylight: no street lighting,Fine (without high winds),Dry,None,None,No overtaking,312940,678060,4421927,Junction,T.V.N.P.,354710,unset,EH309LT,No crossing facility within 50m or physical crossing facility not controlled by authorised person,No physical crossing facility within 50m,Elsewhere,55.98758135920709,-3.397053512473473
178212,,Slight,1,1,28/03/2012,Wednesday,28,March,12,14,45,230,C,,Single carriageway - 2 lanes,30,Other junction,Give way sign or markings,Unclassified,,Daylight: street lights present,Fine (without high winds),Dry,Road works present,None,No overtaking,328750,671850,523788,Junction,Bus,354711,unset,EH164AP,No crossing facility within 50m or physical crossing facility not controlled by authorised person,"Pelican, puffin, toucan or similar non-junction pedestrian light crossing",At scene,55.93440834342684,-3.142055441980389
178312,,Slight,2,1,16/03/2012,Friday,16,March,12,8,50,230,A,90,Single carriageway - 2 lanes,30,Multiple junction,Give way sign or markings,Unclassified,,Daylight: street lights present,Fine (without high winds),Dry,None,None,No overtaking,322710,674290,520413,Junction,Cyclist,354712,unset,EH42EZ,No crossing facility within 50m or physical crossing facility not controlled by authorised person,Central refuge - no other controls,At scene,55.95539189098314,-3.239411686104617
179312,,Slight,4,1,28/03/2012,Wednesday,28,March,12,16,0,230,Unclassified,,Single carriageway - 2 lanes,30,'T' or staggered junction,Automatic Traffic Signal,C,,Daylight: street lights present,Fine (without high winds),Dry,None,None,No overtaking,324700,674010,520485,Junction,M.V.N.P.,354713,unset,EH24DR,No crossing facility within 50m or physical crossing facility not controlled by authorised person,Pedestrian phase at traffic signal junction,At scene,55.95319312594468,-3.207470679167699
179412,,Slight,2,1,28/03/2012,Wednesday,28,March,12,17,0,230,A,1140,Single carriageway - 2 lanes,30,'T' or staggered junction,Give way sign or markings,Unclassified,,Daylight: street lights present,Fine (without high winds),Dry,None,None,No overtaking,329030,674250,523440,Junction,T.V.N.P.,354714,unset,EH76PX,No crossing facility within 50m or physical crossing facility not controlled by authorised person,Pedestrian phase at traffic signal junction,Elsewhere,55.956008979052996,-3.1382069171428304
179712,,Slight,2,1,29/03/2012,Thursday,29,March,12,8,5,230,A,7,Single carriageway - 2 lanes,30,'T' or staggered junction,Automatic Traffic Signal,Unclassified,,Daylight: no street lighting,Fine (without high winds),Dry,None,None,No overtaking,326000,673410,521589,Junction,Cyclist,354715,unset,EH89AA,No crossing facility within 50m or physical crossing facility not controlled by authorised person,Pedestrian phase at traffic signal junction,At scene,55.948005661496076,-3.186491976632359
180112,,Slight,1,1,29/03/2012,Thursday,29,March,12,7,50,230,Unclassified,,Single carriageway - 2 lanes,30,Not at or within 20 metres of junction,unset,\,,Daylight: street lights present,Fine (without high winds),Dry,None,None,No overtaking,322990,671880,561724,Segment,Pedestrian,354716,unset,EH111QU,Control by other authorised person,Pedestrian phase at traffic signal junction,Elsewhere,55.93378866348198,-3.23423961006351
180212,,Slight,2,2,29/03/2012,Thursday,29,March,12,11,50,230,Unclassified,,Single carriageway - 2 lanes,30,Other junction,Give way sign or markings,Unclassified,,Daylight: no street lighting,Fine (without high winds),Dry,None,None,No overtaking,327230,674410,520728,Junction,Bus,354717,unset,EH88HH,No crossing facility within 50m or physical crossing facility not controlled by authorised person,"Pelican, puffin, toucan or similar non-junction pedestrian light crossing",At scene,55.957176613462245,-3.1670716788861086
180912,,Slight,1,1,29/03/2012,Thursday,29,March,12,12,50,230,C,,Single carriageway - 2 lanes,30,'T' or staggered junction,Automatic Traffic Signal,Unclassified,,Daylight: street lights present,Fine (without high winds),Dry,None,None,No overtaking,325620,674290,520572,Junction,Pedestrian,354718,unset,EH13PG,No crossing facility within 50m or physical crossing facility not controlled by authorised person,Pedestrian phase at traffic signal junction,At scene,55.95585178977883,-3.1928182893670356
181012,,Slight,3,2,29/03/2012,Thursday,29,March,12,21,43,230,Unclassified,,Single carriageway - 2 lanes,30,Other junction,Automatic Traffic Signal,Unclassified,,Darkness: street lights present and lit,Fine (without high winds),Dry,None,None,No overtaking,327350,674390,520725,Junction,M.V.N.P.,354719,unset,EH75SU,Control by other authorised person,Pedestrian phase at traffic signal junction,At scene,55.95701514149091,-3.165144791073174
181912,,Slight,2,1,26/03/2012,Monday,26,March,12,11,40,230,Unclassified,,Single carriageway - 2 lanes,30,Crossroads,Give way sign or markings,Unclassified,,Daylight: street lights present,Fine (without high winds),Dry,None,None,No overtaking,324920,674020,0,Unset,Cyclist,354720,unset,EH23LU,No crossing facility within 50m or physical crossing facility not controlled by authorised person,No physical crossing facility within 50m,At scene,55.95331742420743,-3.20395114838284
182812,,Slight,1,1,25/03/2012,Sunday,25,March,12,17,5,230,C,,One way Street,30,Other junction,Automatic Traffic Signal,Unclassified,,Daylight: street lights present,Fine (without high winds),Dry,None,None,No overtaking,324780,673040,521439,Junction,Pedestrian,354721,unset,EH39PU,No crossing facility within 50m or physical crossing facility not controlled by authorised person,Pedestrian phase at traffic signal junction,At scene,55.94449239197558,-3.2059189149830774
183112,,Slight,2,1,30/03/2012,Friday,30,March,12,15,40,230,Unclassified,,Single carriageway - 2 lanes,30,Not at or within 20 metres of junction,unset,\,,Daylight: street lights present,Fine (without high winds),Dry,None,None,No overtaking,324260,673190,4424274,Segment,T.V.N.P.,354722,unset,EH38DZ,No crossing facility within 50m or physical crossing facility not controlled by authorised person,No physical crossing facility within 50m,At scene,55.9457580402464,-3.2142846788847215
183612,,Serious,1,1,29/03/2012,Thursday,29,March,12,13,50,230,C,,Single carriageway - 2 lanes,30,'T' or staggered junction,Automatic Traffic Signal,A,900,Daylight: street lights present,Fine (without high winds),Dry,None,None,No overtaking,326570,675140,519867,Junction,Pedestrian,354723,unset,EH68SE,No crossing facility within 50m or physical crossing facility not controlled by authorised person,Pedestrian phase at traffic signal junction,At scene,55.96363352903705,-3.1778390220829023
183812,,Slight,1,1,30/03/2012,Friday,30,March,12,16,50,230,Unclassified,,Single carriageway - 2 lanes,40,Not at or within 20 metres of junction,unset,\,,Daylight: street lights present,Fine (without high winds),Dry,None,None,No overtaking,324360,675980,563652,Segment,Pedestrian,354724,unset,EH53QG,No crossing facility within 50m or physical crossing facility not controlled by authorised person,Pedestrian phase at traffic signal junction,At scene,55.970835614276204,-3.2134679988532233
184712,,Slight,2,1,27/03/2012,Tuesday,27,March,12,19,0,230,Unclassified,,Single carriageway - 2 lanes,30,'T' or staggered junction,Give way sign or markings,Unclassified,,Daylight: street lights present,Fine (without high winds),Dry,None,None,No overtaking,320700,672330,0,Unset,Cyclist,354725,unset,EH127EL,No crossing facility within 50m or physical crossing facility not controlled by authorised person,No physical crossing facility within 50m,At scene,55.93745815618558,-3.2710169696436218
185112,,Serious,2,1,31/03/2012,Saturday,31,March,12,10,50,230,Unclassified,,Single carriageway - 2 lanes,30,Other junction,Give way sign or markings,Unclassified,,Daylight: no street lighting,Fine (without high winds),Dry,None,None,No overtaking,324510,671490,530434,Junction,Cyclist,354726,unset,EH104AY,No crossing facility within 50m or physical crossing facility not controlled by authorised person,No physical crossing facility within 50m,Elsewhere,55.93052671969581,-3.2098066292201524
185212,,Slight,2,1,31/03/2012,Saturday,31,March,12,15,12,230,A,70,Single carriageway - 2 lanes,30,'T' or staggered junction,Give way sign or markings,Unclassified,,Daylight: street lights present,Fine (without high winds),Dry,None,None,No overtaking,317710,667500,517909,Junction,Cyclist,354727,unset,EH145RT,No crossing facility within 50m or physical crossing facility not controlled by authorised person,No physical crossing facility within 50m,Elsewhere,55.89356999039651,-3.3173946496596556
185312,,Serious,2,1,29/03/2012,Thursday,29,March,12,14,40,230,C,,Single carriageway - 2 lanes,30,Other junction,Give way sign or markings,Unclassified,,Daylight: street lights present,Fine (without high winds),Dry,None,None,No overtaking,324630,672680,533338,Junction,Cyclist,354728,unset,EH39NQ,No crossing facility within 50m or physical crossing facility not controlled by authorised person,No physical crossing facility within 50m,At scene,55.94123506887635,-3.2082192447249764
186512,,Slight,2,1,29/03/2012,Thursday,29,March,12,17,30,230,Unclassified,,Single carriageway - 2 lanes,30,'T' or staggered junction,Give way sign or markings,Unclassified,,Daylight: no street lighting,Fine (without high winds),Dry,None,None,No overtaking,324790,676750,0,Unset,T.V.N.P.,354729,unset,EH53HW,No crossing facility within 50m or physical crossing facility not controlled by authorised person,No physical crossing facility within 50m,At scene,55.97781994085528,-3.206795721888432
186612,,Slight,1,1,01/04/2012,Sunday,1,April,12,7,0,230,Unclassified,,Single carriageway - 2 lanes,30,Not at or within 20 metres of junction,unset,\,,Daylight: no street lighting,Fine (without high winds),Dry,None,None,No overtaking,325750,670980,564328,Segment,S.V.N.P.,356964,unset,EH93HP,No crossing facility within 50m or physical crossing facility not controlled by authorised person,No physical crossing facility within 50m,At scene,55.926138768167306,-3.189824636222532
186912,,Serious,3,3,01/04/2012,Sunday,1,April,12,21,46,230,Unclassified,,Single carriageway - 2 lanes,30,Not at or within 20 metres of junction,unset,\,,Daylight: no street lighting,Fine (without high winds),Dry,None,None,No overtaking,325170,675090,566882,Segment,M.V.N.P.,356965,unset,EH35JP,No crossing facility within 50m or physical crossing facility not controlled by authorised person,No physical crossing facility within 50m,At scene,55.962968036419944,-3.2002459743320837
188612,,Serious,1,1,02/04/2012,Monday,2,April,12,11,2,230,A,902,Single carriageway - 2 lanes,30,Not at or within 20 metres of junction,unset,\,,Daylight: street lights present,Fine (without high winds),Dry,None,None,No overtaking,322210,674900,563694,Segment,Pedestrian,356966,unset,EH42SD,No crossing facility within 50m or physical crossing facility not controlled by authorised person,Central refuge - no other controls,At scene,55.960790490022404,-3.247593574314262
189212,,Slight,2,1,02/04/2012,Monday,2,April,12,17,0,230,C,,Single carriageway - 2 lanes,30,Other junction,Automatic Traffic Signal,C,,Daylight: street lights present,Fine (without high winds),Dry,None,None,No overtaking,325010,674400,520536,Junction,T.V.N.P.,356967,unset,EH36TH,No crossing facility within 50m or physical crossing facility not controlled by authorised person,Central refuge - no other controls,At scene,55.95674494783623,-3.202616045740463
190012,,Serious,2,1,02/04/2012,Monday,2,April,12,8,40,230,A,8,Dual carriageway - 2 lanes,40,Roundabout,Automatic Traffic Signal,A,8,Darkness: street lights present but unlit,Fine (without high winds),Dry,None,None,No overtaking,312590,672650,517576,Junction,Cyclist,356968,unset,EH288PP,No crossing facility within 50m or physical crossing facility not controlled by authorised person,No physical crossing facility within 50m,At scene,55.938924813847564,-3.4009046474830775