acc_ref,beat_no,severity,no_vehicle,no_casualt,a_date,a_day,a_date_day,a_date_mon,a_date_yr,a_time_hr,a_time_min,loc_auth,road1_class,road1_no,road_type,speed_limi,junc_det,junc_ctrl,road2_class,road2_no,light_cond,weather,road_surf,spec_cond,cway_hzrds,ovrtk_patrn,easting,northing,net_id,net_type,acc_type,text_id,division,Postcode,ped_xing_hc,ped_xing_p,place_reported,latitude,longitude
190212,,Slight,3,1,02/04/2012,Monday,2,April,12,17,0,230,Unclassified,,Single carriageway - 2 lanes,30,'T' or staggered junction,Give way sign or markings,Unclassified,,Daylight: street lights present,Fine (without high winds),Dry,None,None,No overtaking,322380,673970,12223283,Junction,M.V.N.P.,356969,unset,EH43LD,No crossing facility within 50m or physical crossing facility not controlled by authorised person,No physical crossing facility within 50m,At scene,55.952464185276696,-3.244603134205614
191112,,Serious,1,1,02/04/2012,Monday,2,April,12,15,8,230,A,702,Single carriageway - 2 lanes,30,Not at or within 20 metres of junction,unset,\,,Daylight: no street lighting,Raining (without high winds),Dry,None,None,No overtaking,324500,671980,548994,Segment,Pedestrian,356970,unset,EH104DH,No crossing facility within 50m or physical crossing facility not controlled by authorised person,"Pelican, puffin, toucan or similar non-junction pedestrian light crossing",At scene,55.934926706994574,-3.21010386662197
191512,,Slight,1,1,03/04/2012,Tuesday,3,April,12,14,35,230,Unclassified,,Single carriageway - 2 lanes,30,Crossroads,Automatic Traffic Signal,Unclassified,,Daylight: street lights present,Snowing (without high winds),Dry,None,None,No overtaking,326500,672240,522102,Junction,Bus,356971,unset,EH91QN,No crossing facility within 50m or physical crossing facility not controlled by authorised person,Pedestrian phase at traffic signal junction,At scene,55.937572541700945,-3.178168503656248
193312,,Slight,2,5,04/04/2012,Wednesday,4,April,12,7,0,230,Motorway,8,Dual carriageway - 2 lanes,70,Not at or within 20 metres of junction,unset,\,,Daylight: street lights present,Fine (without high winds),Dry,None,None,No overtaking,317460,670480,6452039,Segment,T.V.N.P.,356972,unset,EH129BU,No crossing facility within 50m or physical crossing facility not controlled by authorised person,No physical crossing facility within 50m,Elsewhere,55.92029478056655,-3.322301726149649
193512,,Slight,1,1,04/04/2012,Wednesday,4,April,12,11,0,230,C,,Single carriageway - 2 lanes,30,'T' or staggered junction,Give way sign or markings,Unclassified,,Daylight: street lights present,Fine (without high winds),Dry,None,None,No overtaking,325050,673030,521454,Junction,Bus,356973,unset,EH39HX,No crossing facility within 50m or physical crossing facility not controlled by authorised person,No physical crossing facility within 50m,At scene,55.9444447962684,-3.2015942519101266
194512,,Slight,3,2,04/04/2012,Wednesday,4,April,12,18,3,230,Unclassified,,Single carriageway - 2 lanes,30,Roundabout,Give way sign or markings,Unclassified,,Daylight: street lights present,Fine (without high winds),Dry,None,None,No overtaking,326750,673940,521178,Junction,M.V.N.P.,356974,unset,EH88BY,No crossing facility within 50m or physical crossing facility not controlled by authorised person,No physical crossing facility within 50m,At scene,55.95288162854935,-3.1746297261468857
194812,,Slight,2,1,04/04/2012,Wednesday,4,April,12,18,13,230,Unclassified,,Single carriageway - 2 lanes,30,Other junction,Authorised Person,C,,Daylight: street lights present,Fine (without high winds),Dry,None,None,No overtaking,325710,673320,521541,Junction,Cyclist,356975,unset,EH11EY,Control by other authorised person,Zebra crossing,Elsewhere,55.94715240891703,-3.191109612432949
195112,,Slight,2,1,02/04/2012,Monday,2,April,12,13,40,230,Unclassified,,Single carriageway - 2 lanes,30,Not at or within 20 metres of junction,unset,\,,Daylight: street lights present,Raining (without high winds),Dry,None,None,No overtaking,324700,674010,520485,Junction,T.V.N.P.,356976,unset,EH24DR,No crossing facility within 50m or physical crossing facility not controlled by authorised person,Pedestrian phase at traffic signal junction,Elsewhere,55.95319312594468,-3.207470679167699
195212,,Slight,2,1,05/04/2012,Thursday,5,April,12,12,5,230,B,901,Single carriageway - 2 lanes,30,'T' or staggered junction,Give way sign or markings,Unclassified,,Daylight: street lights present,Fine (without high winds),Dry,None,None,No overtaking,325880,674480,520608,Junction,Cyclist,356977,unset,EH13RH,No crossing facility within 50m or physical crossing facility not controlled by authorised person,No physical crossing facility within 50m,Elsewhere,55.9575987569729,-3.188707558404792
195412,,Fatal,1,1,05/04/2012,Thursday,5,April,12,12,10,230,C,,Single carriageway - 2 lanes,30,Not at or within 20 metres of junction,unset,\,,Daylight: street lights present,Fine (without high winds),Dry,None,None,No overtaking,323500,674680,560003,Segment,Pedestrian,356978,unset,EH42HU,No crossing facility within 50m or physical crossing facility not controlled by authorised person,No physical crossing facility within 50m,At scene,55.95902173066965,-3.226873591225271
196212,,Slight,1,1,05/04/2012,Thursday,5,April,12,14,0,230,A,702,Single carriageway - 2 lanes,30,Crossroads,Give way sign or markings,Unclassified,,Daylight: street lights present,Fine (without high winds),Dry,Road suface defective,None,No overtaking,324580,672120,522027,Junction,S.V.N.P.,356979,unset,EH104EB,No crossing facility within 50m or physical crossing facility not controlled by authorised person,"Pelican, puffin, toucan or similar non-junction pedestrian light crossing",At scene,55.93619686640842,-3.208862800981829
199812,,Slight,1,1,23/03/2012,Friday,23,March,12,13,10,230,C,,Single carriageway - 2 lanes,30,Not at or within 20 metres of junction,unset,\,,Daylight: no street lighting,Fine (without high winds),Dry,None,None,No overtaking,325380,674040,566552,Segment,Pedestrian,354730,unset,EH22PF,No crossing facility within 50m or physical crossing facility not controlled by authorised person,No physical crossing facility within 50m,At scene,55.953568829899964,-3.1965918000822873
199912,,Slight,2,1,07/04/2012,Saturday,7,April,12,15,25,230,A,71,Roundabout,40,Roundabout,Stop sign,A,71,Daylight: street lights present,Fine (without high winds),Dry,None,None,No overtaking,319430,670660,529651,Junction,T.V.N.P.,356980,unset,EH114NT,No crossing facility within 50m or physical crossing facility not controlled by authorised person,No physical crossing facility within 50m,At scene,55.92224597905128,-3.2908425210437255
200112,,Slight,2,1,30/03/2012,Friday,30,March,12,16,10,230,C,,Single carriageway - 2 lanes,30,Not at or within 20 metres of junction,unset,\,,Daylight: no street lighting,Fine (without high winds),Dry,None,None,No overtaking,322270,671910,522216,Junction,Bus,354731,unset,EH112RZ,No crossing facility within 50m or physical crossing facility not controlled by authorised person,Pedestrian phase at traffic signal junction,Elsewhere,55.93394214911272,-3.245769918939758
200412,,Slight,2,1,07/04/2012,Saturday,7,April,12,18,0,230,Unclassified,,Single carriageway - 2 lanes,30,Mini-roundabout,Give way sign or markings,Unclassified,,Daylight: street lights present,Fine (without high winds),Dry,None,None,No overtaking,324290,675490,12232951,Junction,T.V.N.P.,356981,unset,EH35NY,No crossing facility within 50m or physical crossing facility not controlled by authorised person,No physical crossing facility within 50m,At scene,55.96642304240643,-3.2144513225868456
201312,,Slight,1,1,09/04/2012,Monday,9,April,12,3,39,230,A,702,Single carriageway - 2 lanes,30,Other junction,Automatic Traffic Signal,C,,Darkness: street lights present and lit,Fine (without high winds),Dry,None,None,No overtaking,324910,672980,533371,Junction,Pedestrian,356982,unset,EH39BN,No crossing facility within 50m or physical crossing facility not controlled by authorised person,No physical crossing facility within 50m,At scene,55.94397377824175,-3.203821286588763
202212,,Slight,1,1,05/04/2012,Thursday,5,April,12,12,30,230,A,901,Single carriageway - 2 lanes,30,Not at or within 20 metres of junction,unset,\,,Daylight: no street lighting,Fine (without high winds),Dry,None,None,No overtaking,326920,675950,558734,Segment,Pedestrian,356983,unset,EH65HX,No crossing facility within 50m or physical crossing facility not controlled by authorised person,No physical crossing facility within 50m,At scene,55.970963085783595,-3.1724538249191854
202512,,Slight,1,1,06/04/2012,Friday,6,April,12,13,5,230,C,,Single carriageway - 2 lanes,30,Roundabout,Give way sign or markings,C,,Daylight: street lights present,Fine (without high winds),Dry,None,None,No overtaking,325130,673980,521067,Junction,Bus,356984,unset,EH23EE,Control by other authorised person,Pedestrian phase at traffic signal junction,Elsewhere,55.95299092320492,-3.200577796308832
203612,,Slight,2,1,10/04/2012,Tuesday,10,April,12,16,36,230,C,,Single carriageway - 2 lanes,30,Crossroads,Give way sign or markings,Unclassified,,Daylight: no street lighting,Fine (without high winds),Dry,None,None,No overtaking,320390,671920,522141,Junction,T.V.N.P.,356985,unset,EH127DU,No crossing facility within 50m or physical crossing facility not controlled by authorised person,No physical crossing facility within 50m,At scene,55.933724019952884,-3.275857009505758
203712,,Slight,2,2,10/04/2012,Tuesday,10,April,12,17,25,230,A,90,Single carriageway - 2 lanes,40,'T' or staggered junction,Automatic Traffic Signal,B,701,Daylight: no street lighting,Fine (without high winds),Dry,None,None,No overtaking,318890,674910,519933,Junction,T.V.N.P.,356986,unset,EH48AR,No crossing facility within 50m or physical crossing facility not controlled by authorised person,No physical crossing facility within 50m,At scene,55.9603305465088,-3.3007602251438075
204412,,Slight,2,1,19/03/2012,Monday,19,March,12,18,55,230,C,,Single carriageway - 2 lanes,30,Crossroads,Give way sign or markings,Unclassified,,Darkness: street lights present and lit,Raining (without high winds),Dry,None,None,No overtaking,327030,675220,0,Unset,Cyclist,354732,unset,EH68RT,No crossing facility within 50m or physical crossing facility not controlled by authorised person,No physical crossing facility within 50m,At scene,55.96442235549646,-3.1704937998010405
205112,,Serious,1,1,11/04/2012,Wednesday,11,April,12,16,10,230,Unclassified,,Dual carriageway - 2 lanes,40,Not at or within 20 metres of junction,unset,\,,Daylight: street lights present,Fine (without high winds),Dry,None,None,No overtaking,320050,669420,551630,Segment,Pedestrian,356987,unset,EH143AX,No crossing facility within 50m or physical crossing facility not controlled by authorised person,No physical crossing facility within 50m,At scene,55.91121117401824,-3.2805568592264276
205312,,Slight,1,1,10/04/2012,Tuesday,10,April,12,20,55,230,A,901,Single carriageway - 2 lanes,30,'T' or staggered junction,Give way sign or markings,A,901,Darkness: street lights present and lit,Fine (without high winds),Dry,None,None,No overtaking,325810,677000,532669,Junction,Pedestrian,356988,unset,EH64HY,No crossing facility within 50m or physical crossing facility not controlled by authorised person,No physical crossing facility within 50m,Elsewhere,55.98022455860099,-3.1905235280184825
205512,,Slight,2,1,11/04/2012,Wednesday,11,April,12,16,29,230,A,71,One way Street,30,Roundabout,Automatic Traffic Signal,Unclassified,,Daylight: no street lighting,Fine (without high winds),Dry,None,None,No overtaking,318530,670390,2307036,Junction,Cyclist,356989,unset,EH144AW,Control by other authorised person,Pedestrian phase at traffic signal junction,At scene,55.91966895784004,-3.3051584621749033
205612,,Slight,2,1,06/04/2012,Friday,6,April,12,13,10,230,Unclassified,,Single carriageway - 2 lanes,30,'T' or staggered junction,Give way sign or markings,Unclassified,,Daylight: no street lighting,Fine (without high winds),Dry,None,None,No overtaking,327200,674930,12239021,Junction,T.V.N.P.,356990,unset,EH75QU,Control by other authorised person,Pedestrian phase at traffic signal junction,Elsewhere,55.961843156095796,-3.167692717157315
206412,,Slight,2,1,12/04/2012,Thursday,12,April,12,15,15,230,B,1350,Single carriageway - 2 lanes,30,Roundabout,Give way sign or markings,A,900,Daylight: street lights present,Fine (without high winds),Dry,None,None,No overtaking,326160,674510,520236,Junction,Cyclist,356991,unset,EH75DX,No crossing facility within 50m or physical crossing facility not controlled by authorised person,No physical crossing facility within 50m,Elsewhere,55.95791141557921,-3.184232295544599
206612,,Slight,2,1,12/04/2012,Thursday,12,April,12,8,30,230,B,9085,Single carriageway - 2 lanes,30,Mini-roundabout,Give way sign or markings,Unclassified,,Daylight: street lights present,Raining (without high winds),Dry,None,None,No overtaking,320540,675440,519747,Junction,Cyclist,356992,unset,EH46AR,No crossing facility within 50m or physical crossing facility not controlled by authorised person,Zebra crossing,At scene,55.96536737153595,-3.2744952082794803
207912,,Slight,4,1,13/04/2012,Friday,13,April,12,13,0,230,A,8000,Dual carriageway - 2 lanes,30,Not at or within 20 metres of junction,unset,\,,Daylight: no street lighting,Fine (without high winds),Dry,None,None,No overtaking,312970,677510,555198,Segment,M.V.N.P.,356993,unset,EH309YA,No crossing facility within 50m or physical crossing facility not controlled by authorised person,No physical crossing facility within 50m,At scene,55.98264668943685,-3.3963947033665325
208512,,Slight,3,2,13/04/2012,Friday,13,April,12,10,24,230,A,720,Dual carriageway - 2 lanes,70,Not at or within 20 metres of junction,unset,\,,Daylight: no street lighting,Fine (without high winds),Dry,None,None,No overtaking,319900,669430,2578907,Segment,M.V.N.P.,356994,unset,EH143BS,No crossing facility within 50m or physical crossing facility not controlled by authorised person,No physical crossing facility within 50m,At scene,55.911276027288984,-3.2829587411233367
210012,,Slight,2,2,13/04/2012,Friday,13,April,12,21,30,230,A,90,Dual carriageway - 2 lanes,40,Multiple junction,Automatic Traffic Signal,A,902,Darkness: street lights present and lit,Fine (without high winds),Dry,None,None,No overtaking,321550,674920,520029,Junction,T.V.N.P.,356995,unset,EH42AQ,No crossing facility within 50m or physical crossing facility not controlled by authorised person,Pedestrian phase at traffic signal junction,At scene,55.96086267607673,-3.258168225942696
210112,,Serious,1,1,14/04/2012,Saturday,14,April,12,14,32,230,Unclassified,,Single carriageway - 2 lanes,30,Not at or within 20 metres of junction,unset,\,,Daylight: street lights present,Fine (without high winds),Dry,None,None,No overtaking,323540,668730,564815,Segment,Bus,356996,unset,EH139NE,No crossing facility within 50m or physical crossing facility not controlled by authorised person,No physical crossing facility within 50m,Elsewhere,55.905580903769035,-3.2245456560879684
210312,,Slight,2,1,15/04/2012,Sunday,15,April,12,1,30,230,A,702,Single carriageway - 2 lanes,30,Other junction,Give way sign or markings,Unclassified,,Darkness: street lights present and lit,Fine (without high winds),Dry,None,None,No overtaking,324630,672160,522030,Junction,T.V.N.P.,356997,unset,EH104ER,No crossing facility within 50m or physical crossing facility not controlled by authorised person,Central refuge - no other controls,At scene,55.93656402796769,-3.208073810884286
210412,,Slight,2,1,11/04/2012,Wednesday,11,April,12,17,30,230,A,8,Dual carriageway - 2 lanes,40,Roundabout,Automatic Traffic Signal,A,8,Daylight: no street lighting,Raining (without high winds),Dry,None,None,No overtaking,312590,672650,517576,Junction,T.V.N.P.,356998,unset,EH288PP,No crossing facility within 50m or physical crossing facility not controlled by authorised person,No physical crossing facility within 50m,At scene,55.938924813847564,-3.4009046474830775
210812,,Slight,2,1,15/04/2012,Sunday,15,April,12,16,5,230,Unclassified,,Single carriageway - 2 lanes,30,'T' or staggered junction,Automatic Traffic Signal,A,8,Daylight: street lights present,Fine (without high winds),Dry,None,None,No overtaking,320110,672920,521724,Junction,T.V.N.P.,356999,unset,EH128AT,No crossing facility within 50m or physical crossing facility not controlled by authorised person,No physical crossing facility within 50m,At scene,55.94266005134062,-3.280633997892652
213212,,Slight,3,1,10/04/2012,Tuesday,10,April,12,8,30,230,A,8,Dual carriageway - 2 lanes,60,Slip road,Give way sign or markings,Unclassified,,Daylight: no street lighting,Snowing (without high winds),Dry,None,None,No overtaking,314780,672470,532249,Junction,M.V.N.P.,357000,unset,EH288NB,No crossing facility within 50m or physical crossing facility not controlled by authorised person,No physical crossing facility within 50m,At scene,55.937701634230685,-3.3657998348780547
213812,,Serious,1,1,16/04/2012,Monday,16,April,12,10,10,230,Unclassified,,Single carriageway - 2 lanes,20,Other junction,Automatic Traffic Signal,A,901,Daylight: no street lighting,Fine (without high winds),Dry,None,None,No overtaking,326440,676780,531316,Junction,Pedestrian,357001,unset,EH66NW,No crossing facility within 50m or physical crossing facility not controlled by authorised person,Central refuge - no other controls,At scene,55.97834542808141,-3.18036956112962
215712,,Serious,2,1,17/04/2012,Tuesday,17,April,12,15,40,230,A,71,Dual carriageway - 2 lanes,40,Roundabout,Give way sign or markings,C,,Daylight: street lights present,Fine (without high winds),Dry,None,None,No overtaking,320690,671110,529513,Junction,Cyclist,357002,unset,EH113RQ,No crossing facility within 50m or physical crossing facility not controlled by authorised person,No physical crossing facility within 50m,Elsewhere,55.92649777205684,-3.270818145279041
215812,,Slight,2,1,17/04/2012,Tuesday,17,April,12,18,20,230,Unclassified,,Single carriageway - 3 lanes,30,Slip road,Give way sign or markings,A,7,Daylight: no street lighting,Fine (without high winds),Dry,None,None,No overtaking,329730,669450,0,Unset,T.V.N.P.,357003,unset,EH164SP,Control by other authorised person,"Pelican, puffin, toucan or similar non-junction pedestrian light crossing",At scene,55.91299342742102,-3.1257469933931894
218012,,Slight,2,1,12/04/2012,Thursday,12,April,12,15,13,230,Motorway,8,Roundabout,60,Roundabout,Automatic Traffic Signal,Motorway,8,Daylight: street lights present,Fine (without high winds),Dry,None,None,No overtaking,318060,670950,6453338,Junction,T.V.N.P.,357004,unset,EH129BU,Control by other authorised person,Pedestrian phase at traffic signal junction,At scene,55.9246192092993,-3.31284668380245
218612,,Slight,2,1,18/04/2012,Wednesday,18,April,12,12,45,230,A,900,Single carriageway - 2 lanes,30,Other junction,Give way sign or markings,Unclassified,,Daylight: street lights present,Fine (without high winds),Dry,None,None,No overtaking,326790,675560,519478,Junction,T.V.N.P.,357005,unset,EH68NR,No crossing facility within 50m or physical crossing facility not controlled by authorised person,No physical crossing facility within 50m,At scene,55.967439950540296,-3.1744300142419064
219212,,Slight,2,1,18/04/2012,Wednesday,18,April,12,17,0,230,Unclassified,,Roundabout,30,Roundabout,Give way sign or markings,Unclassified,,Daylight: street lights present,Fine (without high winds),Dry,None,None,No overtaking,312960,677600,10292788,Junction,T.V.N.P.,357006,unset,EH309YA,No crossing facility within 50m or physical crossing facility not controlled by authorised person,No physical crossing facility within 50m,Elsewhere,55.98345325722575,-3.3965840619470713
219412,,Slight,2,1,18/04/2012,Wednesday,18,April,12,20,10,230,Unclassified,,Single carriageway - 2 lanes,30,Not at or within 20 metres of junction,unset,\,,Darkness: street lights present and lit,Fine (without high winds),Dry,None,None,No overtaking,328360,674040,0,Unset,Cyclist,357007,unset,EH87HD,No crossing facility within 50m or physical crossing facility not controlled by authorised person,No physical crossing facility within 50m,Elsewhere,55.954022988412135,-3.1488790918422214
220212,,Slight,1,1,18/04/2012,Wednesday,18,April,12,14,42,230,Unclassified,,One way Street,20,Not at or within 20 metres of junction,unset,\,,Daylight: street lights present,Unknown,Dry,None,None,No overtaking,317990,672460,0,Unset,Bus,357009,unset,EH129DG,No crossing facility within 50m or physical crossing facility not controlled by authorised person,No physical crossing facility within 50m,Elsewhere,55.93817071368288,-3.3144257943428213
221512,,Slight,2,1,19/04/2012,Thursday,19,April,12,14,19,230,A,71,Single carriageway - 2 lanes,30,Using private drive or entrance,Give way sign or markings,Unclassified,,Daylight: street lights present,Raining (without high winds),Dry,None,None,No overtaking,321940,671660,549737,Segment,T.V.N.P.,357010,unset,EH113AJ,No crossing facility within 50m or physical crossing facility not controlled by authorised person,Central refuge - no other controls,At scene,55.93164296577904,-3.2509783041152778
222212,,Slight,2,1,20/04/2012,Friday,20,April,12,8,30,230,Unclassified,,Roundabout,30,Roundabout,Give way sign or markings,Unclassified,,Daylight: street lights present,Fine (without high winds),Dry,None,None,No overtaking,327800,674120,520764,Junction,Cyclist,357011,unset,EH88JD,No crossing facility within 50m or physical crossing facility not controlled by authorised person,Central refuge - no other controls,At scene,55.954657685291835,-3.1578667984643944
223412,,Slight,2,1,20/04/2012,Friday,20,April,12,16,5,230,C,,Single carriageway - 2 lanes,30,'T' or staggered junction,Give way sign or markings,Unclassified,,Daylight: street lights present,Fine (without high winds),Dry,None,None,No overtaking,325700,673320,521541,Junction,Cyclist,357012,unset,EH11HU,No crossing facility within 50m or physical crossing facility not controlled by authorised person,Zebra crossing,At scene,55.9471508610416,-3.191269693710437
224112,,Slight,2,1,19/04/2012,Thursday,19,April,12,21,55,230,Unclassified,,Single carriageway - 2 lanes,30,Not at or within 20 metres of junction,unset,\,,Darkness: street lights present and lit,Raining (without high winds),Dry,None,None,No overtaking,323280,671820,564151,Segment,Cyclist,357013,unset,EH111RY,No crossing facility within 50m or physical crossing facility not controlled by authorised person,No physical crossing facility within 50m,At scene,55.93329611650471,-3.2295818428892824
225012,,Slight,1,1,18/04/2012,Wednesday,18,April,12,21,10,230,Unclassified,,Single carriageway - 2 lanes,30,'T' or staggered junction,Give way sign or markings,Unclassified,,Darkness: street lights present and lit,Raining (without high winds),Dry,None,None,No overtaking,325720,673320,521541,Junction,Pedestrian,357014,unset,EH11EY,No crossing facility within 50m or physical crossing facility not controlled by authorised person,Zebra crossing,At scene,55.94715395658456,-3.1909495311397658
225712,,Serious,1,1,18/04/2012,Wednesday,18,April,12,17,50,230,A,702,Single carriageway - 2 lanes,30,Multiple junction,Automatic Traffic Signal,C,,Daylight: street lights present,Fine (without high winds),Dry,None,None,No overtaking,324900,672970,533374,Junction,Pedestrian,357015,unset,EH39BN,No crossing facility within 50m or physical crossing facility not controlled by authorised person,Pedestrian phase at traffic signal junction,At scene,55.94388238613859,-3.2039785663227427
226812,,Slight,3,2,20/04/2012,Friday,20,April,12,23,49,230,A,701,Single carriageway - 2 lanes,30,Crossroads,Give way sign or markings,Unclassified,,Darkness: street lights present and lit,Raining (without high winds),Dry,None,None,No overtaking,326790,671700,529474,Junction,M.V.N.P.,357016,unset,EH92BZ,No crossing facility within 50m or physical crossing facility not controlled by authorised person,Central refuge - no other controls,At scene,55.93276608685988,-3.173380592149888
227012,,Slight,1,2,22/04/2012,Sunday,22,April,12,1,30,230,A,71,Single carriageway - 2 lanes,50,Not at or within 20 metres of junction,unset,\,,Darkness: no street lighting,Fine (without high winds),Dry,None,None,No overtaking,315990,669880,549650,Segment,S.V.N.P.,357017,unset,EH288NU,No crossing facility within 50m or physical crossing facility not controlled by authorised person,No physical crossing facility within 50m,At scene,55.91465065017679,-3.3456292724336123
227412,,Slight,1,1,23/04/2012,Monday,23,April,12,8,20,230,Unclassified,,Dual carriageway - 2 lanes,30,Not at or within 20 metres of junction,unset,\,,Daylight: street lights present,Fine (without high winds),Dry,None,None,No overtaking,318950,671550,12232528,Segment,Pedestrian,357018,unset,EH129EB,No crossing facility within 50m or physical crossing facility not controlled by authorised person,No physical crossing facility within 50m,At scene,55.93015965808294,-3.298788613545246
230312,,Slight,3,2,23/04/2012,Monday,23,April,12,8,33,230,A,6095,Single carriageway - 2 lanes,30,Other junction,Give way sign or markings,Unclassified,,Daylight: no street lighting,Fine (without high winds),Dry,None,None,No overtaking,328970,671670,523770,Junction,M.V.N.P.,357019,unset,EH164BE,No crossing facility within 50m or physical crossing facility not controlled by authorised person,No physical crossing facility within 50m,At scene,55.932823996966164,-3.138487312296004
230912,,Slight,1,1,24/04/2012,Tuesday,24,April,12,13,50,230,Unclassified,,Single carriageway - 2 lanes,40,Not at or within 20 metres of junction,unset,\,,Daylight: street lights present,Fine (without high winds),Dry,None,None,No overtaking,323240,672700,559227,Segment,S.V.N.P.,357020,unset,EH112LP,No crossing facility within 50m or physical crossing facility not controlled by authorised person,No physical crossing facility within 50m,At scene,55.941194500247576,-3.230472554453486
231412,,Serious,2,1,23/04/2012,Monday,23,April,12,21,35,230,A,90,Single carriageway - 2 lanes,40,Not at or within 20 metres of junction,unset,\,,Daylight: no street lighting,Raining (without high winds),Dry,None,None,No overtaking,319290,674940,555498,Segment,Pedestrian,357021,unset,EH46ER,No crossing facility within 50m or physical crossing facility not controlled by authorised person,No physical crossing facility within 50m,At scene,55.96066747182694,-3.2943640476721887
231612,,Slight,2,1,17/04/2012,Tuesday,17,April,12,11,29,230,Unclassified,,Single carriageway - 2 lanes,30,'T' or staggered junction,Give way sign or markings,Unclassified,,Daylight: no street lighting,Fine (without high winds),Dry,None,None,No overtaking,326900,672660,4224887,Junction,T.V.N.P.,357022,unset,EH165XN,Control by other authorised person,Pedestrian phase at traffic signal junction,At scene,55.94140642021341,-3.171880728337126
233212,,Serious,1,1,24/04/2012,Tuesday,24,April,12,22,0,230,C,,Single carriageway - 2 lanes,30,'T' or staggered junction,Give way sign or markings,Unclassified,,Darkness: street lights present and lit,Raining (without high winds),Dry,None,None,No overtaking,324000,672590,521844,Junction,Pedestrian,357023,unset,EH111BG,No crossing facility within 50m or physical crossing facility not controlled by authorised person,"Pelican, puffin, toucan or similar non-junction pedestrian light crossing",At scene,55.94032730730853,-3.218277349103673
234612,,Slight,1,3,26/04/2012,Thursday,26,April,12,9,15,230,A,720,Dual carriageway - 2 lanes,60,Not at or within 20 metres of junction,unset,\,,Daylight: no street lighting,Raining (without high winds),Dry,None,None,No overtaking,328630,666960,2579069,Segment,S.V.N.P.,357024,unset,EH178SB,No crossing facility within 50m or physical crossing facility not controlled by authorised person,No physical crossing facility within 50m,At scene,55.89046356147364,-3.1426828158917814
236612,,Slight,2,1,25/04/2012,Wednesday,25,April,12,16,55,230,A,8,Single carriageway - 2 lanes,30,'T' or staggered junction,Give way sign or markings,Unclassified,,Daylight: no street lighting,Raining (without high winds),Dry,None,None,No overtaking,323810,673220,521298,Junction,T.V.N.P.,357025,unset,EH125LQ,Control by school crossing patrol,Pedestrian phase at traffic signal junction,At scene,55.94595630802193,-3.22149648570967
237512,,Serious,1,1,27/04/2012,Friday,27,April,12,11,35,230,C,,Single carriageway - 2 lanes,30,Not at or within 20 metres of junction,unset,\,,Daylight: no street lighting,Fine (without high winds),Dry,None,None,No overtaking,325390,674060,566534,Segment,Pedestrian,357026,unset,EH22PA,No crossing facility within 50m or physical crossing facility not controlled by authorised person,Zebra crossing,At scene,55.95375004056219,-3.1964372351093404
237612,,Slight,2,1,27/04/2012,Friday,27,April,12,13,40,230,Unclassified,,Single carriageway - 2 lanes,30,Crossroads,Give way sign or markings,Unclassified,,Daylight: no street lighting,Fine (without high winds),Dry,None,None,No overtaking,325760,671510,523863,Junction,Cyclist,357027,unset,EH92RA,No crossing facility within 50m or physical crossing facility not controlled by authorised person,No physical crossing facility within 50m,At scene,55.930901222526906,-3.1898105574114206
240612,,Slight,1,1,29/04/2012,Sunday,29,April,12,22,26,230,A,70,Single carriageway - 2 lanes,30,Not at or within 20 metres of junction,unset,\,,Daylight: no street lighting,Raining (without high winds),Dry,None,None,No overtaking,320670,669110,532912,Junction,S.V.N.P.,357028,unset,EH130LT,No crossing facility within 50m or physical crossing facility not controlled by authorised person,No physical crossing facility within 50m,At scene,55.90852929077584,-3.2705502218778606
240812,,Slight,1,1,30/04/2012,Monday,30,April,12,8,20,230,Unclassified,,Single carriageway - 2 lanes,20,'T' or staggered junction,Give way sign or markings,Unclassified,,Daylight: no street lighting,Raining (without high winds),Dry,None,None,No overtaking,319160,676220,519073,Junction,S.V.N.P.,357029,unset,EH46LX,Control by other authorised person,Pedestrian phase at traffic signal junction,At scene,55.9721430928232,-3.2968303459707164
240912,,Slight,3,1,30/04/2012,Monday,30,April,12,10,15,230,A,70,Single carriageway - 2 lanes,30,'T' or staggered junction,Automatic Traffic Signal,Unclassified,,Daylight: street lights present,Fine (without high winds),Dry,None,None,No overtaking,323120,671980,522267,Junction,Bus,357030,unset,EH111QE,No crossing facility within 50m or physical crossing facility not controlled by authorised person,Pedestrian phase at traffic signal junction,At scene,55.93470776177063,-3.232187820615584
241812,,Slight,2,1,30/04/2012,Monday,30,April,12,16,0,230,Unclassified,,Single carriageway - 2 lanes,30,Crossroads,Automatic Traffic Signal,Unclassified,,Daylight: street lights present,Fine (without high winds),Dry,None,None,No overtaking,325880,676300,519238,Junction,Cyclist,357031,unset,EH64NP,No crossing facility within 50m or physical crossing facility not controlled by authorised person,No physical crossing facility within 50m,At scene,55.97394744299531,-3.1892090013380274
241912,,Serious,1,1,30/04/2012,Monday,30,April,12,13,22,230,Unclassified,,Single carriageway - 2 lanes,30,Mini-roundabout,Give way sign or markings,Unclassified,,Daylight: no street lighting,Unknown,Dry,None,None,No overtaking,313860,677960,12230541,Junction,Bus,357032,unset,EH309JP,No crossing facility within 50m or physical crossing facility not controlled by authorised person,No physical crossing facility within 50m,Elsewhere,55.98684935376154,-3.3822797348972977