acc_ref,beat_no,severity,no_vehicle,no_casualt,a_date,a_day,a_date_day,a_date_mon,a_date_yr,a_time_hr,a_time_min,loc_auth,road1_class,road1_no,road_type,speed_limi,junc_det,junc_ctrl,road2_class,road2_no,light_cond,weather,road_surf,spec_cond,cway_hzrds,ovrtk_patrn,easting,northing,net_id,net_type,acc_type,text_id,division,Postcode,ped_xing_hc,ped_xing_p,place_reported,latitude,longitude
242812,,Slight,2,1,30/04/2012,Monday,30,April,12,9,25,230,A,70,Single carriageway - 2 lanes,30,Other junction,Give way sign or markings,Unclassified,,Daylight: street lights present,Fine (without high winds),Dry,None,None,No overtaking,323190,672040,521976,Junction,Cyclist,357033,unset,EH111PR,No crossing facility within 50m or physical crossing facility not controlled by authorised person,No physical crossing facility within 50m,Elsewhere,55.935257924975616,-3.2310847241268648
243112,,Slight,1,1,29/04/2012,Sunday,29,April,12,20,45,230,A,900,Single carriageway - 2 lanes,30,'T' or staggered junction,Automatic Traffic Signal,C,,Darkness: street lights present and lit,Fine (without high winds),Dry,None,None,No overtaking,326550,675150,519867,Junction,Pedestrian,357034,unset,EH65AG,No crossing facility within 50m or physical crossing facility not controlled by authorised person,Pedestrian phase at traffic signal junction,Elsewhere,55.96372029529345,-3.1781620521597733
243512,,Slight,2,1,01/05/2012,Tuesday,1,May,12,22,0,230,Unclassified,,Single carriageway - 2 lanes,30,'T' or staggered junction,Give way sign or markings,Unclassified,,Daylight: no street lighting,Fine (without high winds),Dry,None,None,No overtaking,319360,672780,521667,Junction,T.V.N.P.,365584,unset,EH127TZ,No crossing facility within 50m or physical crossing facility not controlled by authorised person,Pedestrian phase at traffic signal junction,At scene,55.94127712204879,-3.2925963553891435
244212,,Slight,2,1,23/04/2012,Monday,23,April,12,12,45,230,A,720,Dual carriageway - 2 lanes,30,Not at or within 20 metres of junction,unset,\,,Daylight: no street lighting,Fine (without high winds),Dry,None,None,No overtaking,324460,667830,570534,Segment,T.V.N.P.,357035,unset,EH107DS,No crossing facility within 50m or physical crossing facility not controlled by authorised person,No physical crossing facility within 50m,At scene,55.897641806738406,-3.2095823620260813
245312,,Slight,3,4,02/05/2012,Wednesday,2,May,12,16,45,230,A,70,Single carriageway - 2 lanes,40,Not at or within 20 metres of junction,unset,\,,Daylight: street lights present,Fine (without high winds),Dry,None,None,No overtaking,321260,669800,561823,Segment,M.V.N.P.,365585,unset,EH142LL,No crossing facility within 50m or physical crossing facility not controlled by authorised person,No physical crossing facility within 50m,At scene,55.9148243080152,-3.2613163150333673
245412,,Slight,2,1,02/05/2012,Wednesday,2,May,12,19,0,230,A,71,Single carriageway - 2 lanes,60,'T' or staggered junction,Give way sign or markings,Unclassified,,Daylight: no street lighting,Fine (without high winds),Dry,None,None,No overtaking,314550,669180,517744,Junction,T.V.N.P.,365586,unset,EH278EB,No crossing facility within 50m or physical crossing facility not controlled by authorised person,No physical crossing facility within 50m,At scene,55.90810923957239,-3.36843860056403
246612,,Slight,1,1,02/03/2012,Friday,2,March,12,13,15,230,Unclassified,,Single carriageway - 2 lanes,30,Other junction,Give way sign or markings,Unclassified,,Daylight: street lights present,Fine (without high winds),Dry,None,None,No overtaking,328590,668000,530329,Junction,Pedestrian,354733,unset,EH178PE,No crossing facility within 50m or physical crossing facility not controlled by authorised person,No physical crossing facility within 50m,At scene,55.899799989631084,-3.1435970655311913
246812,,Slight,1,1,03/05/2012,Thursday,3,May,12,19,20,230,A,7,Single carriageway - 2 lanes,30,'T' or staggered junction,Give way sign or markings,Unclassified,,Daylight: street lights present,Fine (without high winds),Dry,None,None,No overtaking,326190,672890,532702,Junction,Bus,365587,unset,EH89EZ,No crossing facility within 50m or physical crossing facility not controlled by authorised person,No physical crossing facility within 50m,At scene,55.94336384004979,-3.183307867562264
247712,,Slight,2,1,01/05/2012,Tuesday,1,May,12,9,15,230,B,701,Single carriageway - 2 lanes,30,'T' or staggered junction,Give way sign or markings,Unclassified,,Daylight: street lights present,Fine (without high winds),Dry,None,None,No overtaking,329360,668790,530263,Junction,Cyclist,365588,unset,EH177AR,No crossing facility within 50m or physical crossing facility not controlled by authorised person,No physical crossing facility within 50m,Elsewhere,55.90701036190331,-3.1314922123559237
248612,,Slight,1,1,04/05/2012,Friday,4,May,12,15,15,230,C,,Roundabout,30,Roundabout,Give way sign or markings,C,,Daylight: street lights present,Fine (without high winds),Dry,None,None,No overtaking,325340,674010,520509,Junction,Bus,365589,unset,EH22DX,No crossing facility within 50m or physical crossing facility not controlled by authorised person,Pedestrian phase at traffic signal junction,Elsewhere,55.95329312463306,-3.1972239105650515
249412,,Slight,1,1,05/05/2012,Saturday,5,May,12,1,0,230,C,,Roundabout,30,Roundabout,Give way sign or markings,B,901,Darkness: street lights present and lit,Fine (without high winds),Dry,None,None,No overtaking,325720,674670,520206,Junction,Pedestrian,365590,unset,EH36NB,No crossing facility within 50m or physical crossing facility not controlled by authorised person,No physical crossing facility within 50m,At scene,55.95928074448557,-3.1913219857672623
250012,,Slight,1,1,03/05/2012,Thursday,3,May,12,15,20,230,Unclassified,,Single carriageway - 2 lanes,30,'T' or staggered junction,Give way sign or markings,A,8,Daylight: street lights present,Fine (without high winds),Dry,None,None,No overtaking,323950,673220,521295,Junction,Pedestrian,365591,unset,EH125JZ,No crossing facility within 50m or physical crossing facility not controlled by authorised person,No physical crossing facility within 50m,Elsewhere,55.94597850873754,-3.21925544026487
251912,,Slight,2,1,06/05/2012,Sunday,6,May,12,15,26,230,C,,Single carriageway - 2 lanes,20,Crossroads,Automatic Traffic Signal,C,,Daylight: no street lighting,Fine (without high winds),Dry,None,None,No overtaking,327600,669520,530152,Junction,T.V.N.P.,365592,unset,EH166RY,Control by other authorised person,Pedestrian phase at traffic signal junction,At scene,55.91330605770639,-3.1598335489805334
253412,,Slight,1,1,04/05/2012,Friday,4,May,12,5,58,230,A,901,Single carriageway - 2 lanes,30,Crossroads,Give way sign or markings,Unclassified,,Daylight: no street lighting,Fine (without high winds),Dry,None,None,No overtaking,326880,675990,531346,Junction,S.V.N.P.,365593,unset,EH65HX,No crossing facility within 50m or physical crossing facility not controlled by authorised person,Central refuge - no other controls,At scene,55.971316301796506,-3.1731054234154956
253612,,Slight,2,2,07/05/2012,Monday,7,May,12,17,0,230,Unclassified,,Single carriageway - 2 lanes,30,Not at or within 20 metres of junction,unset,\,,Daylight: street lights present,Raining (without high winds),Dry,None,None,No overtaking,329550,669120,0,Unset,T.V.N.P.,365594,unset,EH177BP,No crossing facility within 50m or physical crossing facility not controlled by authorised person,No physical crossing facility within 50m,At scene,55.91000266090717,-3.1285398570802103
254212,,Serious,2,1,08/05/2012,Tuesday,8,May,12,11,0,230,Unclassified,,Single carriageway - 2 lanes,30,Crossroads,Automatic Traffic Signal,Unclassified,,Daylight: street lights present,Fine (without high winds),Dry,None,None,No overtaking,324490,671890,522291,Junction,T.V.N.P.,365595,unset,EH105DP,Control by other authorised person,Pedestrian phase at traffic signal junction,At scene,55.934116685330714,-3.21023868544108
254712,,Slight,1,1,05/05/2012,Saturday,5,May,12,3,0,230,Unclassified,,Single carriageway - 2 lanes,30,'T' or staggered junction,Give way sign or markings,Unclassified,,Darkness: street lights present and lit,Fine (without high winds),Dry,None,None,No overtaking,325920,673790,10293610,Junction,Pedestrian,365596,unset,EH88DN,No crossing facility within 50m or physical crossing facility not controlled by authorised person,No physical crossing facility within 50m,Elsewhere,55.95140679281918,-3.18787719068304
257012,,Slight,2,1,07/05/2012,Monday,7,May,12,14,30,230,A,71,Single carriageway - 2 lanes,30,Roundabout,Automatic Traffic Signal,A,71,Daylight: street lights present,Fine (without high winds),Dry,None,None,No overtaking,318520,670330,2307039,Junction,T.V.N.P.,365597,unset,EH144AW,No crossing facility within 50m or physical crossing facility not controlled by authorised person,No physical crossing facility within 50m,At scene,55.91912831445571,-3.305300306626763
257312,,Slight,2,1,10/05/2012,Thursday,10,May,12,9,30,230,A,1140,Single carriageway - 2 lanes,30,Other junction,Give way sign or markings,Unclassified,,Daylight: street lights present,Raining (without high winds),Dry,None,None,No overtaking,329030,674250,523440,Junction,Cyclist,365598,unset,EH76PX,No crossing facility within 50m or physical crossing facility not controlled by authorised person,Central refuge - no other controls,At scene,55.956008979052996,-3.1382069171428304
257512,,Slight,2,1,10/05/2012,Thursday,10,May,12,8,45,230,A,8,Single carriageway - 2 lanes,30,'T' or staggered junction,Give way sign or markings,Unclassified,,Daylight: street lights present,Raining (without high winds),Dry,None,None,No overtaking,322870,673250,521271,Junction,Cyclist,365599,unset,EH126AX,Control by other authorised person,Pedestrian phase at traffic signal junction,At scene,55.946075670762255,-3.2365520130152907
257912,,Slight,1,1,05/05/2012,Saturday,5,May,12,19,0,230,Unclassified,,Single carriageway - 2 lanes,50,'T' or staggered junction,Automatic Traffic Signal,Unclassified,,Daylight: no street lighting,Fine (without high winds),Dry,None,None,No overtaking,327810,668760,0,Unset,Pedestrian,365600,unset,EH166RF,Control by other authorised person,Pedestrian phase at traffic signal junction,At scene,55.90651058377606,-3.1562714996664942
259012,,Slight,1,1,10/05/2012,Thursday,10,May,12,23,0,230,A,7,Single carriageway - 2 lanes,30,Crossroads,Automatic Traffic Signal,C,,Darkness: street lights present and lit,Raining (without high winds),Dry,None,None,No overtaking,325940,673630,0,Unset,Pedestrian,365601,unset,EH11RU,No crossing facility within 50m or physical crossing facility not controlled by authorised person,Pedestrian phase at traffic signal junction,At scene,55.949972628294695,-3.187512987400018
259212,,Slight,2,3,10/05/2012,Thursday,10,May,12,12,50,230,Unclassified,,Single carriageway - 2 lanes,30,Not at or within 20 metres of junction,unset,\,,Daylight: no street lighting,Raining (without high winds),Dry,None,None,No overtaking,319500,676360,557148,Segment,T.V.N.P.,365602,unset,EH46JB,No crossing facility within 50m or physical crossing facility not controlled by authorised person,Central refuge - no other controls,At scene,55.97345782353747,-3.291426188852227
260312,,Slight,2,2,11/05/2012,Friday,11,May,12,13,30,230,B,6415,Single carriageway - 2 lanes,30,Other junction,Give way sign or markings,Unclassified,,Daylight: street lights present,Raining (without high winds),Dry,None,None,No overtaking,331430,673450,523671,Junction,T.V.N.P.,365603,unset,EH152EU,No crossing facility within 50m or physical crossing facility not controlled by authorised person,"Pelican, puffin, toucan or similar non-junction pedestrian light crossing",Elsewhere,55.94917152308473,-3.0995737194384616
260812,,Slight,3,1,11/05/2012,Friday,11,May,12,7,35,230,A,720,Dual carriageway - 2 lanes,70,Not at or within 20 metres of junction,unset,\,,Daylight: no street lighting,Raining (without high winds),Dry,None,None,No overtaking,323460,668010,570546,Segment,M.V.N.P.,365604,unset,EH107DS,No crossing facility within 50m or physical crossing facility not controlled by authorised person,No physical crossing facility within 50m,At scene,55.89910058206722,-3.2256209018636186
261012,,Slight,4,1,11/05/2012,Friday,11,May,12,12,40,230,Unclassified,,Single carriageway - 2 lanes,30,Other junction,Automatic Traffic Signal,Unclassified,,Daylight: street lights present,Raining (without high winds),Dry,None,None,No overtaking,326890,672240,522072,Junction,M.V.N.P.,365605,unset,EH165AE,No crossing facility within 50m or physical crossing facility not controlled by authorised person,Pedestrian phase at traffic signal junction,At scene,55.9376320844773,-3.1719268333580835
261512,,Slight,2,2,11/05/2012,Friday,11,May,12,17,0,230,C,,Single carriageway - 2 lanes,30,'T' or staggered junction,Give way sign or markings,Unclassified,,Daylight: street lights present,Raining (without high winds),Dry,None,None,No overtaking,321370,670960,529696,Junction,T.V.N.P.,365606,unset,EH142BJ,No crossing facility within 50m or physical crossing facility not controlled by authorised person,No physical crossing facility within 50m,At scene,55.925262161514546,-3.2598949672263875
261612,,Serious,1,1,11/05/2012,Friday,11,May,12,21,40,230,A,900,Single carriageway - 2 lanes,30,'T' or staggered junction,Give way sign or markings,Unclassified,,Darkness: street lights present and lit,Raining (without high winds),Dry,None,None,No overtaking,326790,675580,519481,Junction,Pedestrian,365607,unset,EH65EA,No crossing facility within 50m or physical crossing facility not controlled by authorised person,"Pelican, puffin, toucan or similar non-junction pedestrian light crossing",At scene,55.96761960731942,-3.174435457667012
261712,,Slight,1,1,12/05/2012,Saturday,12,May,12,1,5,230,A,702,Single carriageway - 2 lanes,30,Crossroads,Automatic Traffic Signal,C,,Darkness: street lights present and lit,Raining (without high winds),Dry,None,None,No overtaking,324810,673200,521406,Junction,Pedestrian,365608,unset,EH39AN,No crossing facility within 50m or physical crossing facility not controlled by authorised person,Pedestrian phase at traffic signal junction,Elsewhere,55.94593433521212,-3.2054833666076434
261912,,Serious,1,1,08/05/2012,Tuesday,8,May,12,14,35,230,Unclassified,,Single carriageway - 2 lanes,20,'T' or staggered junction,Give way sign or markings,Unclassified,,Daylight: street lights present,Fine (without high winds),Dry,None,None,No overtaking,327310,675640,519526,Junction,Pedestrian,365609,unset,EH68BR,No crossing facility within 50m or physical crossing facility not controlled by authorised person,No physical crossing facility within 50m,At scene,55.96823767462652,-3.166122981439444
262212,,Slight,1,1,12/05/2012,Saturday,12,May,12,7,20,230,A,1,Single carriageway - 2 lanes,30,Other junction,Automatic Traffic Signal,Unclassified,,Daylight: street lights present,Fine (without high winds),Dry,None,None,No overtaking,327960,674210,520755,Junction,Pedestrian,365610,unset,EH76AA,No crossing facility within 50m or physical crossing facility not controlled by authorised person,Pedestrian phase at traffic signal junction,At scene,55.955490196851216,-3.1553290555417797
262412,,Slight,2,1,11/05/2012,Friday,11,May,12,12,30,230,A,71,Single carriageway - 2 lanes,30,Other junction,Give way sign or markings,Unclassified,,Daylight: street lights present,Raining (without high winds),Dry,None,None,No overtaking,321640,671500,529558,Junction,T.V.N.P.,365611,unset,EH113LE,No crossing facility within 50m or physical crossing facility not controlled by authorised person,No physical crossing facility within 50m,Elsewhere,55.93015689540178,-3.2557322121811043
262812,,Slight,2,1,12/05/2012,Saturday,12,May,12,14,20,230,A,90,Single carriageway - 2 lanes,30,'T' or staggered junction,Give way sign or markings,Unclassified,,Daylight: street lights present,Fine (without high winds),Dry,None,None,No overtaking,322080,674530,520041,Junction,T.V.N.P.,365612,unset,EH43NG,No crossing facility within 50m or physical crossing facility not controlled by authorised person,Pedestrian phase at traffic signal junction,At scene,55.957445831636115,-3.2495682033848716
263112,,Slight,1,1,12/05/2012,Saturday,12,May,12,11,0,230,C,,Single carriageway - 2 lanes,30,Roundabout,Give way sign or markings,Unclassified,,Daylight: street lights present,Fine (without high winds),Dry,None,None,No overtaking,324920,673920,521007,Junction,Bus,365613,unset,EH24JN,No crossing facility within 50m or physical crossing facility not controlled by authorised person,"Pelican, puffin, toucan or similar non-junction pedestrian light crossing",Elsewhere,55.952419147770144,-3.2039232631164434
264412,,Slight,2,1,11/05/2012,Friday,11,May,12,15,20,230,A,71,Roundabout,30,Roundabout,Give way sign or markings,B,701,Daylight: no street lighting,Fine (without high winds),Dry,None,None,No overtaking,319420,670650,529630,Junction,T.V.N.P.,365614,unset,EH114NT,No crossing facility within 50m or physical crossing facility not controlled by authorised person,No physical crossing facility within 50m,Elsewhere,55.92215447699573,-3.2909995069565676
264712,,Slight,2,1,13/05/2012,Sunday,13,May,12,17,17,230,Unclassified,,Single carriageway - 2 lanes,30,Crossroads,Automatic Traffic Signal,C,,Daylight: street lights present,Raining (without high winds),Dry,None,None,No overtaking,326200,673560,521139,Junction,T.V.N.P.,365615,unset,EH11TA,No crossing facility within 50m or physical crossing facility not controlled by authorised person,Pedestrian phase at traffic signal junction,Elsewhere,55.949383881372135,-3.1833313771647367
265912,,Slight,2,1,14/05/2012,Monday,14,May,12,8,25,230,A,1,Single carriageway - 2 lanes,40,Roundabout,Give way sign or markings,Unclassified,,Daylight: street lights present,Fine (without high winds),Dry,None,None,No overtaking,330300,672840,12225157,Junction,T.V.N.P.,365616,unset,EH151LF,No crossing facility within 50m or physical crossing facility not controlled by authorised person,No physical crossing facility within 50m,At scene,55.943529069978865,-3.1175064664001217
266012,,Slight,2,1,14/05/2012,Monday,14,May,12,11,55,230,B,701,Single carriageway - 2 lanes,30,'T' or staggered junction,Give way sign or markings,Unclassified,,Daylight: street lights present,Fine (without high winds),Dry,None,None,No overtaking,319290,673130,521196,Junction,T.V.N.P.,365617,unset,EH128SL,No crossing facility within 50m or physical crossing facility not controlled by authorised person,"Pelican, puffin, toucan or similar non-junction pedestrian light crossing",At scene,55.94440922571479,-3.2938215497544743
266112,,Slight,2,1,14/05/2012,Monday,14,May,12,9,30,230,Motorway,8,Dual carriageway - 2 lanes,70,Not at or within 20 metres of junction,unset,\,,Daylight: street lights present,Fine (without high winds),Dry,None,None,No overtaking,317900,670800,6452850,Segment,T.V.N.P.,365618,unset,EH129BU,No crossing facility within 50m or physical crossing facility not controlled by authorised person,No physical crossing facility within 50m,Elsewhere,55.92324453211352,-3.3153607282906488
266512,,Slight,2,1,14/05/2012,Monday,14,May,12,15,20,230,A,902,Single carriageway - 2 lanes,30,Not at or within 20 metres of junction,unset,\,,Daylight: street lights present,Fine (without high winds),Dry,None,None,No overtaking,322850,675580,563670,Segment,T.V.N.P.,365619,unset,EH42PR,No crossing facility within 50m or physical crossing facility not controlled by authorised person,No physical crossing facility within 50m,At scene,55.967002026064485,-3.237539927545004
266912,,Serious,1,2,14/05/2012,Monday,14,May,12,20,40,230,A,6106,Single carriageway - 2 lanes,30,'T' or staggered junction,Give way sign or markings,Unclassified,,Daylight: street lights present,Fine (without high winds),Dry,None,None,No overtaking,330440,672530,532570,Junction,S.V.N.P.,365620,unset,EH153NZ,No crossing facility within 50m or physical crossing facility not controlled by authorised person,No physical crossing facility within 50m,At scene,55.94076462983722,-3.115185433443595
267512,,Slight,1,1,15/05/2012,Tuesday,15,May,12,7,56,230,C,,Single carriageway - 2 lanes,30,Not at or within 20 metres of junction,unset,\,,Daylight: street lights present,Fine (without high winds),Dry,None,None,No overtaking,324640,672920,559484,Segment,Pedestrian,365621,unset,EH39QG,No crossing facility within 50m or physical crossing facility not controlled by authorised person,Pedestrian phase at traffic signal junction,Elsewhere,55.94339250253447,-3.208126317774419
267912,,Slight,2,1,15/05/2012,Tuesday,15,May,12,13,50,230,Unclassified,,Single carriageway - 2 lanes,30,Mini-roundabout,Give way sign or markings,C,,Daylight: street lights present,Fine (without high winds),Dry,None,None,No overtaking,326740,673580,0,Unset,T.V.N.P.,365622,unset,EH88AL,No crossing facility within 50m or physical crossing facility not controlled by authorised person,No physical crossing facility within 50m,At scene,55.949646271714556,-3.1746918845473893
269512,,Slight,2,2,15/05/2012,Tuesday,15,May,12,16,15,230,B,900,Single carriageway - 2 lanes,30,Crossroads,Automatic Traffic Signal,Unclassified,,Daylight: street lights present,Fine (without high winds),Dry,None,None,No overtaking,324010,674730,520125,Junction,T.V.N.P.,365623,unset,EH41AW,Control by other authorised person,Pedestrian phase at traffic signal junction,At scene,55.959551912280574,-3.21872115138387
269812,,Slight,1,2,16/05/2012,Wednesday,16,May,12,16,50,230,Unclassified,,Single carriageway - 2 lanes,30,Not at or within 20 metres of junction,unset,\,,Daylight: street lights present,Fine (without high winds),Dry,None,None,No overtaking,329850,674420,557545,Segment,Pedestrian,365624,unset,EH76TT,No crossing facility within 50m or physical crossing facility not controlled by authorised person,No physical crossing facility within 50m,At scene,55.957656686234245,-3.1251212665467336
271112,,Slight,2,1,17/05/2012,Thursday,17,May,12,6,35,230,Motorway,8,Roundabout,50,Roundabout,Automatic Traffic Signal,Motorway,8,Daylight: street lights present,Raining (without high winds),Dry,None,None,No overtaking,318060,670960,6453338,Junction,T.V.N.P.,365625,unset,EH129BU,No crossing facility within 50m or physical crossing facility not controlled by authorised person,No physical crossing facility within 50m,At scene,55.92470903360313,-3.312849721269395
272112,,Slight,1,1,17/05/2012,Thursday,17,May,12,18,15,230,A,6095,Single carriageway - 2 lanes,30,Roundabout,Give way sign or markings,Unclassified,,Daylight: street lights present,Raining (without high winds),Dry,None,None,No overtaking,331020,671620,530053,Junction,S.V.N.P.,365626,unset,EH153HW,No crossing facility within 50m or physical crossing facility not controlled by authorised person,No physical crossing facility within 50m,At scene,55.93267370482857,-3.1056690399858353
272312,,Slight,3,1,17/05/2012,Thursday,17,May,12,16,45,230,A,8,Single carriageway - 2 lanes,30,Crossroads,Give way sign or markings,Unclassified,,Daylight: street lights present,Raining (without high winds),Dry,None,None,No overtaking,320500,672820,521736,Junction,M.V.N.P.,365627,unset,EH126NU,No crossing facility within 50m or physical crossing facility not controlled by authorised person,No physical crossing facility within 50m,At scene,55.94182653407544,-3.274362243794913
272912,,Slight,1,1,17/05/2012,Thursday,17,May,12,8,30,230,Unclassified,,One way Street,30,'T' or staggered junction,Give way sign or markings,A,702,Daylight: street lights present,Fine (without high winds),Dry,None,None,No overtaking,324710,673640,520947,Junction,Pedestrian,365628,unset,EH12DA,No crossing facility within 50m or physical crossing facility not controlled by authorised person,No physical crossing facility within 50m,At scene,55.949871075490016,-3.2072071190571045
273112,,Slight,2,1,18/05/2012,Friday,18,May,12,8,35,230,A,720,Dual carriageway - 2 lanes,70,Not at or within 20 metres of junction,unset,\,,Daylight: no street lighting,Raining (without high winds),Dry,None,None,No overtaking,327020,666980,2588141,Segment,T.V.N.P.,365629,unset,EH209NR,No crossing facility within 50m or physical crossing facility not controlled by authorised person,No physical crossing facility within 50m,At scene,55.89040162618506,-3.168423967191946
275112,,Serious,2,1,19/05/2012,Saturday,19,May,12,9,10,230,Unclassified,,Single carriageway - 2 lanes,30,Crossroads,Automatic Traffic Signal,Unclassified,,Daylight: street lights present,Fine (without high winds),Dry,None,None,No overtaking,329760,673300,523641,Junction,Cyclist,365630,unset,EH151ND,No crossing facility within 50m or physical crossing facility not controlled by authorised person,Pedestrian phase at traffic signal junction,At scene,55.94758254408998,-3.1262702118138694
275912,,Slight,2,1,19/05/2012,Saturday,19,May,12,19,15,230,Unclassified,,Single carriageway - 2 lanes,30,Not at or within 20 metres of junction,unset,\,,Daylight: street lights present,Fine (without high winds),Dry,None,None,No overtaking,319290,673110,521196,Junction,T.V.N.P.,365631,unset,EH128EH,No crossing facility within 50m or physical crossing facility not controlled by authorised person,No physical crossing facility within 50m,At scene,55.9442295763257,-3.293815558422425
276112,,Slight,2,1,19/05/2012,Saturday,19,May,12,20,40,230,A,900,Single carriageway - 2 lanes,30,'T' or staggered junction,Give way sign or markings,Unclassified,,Daylight: street lights present,Fine (without high winds),Dry,None,None,No overtaking,326770,675530,519475,Junction,Cyclist,365632,unset,EH65EQ,No crossing facility within 50m or physical crossing facility not controlled by authorised person,No physical crossing facility within 50m,Elsewhere,55.96716741204521,-3.1747421789520023
276312,,Slight,1,1,19/05/2012,Saturday,19,May,12,17,20,230,A,901,Single carriageway - 2 lanes,30,Not at or within 20 metres of junction,unset,\,,Daylight: street lights present,Fine (without high winds),Dry,None,None,No overtaking,326550,676380,558782,Segment,Pedestrian,365633,unset,EH65LT,No crossing facility within 50m or physical crossing facility not controlled by authorised person,No physical crossing facility within 50m,At scene,55.97476916866659,-3.178497954959885
277812,,Slight,1,1,20/05/2012,Sunday,20,May,12,18,0,230,B,700,Single carriageway - 2 lanes,30,Not at or within 20 metres of junction,unset,\,,Daylight: street lights present,Fine (without high winds),Dry,None,None,No overtaking,324660,673180,566213,Segment,Pedestrian,365634,unset,EH38BL,No crossing facility within 50m or physical crossing facility not controlled by authorised person,No physical crossing facility within 50m,At scene,55.94573116028587,-3.207878902281088
278012,,Slight,1,1,20/05/2012,Sunday,20,May,12,17,15,230,A,7,Single carriageway - 2 lanes,30,Crossroads,Automatic Traffic Signal,C,,Daylight: street lights present,Fine (without high winds),Dry,None,None,No overtaking,325930,673680,521103,Junction,Pedestrian,365635,unset,EH11QN,No crossing facility within 50m or physical crossing facility not controlled by authorised person,"Pelican, puffin, toucan or similar non-junction pedestrian light crossing",At scene,55.95042022611793,-3.1876868335685704
278212,,Slight,2,1,21/05/2012,Monday,21,May,12,7,45,230,A,8,Dual carriageway - 2 lanes,40,'T' or staggered junction,Give way sign or markings,Unclassified,,Daylight: no street lighting,Fine (without high winds),Dry,None,None,No overtaking,312740,672660,517552,Junction,T.V.N.P.,365636,unset,EH288TA,No crossing facility within 50m or physical crossing facility not controlled by authorised person,No physical crossing facility within 50m,At scene,55.939041912924786,-3.3985073714592633
278712,,Slight,2,1,20/05/2012,Sunday,20,May,12,13,30,230,A,8,Dual carriageway - 2 lanes,30,Not at or within 20 metres of junction,unset,\,,Daylight: no street lighting,Fine (without high winds),Dry,None,None,No overtaking,317940,672720,9659466,Segment,T.V.N.P.,365637,unset,EH128ND,No crossing facility within 50m or physical crossing facility not controlled by authorised person,No physical crossing facility within 50m,At scene,55.9404975962589,-3.315305140745496
279112,,Slight,2,1,21/05/2012,Monday,21,May,12,9,27,230,Unclassified,,Single carriageway - 2 lanes,30,Not at or within 20 metres of junction,unset,\,,Daylight: street lights present,Fine (without high winds),Dry,None,None,No overtaking,326380,672070,563095,Segment,T.V.N.P.,365638,unset,EH91PR,No crossing facility within 50m or physical crossing facility not controlled by authorised person,No physical crossing facility within 50m,At scene,55.9360270700404,-3.1800425755525437
279512,,Slight,2,1,18/05/2012,Friday,18,May,12,13,30,230,Unclassified,,Single carriageway - 2 lanes,30,Crossroads,Automatic Traffic Signal,C,,Daylight: street lights present,Raining (without high winds),Dry,None,None,No overtaking,329750,673320,523641,Junction,Cyclist,365639,unset,EH151NE,No crossing facility within 50m or physical crossing facility not controlled by authorised person,Pedestrian phase at traffic signal junction,Elsewhere,55.94776074081982,-3.126435515666877
280612,,Serious,1,1,22/05/2012,Tuesday,22,May,12,9,7,230,C,,Single carriageway - 2 lanes,30,Not at or within 20 metres of junction,unset,\,,Daylight: street lights present,Fine (without high winds),Dry,None,None,No overtaking,326660,671330,563146,Segment,Bus,365640,unset,EH93AF,No crossing facility within 50m or physical crossing facility not controlled by authorised person,No physical crossing facility within 50m,At scene,55.92942258192291,-3.1753602404072545
281312,,Slight,2,3,22/05/2012,Tuesday,22,May,12,12,34,230,A,8,Dual carriageway - 2 lanes,40,Not at or within 20 metres of junction,unset,\,,Daylight: street lights present,Fine (without high winds),Dry,None,None,No overtaking,318090,672740,550908,Segment,Bus,365641,unset,EH128LS,Control by other authorised person,Pedestrian phase at traffic signal junction,At scene,55.94070285542945,-3.3129105240124432
282712,,Slight,1,1,22/05/2012,Tuesday,22,May,12,15,48,230,Unclassified,,Single carriageway - 2 lanes,30,'T' or staggered junction,Give way sign or markings,Unclassified,,Daylight: street lights present,Fine (without high winds),Dry,None,None,No overtaking,319630,674350,520368,Junction,Bus,365642,unset,EH47HQ,No crossing facility within 50m or physical crossing facility not controlled by authorised person,No physical crossing facility within 50m,At scene,55.95542488948088,-3.2887434364517656
282912,,Serious,2,1,22/05/2012,Tuesday,22,May,12,11,35,230,A,8,Single carriageway - 2 lanes,30,Not at or within 20 metres of junction,unset,\,,Daylight: street lights present,Fine (without high winds),Dry,None,None,No overtaking,323900,673220,550607,Segment,Cyclist,365643,unset,EH125JZ,No crossing facility within 50m or physical crossing facility not controlled by authorised person,No physical crossing facility within 50m,Elsewhere,55.94597058458823,-3.2200558139997044
283212,,Slight,2,1,22/05/2012,Tuesday,22,May,12,15,55,230,B,701,Single carriageway - 2 lanes,30,Other junction,Automatic Traffic Signal,C,,Daylight: street lights present,Fine (without high winds),Dry,None,None,No overtaking,328310,668470,530311,Junction,Cyclist,365644,unset,EH178JB,No crossing facility within 50m or physical crossing facility not controlled by authorised person,Pedestrian phase at traffic signal junction,At scene,55.903980340645,-3.1481986992646656
283312,,Slight,1,1,23/05/2012,Wednesday,23,May,12,13,35,230,A,701,Single carriageway - 2 lanes,30,Not at or within 20 metres of junction,unset,\,,Daylight: street lights present,Fine (without high winds),Dry,None,None,No overtaking,327280,668230,570773,Segment,Bus,365645,unset,EH166PJ,No crossing facility within 50m or physical crossing facility not controlled by authorised person,No physical crossing facility within 50m,At scene,55.90166972580704,-3.164604305567859