acc_ref,beat_no,severity,no_vehicle,no_casualt,a_date,a_day,a_date_day,a_date_mon,a_date_yr,a_time_hr,a_time_min,loc_auth,road1_class,road1_no,road_type,speed_limi,junc_det,junc_ctrl,road2_class,road2_no,light_cond,weather,road_surf,spec_cond,cway_hzrds,ovrtk_patrn,easting,northing,net_id,net_type,acc_type,text_id,division,Postcode,ped_xing_hc,ped_xing_p,place_reported,latitude,longitude
283812,,Slight,2,1,22/05/2012,Tuesday,22,May,12,16,5,230,A,1,Roundabout,30,Roundabout,Give way sign or markings,A,1,Daylight: street lights present,Fine (without high winds),Dry,None,None,No overtaking,331210,672880,521496,Junction,T.V.N.P.,365646,unset,EH153QH,No crossing facility within 50m or physical crossing facility not controlled by authorised person,Pedestrian phase at traffic signal junction,Elsewhere,55.944019674236486,-3.1029502067189743
283912,,Slight,1,1,23/05/2012,Wednesday,23,May,12,15,45,230,A,702,Single carriageway - 2 lanes,30,Not at or within 20 metres of junction,unset,\,,Daylight: street lights present,Fine (without high winds),Dry,None,None,No overtaking,324740,673540,520950,Junction,Bus,365647,unset,EH12DA,No crossing facility within 50m or physical crossing facility not controlled by authorised person,No physical crossing facility within 50m,Elsewhere,55.94897750472156,-3.2066988983894333
284412,,Serious,1,1,23/05/2012,Wednesday,23,May,12,13,8,230,Unclassified,,Single carriageway - 2 lanes,30,'T' or staggered junction,Give way sign or markings,Unclassified,,Daylight: street lights present,Fine (without high winds),Dry,None,None,No overtaking,325690,673320,521541,Junction,Pedestrian,365648,unset,EH11EN,No crossing facility within 50m or physical crossing facility not controlled by authorised person,Central refuge - no other controls,At scene,55.94714931295825,-3.1914297749722325
285312,,Slight,1,1,24/03/2012,Saturday,24,March,12,8,51,230,A,901,Single carriageway - 2 lanes,30,Not at or within 20 metres of junction,unset,\,,Daylight: no street lighting,Fine (without high winds),Dry,None,None,No overtaking,323780,677100,0,Unset,S.V.N.P.,354734,unset,EH51EY,No crossing facility within 50m or physical crossing facility not controlled by authorised person,No physical crossing facility within 50m,At scene,55.98080437164163,-3.223075790985739
286512,,Slight,1,1,23/05/2012,Wednesday,23,May,12,12,35,230,A,6106,Single carriageway - 2 lanes,30,Not at or within 20 metres of junction,unset,\,,Daylight: street lights present,Fine (without high winds),Dry,None,None,No overtaking,330460,671980,6443317,Segment,Bus,365649,unset,EH153EH,No crossing facility within 50m or physical crossing facility not controlled by authorised person,No physical crossing facility within 50m,Elsewhere,55.935826839625435,-3.114723375658502
286812,,Serious,1,1,24/05/2012,Thursday,24,May,12,19,0,230,A,900,Single carriageway - 2 lanes,30,'T' or staggered junction,Give way sign or markings,Unclassified,,Daylight: street lights present,Fine (without high winds),Dry,None,None,No overtaking,326510,675070,2578457,Junction,Pedestrian,365650,unset,EH74PF,No crossing facility within 50m or physical crossing facility not controlled by authorised person,No physical crossing facility within 50m,At scene,55.962995542154225,-3.1787808026457336
288012,,Slight,2,1,24/05/2012,Thursday,24,May,12,15,0,230,Unclassified,,Single carriageway - 2 lanes,30,Not at or within 20 metres of junction,unset,\,,Daylight: street lights present,Fine (without high winds),Dry,None,None,No overtaking,321530,674340,565691,Segment,Cyclist,365651,unset,EH43PQ,No crossing facility within 50m or physical crossing facility not controlled by authorised person,No physical crossing facility within 50m,Elsewhere,55.95564951317012,-3.258319410644809
288312,,Slight,1,1,25/05/2012,Friday,25,May,12,13,50,230,Unclassified,,Single carriageway - 2 lanes,30,Crossroads,Automatic Traffic Signal,Unclassified,,Daylight: street lights present,Fine (without high winds),Dry,None,None,No overtaking,326150,675750,519448,Junction,Pedestrian,365652,unset,EH65PU,Control by other authorised person,Pedestrian phase at traffic signal junction,Elsewhere,55.969048563540674,-3.1847327720939034
289612,,Slight,2,1,25/05/2012,Friday,25,May,12,7,50,230,A,8,Single carriageway - 2 lanes,30,Other junction,Give way sign or markings,Unclassified,,Daylight: street lights present,Fine (without high winds),Dry,None,None,No overtaking,322620,673210,521277,Junction,Cyclist,365653,unset,EH126DE,No crossing facility within 50m or physical crossing facility not controlled by authorised person,No physical crossing facility within 50m,Elsewhere,55.94567613023683,-3.2405423715572375
289712,,Slight,1,1,26/05/2012,Saturday,26,May,12,11,10,230,A,900,Single carriageway - 2 lanes,30,Not at or within 20 metres of junction,unset,\,,Daylight: street lights present,Fine (without high winds),Dry,None,None,No overtaking,326940,675860,0,Unset,Bus,365654,unset,EH68LN,No crossing facility within 50m or physical crossing facility not controlled by authorised person,Pedestrian phase at traffic signal junction,At scene,55.97015767751339,-3.172109013560697
290612,,Slight,1,1,25/05/2012,Friday,25,May,12,14,15,230,Unclassified,,Single carriageway - 2 lanes,30,Not at or within 20 metres of junction,unset,\,,Daylight: street lights present,Fine (without high winds),Dry,None,None,No overtaking,324340,675370,12232805,Segment,Pedestrian,365655,unset,EH35NY,No crossing facility within 50m or physical crossing facility not controlled by authorised person,No physical crossing facility within 50m,At scene,55.965353006453526,-3.213616776856483
290812,,Slight,1,1,04/04/2012,Wednesday,4,April,12,14,45,230,A,901,Single carriageway - 2 lanes,30,Other junction,Automatic Traffic Signal,Unclassified,,Daylight: street lights present,Fine (without high winds),Dry,None,None,No overtaking,325590,677070,0,Unset,Bus,357036,unset,EH64LX,No crossing facility within 50m or physical crossing facility not controlled by authorised person,Pedestrian phase at traffic signal junction,Elsewhere,55.980819253849674,-3.194067697557484
292412,,Slight,2,1,28/05/2012,Monday,28,May,12,7,50,230,Unclassified,,Single carriageway - 2 lanes,30,Not at or within 20 metres of junction,unset,\,,Daylight: street lights present,Fine (without high winds),Dry,None,None,No overtaking,325670,672430,12219985,Segment,Cyclist,365656,unset,EH91JT,No crossing facility within 50m or physical crossing facility not controlled by authorised person,No physical crossing facility within 50m,Elsewhere,55.93915150722883,-3.191504384919899
292912,,Slight,2,1,15/05/2012,Tuesday,15,May,12,16,25,230,C,,Single carriageway - 2 lanes,30,Other junction,Give way sign or markings,Unclassified,,Daylight: street lights present,Fine (without high winds),Dry,None,None,No overtaking,326950,674680,520278,Junction,Cyclist,365657,unset,EH75PL,Control by school crossing patrol,Pedestrian phase at traffic signal junction,At scene,55.95955943628711,-3.1716284290692585
293312,,Slight,3,1,19/05/2012,Saturday,19,May,12,16,45,230,C,,Single carriageway - 2 lanes,30,Crossroads,Automatic Traffic Signal,C,,Daylight: street lights present,Fine (without high winds),Dry,None,None,No overtaking,323670,672460,533383,Junction,M.V.N.P.,365658,unset,EH112EQ,No crossing facility within 50m or physical crossing facility not controlled by authorised person,Pedestrian phase at traffic signal junction,At scene,55.93910720384768,-3.223522218476162
293412,,Slight,2,1,27/05/2012,Sunday,27,May,12,1,45,230,Unclassified,,Single carriageway - 2 lanes,30,Crossroads,Give way sign or markings,Unclassified,,Darkness: street lights present and lit,Fine (without high winds),Dry,None,None,No overtaking,323660,673710,520875,Junction,T.V.N.P.,365659,unset,EH43DQ,No crossing facility within 50m or physical crossing facility not controlled by authorised person,No physical crossing facility within 50m,At scene,55.95033400163695,-3.2240364878284478
293512,,Slight,1,1,25/05/2012,Friday,25,May,12,15,30,230,C,,Unknown,30,Not at or within 20 metres of junction,unset,\,,Daylight: street lights present,Fine (without high winds),Dry,None,None,No overtaking,325660,673580,521118,Junction,Pedestrian,365660,unset,EH11RF,No crossing facility within 50m or physical crossing facility not controlled by authorised person,No physical crossing facility within 50m,Elsewhere,55.949480198167315,-3.1919817862102633
293812,,Slight,2,1,27/05/2012,Sunday,27,May,12,17,15,230,A,7,Single carriageway - 2 lanes,30,'T' or staggered junction,Automatic Traffic Signal,Unclassified,,Daylight: street lights present,Fine (without high winds),Dry,None,None,No overtaking,326000,673420,521589,Junction,T.V.N.P.,365661,unset,EH11LL,No crossing facility within 50m or physical crossing facility not controlled by authorised person,No physical crossing facility within 50m,Elsewhere,55.94809548978164,-3.186494724273221
294012,,Slight,2,2,28/05/2012,Monday,28,May,12,15,55,230,Unclassified,,Single carriageway - 2 lanes,30,Crossroads,Give way sign or markings,Unclassified,,Daylight: no street lighting,Fine (without high winds),Dry,None,None,No overtaking,320880,669060,0,Unset,T.V.N.P.,365662,unset,EH130LP,No crossing facility within 50m or physical crossing facility not controlled by authorised person,No physical crossing facility within 50m,At scene,55.9081147688024,-3.267177302871477
294212,,Serious,2,1,05/05/2012,Saturday,5,May,12,8,48,230,C,,Roundabout,30,Roundabout,Give way sign or markings,Unclassified,,Daylight: street lights present,Fine (without high winds),Dry,None,None,No overtaking,325360,674040,520506,Junction,Cyclist,365663,unset,EH22PA,No crossing facility within 50m or physical crossing facility not controlled by authorised person,No physical crossing facility within 50m,At scene,55.953565719466646,-3.196912014931786
295212,,Serious,2,1,28/05/2012,Monday,28,May,12,17,10,230,B,901,Single carriageway - 2 lanes,30,Not at or within 20 metres of junction,unset,\,,Daylight: no street lighting,Fine (without high winds),Dry,None,None,No overtaking,325310,675040,566873,Segment,Cyclist,365664,unset,EH35LH,No crossing facility within 50m or physical crossing facility not controlled by authorised person,Pedestrian phase at traffic signal junction,At scene,55.96254071652969,-3.197990049364272
295412,,Slight,2,1,28/05/2012,Monday,28,May,12,15,30,230,A,70,Single carriageway - 2 lanes,40,Not at or within 20 metres of junction,unset,\,,Daylight: no street lighting,Fine (without high winds),Dry,None,None,No overtaking,321410,670190,529969,Junction,T.V.N.P.,365665,unset,EH142LU,No crossing facility within 50m or physical crossing facility not controlled by authorised person,No physical crossing facility within 50m,At scene,55.91835208637643,-3.2590307226251376
295512,,Slight,1,1,29/05/2012,Tuesday,29,May,12,8,45,230,Unclassified,,Single carriageway - 2 lanes,30,Not at or within 20 metres of junction,unset,\,,Daylight: no street lighting,Fine (without high winds),Dry,None,None,No overtaking,328730,672710,0,Unset,Pedestrian,365666,unset,EH151ST,No crossing facility within 50m or physical crossing facility not controlled by authorised person,No physical crossing facility within 50m,Elsewhere,55.94213074097364,-3.142602957947642
295712,,Serious,1,1,28/05/2012,Monday,28,May,12,8,25,230,Unclassified,,Single carriageway - 2 lanes,30,Not at or within 20 metres of junction,unset,\,,Daylight: no street lighting,Fine (without high winds),Dry,None,Other object in carriageway,No overtaking,324410,670920,12227625,Segment,Cyclist,365667,unset,EH105JB,No crossing facility within 50m or physical crossing facility not controlled by authorised person,No physical crossing facility within 50m,Elsewhere,55.92539080915043,-3.211246973187341
299512,,Slight,2,2,30/05/2012,Wednesday,30,May,12,10,45,230,A,90,Single carriageway - 2 lanes,40,Not at or within 20 metres of junction,unset,\,,Daylight: street lights present,Raining (without high winds),Dry,None,None,No overtaking,321210,675020,522330,Junction,T.V.N.P.,365668,unset,EH45EF,No crossing facility within 50m or physical crossing facility not controlled by authorised person,No physical crossing facility within 50m,At scene,55.961705216193664,-3.2636420440179745
300212,,Slight,1,1,30/05/2012,Wednesday,30,May,12,16,30,230,A,6095,Single carriageway - 2 lanes,30,Other junction,Give way sign or markings,Unclassified,,Daylight: street lights present,Fine (without high winds),Dry,None,None,No overtaking,331890,671850,522969,Junction,Pedestrian,365669,unset,EH218RB,No crossing facility within 50m or physical crossing facility not controlled by authorised person,No physical crossing facility within 50m,Elsewhere,55.934864020967446,-3.0918048122590633
300912,,Serious,1,1,31/05/2012,Thursday,31,May,12,9,35,230,Unclassified,,Single carriageway - 2 lanes,30,Not at or within 20 metres of junction,unset,\,,Daylight: street lights present,Other,Dry,None,None,No overtaking,312750,678420,3948312,Segment,Bus,365670,unset,EH309RE,No crossing facility within 50m or physical crossing facility not controlled by authorised person,No physical crossing facility within 50m,At scene,55.990780339261605,-3.4002148799448926
301112,,Slight,2,1,31/05/2012,Thursday,31,May,12,8,0,230,A,90,Single carriageway - 2 lanes,40,Not at or within 20 metres of junction,unset,\,,Daylight: street lights present,Raining (without high winds),Dry,None,None,No overtaking,318480,674980,555447,Segment,T.V.N.P.,365671,unset,EH46AT,No crossing facility within 50m or physical crossing facility not controlled by authorised person,Pedestrian phase at traffic signal junction,At scene,55.96088983065198,-3.3073467013236684
301312,,Slight,2,2,31/05/2012,Thursday,31,May,12,6,50,230,Unclassified,,Single carriageway - 2 lanes,30,Not at or within 20 metres of junction,unset,\,,Daylight: no street lighting,Fine (without high winds),Dry,None,None,No overtaking,313020,678330,3948181,Segment,T.V.N.P.,365672,unset,EH309LH,No crossing facility within 50m or physical crossing facility not controlled by authorised person,No physical crossing facility within 50m,At scene,55.990021029251444,-3.3958590326306846
301412,,Slight,2,1,26/05/2012,Saturday,26,May,12,0,30,230,A,7,Single carriageway - 2 lanes,30,'T' or staggered junction,Give way sign or markings,Unclassified,,Darkness: street lights present and lit,Fine (without high winds),Dry,None,None,No overtaking,325950,673600,521106,Junction,T.V.N.P.,365673,unset,EH11HN,No crossing facility within 50m or physical crossing facility not controlled by authorised person,Pedestrian phase at traffic signal junction,At scene,55.949704686646506,-3.1873446448452576
301712,,Slight,1,1,14/04/2012,Saturday,14,April,12,19,0,230,Unclassified,,Single carriageway - 2 lanes,30,Using private drive or entrance,Give way sign or markings,Unclassified,,Daylight: street lights present,Fine (without high winds),Dry,None,None,No overtaking,326660,674550,12222458,Segment,Pedestrian,357037,unset,EH75EE,No crossing facility within 50m or physical crossing facility not controlled by authorised person,No physical crossing facility within 50m,Elsewhere,55.958347420989945,-3.1762368716112914
302012,,Slight,2,1,31/05/2012,Thursday,31,May,12,18,15,230,A,1,Single carriageway - 2 lanes,40,Not at or within 20 metres of junction,unset,\,,Daylight: street lights present,Raining (without high winds),Dry,None,None,No overtaking,331130,672910,2106355,Segment,T.V.N.P.,365674,unset,EH153BA,No crossing facility within 50m or physical crossing facility not controlled by authorised person,No physical crossing facility within 50m,At scene,55.94427769474335,-3.1042384631662405
303012,,Slight,2,1,30/05/2012,Wednesday,30,May,12,7,45,230,Unclassified,,Single carriageway - 2 lanes,30,'T' or staggered junction,Give way sign or markings,Unclassified,,Daylight: street lights present,Raining (without high winds),Dry,None,None,No overtaking,326310,673170,521595,Junction,Cyclist,365675,unset,EH89RR,No crossing facility within 50m or physical crossing facility not controlled by authorised person,Central refuge - no other controls,Elsewhere,55.94589747391611,-3.181463668747762
303512,,Slight,3,1,01/06/2012,Friday,1,June,12,13,10,230,A,90,Single carriageway - 2 lanes,30,Not at or within 20 metres of junction,unset,\,,Daylight: street lights present,Fine (without high winds),Dry,None,None,No overtaking,324170,674210,555594,Segment,M.V.N.P.,354932,unset,EH43AA,No crossing facility within 50m or physical crossing facility not controlled by authorised person,No physical crossing facility within 50m,At scene,55.95490621431726,-3.2160125659084358
303612,,Slight,2,1,01/06/2012,Friday,1,June,12,14,0,230,C,,Single carriageway - 2 lanes,30,'T' or staggered junction,Give way sign or markings,Unclassified,,Darkness: street lights present but unlit,Fine (without high winds),Dry,None,None,No overtaking,323820,672110,533389,Junction,Cyclist,354933,unset,EH111LH,No crossing facility within 50m or physical crossing facility not controlled by authorised person,No physical crossing facility within 50m,At scene,55.93598707086444,-3.221022593663491
303812,,Serious,1,1,01/06/2012,Friday,1,June,12,13,15,230,C,,Roundabout,30,Roundabout,Authorised Person,C,,Daylight: street lights present,Fine (without high winds),Dry,None,None,No overtaking,325330,674030,520509,Junction,Pedestrian,354934,unset,EH22HN,No crossing facility within 50m or physical crossing facility not controlled by authorised person,Pedestrian phase at traffic signal junction,At scene,55.95347122440748,-3.197389563650344
303912,,Slight,1,1,01/06/2012,Friday,1,June,12,13,0,230,Unclassified,,Single carriageway - 2 lanes,30,Other junction,Give way sign or markings,A,900,Daylight: street lights present,Fine (without high winds),Dry,None,None,No overtaking,326940,675830,522318,Junction,Pedestrian,354935,unset,EH68LS,No crossing facility within 50m or physical crossing facility not controlled by authorised person,No physical crossing facility within 50m,At scene,55.969888192230066,-3.17210086383751
304412,,Slight,2,1,01/06/2012,Friday,1,June,12,16,52,230,Motorway,8,Dual carriageway - 2 lanes,70,Not at or within 20 metres of junction,unset,\,,Daylight: street lights present,Fine (without high winds),Dry,None,None,No overtaking,317840,670750,6452850,Segment,T.V.N.P.,354936,unset,EH129BU,No crossing facility within 50m or physical crossing facility not controlled by authorised person,No physical crossing facility within 50m,At scene,55.92278515521707,-3.316305352351697
304512,,Serious,2,1,02/06/2012,Saturday,2,June,12,0,1,230,Unclassified,,Single carriageway - 2 lanes,30,Crossroads,Automatic Traffic Signal,C,,Darkness: street lights present and lit,Fine (without high winds),Dry,None,None,No overtaking,323680,672450,533383,Junction,T.V.N.P.,354937,unset,EH111EF,Control by other authorised person,Pedestrian phase at traffic signal junction,At scene,55.93901896626833,-3.223359340243104
305512,,Fatal,1,1,03/06/2012,Sunday,3,June,12,0,10,230,A,7,Single carriageway - 2 lanes,40,Not at or within 20 metres of junction,unset,\,,Darkness: street lights present and lit,Fine (without high winds),Dry,None,None,No overtaking,330020,669440,568027,Segment,Pedestrian,354938,unset,EH164SR,No crossing facility within 50m or physical crossing facility not controlled by authorised person,No physical crossing facility within 50m,At scene,55.91294591550229,-3.121106012036844
306012,,Slight,7,1,02/06/2012,Saturday,2,June,12,13,30,230,A,90,Single carriageway - 2 lanes,40,Multiple junction,Automatic Traffic Signal,A,902,Daylight: no street lighting,Fine (without high winds),Dry,None,None,No overtaking,321540,674910,520032,Junction,M.V.N.P.,354939,unset,EH43RE,No crossing facility within 50m or physical crossing facility not controlled by authorised person,Pedestrian phase at traffic signal junction,At scene,55.9607712151419,-3.258325444466552
308812,,Serious,1,2,04/06/2012,Monday,4,June,12,8,25,230,C,,Single carriageway - 2 lanes,30,'T' or staggered junction,Give way sign or markings,Unclassified,,Daylight: street lights present,Fine (without high winds),Dry,None,None,No overtaking,327920,669850,518545,Junction,Pedestrian,354940,unset,EH166BW,No crossing facility within 50m or physical crossing facility not controlled by authorised person,No physical crossing facility within 50m,At scene,55.91631854412155,-3.154803483747118
309512,,Slight,2,1,04/06/2012,Monday,4,June,12,6,30,230,C,,Single carriageway - 2 lanes,30,Not at or within 20 metres of junction,unset,\,,Daylight: street lights present,Fine (without high winds),Dry,None,None,No overtaking,322480,672340,559251,Segment,T.V.N.P.,354941,unset,EH112SJ,No crossing facility within 50m or physical crossing facility not controlled by authorised person,No physical crossing facility within 50m,Elsewhere,55.937838636165424,-3.242533084734634
310512,,Slight,1,1,05/06/2012,Tuesday,5,June,12,12,45,230,Unclassified,,Single carriageway - 2 lanes,30,'T' or staggered junction,Give way sign or markings,Unclassified,,Daylight: street lights present,Fine (without high winds),Dry,None,None,No overtaking,327640,674300,520752,Junction,Pedestrian,354942,unset,EH76AE,No crossing facility within 50m or physical crossing facility not controlled by authorised person,No physical crossing facility within 50m,At scene,55.95625050538341,-3.1604770089603944
310612,,Slight,2,1,05/06/2012,Tuesday,5,June,12,13,0,230,Unclassified,,Single carriageway - 2 lanes,30,Not at or within 20 metres of junction,unset,\,,Daylight: street lights present,Fine (without high winds),Dry,None,None,No overtaking,322230,673350,565634,Segment,Cyclist,354943,unset,EH126HZ,No crossing facility within 50m or physical crossing facility not controlled by authorised person,No physical crossing facility within 50m,At scene,55.94687067413441,-3.246825596179703
311312,,Serious,2,1,01/06/2012,Friday,1,June,12,8,45,230,Unclassified,,Single carriageway - 2 lanes,30,Crossroads,Give way sign or markings,Unclassified,,Daylight: street lights present,Fine (without high winds),Dry,None,Other object in carriageway,No overtaking,324220,673710,10258599,Junction,Cyclist,354944,unset,EH37HR,No crossing facility within 50m or physical crossing facility not controlled by authorised person,No physical crossing facility within 50m,Elsewhere,55.95042274925499,-3.2150712842545537
312312,,Slight,1,1,06/06/2012,Wednesday,6,June,12,9,0,230,Unclassified,,Single carriageway - 2 lanes,30,Crossroads,Give way sign or markings,Unclassified,,Daylight: street lights present,Raining (without high winds),Dry,None,None,No overtaking,323450,671640,522249,Junction,Pedestrian,354945,unset,EH111RT,No crossing facility within 50m or physical crossing facility not controlled by authorised person,No physical crossing facility within 50m,At scene,55.93170635452325,-3.2268103599211813
314412,,Slight,2,1,07/06/2012,Thursday,7,June,12,9,5,230,Unclassified,,Single carriageway - 2 lanes,20,'T' or staggered junction,Give way sign or markings,Unclassified,,Daylight: street lights present,Fine (without high winds),Dry,None,None,No overtaking,326980,674390,520734,Junction,Cyclist,354946,unset,EH75DL,No crossing facility within 50m or physical crossing facility not controlled by authorised person,No physical crossing facility within 50m,At scene,55.95695897306839,-3.1710693492236657
314612,,Slight,2,1,02/06/2012,Saturday,2,June,12,17,25,230,A,8,Single carriageway - 2 lanes,30,Other junction,Give way sign or markings,Unclassified,,Daylight: street lights present,Fine (without high winds),Dry,None,None,No overtaking,322140,673150,521247,Junction,T.V.N.P.,354947,unset,EH126HS,No crossing facility within 50m or physical crossing facility not controlled by authorised person,No physical crossing facility within 50m,At scene,55.945059559319354,-3.248208479886585
315112,,Slight,2,1,07/06/2012,Thursday,7,June,12,15,15,230,C,,Single carriageway - 2 lanes,30,Not at or within 20 metres of junction,unset,\,,Daylight: no street lighting,Other,Dry,None,None,No overtaking,325120,673230,2106547,Segment,Cyclist,354948,unset,EH12LE,No crossing facility within 50m or physical crossing facility not controlled by authorised person,No physical crossing facility within 50m,At scene,55.946252277909295,-3.200529360734472
315512,,Slight,2,1,07/06/2012,Thursday,7,June,12,9,30,230,Motorway,8,Roundabout,70,Roundabout,Automatic Traffic Signal,Motorway,8,Daylight: street lights present,Fine (without high winds),Dry,None,None,No overtaking,318190,670990,6453709,Junction,T.V.N.P.,354949,unset,EH129BU,No crossing facility within 50m or physical crossing facility not controlled by authorised person,No physical crossing facility within 50m,At scene,55.925000660139226,-3.310779060587563
316912,,Slight,3,1,08/06/2012,Friday,8,June,12,8,50,230,Unclassified,,Single carriageway - 2 lanes,30,Not at or within 20 metres of junction,unset,\,,Daylight: street lights present,Fine (without high winds),Dry,None,None,No overtaking,324050,673580,565907,Segment,M.V.N.P.,354950,unset,EH37EN,Control by other authorised person,Pedestrian phase at traffic signal junction,At scene,55.94922812295769,-3.2177562061060763
318312,,Slight,3,1,07/06/2012,Thursday,7,June,12,15,15,230,Unclassified,,Single carriageway - 2 lanes,30,Using private drive or entrance,unset,\,,Daylight: street lights present,Raining (without high winds),Dry,None,None,No overtaking,319390,670750,562765,Segment,M.V.N.P.,354951,unset,EH114HD,No crossing facility within 50m or physical crossing facility not controlled by authorised person,No physical crossing facility within 50m,At scene,55.92304769591535,-3.291509301952701
319412,,Slight,2,1,09/06/2012,Saturday,9,June,12,18,5,230,C,,Single carriageway - 2 lanes,30,Crossroads,Automatic Traffic Signal,C,,Daylight: street lights present,Fine (without high winds),Dry,None,None,No overtaking,325090,674140,520548,Junction,Cyclist,354952,unset,EH21JX,No crossing facility within 50m or physical crossing facility not controlled by authorised person,Pedestrian phase at traffic signal junction,At scene,55.9544219243611,-3.2012627333931034
321812,,Serious,1,1,11/06/2012,Monday,11,June,12,0,33,230,C,,Single carriageway - 2 lanes,30,'T' or staggered junction,Give way sign or markings,Unclassified,,Darkness: street lights present and lit,Fine (without high winds),Dry,None,None,No overtaking,325970,673490,521577,Junction,Pedestrian,354953,unset,EH11NQ,No crossing facility within 50m or physical crossing facility not controlled by authorised person,No physical crossing facility within 50m,At scene,55.948719661315266,-3.1869942222368577
323012,,Slight,1,1,11/06/2012,Monday,11,June,12,19,40,230,A,7,Single carriageway - 2 lanes,30,'T' or staggered junction,Give way sign or markings,Unclassified,,Daylight: no street lighting,Fine (without high winds),Dry,None,None,No overtaking,326300,672690,532693,Junction,Pedestrian,354954,unset,EH89JG,Control by other authorised person,Pedestrian phase at traffic signal junction,At scene,55.94158417016474,-3.181492428300882
323212,,Slight,2,1,06/06/2012,Wednesday,6,June,12,8,50,230,Unclassified,,Single carriageway - 2 lanes,30,Roundabout,Give way sign or markings,Unclassified,,Daylight: street lights present,Raining (without high winds),Dry,None,None,No overtaking,323420,671340,529591,Junction,Cyclist,354955,unset,EH105BT,Control by other authorised person,Pedestrian phase at traffic signal junction,Elsewhere,55.92900675606731,-3.227205203465111
323612,,Slight,1,1,11/06/2012,Monday,11,June,12,11,40,230,A,772,Single carriageway - 2 lanes,30,Crossroads,Automatic Traffic Signal,B,701,Daylight: street lights present,Fine (without high winds),Dry,None,None,No overtaking,329230,668690,530257,Junction,Bus,354956,unset,EH178QQ,Control by other authorised person,Pedestrian phase at traffic signal junction,Elsewhere,55.9060929332316,-3.1335449515977283
323812,,Slight,2,1,11/06/2012,Monday,11,June,12,17,40,230,B,701,Roundabout,40,Roundabout,Give way sign or markings,Unclassified,,Daylight: no street lighting,Fine (without high winds),Dry,None,None,No overtaking,320180,669310,533254,Junction,Cyclist,354957,unset,EH143BR,Control by other authorised person,No physical crossing facility within 50m,At scene,55.91024469587018,-3.2784452761422673
324212,,Slight,2,1,06/06/2012,Wednesday,6,June,12,17,30,230,C,,Roundabout,30,Roundabout,Give way sign or markings,B,901,Daylight: no street lighting,Fine (without high winds),Dry,None,None,No overtaking,325740,674690,520209,Junction,Cyclist,354958,unset,EH74BL,Control by other authorised person,Pedestrian phase at traffic signal junction,At scene,55.95946349654583,-3.1910072416012323
325412,,Slight,1,1,12/06/2012,Tuesday,12,June,12,18,45,230,A,901,Single carriageway - 2 lanes,30,'T' or staggered junction,Give way sign or markings,Unclassified,,Daylight: street lights present,Fine (without high winds),Dry,None,None,No overtaking,326650,676260,531367,Junction,Pedestrian,354959,unset,EH65LQ,No crossing facility within 50m or physical crossing facility not controlled by authorised person,No physical crossing facility within 50m,Elsewhere,55.97370653852511,-3.1768632569367186
326412,,Slight,2,1,13/06/2012,Wednesday,13,June,12,14,15,230,C,,Single carriageway - 2 lanes,30,Not at or within 20 metres of junction,unset,\,,Daylight: street lights present,Fine (without high winds),Dry,None,None,No overtaking,323210,676870,559682,Segment,T.V.N.P.,354960,unset,EH51PE,No crossing facility within 50m or physical crossing facility not controlled by authorised person,No physical crossing facility within 50m,Elsewhere,55.97864740317374,-3.232142505830728
327312,,Serious,3,1,13/06/2012,Wednesday,13,June,12,15,10,230,B,701,Single carriageway - 2 lanes,30,'T' or staggered junction,Give way sign or markings,Unclassified,,Daylight: street lighting unknown,Fine (without high winds),Dry,None,None,No overtaking,320920,668950,533428,Junction,M.V.N.P.,354961,unset,EH130LW,No crossing facility within 50m or physical crossing facility not controlled by authorised person,No physical crossing facility within 50m,At scene,55.90713326236991,-3.266505426264408
327812,,Slight,2,1,14/06/2012,Thursday,14,June,12,7,30,230,Unclassified,,Single carriageway - 2 lanes,30,Not at or within 20 metres of junction,unset,\,,Daylight: street lights present,Fine (without high winds),Dry,None,None,No overtaking,324640,672440,0,Unset,Cyclist,354962,unset,EH104JL,No crossing facility within 50m or physical crossing facility not controlled by authorised person,No physical crossing facility within 50m,At scene,55.939080773973565,-3.2079920690684443
327912,,Slight,1,2,13/06/2012,Wednesday,13,June,12,13,15,230,C,,Single carriageway - 2 lanes,30,Not at or within 20 metres of junction,unset,\,,Daylight: street lights present,Fine (without high winds),Dry,None,None,No overtaking,322470,672320,559251,Segment,Pedestrian,354963,unset,EH112SJ,No crossing facility within 50m or physical crossing facility not controlled by authorised person,"Pelican, puffin, toucan or similar non-junction pedestrian light crossing",At scene,55.937657368533884,-3.2426873713124644
328212,,Slight,2,3,14/06/2012,Thursday,14,June,12,10,45,230,C,,Single carriageway - 2 lanes,30,'T' or staggered junction,Give way sign or markings,Unclassified,,Daylight: street lights present,Fine (without high winds),Dry,None,Other object in carriageway,No overtaking,323600,672370,533377,Junction,T.V.N.P.,354964,unset,EH111EF,No crossing facility within 50m or physical crossing facility not controlled by authorised person,No physical crossing facility within 50m,At scene,55.93828762620589,-3.2246170271114845