acc_ref,beat_no,severity,no_vehicle,no_casualt,a_date,a_day,a_date_day,a_date_mon,a_date_yr,a_time_hr,a_time_min,loc_auth,road1_class,road1_no,road_type,speed_limi,junc_det,junc_ctrl,road2_class,road2_no,light_cond,weather,road_surf,spec_cond,cway_hzrds,ovrtk_patrn,easting,northing,net_id,net_type,acc_type,text_id,division,Postcode,ped_xing_hc,ped_xing_p,place_reported,latitude,longitude
329712,,Slight,1,1,14/06/2012,Thursday,14,June,12,19,0,230,C,,Single carriageway - 2 lanes,30,'T' or staggered junction,Automatic Traffic Signal,Unclassified,,Daylight: no street lighting,Unknown,Dry,None,None,No overtaking,325630,674300,520572,Junction,Bus,354965,unset,EH13PG,No crossing facility within 50m or physical crossing facility not controlled by authorised person,No physical crossing facility within 50m,At scene,55.955943167792086,-3.1926609350058217
329912,,Slight,2,1,15/06/2012,Friday,15,June,12,8,30,230,Unclassified,,Single carriageway - 2 lanes,30,Crossroads,Give way sign or markings,Unclassified,,Daylight: street lights present,Raining (without high winds),Dry,None,None,No overtaking,325880,671170,533413,Junction,T.V.N.P.,354966,unset,EH92PP,No crossing facility within 50m or physical crossing facility not controlled by authorised person,No physical crossing facility within 50m,At scene,55.92786558753489,-3.18779692347582
331512,,Serious,1,1,16/06/2012,Saturday,16,June,12,0,50,230,A,7,Single carriageway - 2 lanes,30,Crossroads,Automatic Traffic Signal,Unclassified,,Darkness: street lights present and lit,Raining with high winds,Dry,None,None,No overtaking,326340,672600,532690,Junction,Pedestrian,354967,unset,EH89PR,Control by other authorised person,Pedestrian phase at traffic signal junction,At scene,55.94078185209329,-3.1808275880368955
332512,,Slight,3,2,14/06/2012,Thursday,14,June,12,14,53,230,A,720,Dual carriageway - 2 lanes,70,Not at or within 20 metres of junction,unset,\,,Daylight: no street lighting,Fine (without high winds),Dry,None,None,No overtaking,318800,670130,2578907,Segment,M.V.N.P.,354968,unset,EH142SR,No crossing facility within 50m or physical crossing facility not controlled by authorised person,No physical crossing facility within 50m,At scene,55.917379211723656,-3.3007612754797324
332612,,Slight,2,1,09/06/2012,Saturday,9,June,12,13,0,230,A,71,Single carriageway - 2 lanes,30,Other junction,Give way sign or markings,Unclassified,,Daylight: street lights present,Fine (without high winds),Dry,None,None,No overtaking,322930,672260,521961,Junction,Cyclist,354969,unset,EH112PP,No crossing facility within 50m or physical crossing facility not controlled by authorised person,No physical crossing facility within 50m,At scene,55.937192458870754,-3.235308399906651
332912,,Slight,2,3,16/06/2012,Saturday,16,June,12,12,45,230,A,71,Dual carriageway - 2 lanes,40,Roundabout,Give way sign or markings,C,,Daylight: street lights present,Raining (without high winds),Dry,None,None,No overtaking,320770,671110,529501,Junction,T.V.N.P.,354970,unset,EH113PA,No crossing facility within 50m or physical crossing facility not controlled by authorised person,No physical crossing facility within 50m,At scene,55.92651097270317,-3.2695382139543607
333012,,Slight,2,1,16/06/2012,Saturday,16,June,12,17,40,230,Unclassified,,Single carriageway - 2 lanes,30,'T' or staggered junction,Give way sign or markings,Unclassified,,Daylight: street lights present,Raining (without high winds),Dry,None,None,No overtaking,323390,668950,533059,Junction,T.V.N.P.,354971,unset,EH139JA,No crossing facility within 50m or physical crossing facility not controlled by authorised person,No physical crossing facility within 50m,At scene,55.9075332301673,-3.2270066874295265
335612,,Slight,2,2,17/06/2012,Sunday,17,June,12,6,28,230,A,6095,Single carriageway - 2 lanes,30,'T' or staggered junction,Give way sign or markings,Unclassified,,Daylight: no street lighting,Fine (without high winds),Dry,None,None,No overtaking,327920,671590,530404,Junction,T.V.N.P.,354972,unset,EH165LL,No crossing facility within 50m or physical crossing facility not controlled by authorised person,No physical crossing facility within 50m,At scene,55.93194890246084,-3.155268484338395
336812,,Slight,2,1,18/06/2012,Monday,18,June,12,10,0,230,Unclassified,,Single carriageway - 2 lanes,30,'T' or staggered junction,Automatic Traffic Signal,Unclassified,,Daylight: no street lighting,Fine (without high winds),Dry,None,None,No overtaking,326490,670790,529852,Junction,T.V.N.P.,354973,unset,EH93JF,Control by other authorised person,Pedestrian phase at traffic signal junction,At scene,55.92454583394813,-3.177933197654183
337112,,Slight,2,1,18/06/2012,Monday,18,June,12,17,40,230,Unclassified,,Single carriageway - 2 lanes,30,Crossroads,Automatic Traffic Signal,A,700,Daylight: street lights present,Fine (without high winds),Dry,None,None,No overtaking,326220,672570,532729,Junction,Cyclist,354974,unset,EH91ND,No crossing facility within 50m or physical crossing facility not controlled by authorised person,"Pelican, puffin, toucan or similar non-junction pedestrian light crossing",At scene,55.94049393995758,-3.182740039590059
337512,,Slight,2,2,18/06/2012,Monday,18,June,12,17,20,230,A,8,Single carriageway - 2 lanes,30,'T' or staggered junction,Give way sign or markings,Unclassified,,Daylight: street lights present,Fine (without high winds),Dry,None,None,No overtaking,320590,672820,521742,Junction,Bus,354975,unset,EH126JP,Control by other authorised person,Central refuge - no other controls,Elsewhere,55.94184142794309,-3.272921754329671
338212,,Slight,2,1,19/06/2012,Tuesday,19,June,12,6,50,230,A,90,Single carriageway - 2 lanes,40,Not at or within 20 metres of junction,unset,\,,Daylight: street lights present,Fine (without high winds),Dry,None,None,No overtaking,319480,674980,555504,Segment,Cyclist,354976,unset,EH46ER,No crossing facility within 50m or physical crossing facility not controlled by authorised person,No physical crossing facility within 50m,At scene,55.961058693429706,-3.291333526506574
338712,,Slight,1,1,19/06/2012,Tuesday,19,June,12,13,20,230,Unclassified,,Single carriageway - 2 lanes,30,Crossroads,Give way sign or markings,B,900,Daylight: street lights present,Fine (without high winds),Dry,None,None,No overtaking,323750,674660,520083,Junction,Pedestrian,354977,unset,EH41BQ,No crossing facility within 50m or physical crossing facility not controlled by authorised person,"Pelican, puffin, toucan or similar non-junction pedestrian light crossing",At scene,55.95888187300654,-3.2228647162534028
339412,,Slight,2,1,17/05/2012,Thursday,17,May,12,8,0,230,B,800,Single carriageway - 2 lanes,60,Not at or within 20 metres of junction,unset,\,,Daylight: no street lighting,Fine (without high winds),Dry,None,None,No overtaking,311880,672990,555177,Segment,T.V.N.P.,365676,unset,EH288LA,No crossing facility within 50m or physical crossing facility not controlled by authorised person,No physical crossing facility within 50m,Elsewhere,55.941848955066234,-3.4123781820499124
340112,,Serious,2,1,20/06/2012,Wednesday,20,June,12,6,40,230,A,8,Single carriageway - 2 lanes,30,Other junction,Give way sign or markings,C,,Daylight: no street lighting,Fine (without high winds),Dry,None,None,No overtaking,321490,673000,521754,Junction,Cyclist,354978,unset,EH126TY,No crossing facility within 50m or physical crossing facility not controlled by authorised person,No physical crossing facility within 50m,At scene,55.94360630772295,-3.2585692346069868
340712,,Serious,2,1,20/06/2012,Wednesday,20,June,12,14,0,230,Unclassified,,One way Street,30,Not at or within 20 metres of junction,unset,\,,Daylight: no street lighting,Fine (without high winds),Dry,None,None,No overtaking,327140,672760,0,Unset,T.V.N.P.,354979,unset,EH87AT,No crossing facility within 50m or physical crossing facility not controlled by authorised person,No physical crossing facility within 50m,At scene,55.94234119465946,-3.168066358485892
341612,,Slight,2,1,09/03/2012,Friday,9,March,12,22,0,230,A,900,Roundabout,30,Roundabout,Give way sign or markings,A,900,Darkness: street lights present and lit,Fine (without high winds),Dry,None,None,No overtaking,325980,674380,520602,Junction,T.V.N.P.,338139,unset,EH13JT,No crossing facility within 50m or physical crossing facility not controlled by authorised person,No physical crossing facility within 50m,At scene,55.9567159136403,-3.187078812597121
342412,,Slight,2,1,21/06/2012,Thursday,21,June,12,16,34,230,A,720,Dual carriageway - 2 lanes,50,Not at or within 20 metres of junction,unset,\,,Daylight: no street lighting,Raining (without high winds),Dry,None,None,No overtaking,318730,670180,2582067,Segment,T.V.N.P.,354980,unset,EH142SR,No crossing facility within 50m or physical crossing facility not controlled by authorised person,No physical crossing facility within 50m,At scene,55.91781650332011,-3.3018959950689055
342612,,Slight,1,1,21/06/2012,Thursday,21,June,12,15,40,230,Unclassified,,Single carriageway - 2 lanes,30,Not at or within 20 metres of junction,unset,\,,Daylight: street lights present,Raining (without high winds),Dry,None,None,No overtaking,329290,671430,12228226,Segment,Pedestrian,354981,unset,EH164DW,No crossing facility within 50m or physical crossing facility not controlled by authorised person,No physical crossing facility within 50m,At scene,55.93071529887668,-3.1333035468820394
343912,,Slight,2,1,22/06/2012,Friday,22,June,12,11,0,230,A,900,Single carriageway - 2 lanes,30,Other junction,Automatic Traffic Signal,Unclassified,,Daylight: street lights present,Raining (without high winds),Dry,None,None,No overtaking,326210,674650,12222104,Junction,Cyclist,354982,unset,EH74AE,No crossing facility within 50m or physical crossing facility not controlled by authorised person,Pedestrian phase at traffic signal junction,At scene,55.95917670335513,-3.18347004843746
344012,,Slight,2,1,21/06/2012,Thursday,21,June,12,11,38,230,B,701,Single carriageway - 2 lanes,30,'T' or staggered junction,Give way sign or markings,Unclassified,,Daylight: street lights present,Fine (without high winds),Dry,None,None,No overtaking,318890,674840,519930,Junction,T.V.N.P.,354983,unset,EH48AR,No crossing facility within 50m or physical crossing facility not controlled by authorised person,No physical crossing facility within 50m,At scene,55.95970177698417,-3.3007391307508995
344512,,Slight,2,1,21/06/2012,Thursday,21,June,12,15,45,230,Unclassified,,Dual carriageway - 2 lanes,30,Not at or within 20 metres of junction,unset,\,,Daylight: street lights present,Raining (without high winds),Dry,None,None,No overtaking,321950,673190,565622,Segment,Cyclist,354984,unset,EH126JH,No crossing facility within 50m or physical crossing facility not controlled by authorised person,No physical crossing facility within 50m,Elsewhere,55.945388010343656,-3.251261381724249
345412,,Serious,2,1,22/06/2012,Friday,22,June,12,17,35,230,A,900,Dual carriageway - 2 lanes,30,Crossroads,Automatic Traffic Signal,Unclassified,,Daylight: street lights present,Raining (without high winds),Dry,None,None,No overtaking,326380,674890,520266,Junction,T.V.N.P.,354985,unset,EH74LU,No crossing facility within 50m or physical crossing facility not controlled by authorised person,Pedestrian phase at traffic signal junction,At scene,55.9613586993583,-3.1808134693813477
345712,,Serious,2,2,23/06/2012,Saturday,23,June,12,17,20,230,Unclassified,,Single carriageway - 2 lanes,30,Not at or within 20 metres of junction,unset,\,,Daylight: street lights present,Fine (without high winds),Dry,None,None,No overtaking,330250,673130,569094,Segment,T.V.N.P.,354986,unset,EH151JX,No crossing facility within 50m or physical crossing facility not controlled by authorised person,No physical crossing facility within 50m,At scene,55.94612689091686,-3.1183819160398873
345812,,Slight,1,1,23/06/2012,Saturday,23,June,12,23,0,230,A,900,Dual carriageway - 2 lanes,30,'T' or staggered junction,Automatic Traffic Signal,A,1,Darkness: street lights present and lit,Fine (without high winds),Dry,None,None,No overtaking,325880,674040,520638,Junction,Pedestrian,354987,unset,EH13SJ,No crossing facility within 50m or physical crossing facility not controlled by authorised person,Pedestrian phase at traffic signal junction,At scene,55.953646320382425,-3.1885864083865045
348112,,Slight,2,1,25/06/2012,Monday,25,June,12,9,40,230,B,900,Single carriageway - 2 lanes,30,Not at or within 20 metres of junction,unset,\,,Daylight: no street lighting,Fine (without high winds),Dry,None,None,No overtaking,323800,674680,554177,Segment,T.V.N.P.,354988,unset,EH41BH,No crossing facility within 50m or physical crossing facility not controlled by authorised person,No physical crossing facility within 50m,At scene,55.95906947049388,-3.222069739263362
348312,,Slight,2,1,18/06/2012,Monday,18,June,12,15,45,230,Unclassified,,Single carriageway - 2 lanes,20,Not at or within 20 metres of junction,unset,\,,Daylight: street lights present,Fine (without high winds),Dry,None,None,No overtaking,326340,672220,563155,Segment,Cyclist,354989,unset,EH91PU,No crossing facility within 50m or physical crossing facility not controlled by authorised person,No physical crossing facility within 50m,Elsewhere,55.93736836518924,-3.1807237156817973
349012,,Serious,2,1,25/06/2012,Monday,25,June,12,16,29,230,C,,Single carriageway - 2 lanes,30,Roundabout,Automatic Traffic Signal,C,,Daylight: no street lighting,Fine (without high winds),Dry,None,None,No overtaking,325340,674040,520515,Junction,T.V.N.P.,354990,unset,EH21EL,Control by other authorised person,Pedestrian phase at traffic signal junction,At scene,55.953562608201494,-3.197232229718184
349112,,Serious,2,1,25/06/2012,Monday,25,June,12,20,59,230,B,701,Single carriageway - 2 lanes,30,'T' or staggered junction,Give way sign or markings,Unclassified,,Daylight: no street lighting,Fine (without high winds),Dry,None,None,No overtaking,319530,670280,529933,Junction,T.V.N.P.,354991,unset,EH114LL,Control by other authorised person,Pedestrian phase at traffic signal junction,At scene,55.918849379110874,-3.2891294676672
349512,,Serious,1,1,26/06/2012,Tuesday,26,June,12,7,35,230,A,70,Single carriageway - 2 lanes,30,Other junction,Give way sign or markings,A,70,Daylight: no street lighting,Fine (without high winds),Dry,None,None,No overtaking,322530,671290,529576,Junction,Pedestrian,354992,unset,EH141PY,No crossing facility within 50m or physical crossing facility not controlled by authorised person,Central refuge - no other controls,At scene,55.92841490489979,-3.2414311621497656
349612,,Slight,2,2,26/06/2012,Tuesday,26,June,12,13,3,230,B,6415,Single carriageway - 2 lanes,30,Crossroads,Give way sign or markings,Unclassified,,Daylight: street lights present,Fine (without high winds),Dry,None,None,No overtaking,331160,673570,531382,Junction,T.V.N.P.,354993,unset,EH152DQ,No crossing facility within 50m or physical crossing facility not controlled by authorised person,No physical crossing facility within 50m,At scene,55.950210837185885,-3.1039269514236554
349712,,Slight,2,2,26/06/2012,Tuesday,26,June,12,12,20,230,Unclassified,,Dual carriageway - 2 lanes,40,Other junction,Give way sign or markings,Unclassified,,Daylight: street lights present,Fine (without high winds),Dry,None,None,No overtaking,318320,673700,10303338,Junction,T.V.N.P.,354994,unset,EH128TZ,No crossing facility within 50m or physical crossing facility not controlled by authorised person,No physical crossing facility within 50m,At scene,55.949365151521434,-3.309520481350287
349812,,Slight,1,1,26/06/2012,Tuesday,26,June,12,12,40,230,A,6095,Single carriageway - 2 lanes,30,Crossroads,Automatic Traffic Signal,C,,Daylight: street lights present,Fine (without high winds),Dry,None,None,No overtaking,328810,671640,523773,Junction,Bus,354995,unset,EH164BY,Control by other authorised person,Central refuge - no other controls,At scene,55.93253081377111,-3.141039790792118
350012,,Slight,2,1,25/06/2012,Monday,25,June,12,13,0,230,Unclassified,,Single carriageway - 2 lanes,30,Other junction,Give way sign or markings,Unclassified,,Daylight: street lights present,Fine (without high winds),Dry,None,None,No overtaking,326590,672590,531409,Junction,Cyclist,354996,unset,EH165BP,No crossing facility within 50m or physical crossing facility not controlled by authorised person,No physical crossing facility within 50m,At scene,55.94073031597352,-3.176823468526638
350412,,Slight,2,1,26/06/2012,Tuesday,26,June,12,7,50,230,Unclassified,,Single carriageway - 2 lanes,30,Crossroads,Automatic Traffic Signal,Unclassified,,Daylight: street lights present,Fine (without high winds),Dry,None,None,No overtaking,323340,674890,520071,Junction,Cyclist,354997,unset,EH41QL,No crossing facility within 50m or physical crossing facility not controlled by authorised person,Pedestrian phase at traffic signal junction,At scene,55.96088255335853,-3.229495455836919
350612,,Slight,1,1,26/06/2012,Tuesday,26,June,12,15,10,230,Unclassified,,Single carriageway - 2 lanes,30,'T' or staggered junction,Give way sign or markings,Unclassified,,Daylight: street lights present,Fine (without high winds),Dry,None,None,No overtaking,327210,674550,0,Unset,Pedestrian,354998,unset,EH75SR,No crossing facility within 50m or physical crossing facility not controlled by authorised person,No physical crossing facility within 50m,At scene,55.95843118220498,-3.1674297893195424
350912,,Slight,2,1,26/06/2012,Tuesday,26,June,12,15,40,230,A,8,Roundabout,30,Roundabout,Give way sign or markings,B,701,Daylight: street lights present,Fine (without high winds),Dry,None,None,No overtaking,319310,672920,522900,Junction,Cyclist,354999,unset,EH128HH,No crossing facility within 50m or physical crossing facility not controlled by authorised person,"Pelican, puffin, toucan or similar non-junction pedestrian light crossing",At scene,55.942526268461236,-3.2934385322021846
351212,,Serious,1,1,26/06/2012,Tuesday,26,June,12,17,10,230,C,,Single carriageway - 2 lanes,30,Not at or within 20 metres of junction,unset,\,,Daylight: street lights present,Fine (without high winds),Dry,None,None,No overtaking,325460,671930,566291,Segment,Pedestrian,355000,unset,EH92AA,No crossing facility within 50m or physical crossing facility not controlled by authorised person,No physical crossing facility within 50m,At scene,55.934627541509556,-3.1947271100234236
352812,,Slight,2,1,07/06/2012,Thursday,7,June,12,23,30,230,C,,Single carriageway - 2 lanes,30,Not at or within 20 metres of junction,unset,\,,Darkness: street lights present and lit,Raining (without high winds),Dry,None,None,No overtaking,324260,672770,559463,Segment,Cyclist,355001,unset,EH111AL,No crossing facility within 50m or physical crossing facility not controlled by authorised person,Pedestrian phase at traffic signal junction,At scene,55.941985287972805,-3.2141666001941718
352912,,Slight,2,1,27/06/2012,Wednesday,27,June,12,8,10,230,A,6095,Single carriageway - 2 lanes,30,Not at or within 20 metres of junction,unset,\,,Daylight: street lights present,Raining (without high winds),Dry,None,None,No overtaking,328950,671660,553846,Segment,T.V.N.P.,355002,unset,EH164BG,Control by other authorised person,Pedestrian phase at traffic signal junction,At scene,55.93273120818268,-3.1388047269212307
355112,,Slight,2,1,27/06/2012,Wednesday,27,June,12,12,0,230,Unclassified,,Single carriageway - 2 lanes,30,'T' or staggered junction,Give way sign or markings,Unclassified,,Daylight: street lights present,Raining (without high winds),Dry,None,None,No overtaking,324490,671200,0,Unset,Cyclist,355003,unset,EH104QQ,No crossing facility within 50m or physical crossing facility not controlled by authorised person,No physical crossing facility within 50m,Elsewhere,55.92791856992933,-3.2100454445025037
355512,,Slight,1,1,24/06/2012,Sunday,24,June,12,15,50,230,Unclassified,,Single carriageway - 2 lanes,30,Other junction,Give way sign or markings,Unclassified,,Daylight: street lights present,Fine (without high winds),Dry,None,None,No overtaking,327580,670060,0,Unset,Pedestrian,355004,unset,EH166BD,No crossing facility within 50m or physical crossing facility not controlled by authorised person,No physical crossing facility within 50m,At scene,55.91815384283302,-3.160298349132737
356112,,Slight,2,1,28/06/2012,Thursday,28,June,12,15,5,230,Unclassified,,Single carriageway - 2 lanes,30,Other junction,Automatic Traffic Signal,C,,Daylight: no street lighting,Fine (without high winds),Dry,None,None,No overtaking,324700,674030,520485,Junction,T.V.N.P.,355005,unset,EH36AA,No crossing facility within 50m or physical crossing facility not controlled by authorised person,No physical crossing facility within 50m,At scene,55.953372780986385,-3.207476272683382
356212,,Serious,2,1,28/06/2012,Thursday,28,June,12,16,0,230,Unclassified,,Single carriageway - 2 lanes,30,Not at or within 20 metres of junction,unset,\,,Daylight: street lights present,Fine (without high winds),Dry,None,None,No overtaking,326000,675960,10217371,Segment,Cyclist,355006,unset,EH65QB,No crossing facility within 50m or physical crossing facility not controlled by authorised person,No physical crossing facility within 50m,At scene,55.97091182870986,-3.187193131648593
358312,,Slight,2,1,29/06/2012,Friday,29,June,12,15,40,230,A,720,Single carriageway - 3 lanes,50,Slip road,Give way sign or markings,A,720,Daylight: street lights present,Raining (without high winds),Dry,None,None,No overtaking,318310,670790,2307184,Junction,T.V.N.P.,355007,unset,EH129BU,No crossing facility within 50m or physical crossing facility not controlled by authorised person,No physical crossing facility within 50m,At scene,55.9232245893676,-3.308798705171177
358512,,Serious,1,1,29/06/2012,Friday,29,June,12,16,55,230,Unclassified,,Single carriageway - 2 lanes,30,Crossroads,Automatic Traffic Signal,Unclassified,,Daylight: street lights present,Raining (without high winds),Dry,None,None,No overtaking,322190,671270,529561,Junction,Pedestrian,355008,unset,EH141RJ,No crossing facility within 50m or physical crossing facility not controlled by authorised person,Pedestrian phase at traffic signal junction,At scene,55.92818029699424,-3.246865417817619
359212,,Slight,1,1,30/06/2012,Saturday,30,June,12,1,25,230,Unclassified,,Single carriageway - 2 lanes,30,'T' or staggered junction,Automatic Traffic Signal,A,702,Darkness: no street lighting,Fog (or mist if hazard),Dry,None,None,No overtaking,324760,673430,10254968,Junction,Pedestrian,355009,unset,EH12DA,No crossing facility within 50m or physical crossing facility not controlled by authorised person,Pedestrian phase at traffic signal junction,At scene,55.947992536507314,-3.2063479920280944
359712,,Slight,2,1,30/06/2012,Saturday,30,June,12,15,30,230,Unclassified,,Single carriageway - 2 lanes,30,Multiple junction,Automatic Traffic Signal,C,,Daylight: street lights present,Fine (without high winds),Dry,None,None,No overtaking,319370,672660,0,Unset,T.V.N.P.,355010,unset,EH127UQ,No crossing facility within 50m or physical crossing facility not controlled by authorised person,Pedestrian phase at traffic signal junction,Elsewhere,55.94020090386644,-3.2924004002039884
359912,,Slight,2,2,28/06/2012,Thursday,28,June,12,19,35,230,A,900,Dual carriageway - 2 lanes,30,'T' or staggered junction,Automatic Traffic Signal,Unclassified,,Daylight: street lights present,Fine (without high winds),Dry,None,Pedestrian in carriagway - not injured,No overtaking,326080,674430,520659,Junction,T.V.N.P.,355011,unset,EH13AA,No crossing facility within 50m or physical crossing facility not controlled by authorised person,"Pelican, puffin, toucan or similar non-junction pedestrian light crossing",At scene,55.95718047125075,-3.1854913331033305
360112,,Slight,1,1,30/06/2012,Saturday,30,June,12,2,20,230,A,702,Single carriageway - 2 lanes,30,Not at or within 20 metres of junction,unset,\,,Darkness: street lights present and lit,Fine (without high winds),Dry,None,None,No overtaking,324780,673340,548964,Segment,S.V.N.P.,355012,unset,EH12EA,No crossing facility within 50m or physical crossing facility not controlled by authorised person,No physical crossing facility within 50m,Elsewhere,55.94718722237967,-3.2060026892184506
361212,,Slight,2,1,22/06/2012,Friday,22,June,12,18,30,230,Unclassified,,Single carriageway - 2 lanes,30,'T' or staggered junction,Give way sign or markings,Unclassified,,Daylight: street lights present,Unknown,Dry,None,None,No overtaking,325930,671070,533410,Junction,Cyclist,355013,unset,EH93HU,No crossing facility within 50m or physical crossing facility not controlled by authorised person,No physical crossing facility within 50m,Elsewhere,55.92697501482255,-3.1869694470037673
362112,,Slight,2,1,30/06/2012,Saturday,30,June,12,23,58,230,A,8,Single carriageway - 2 lanes,30,'T' or staggered junction,Give way sign or markings,Unclassified,,Darkness: street lights present and lit,Raining (without high winds),Dry,None,None,No overtaking,323300,673190,521289,Junction,T.V.N.P.,355014,unset,EH125JD,No crossing facility within 50m or physical crossing facility not controlled by authorised person,No physical crossing facility within 50m,At scene,55.94560560872483,-3.2296517254672388
364012,,Serious,1,1,02/07/2012,Monday,2,July,12,17,25,230,A,772,Single carriageway - 2 lanes,30,'T' or staggered junction,Automatic Traffic Signal,A,701,Daylight: street lights present,Raining (without high winds),Dry,None,None,No overtaking,327190,670750,530071,Junction,Pedestrian,365775,unset,EH165TY,No crossing facility within 50m or physical crossing facility not controlled by authorised person,"Pelican, puffin, toucan or similar non-junction pedestrian light crossing",At scene,55.92429312562531,-3.166723141910066
364312,,Slight,5,3,29/06/2012,Friday,29,June,12,12,0,230,A,90,Single carriageway - 2 lanes,30,'T' or staggered junction,Give way sign or markings,Unclassified,,Daylight: street lights present,Raining (without high winds),Dry,None,None,No overtaking,322010,674590,520044,Junction,M.V.N.P.,355015,unset,EH42AA,No crossing facility within 50m or physical crossing facility not controlled by authorised person,No physical crossing facility within 50m,At scene,55.957973415239664,-3.2507064288423813
366512,,Slight,2,1,03/07/2012,Tuesday,3,July,12,22,15,230,A,701,Single carriageway - 2 lanes,30,Crossroads,Give way sign or markings,Unclassified,,Darkness: street lights present and lit,Other,Dry,None,None,No overtaking,327000,671340,529606,Junction,T.V.N.P.,365776,unset,EH165PF,No crossing facility within 50m or physical crossing facility not controlled by authorised person,No physical crossing facility within 50m,At scene,55.92956420886709,-3.169922629615535
367112,,Slight,2,1,03/07/2012,Tuesday,3,July,12,19,10,230,Unclassified,,Single carriageway - 2 lanes,30,'T' or staggered junction,Give way sign or markings,Unclassified,,Daylight: no street lighting,Fine (without high winds),Dry,None,None,No overtaking,326500,672680,522462,Junction,T.V.N.P.,365777,unset,EH89RB,No crossing facility within 50m or physical crossing facility not controlled by authorised person,"Pelican, puffin, toucan or similar non-junction pedestrian light crossing",Elsewhere,55.941525003536334,-3.17828851968807
367912,,Slight,3,2,03/07/2012,Tuesday,3,July,12,16,55,230,A,720,Dual carriageway - 2 lanes,70,Not at or within 20 metres of junction,unset,\,,Daylight: street lights present,Fine (without high winds),Dry,None,None,No overtaking,330100,667720,2579183,Segment,M.V.N.P.,365778,unset,EH181AT,No crossing facility within 50m or physical crossing facility not controlled by authorised person,No physical crossing facility within 50m,At scene,55.89750662225191,-3.119381213228845
368112,,Slight,1,1,03/07/2012,Tuesday,3,July,12,19,20,230,B,701,Single carriageway - 2 lanes,30,Not at or within 20 metres of junction,unset,\,,Daylight: street lights present,Fine (without high winds),Dry,None,None,No overtaking,325370,667970,2105978,Segment,S.V.N.P.,365779,unset,EH107DR,No crossing facility within 50m or physical crossing facility not controlled by authorised person,No physical crossing facility within 50m,At scene,55.899041498129776,-3.195072227120882
368312,,Slight,3,1,04/07/2012,Wednesday,4,July,12,17,20,230,C,,Single carriageway - 2 lanes,30,Crossroads,Stop sign,Unclassified,,Daylight: street lighting unknown,Raining (without high winds),Dry,None,None,No overtaking,327030,675220,519900,Junction,M.V.N.P.,365780,unset,EH68RT,No crossing facility within 50m or physical crossing facility not controlled by authorised person,Pedestrian phase at traffic signal junction,At scene,55.96442235549646,-3.1704937998010405
368612,,Slight,2,1,05/07/2012,Thursday,5,July,12,1,49,230,Unclassified,,Single carriageway - 2 lanes,30,Not at or within 20 metres of junction,unset,\,,Darkness: street lights present and lit,Fog (or mist if hazard),Dry,None,None,No overtaking,322500,671330,562015,Segment,T.V.N.P.,365781,unset,EH141QH,No crossing facility within 50m or physical crossing facility not controlled by authorised person,No physical crossing facility within 50m,At scene,55.92876937252149,-3.2419226605794
370212,,Slight,2,1,05/07/2012,Thursday,5,July,12,7,45,230,Unclassified,,Single carriageway - 2 lanes,30,Not at or within 20 metres of junction,unset,\,,Daylight: street lights present,Fine (without high winds),Dry,Road works present,None,No overtaking,325380,675480,0,Unset,T.V.N.P.,365782,unset,EH74HF,No crossing facility within 50m or physical crossing facility not controlled by authorised person,No physical crossing facility within 50m,Elsewhere,55.966504029276024,-3.1969910729774074
371912,,Slight,1,1,30/06/2012,Saturday,30,June,12,23,20,230,A,8,Single carriageway - 2 lanes,30,'T' or staggered junction,Automatic Traffic Signal,Unclassified,,Darkness: street lights present and lit,Unknown,Dry,Road works present,None,No overtaking,325630,673940,521091,Junction,Cyclist,355016,unset,EH22EJ,Control by other authorised person,Pedestrian phase at traffic signal junction,Elsewhere,55.95270936000545,-3.1925614866451495
372112,,Slight,2,1,06/07/2012,Friday,6,July,12,13,25,230,A,902,Single carriageway - 2 lanes,30,'T' or staggered junction,Automatic Traffic Signal,Unclassified,,Daylight: no street lighting,Fine (without high winds),Dry,None,None,No overtaking,322480,674960,520062,Junction,T.V.N.P.,365783,unset,EH42NG,No crossing facility within 50m or physical crossing facility not controlled by authorised person,Pedestrian phase at traffic signal junction,At scene,55.96137314919115,-3.2432872277684606
373212,,Slight,1,1,07/07/2012,Saturday,7,July,12,15,30,230,A,8,Dual carriageway - 2 lanes,30,'T' or staggered junction,Automatic Traffic Signal,Unclassified,,Daylight: street lights present,Raining (without high winds),Dry,None,None,No overtaking,325560,673930,521097,Junction,Bus,365784,unset,EH22DF,No crossing facility within 50m or physical crossing facility not controlled by authorised person,No physical crossing facility within 50m,At scene,55.95260867862381,-3.1936794504034944
375212,,Slight,3,1,08/07/2012,Sunday,8,July,12,13,15,230,A,6095,Single carriageway - 2 lanes,30,Not at or within 20 metres of junction,unset,\,,Daylight: street lights present,Other,Dry,None,None,No overtaking,331180,671670,553921,Segment,M.V.N.P.,365785,unset,EH153HS,No crossing facility within 50m or physical crossing facility not controlled by authorised person,No physical crossing facility within 50m,At scene,55.93314581853424,-3.103121382025154
376612,,Slight,2,2,09/07/2012,Monday,9,July,12,14,20,230,A,8,Single carriageway - 2 lanes,40,Not at or within 20 metres of junction,unset,\,,Daylight: street lights present,Raining (without high winds),Dry,None,None,No overtaking,318450,672770,550652,Segment,T.V.N.P.,365786,unset,EH128NG,No crossing facility within 50m or physical crossing facility not controlled by authorised person,No physical crossing facility within 50m,At scene,55.941033604342685,-3.3071578905281984