acc_ref,beat_no,severity,no_vehicle,no_casualt,a_date,a_day,a_date_day,a_date_mon,a_date_yr,a_time_hr,a_time_min,loc_auth,road1_class,road1_no,road_type,speed_limi,junc_det,junc_ctrl,road2_class,road2_no,light_cond,weather,road_surf,spec_cond,cway_hzrds,ovrtk_patrn,easting,northing,net_id,net_type,acc_type,text_id,division,Postcode,ped_xing_hc,ped_xing_p,place_reported,latitude,longitude
377412,,Slight,2,1,21/03/2012,Wednesday,21,March,12,8,25,230,B,901,Roundabout,30,Roundabout,Give way sign or markings,C,,Daylight: street lighting unknown,Fine (without high winds),Dry,None,None,No overtaking,325770,674670,520203,Junction,T.V.N.P.,338140,unset,EH74BN,Control by other authorised person,Pedestrian phase at traffic signal junction,At scene,55.95928848321407,-3.1905213289477232
379612,,Slight,2,1,10/07/2012,Tuesday,10,July,12,20,50,230,A,700,Single carriageway - 2 lanes,30,Not at or within 20 metres of junction,unset,\,,Daylight: street lights present,Raining (without high winds),Dry,None,None,No overtaking,325920,672480,559586,Segment,T.V.N.P.,365787,unset,EH91LW,No crossing facility within 50m or physical crossing facility not controlled by authorised person,No physical crossing facility within 50m,At scene,55.9396392876761,-3.1875169189081243
379812,,Slight,2,1,29/06/2012,Friday,29,June,12,18,0,230,A,8,Single carriageway - 2 lanes,30,'T' or staggered junction,Give way sign or markings,Unclassified,,Daylight: street lights present,Raining (without high winds),Dry,None,None,No overtaking,322860,673250,521271,Junction,Cyclist,355017,unset,EH126DF,No crossing facility within 50m or physical crossing facility not controlled by authorised person,No physical crossing facility within 50m,Elsewhere,55.94607406387934,-3.2367120871583634
380012,,Slight,2,1,11/07/2012,Wednesday,11,July,12,11,0,230,A,70,Single carriageway - 2 lanes,30,'T' or staggered junction,Give way sign or markings,Unclassified,,Daylight: no street lighting,Fine (without high winds),Dry,None,None,No overtaking,322560,671320,529576,Junction,Cyclist,365788,unset,EH141PU,No crossing facility within 50m or physical crossing facility not controlled by authorised person,No physical crossing facility within 50m,At scene,55.92868922260395,-3.240959773766838
380312,,Slight,2,2,10/07/2012,Tuesday,10,July,12,17,30,230,Motorway,9,Dual carriageway - 2 lanes,70,Not at or within 20 metres of junction,unset,\,,Daylight: no street lighting,Raining (without high winds),Dry,None,None,No overtaking,311220,674590,562726,Segment,T.V.N.P.,365789,unset,EH299EF,No crossing facility within 50m or physical crossing facility not controlled by authorised person,No physical crossing facility within 50m,Elsewhere,55.9560985580686,-3.4234684455405766
380412,,Serious,1,1,11/07/2012,Wednesday,11,July,12,11,30,230,A,900,Dual carriageway - 2 lanes,30,Not at or within 20 metres of junction,unset,\,,Daylight: street lights present,Fine (without high winds),Dry,None,None,No overtaking,326070,674430,558575,Segment,Pedestrian,365790,unset,EH13NQ,Control by other authorised person,Pedestrian phase at traffic signal junction,At scene,55.957178930493555,-3.1856514560882494
380812,,Slight,2,1,11/07/2012,Wednesday,11,July,12,18,50,230,A,900,Dual carriageway - 2 lanes,30,'T' or staggered junction,Give way sign or markings,Unclassified,,Daylight: street lights present,Fine (without high winds),Dry,None,None,No overtaking,326160,674590,520254,Junction,Cyclist,365791,unset,EH74AB,Control by other authorised person,"Pelican, puffin, toucan or similar non-junction pedestrian light crossing",At scene,55.958630041247744,-3.1842542434268286
381112,,Serious,1,1,11/07/2012,Wednesday,11,July,12,17,33,230,A,71,Single carriageway - 2 lanes,30,Not at or within 20 metres of junction,unset,\,,Daylight: no street lighting,Fine (without high winds),Dry,None,None,No overtaking,321870,671630,549737,Segment,Pedestrian,365792,unset,EH113AL,No crossing facility within 50m or physical crossing facility not controlled by authorised person,Pedestrian phase at traffic signal junction,At scene,55.931362104962766,-3.2520897070060455
381312,,Slight,1,1,10/07/2012,Tuesday,10,July,12,16,0,230,A,7,Single carriageway - 2 lanes,30,Not at or within 20 metres of junction,unset,\,,Daylight: no street lighting,Other,Dry,None,None,No overtaking,325930,673700,569273,Segment,Pedestrian,365793,unset,EH11SB,No crossing facility within 50m or physical crossing facility not controlled by authorised person,No physical crossing facility within 50m,Elsewhere,55.95059988253903,-3.1876923348969544
382512,,Slight,2,1,12/07/2012,Thursday,12,July,12,10,5,230,Motorway,8,Dual carriageway - 2 lanes,70,Not at or within 20 metres of junction,unset,\,,Daylight: street lights present,Fine (without high winds),Dry,None,None,No overtaking,317730,670650,6452114,Segment,T.V.N.P.,365794,unset,EH129BU,No crossing facility within 50m or physical crossing facility not controlled by authorised person,No physical crossing facility within 50m,At scene,55.921868092158476,-3.3180345640574664
383312,,Slight,2,1,12/07/2012,Thursday,12,July,12,15,35,230,A,701,Single carriageway - 2 lanes,30,Not at or within 20 metres of junction,unset,\,,Daylight: street lights present,Fine (without high winds),Dry,None,None,No overtaking,327220,668350,570773,Segment,T.V.N.P.,365795,unset,EH166TX,Control by other authorised person,Central refuge - no other controls,Elsewhere,55.90273860241965,-3.1655960130004273
383412,,Slight,1,1,11/07/2012,Wednesday,11,July,12,22,20,230,Unclassified,,Single carriageway - 2 lanes,30,Other junction,Give way sign or markings,Unclassified,,Darkness: street lights present and lit,Fine (without high winds),Dry,None,Pedestrian in carriagway - not injured,No overtaking,320610,670400,0,Unset,Bus,365796,unset,EH142AB,No crossing facility within 50m or physical crossing facility not controlled by authorised person,No physical crossing facility within 50m,Elsewhere,55.920106928429675,-3.2718891348083856
383712,,Slight,2,1,13/07/2012,Friday,13,July,12,15,40,230,Unclassified,,Single carriageway - 2 lanes,30,'T' or staggered junction,Give way sign or markings,Unclassified,,Daylight: street lights present,Fine (without high winds),Dry,None,None,No overtaking,325530,674890,520230,Junction,Cyclist,365797,unset,EH36NG,No crossing facility within 50m or physical crossing facility not controlled by authorised person,No physical crossing facility within 50m,At scene,55.96122750256864,-3.1944253564822636
384012,,Slight,2,1,13/07/2012,Friday,13,July,12,15,13,230,Motorway,9,Dual carriageway - 2 lanes,40,Not at or within 20 metres of junction,unset,\,,Daylight: street lights present,Fine (without high winds),Dry,None,None,No overtaking,313090,675680,0,Unset,T.V.N.P.,365798,unset,EH299EQ,No crossing facility within 50m or physical crossing facility not controlled by authorised person,No physical crossing facility within 50m,At scene,55.96623129439383,-3.3938807410362073
385812,,Slight,2,1,14/07/2012,Saturday,14,July,12,15,10,230,A,901,Single carriageway - 2 lanes,30,Crossroads,Automatic Traffic Signal,A,900,Daylight: street lights present,Fine (without high winds),Dry,None,None,No overtaking,326960,675900,522483,Junction,T.V.N.P.,365799,unset,EH68LN,No crossing facility within 50m or physical crossing facility not controlled by authorised person,Pedestrian phase at traffic signal junction,At scene,55.97052003782506,-3.171799522368729
386012,,Slight,2,2,09/07/2012,Monday,9,July,12,16,55,230,A,71,Dual carriageway - 2 lanes,40,Roundabout,Give way sign or markings,Unclassified,,Daylight: street lights present,Fine (without high winds),Dry,None,None,No overtaking,317970,670200,2307101,Junction,T.V.N.P.,365800,unset,EH144AW,No crossing facility within 50m or physical crossing facility not controlled by authorised person,No physical crossing facility within 50m,At scene,55.917867028820375,-3.3140585013816946
386812,,Slight,2,1,15/07/2012,Sunday,15,July,12,16,22,230,A,1,Single carriageway - 2 lanes,30,Not at or within 20 metres of junction,unset,\,,Daylight: no street lighting,Fine (without high winds),Dry,None,None,No overtaking,330050,672790,2106403,Segment,T.V.N.P.,365801,unset,EH151LE,No crossing facility within 50m or physical crossing facility not controlled by authorised person,No physical crossing facility within 50m,At scene,55.94304355043333,-3.1214952403563285
387912,,Slight,2,1,16/07/2012,Monday,16,July,12,7,20,230,A,902,Single carriageway - 2 lanes,40,'T' or staggered junction,Automatic Traffic Signal,A,8,Daylight: street lights present,Fine (without high winds),Dry,None,None,No overtaking,318060,672760,12201733,Junction,Cyclist,365802,unset,EH128LS,No crossing facility within 50m or physical crossing facility not controlled by authorised person,"Pelican, puffin, toucan or similar non-junction pedestrian light crossing",At scene,55.94087738502384,-3.31339674679983
389512,,Slight,2,1,09/07/2012,Monday,9,July,12,14,40,230,A,7,Single carriageway - 2 lanes,30,Not at or within 20 metres of junction,unset,\,,Daylight: no street lighting,Unknown,Dry,None,None,No overtaking,326150,673060,569460,Segment,Cyclist,365803,unset,EH89EW,Control by other authorised person,Pedestrian phase at traffic signal junction,Elsewhere,55.94488477133602,-3.1839947356477265
390612,,Slight,1,1,16/07/2012,Monday,16,July,12,16,40,230,Unclassified,,Single carriageway - 2 lanes,30,Other junction,Give way sign or markings,Unclassified,,Daylight: street lights present,Fine (without high winds),Dry,None,None,No overtaking,323930,676660,0,Unset,Bus,365804,unset,EH51AS,No crossing facility within 50m or physical crossing facility not controlled by authorised person,No physical crossing facility within 50m,Elsewhere,55.976875821783096,-3.2205479983607206
391412,,Slight,2,3,17/07/2012,Tuesday,17,July,12,18,45,230,C,,Single carriageway - 2 lanes,30,Not at or within 20 metres of junction,unset,\,,Daylight: street lights present,Fine (without high winds),Dry,None,None,No overtaking,326370,673760,558221,Segment,T.V.N.P.,365805,unset,EH88BN,No crossing facility within 50m or physical crossing facility not controlled by authorised person,No physical crossing facility within 50m,Elsewhere,55.95120656120263,-3.1806645152190347
392012,,Slight,3,1,15/07/2012,Sunday,15,July,12,22,0,230,Unclassified,,Single carriageway - 2 lanes,30,Crossroads,Give way sign or markings,Unclassified,,Darkness: street lights present and lit,Fine (without high winds),Dry,None,None,No overtaking,324320,670310,530008,Junction,M.V.N.P.,365806,unset,EH106ER,No crossing facility within 50m or physical crossing facility not controlled by authorised person,Pedestrian phase at traffic signal junction,At scene,55.91989714310516,-3.2125157567290312
392312,,Slight,2,1,17/07/2012,Tuesday,17,July,12,14,35,230,Unclassified,,Single carriageway - 2 lanes,30,Not at or within 20 metres of junction,unset,\,,Daylight: street lights present,Fine (without high winds),Dry,None,None,No overtaking,326100,674830,0,Unset,T.V.N.P.,365807,unset,EH74AZ,No crossing facility within 50m or physical crossing facility not controlled by authorised person,No physical crossing facility within 50m,Elsewhere,55.960776678791504,-3.1852809204585033
392512,,Serious,2,1,17/07/2012,Tuesday,17,July,12,22,45,230,Unclassified,,Single carriageway - 2 lanes,30,Mini-roundabout,Give way sign or markings,Unclassified,,Darkness: street lights present and lit,Other,Dry,None,None,No overtaking,325700,674520,0,Unset,T.V.N.P.,365808,unset,EH36NX,No crossing facility within 50m or physical crossing facility not controlled by authorised person,No physical crossing facility within 50m,At scene,55.95793022808431,-3.191600839286769
393112,,Slight,2,1,18/07/2012,Wednesday,18,July,12,14,50,230,A,902,Single carriageway - 2 lanes,40,Not at or within 20 metres of junction,unset,\,,Daylight: street lights present,Raining (without high winds),Dry,None,None,No overtaking,322330,674920,563703,Segment,T.V.N.P.,365809,unset,EH42SB,No crossing facility within 50m or physical crossing facility not controlled by authorised person,No physical crossing facility within 50m,Elsewhere,55.96098958408009,-3.2456777347125048
393212,,Slight,1,1,18/07/2012,Wednesday,18,July,12,17,25,230,C,,One way Street,30,'T' or staggered junction,Automatic Traffic Signal,Unclassified,,Daylight: street lights present,Raining (without high winds),Dry,None,None,No overtaking,325720,673240,521526,Junction,Bus,365810,unset,EH12QN,No crossing facility within 50m or physical crossing facility not controlled by authorised person,Pedestrian phase at traffic signal junction,Elsewhere,55.946435331310454,-3.1909274687323035
393412,,Serious,2,2,18/07/2012,Wednesday,18,July,12,17,0,230,A,90,Single carriageway - 2 lanes,30,'T' or staggered junction,Give way sign or markings,Unclassified,,Daylight: street lights present,Raining (without high winds),Dry,None,None,No overtaking,322720,674290,520413,Junction,T.V.N.P.,365811,unset,EH42EZ,No crossing facility within 50m or physical crossing facility not controlled by authorised person,Central refuge - no other controls,At scene,55.955393501547164,-3.239251573678262
393512,,Slight,2,1,13/07/2012,Friday,13,July,12,20,5,230,Unclassified,,Single carriageway - 2 lanes,30,Mini-roundabout,Give way sign or markings,Unclassified,,Daylight: street lights present,Fine (without high winds),Dry,None,None,No overtaking,323310,676530,522858,Junction,Cyclist,365812,unset,EH52HQ,No crossing facility within 50m or physical crossing facility not controlled by authorised person,Central refuge - no other controls,At scene,55.975609311671874,-3.230443427186941
393612,,Slight,1,1,18/07/2012,Wednesday,18,July,12,16,20,230,Unclassified,,Roundabout,30,Roundabout,Give way sign or markings,Unclassified,,Daylight: street lights present,Raining (without high winds),Dry,None,None,No overtaking,320690,676190,519094,Junction,Bus,365813,unset,EH45HA,No crossing facility within 50m or physical crossing facility not controlled by authorised person,No physical crossing facility within 50m,At scene,55.97212907681779,-3.2723140604234398
394112,,Slight,1,1,21/06/2012,Thursday,21,June,12,17,30,230,Unclassified,,Single carriageway - 2 lanes,30,Not at or within 20 metres of junction,unset,\,,Daylight: street lights present,Fine (without high winds),Dry,None,None,No overtaking,318760,668470,0,Unset,Pedestrian,355018,unset,EH145HE,No crossing facility within 50m or physical crossing facility not controlled by authorised person,No physical crossing facility within 50m,Elsewhere,55.90246151168871,-3.300901630830983
394512,,Slight,2,1,19/07/2012,Thursday,19,July,12,8,0,230,A,900,Single carriageway - 2 lanes,30,Not at or within 20 metres of junction,unset,\,,Daylight: street lights present,Fine (without high winds),Dry,None,None,No overtaking,326800,675580,519481,Junction,Cyclist,365814,unset,EH68NR,No crossing facility within 50m or physical crossing facility not controlled by authorised person,No physical crossing facility within 50m,At scene,55.9676211336909,-3.174275290923555
394612,,Slight,2,1,19/07/2012,Thursday,19,July,12,11,50,230,A,6106,Single carriageway - 2 lanes,30,Crossroads,Authorised Person,Unclassified,,Daylight: street lights present,Fine (without high winds),Dry,None,None,No overtaking,330490,671780,530032,Junction,T.V.N.P.,365815,unset,EH153EJ,No crossing facility within 50m or physical crossing facility not controlled by authorised person,Pedestrian phase at traffic signal junction,At scene,55.93403456864549,-3.1141916778712404
394712,,Slight,1,1,13/07/2012,Friday,13,July,12,17,0,230,Unclassified,,Single carriageway - 2 lanes,30,Not at or within 20 metres of junction,unset,\,,Daylight: street lights present,Fine (without high winds),Dry,None,None,No overtaking,321600,675650,0,Unset,Pedestrian,365816,unset,EH44QX,No crossing facility within 50m or physical crossing facility not controlled by authorised person,No physical crossing facility within 50m,Elsewhere,55.96742812332068,-3.2575802576662323
395312,,Slight,2,1,19/07/2012,Thursday,19,July,12,14,45,230,Unclassified,,Single carriageway - 2 lanes,30,Not at or within 20 metres of junction,unset,\,,Daylight: street lights present,Fine (without high winds),Dry,None,None,No overtaking,312970,677820,4422029,Segment,T.V.N.P.,365817,unset,EH309NZ,No crossing facility within 50m or physical crossing facility not controlled by authorised person,Pedestrian phase at traffic signal junction,Elsewhere,55.98543111967803,-3.396495081977828
396512,,Slight,2,1,19/07/2012,Thursday,19,July,12,9,55,230,C,,Single carriageway - 2 lanes,30,Crossroads,Automatic Traffic Signal,B,701,Daylight: street lights present,Fine (without high winds),Dry,None,None,No overtaking,328290,668460,530308,Junction,Cyclist,365818,unset,EH166QT,No crossing facility within 50m or physical crossing facility not controlled by authorised person,Central refuge - no other controls,At scene,55.90388752751874,-3.148515855671355
397312,,Slight,2,1,19/07/2012,Thursday,19,July,12,17,20,230,Unclassified,,Single carriageway - 2 lanes,30,Crossroads,Automatic Traffic Signal,Unclassified,,Daylight: street lights present,Fine (without high winds),Dry,None,None,No overtaking,325980,671020,533401,Junction,Cyclist,365819,unset,EH93HN,No crossing facility within 50m or physical crossing facility not controlled by authorised person,Pedestrian phase at traffic signal junction,At scene,55.926533579337715,-3.186155731702242
397712,,Slight,1,1,20/07/2012,Friday,20,July,12,18,51,230,Unclassified,,Single carriageway - 2 lanes,30,'T' or staggered junction,Stop sign,C,,Daylight: no street lighting,Fine (without high winds),Dry,None,None,No overtaking,326270,673740,521163,Junction,Pedestrian,365820,unset,EH88BJ,No crossing facility within 50m or physical crossing facility not controlled by authorised person,No physical crossing facility within 50m,At scene,55.95101155128951,-3.1822600242842487
398112,,Slight,1,1,21/07/2012,Saturday,21,July,12,11,5,230,A,71,Single carriageway - 2 lanes,30,Other junction,Give way sign or markings,Unclassified,,Daylight: street lights present,Fine (without high winds),Dry,None,None,No overtaking,322950,672260,521961,Junction,Bus,365821,unset,EH111TU,No crossing facility within 50m or physical crossing facility not controlled by authorised person,No physical crossing facility within 50m,At scene,55.93719566845054,-3.234988324685676
398412,,Slight,2,1,21/07/2012,Saturday,21,July,12,9,20,230,Unclassified,,Single carriageway - 2 lanes,30,Other junction,Give way sign or markings,Unclassified,,Daylight: street lights present,Fine (without high winds),Dry,None,None,No overtaking,324600,668310,533134,Junction,Cyclist,365822,unset,EH107BE,No crossing facility within 50m or physical crossing facility not controlled by authorised person,No physical crossing facility within 50m,At scene,55.90197553724678,-3.2074780607174374
398712,,Serious,1,1,17/07/2012,Tuesday,17,July,12,8,45,230,A,90,Single carriageway - 2 lanes,30,Not at or within 20 metres of junction,unset,\,,Daylight: street lights present,Fine (without high winds),Dry,None,None,No overtaking,324590,673720,520959,Junction,Pedestrian,365823,unset,EH24PG,No crossing facility within 50m or physical crossing facility not controlled by authorised person,No physical crossing facility within 50m,At scene,55.95057085583189,-3.2091506189565306
400412,,Slight,3,4,23/07/2012,Monday,23,July,12,9,41,230,C,,Single carriageway - 2 lanes,30,'T' or staggered junction,Give way sign or markings,Unclassified,,Daylight: no street lighting,Raining (without high winds),Dry,None,None,No overtaking,323040,669170,532963,Junction,M.V.N.P.,365824,unset,EH139BJ,No crossing facility within 50m or physical crossing facility not controlled by authorised person,"Pelican, puffin, toucan or similar non-junction pedestrian light crossing",At scene,55.90945352617816,-3.2326664399869687
400612,,Slight,2,2,23/07/2012,Monday,23,July,12,11,40,230,A,199,Single carriageway - 2 lanes,30,'T' or staggered junction,Give way sign or markings,Unclassified,,Daylight: street lights present,Raining (without high winds),Dry,None,None,No overtaking,329500,675190,523269,Junction,T.V.N.P.,365825,unset,EH151TB,No crossing facility within 50m or physical crossing facility not controlled by authorised person,No physical crossing facility within 50m,At scene,55.96452228000926,-3.1309274944860435
400812,,Slight,2,1,23/07/2012,Monday,23,July,12,10,20,230,A,71,Dual carriageway - 2 lanes,60,Roundabout,Give way sign or markings,C,,Daylight: street lights present,Raining (without high winds),Dry,None,None,No overtaking,320680,671100,529513,Junction,T.V.N.P.,365826,unset,EH113RQ,No crossing facility within 50m or physical crossing facility not controlled by authorised person,No physical crossing facility within 50m,Elsewhere,55.92640629528196,-3.2709751957956983
402912,,Serious,2,1,23/07/2012,Monday,23,July,12,14,0,230,Unclassified,,Single carriageway - 2 lanes,30,Not at or within 20 metres of junction,unset,\,,Daylight: street lights present,Raining (without high winds),Dry,None,None,No overtaking,312020,672570,0,Unset,T.V.N.P.,365827,unset,EH288SU,No crossing facility within 50m or physical crossing facility not controlled by authorised person,Central refuge - no other controls,At scene,55.93810216658855,-3.4100004492489897
403112,,Slight,2,1,23/07/2012,Monday,23,July,12,12,10,230,Unclassified,,Single carriageway - 2 lanes,30,Other junction,Give way sign or markings,Unclassified,,Daylight: street lights present,Raining (without high winds),Dry,None,None,No overtaking,326360,674860,520263,Junction,T.V.N.P.,365828,unset,EH74AG,No crossing facility within 50m or physical crossing facility not controlled by authorised person,No physical crossing facility within 50m,Elsewhere,55.961086144842604,-3.181125540641243
403512,,Slight,1,1,24/07/2012,Tuesday,24,July,12,11,30,230,Unclassified,,Single carriageway - 2 lanes,30,Not at or within 20 metres of junction,unset,\,,Daylight: street lights present,Fine (without high winds),Dry,None,None,No overtaking,324660,673610,0,Unset,Pedestrian,365829,unset,EH12AE,No crossing facility within 50m or physical crossing facility not controlled by authorised person,No physical crossing facility within 50m,At scene,55.949593746568695,-3.207999183820424
403712,,Slight,1,1,21/07/2012,Saturday,21,July,12,20,55,230,A,900,Single carriageway - 2 lanes,30,'T' or staggered junction,Automatic Traffic Signal,Unclassified,,Darkness: street lights present and lit,Unknown,Dry,None,None,No overtaking,326540,675110,519867,Junction,Pedestrian,365830,unset,EH74PE,No crossing facility within 50m or physical crossing facility not controlled by authorised person,Pedestrian phase at traffic signal junction,At scene,55.96335945064947,-3.1783112813653296
403912,,Slight,2,1,24/07/2012,Tuesday,24,July,12,14,20,230,A,701,Single carriageway - 2 lanes,30,Crossroads,Automatic Traffic Signal,Unclassified,,Daylight: street lights present,Fine (without high winds),Dry,None,None,No overtaking,327190,670960,523071,Junction,T.V.N.P.,365831,unset,EH165PB,No crossing facility within 50m or physical crossing facility not controlled by authorised person,Pedestrian phase at traffic signal junction,Elsewhere,55.92617954001985,-3.166779834043269
404012,,Slight,1,1,23/07/2012,Monday,23,July,12,22,58,230,A,900,Single carriageway - 2 lanes,30,Crossroads,Automatic Traffic Signal,Unclassified,,Darkness: street lights present and lit,Fine (without high winds),Dry,None,None,No overtaking,326370,674880,520266,Junction,Pedestrian,365832,unset,EH74AG,No crossing facility within 50m or physical crossing facility not controlled by authorised person,Pedestrian phase at traffic signal junction,At scene,55.96126733633377,-3.1809708736632527
404212,,Serious,1,1,24/07/2012,Tuesday,24,July,12,15,15,230,Motorway,8,Roundabout,50,Roundabout,Automatic Traffic Signal,Motorway,8,Daylight: street lights present,Fine (without high winds),Dry,None,None,No overtaking,318110,671030,6452838,Junction,S.V.N.P.,365833,unset,EH129BU,No crossing facility within 50m or physical crossing facility not controlled by authorised person,No physical crossing facility within 50m,At scene,55.92534632858693,-3.3120710642064535
405412,,Slight,1,1,25/07/2012,Wednesday,25,July,12,16,15,230,B,900,Single carriageway - 2 lanes,30,Not at or within 20 metres of junction,unset,\,,Daylight: street lights present,Fine (without high winds),Dry,None,None,No overtaking,324490,674660,554192,Segment,Bus,365834,unset,EH41HN,No crossing facility within 50m or physical crossing facility not controlled by authorised person,Pedestrian phase at traffic signal junction,At scene,55.95899890703147,-3.211015213661365
405512,,Slight,2,1,25/07/2012,Wednesday,25,July,12,17,30,230,Unclassified,,One way Street,30,Not at or within 20 metres of junction,unset,\,,Daylight: street lights present,Fine (without high winds),Dry,None,None,No overtaking,324230,673330,521319,Junction,Cyclist,365835,unset,EH38JQ,No crossing facility within 50m or physical crossing facility not controlled by authorised person,Pedestrian phase at traffic signal junction,At scene,55.94701088907756,-3.2148042827208054
405612,,Slight,2,1,20/07/2012,Friday,20,July,12,5,0,230,A,7,Single carriageway - 2 lanes,30,Crossroads,Give way sign or markings,Unclassified,,Daylight: street lights present,Fine (without high winds),Dry,None,None,No overtaking,326030,673310,521586,Junction,T.V.N.P.,365836,unset,EH89DH,No crossing facility within 50m or physical crossing facility not controlled by authorised person,No physical crossing facility within 50m,At scene,55.94711200283788,-3.1859842569058023
405712,,Slight,2,1,23/07/2012,Monday,23,July,12,17,4,230,Unclassified,,Single carriageway - 2 lanes,30,'T' or staggered junction,Give way sign or markings,Unclassified,,Daylight: street lights present,Raining (without high winds),Dry,None,None,No overtaking,322010,675590,519364,Junction,T.V.N.P.,365837,unset,EH44PH,No crossing facility within 50m or physical crossing facility not controlled by authorised person,No physical crossing facility within 50m,At scene,55.96695600779816,-3.2509962480658827
406412,,Serious,2,1,25/07/2012,Wednesday,25,July,12,15,50,230,A,199,Single carriageway - 2 lanes,40,'T' or staggered junction,Give way sign or markings,Unclassified,,Daylight: street lights present,Fine (without high winds),Dry,None,None,No overtaking,329670,674940,522489,Junction,T.V.N.P.,365838,unset,EH151ED,No crossing facility within 50m or physical crossing facility not controlled by authorised person,No physical crossing facility within 50m,At scene,55.96230149040776,-3.1281394801737767
407112,,Slight,3,1,25/07/2012,Wednesday,25,July,12,17,15,230,A,70,Single carriageway - 2 lanes,30,'T' or staggered junction,Automatic Traffic Signal,C,,Daylight: street lights present,Fine (without high winds),Dry,None,None,No overtaking,322220,670850,529735,Junction,M.V.N.P.,365839,unset,EH141LT,No crossing facility within 50m or physical crossing facility not controlled by authorised person,Pedestrian phase at traffic signal junction,At scene,55.92441243789294,-3.246264299397903
407312,,Slight,1,1,24/07/2012,Tuesday,24,July,12,15,44,230,Unclassified,,Single carriageway - 2 lanes,30,Not at or within 20 metres of junction,unset,\,,Daylight: street lights present,Fine (without high winds),Dry,None,None,No overtaking,326040,673280,569288,Segment,Bus,365840,unset,EH89DH,No crossing facility within 50m or physical crossing facility not controlled by authorised person,No physical crossing facility within 50m,Elsewhere,55.946844058877495,-3.1858159375669595
407412,,Slight,1,1,07/07/2012,Saturday,7,July,12,20,30,230,Unclassified,,Single carriageway - 2 lanes,30,Multiple junction,Automatic Traffic Signal,A,7,Daylight: street lights present,Unknown,Dry,None,None,No overtaking,329740,669470,530233,Junction,S.V.N.P.,365841,unset,EH164SP,No crossing facility within 50m or physical crossing facility not controlled by authorised person,"Pelican, puffin, toucan or similar non-junction pedestrian light crossing",Elsewhere,55.91317455105778,-3.1255922556308686
407612,,Slight,2,1,26/07/2012,Thursday,26,July,12,9,7,230,Unclassified,,Single carriageway - 2 lanes,30,'T' or staggered junction,Give way sign or markings,Unclassified,,Daylight: no street lighting,Fine (without high winds),Dry,None,None,No overtaking,329820,674110,0,Unset,Cyclist,365842,unset,EH76UL,No crossing facility within 50m or physical crossing facility not controlled by authorised person,No physical crossing facility within 50m,At scene,55.954867565671165,-3.125520822483294
407912,,Slight,2,2,25/07/2012,Wednesday,25,July,12,11,49,230,Unclassified,,Single carriageway - 2 lanes,30,'T' or staggered junction,Automatic Traffic Signal,Unclassified,,Daylight: no street lighting,Fine (without high winds),Dry,None,None,No overtaking,324320,673030,10331569,Junction,T.V.N.P.,365843,unset,EH38AY,No crossing facility within 50m or physical crossing facility not controlled by authorised person,No physical crossing facility within 50m,Elsewhere,55.944330264424245,-3.213279283426881
408712,,Slight,1,1,26/07/2012,Thursday,26,July,12,14,0,230,A,8,Single carriageway - 2 lanes,30,'T' or staggered junction,Automatic Traffic Signal,A,8,Daylight: street lights present,Fine (without high winds),Dry,None,None,No overtaking,324800,673720,520932,Junction,Pedestrian,365844,unset,EH24AN,No crossing facility within 50m or physical crossing facility not controlled by authorised person,No physical crossing facility within 50m,At scene,55.95060380662121,-3.2057886344782798
409412,,Slight,1,1,26/07/2012,Thursday,26,July,12,17,59,230,Unclassified,,Single carriageway - 2 lanes,30,Roundabout,Give way sign or markings,Unclassified,,Daylight: no street lighting,Raining (without high winds),Dry,None,None,No overtaking,321410,671790,522171,Junction,Pedestrian,365845,unset,EH113DJ,No crossing facility within 50m or physical crossing facility not controlled by authorised person,Zebra crossing,At scene,55.93272427495191,-3.2594969037766415
409512,,Serious,1,2,26/07/2012,Thursday,26,July,12,17,55,230,Unclassified,,One way Street,30,'T' or staggered junction,Automatic Traffic Signal,C,,Daylight: no street lighting,Fine (without high winds),Dry,None,None,No overtaking,325490,674230,520524,Junction,Bus,365846,unset,EH21AW,No crossing facility within 50m or physical crossing facility not controlled by authorised person,Pedestrian phase at traffic signal junction,Elsewhere,55.95529265287461,-3.1948832029379677
409612,,Slight,2,1,26/07/2012,Thursday,26,July,12,18,58,230,C,,Single carriageway - 2 lanes,30,'T' or staggered junction,Give way sign or markings,Unclassified,,Daylight: street lights present,Fine (without high winds),Dry,None,None,No overtaking,326270,673730,521163,Junction,Cyclist,365847,unset,EH88DQ,No crossing facility within 50m or physical crossing facility not controlled by authorised person,No physical crossing facility within 50m,At scene,55.95092172290939,-3.1822572861464637
409712,,Slight,1,1,26/07/2012,Thursday,26,July,12,13,0,230,Motorway,8,Dual carriageway - 2 lanes,70,Slip road,Give way sign or markings,Motorway,8,Daylight: street lights present,Raining (without high winds),Dry,None,None,No overtaking,317820,670710,6452605,Junction,S.V.N.P.,365848,unset,EH129BU,No crossing facility within 50m or physical crossing facility not controlled by authorised person,No physical crossing facility within 50m,At scene,55.922422438193095,-3.316613114877209