acc_ref,beat_no,severity,no_vehicle,no_casualt,a_date,a_day,a_date_day,a_date_mon,a_date_yr,a_time_hr,a_time_min,loc_auth,road1_class,road1_no,road_type,speed_limi,junc_det,junc_ctrl,road2_class,road2_no,light_cond,weather,road_surf,spec_cond,cway_hzrds,ovrtk_patrn,easting,northing,net_id,net_type,acc_type,text_id,division,Postcode,ped_xing_hc,ped_xing_p,place_reported,latitude,longitude
451512,,Slight,2,1,16/08/2012,Thursday,16,August,12,4,45,230,Motorway,8,Single carriageway - 3 lanes,70,Not at or within 20 metres of junction,unset,\,,Darkness: no street lighting,Fine (without high winds),Dry,None,None,No overtaking,318170,670760,6452637,Segment,T.V.N.P.,357223,unset,EH129BU,No crossing facility within 50m or physical crossing facility not controlled by authorised person,No physical crossing facility within 50m,At scene,55.9229312934737,-3.311029260878119
452612,,Slight,1,1,05/07/2012,Thursday,5,July,12,16,30,230,Unclassified,,Single carriageway - 2 lanes,30,Other junction,Give way sign or markings,Unclassified,,Daylight: no street lighting,Fine (without high winds),Dry,None,None,No overtaking,328370,675380,0,Unset,Pedestrian,365867,unset,EH76HQ,No crossing facility within 50m or physical crossing facility not controlled by authorised person,No physical crossing facility within 50m,Elsewhere,55.96606160915234,-3.1490756619566844
453712,,Slight,1,1,16/08/2012,Thursday,16,August,12,18,30,230,A,71,Single carriageway - 2 lanes,30,'T' or staggered junction,Give way sign or markings,Unclassified,,Daylight: street lights present,Fine (without high winds),Dry,None,None,No overtaking,323120,672330,522003,Junction,Pedestrian,357224,unset,EH111TZ,No crossing facility within 50m or physical crossing facility not controlled by authorised person,Pedestrian phase at traffic signal junction,At scene,55.93785170477742,-3.2322876501873186
454112,,Slight,2,1,17/08/2012,Friday,17,August,12,15,30,230,A,702,Single carriageway - 2 lanes,30,Not at or within 20 metres of junction,unset,\,,Daylight: no street lighting,Fine (without high winds),Dry,None,None,No overtaking,324880,672560,549171,Segment,Cyclist,357225,unset,EH104HW,No crossing facility within 50m or physical crossing facility not controlled by authorised person,No physical crossing facility within 50m,At scene,55.94019631736488,-3.20418438841651
454212,,Slight,2,2,17/08/2012,Friday,17,August,12,11,0,230,A,71,Dual carriageway - 2 lanes,40,Roundabout,Automatic Traffic Signal,A,71,Daylight: no street lighting,Fine (without high winds),Dry,None,None,No overtaking,318660,670410,2307027,Junction,T.V.N.P.,357226,unset,EH144AW,No crossing facility within 50m or physical crossing facility not controlled by authorised person,No physical crossing facility within 50m,At scene,55.91987062957145,-3.3030849955397468
455112,,Slight,1,1,18/08/2012,Saturday,18,August,12,4,0,230,A,702,Single carriageway - 2 lanes,30,Crossroads,Automatic Traffic Signal,C,,Darkness: street lights present and lit,Fine (without high winds),Dry,None,None,No overtaking,324810,673200,521406,Junction,Pedestrian,357227,unset,EH39AN,No crossing facility within 50m or physical crossing facility not controlled by authorised person,Pedestrian phase at traffic signal junction,At scene,55.94593433521212,-3.2054833666076434
455612,,Slight,2,2,17/08/2012,Friday,17,August,12,21,20,230,C,,One way Street,30,Not at or within 20 metres of junction,unset,\,,Darkness: street lights present and lit,Fine (without high winds),Dry,None,None,No overtaking,325710,673170,567192,Segment,T.V.N.P.,357228,unset,EH12QN,No crossing facility within 50m or physical crossing facility not controlled by authorised person,No physical crossing facility within 50m,At scene,55.9458049865321,-3.191068240686844
455712,,Slight,2,2,08/08/2012,Wednesday,8,August,12,18,36,230,C,,Single carriageway - 2 lanes,30,'T' or staggered junction,Give way sign or markings,Unclassified,,Darkness: street lights present but unlit,Fine (without high winds),Dry,None,None,No overtaking,326280,675570,519445,Junction,T.V.N.P.,357229,unset,EH65BB,No crossing facility within 50m or physical crossing facility not controlled by authorised person,"Pelican, puffin, toucan or similar non-junction pedestrian light crossing",At scene,55.9674516583417,-3.1826012003582402
455812,,Slight,1,1,18/08/2012,Saturday,18,August,12,16,20,230,Unclassified,,Single carriageway - 2 lanes,30,Not at or within 20 metres of junction,unset,\,,Daylight: street lights present,Fine (without high winds),Dry,None,None,No overtaking,325990,673080,560079,Segment,Pedestrian,357230,unset,EH89AL,No crossing facility within 50m or physical crossing facility not controlled by authorised person,"Pelican, puffin, toucan or similar non-junction pedestrian light crossing",At scene,55.94503978556088,-3.1865613860956286
456712,,Serious,2,1,19/08/2012,Sunday,19,August,12,12,45,230,A,71,Single carriageway - 2 lanes,30,'T' or staggered junction,Give way sign or markings,Unclassified,,Daylight: no street lighting,Fine (without high winds),Dry,None,None,No overtaking,323040,672300,522009,Junction,Cyclist,357231,unset,EH111TT,No crossing facility within 50m or physical crossing facility not controlled by authorised person,Pedestrian phase at traffic signal junction,At scene,55.93756940880142,-3.233559407136578
456812,,Slight,3,1,19/08/2012,Sunday,19,August,12,17,40,230,C,,Single carriageway - 2 lanes,30,'T' or staggered junction,Automatic Traffic Signal,C,,Daylight: street lights present,Raining (without high winds),Dry,None,None,No overtaking,325010,674400,520536,Junction,M.V.N.P.,357232,unset,EH36TH,Control by other authorised person,Pedestrian phase at traffic signal junction,Elsewhere,55.95674494783623,-3.202616045740463
456912,,Slight,2,1,17/08/2012,Friday,17,August,12,14,0,230,A,702,Single carriageway - 2 lanes,30,Crossroads,Automatic Traffic Signal,B,700,Daylight: no street lighting,Fine (without high winds),Dry,None,None,No overtaking,324800,673210,521406,Junction,Cyclist,357233,unset,EH39BE,Control by other authorised person,Pedestrian phase at traffic signal junction,Elsewhere,55.946022596376466,-3.2056462337772347
457212,,Serious,2,1,20/08/2012,Monday,20,August,12,15,20,230,Unclassified,,Single carriageway - 2 lanes,30,Crossroads,Give way sign or markings,Unclassified,,Daylight: no street lighting,Fine (without high winds),Dry,None,None,No overtaking,325610,671520,523860,Junction,Cyclist,357234,unset,EH92HZ,Control by other authorised person,Pedestrian phase at traffic signal junction,At scene,55.93096784062617,-3.192213530080223
457512,,Slight,2,1,21/08/2012,Tuesday,21,August,12,13,0,230,A,71,Single carriageway - 2 lanes,30,Not at or within 20 metres of junction,unset,\,,Daylight: street lights present,Fine (without high winds),Dry,None,None,No overtaking,322180,671780,549749,Segment,T.V.N.P.,357235,unset,EH113AA,No crossing facility within 50m or physical crossing facility not controlled by authorised person,No physical crossing facility within 50m,Elsewhere,55.93275982976353,-3.2471726051150394
457612,,Slight,2,3,21/08/2012,Tuesday,21,August,12,12,20,230,Motorway,8,One way Street,50,Not at or within 20 metres of junction,unset,\,,Daylight: street lights present,Raining (without high winds),Dry,None,None,No overtaking,318170,670850,6452972,Segment,T.V.N.P.,357236,unset,EH129BU,No crossing facility within 50m or physical crossing facility not controlled by authorised person,No physical crossing facility within 50m,At scene,55.92373971296768,-3.3110565591412797
458012,,Slight,2,1,21/08/2012,Tuesday,21,August,12,16,22,230,A,720,Dual carriageway - 2 lanes,70,Not at or within 20 metres of junction,unset,\,,Daylight: street lighting unknown,Raining (without high winds),Dry,None,None,No overtaking,320310,668910,570540,Segment,T.V.N.P.,357237,unset,EH145BH,No crossing facility within 50m or physical crossing facility not controlled by authorised person,No physical crossing facility within 50m,Elsewhere,55.90667323135652,-3.2762482169652367
458312,,Serious,2,1,21/08/2012,Tuesday,21,August,12,20,11,230,A,901,Single carriageway - 2 lanes,30,Crossroads,Automatic Traffic Signal,A,900,Darkness: street lights present and lit,Fine (without high winds),Dry,None,None,No overtaking,326960,675900,522483,Junction,Bus,357238,unset,EH68LN,No crossing facility within 50m or physical crossing facility not controlled by authorised person,Pedestrian phase at traffic signal junction,At scene,55.97052003782506,-3.171799522368729
458412,,Slight,1,1,21/08/2012,Tuesday,21,August,12,17,34,230,A,70,Single carriageway - 2 lanes,30,Not at or within 20 metres of junction,unset,\,,Daylight: street lights present,Fine (without high winds),Dry,None,None,No overtaking,323300,672120,561694,Segment,Pedestrian,357239,unset,EH111PA,No crossing facility within 50m or physical crossing facility not controlled by authorised person,No physical crossing facility within 50m,At scene,55.93599412304204,-3.229347158455321
458712,,Slight,2,1,21/08/2012,Tuesday,21,August,12,23,45,230,A,71,Roundabout,30,Roundabout,Give way sign or markings,B,701,Darkness: street lights present and lit,Fine (without high winds),Dry,None,None,No overtaking,319400,670630,529633,Junction,Cyclist,357240,unset,EH114JY,No crossing facility within 50m or physical crossing facility not controlled by authorised person,No physical crossing facility within 50m,Elsewhere,55.921971472291055,-3.2913134765636904
458812,,Slight,2,1,21/08/2012,Tuesday,21,August,12,21,0,230,A,70,Single carriageway - 2 lanes,30,'T' or staggered junction,Give way sign or markings,Unclassified,,Darkness: street lights present and lit,Fine (without high winds),Dry,None,None,No overtaking,323860,672900,521802,Junction,T.V.N.P.,357241,unset,EH112EA,No crossing facility within 50m or physical crossing facility not controlled by authorised person,No physical crossing facility within 50m,Elsewhere,55.94308977076834,-3.2206056698676497
458912,,Slight,2,1,20/08/2012,Monday,20,August,12,19,0,230,A,702,Single carriageway - 2 lanes,30,Not at or within 20 metres of junction,unset,\,,Daylight: street lights present,Fine (without high winds),Dry,None,None,No overtaking,324940,667400,548922,Segment,Cyclist,357242,unset,EH107DUA,No crossing facility within 50m or physical crossing facility not controlled by authorised person,No physical crossing facility within 50m,Elsewhere,55.89385434130737,-3.2017888398735703
459012,,Slight,2,1,22/08/2012,Wednesday,22,August,12,21,30,230,A,900,Single carriageway - 2 lanes,30,Crossroads,Automatic Traffic Signal,Unclassified,,Darkness: street lights present and lit,Fine (without high winds),Dry,None,None,No overtaking,327210,676240,519253,Junction,Cyclist,357243,unset,EH67AF,No crossing facility within 50m or physical crossing facility not controlled by authorised person,Pedestrian phase at traffic signal junction,At scene,55.973612220506304,-3.167887080613878
459112,,Slight,3,3,22/08/2012,Wednesday,22,August,12,18,0,230,Unclassified,,Single carriageway - 2 lanes,40,'T' or staggered junction,Give way sign or markings,Unclassified,,Daylight: street lights present,Fine (without high winds),Dry,None,None,No overtaking,330020,673880,529627,Junction,M.V.N.P.,357244,unset,EH151DJ,No crossing facility within 50m or physical crossing facility not controlled by authorised person,No physical crossing facility within 50m,At scene,55.95283068285704,-3.1222586926497304
459612,,Serious,1,5,08/08/2012,Wednesday,8,August,12,23,55,230,Unclassified,,Single carriageway - 2 lanes,30,Not at or within 20 metres of junction,unset,\,,Darkness: street lights present and lit,Fine (without high winds),Dry,None,None,No overtaking,324720,672340,0,Unset,Bus,357245,unset,EH104JU,No crossing facility within 50m or physical crossing facility not controlled by authorised person,No physical crossing facility within 50m,At scene,55.93819504613794,-3.2066837582439898
459912,,Slight,2,2,23/08/2012,Thursday,23,August,12,20,55,230,B,701,Single carriageway - 2 lanes,30,Other junction,Automatic Traffic Signal,A,772,Darkness: street lights present and lit,Fine (without high winds),Dry,None,None,No overtaking,329240,668680,530257,Junction,Bus,357246,unset,EH178RQ,No crossing facility within 50m or physical crossing facility not controlled by authorised person,No physical crossing facility within 50m,At scene,55.90600457483015,-3.133382415644291
460012,,Slight,2,1,21/08/2012,Tuesday,21,August,12,22,45,230,B,901,Single carriageway - 2 lanes,30,Crossroads,Automatic Traffic Signal,B,900,Darkness: street lights present and lit,Fine (without high winds),Dry,None,None,No overtaking,325380,675020,519819,Junction,Cyclist,357247,unset,EH74EN,No crossing facility within 50m or physical crossing facility not controlled by authorised person,Pedestrian phase at traffic signal junction,Elsewhere,55.96237195487486,-3.1968634918993577
461312,,Slight,2,1,20/08/2012,Monday,20,August,12,8,45,230,A,701,Single carriageway - 2 lanes,40,Other junction,Give way sign or markings,Unclassified,,Daylight: no street lighting,Fine (without high winds),Dry,None,None,No overtaking,327160,670610,522744,Junction,T.V.N.P.,357248,unset,EH165QT,No crossing facility within 50m or physical crossing facility not controlled by authorised person,No physical crossing facility within 50m,At scene,55.92303096789093,-3.167165300680236
461712,,Slight,1,1,23/08/2012,Thursday,23,August,12,8,20,230,C,,Single carriageway - 2 lanes,30,Not at or within 20 metres of junction,unset,\,,Daylight: street lights present,Fine (without high winds),Dry,None,None,No overtaking,326610,669520,553528,Segment,Cyclist,357249,unset,EH166TQ,No crossing facility within 50m or physical crossing facility not controlled by authorised person,No physical crossing facility within 50m,At scene,55.9131558915443,-3.1756678906774125
462112,,Slight,1,1,24/08/2012,Friday,24,August,12,11,25,230,C,,Single carriageway - 2 lanes,30,'T' or staggered junction,Give way sign or markings,Unclassified,,Daylight: no street lighting,Fine (without high winds),Dry,None,None,No overtaking,327220,674410,520728,Junction,Bus,357250,unset,EH75SN,No crossing facility within 50m or physical crossing facility not controlled by authorised person,Pedestrian phase at traffic signal junction,At scene,55.95717509663455,-3.167231802913139
462212,,Slight,2,1,23/08/2012,Thursday,23,August,12,15,35,230,A,71,Roundabout,30,Roundabout,Give way sign or markings,A,71,Daylight: street lights present,Fine (without high winds),Dry,None,None,No overtaking,319430,670670,529651,Junction,Cyclist,357251,unset,EH114NT,No crossing facility within 50m or physical crossing facility not controlled by authorised person,No physical crossing facility within 50m,Elsewhere,55.92233580417461,-3.290845507353362
464012,,Slight,1,1,21/08/2012,Tuesday,21,August,12,13,5,230,A,772,Single carriageway - 2 lanes,30,Crossroads,Automatic Traffic Signal,B,701,Daylight: street lights present,Unknown,Dry,None,None,No overtaking,329220,668710,530257,Junction,Pedestrian,357252,unset,EH178QQ,No crossing facility within 50m or physical crossing facility not controlled by authorised person,Pedestrian phase at traffic signal junction,At scene,55.90627112199142,-3.1337101096167967
464412,,Serious,2,2,26/08/2012,Sunday,26,August,12,18,43,230,B,924,Single carriageway - 2 lanes,40,Not at or within 20 metres of junction,unset,\,,Daylight: street lights present,Fine (without high winds),Dry,None,None,No overtaking,314880,677940,3948067,Segment,Cyclist,357253,unset,EH309TS,No crossing facility within 50m or physical crossing facility not controlled by authorised person,No physical crossing facility within 50m,At scene,55.986851913226396,-3.3659295153073594
464612,,Slight,1,2,20/08/2012,Monday,20,August,12,10,50,230,B,901,Single carriageway - 2 lanes,30,Crossroads,Automatic Traffic Signal,Unclassified,,Daylight: no street lighting,Fine (without high winds),Dry,None,None,No overtaking,325400,675010,519819,Junction,Pedestrian,357254,unset,EH74EN,No crossing facility within 50m or physical crossing facility not controlled by authorised person,No physical crossing facility within 50m,Elsewhere,55.96228523775254,-3.1965404319493422
464712,,Slight,1,1,13/08/2012,Monday,13,August,12,18,50,230,B,701,Single carriageway - 2 lanes,30,Other junction,Give way sign or markings,Unclassified,,Daylight: no street lighting,Fine (without high winds),Dry,None,None,No overtaking,328970,668430,530344,Junction,Pedestrian,357255,unset,EH178PP,No crossing facility within 50m or physical crossing facility not controlled by authorised person,No physical crossing facility within 50m,At scene,55.9037189911457,-3.137634357630396
464912,,Slight,1,1,27/08/2012,Monday,27,August,12,0,10,230,C,,Single carriageway - 2 lanes,30,'T' or staggered junction,Automatic Traffic Signal,Unclassified,,Darkness: street lights present and lit,Fine (without high winds),Dry,None,None,No overtaking,326990,674910,520287,Junction,Pedestrian,357256,unset,EH75QH,No crossing facility within 50m or physical crossing facility not controlled by authorised person,No physical crossing facility within 50m,At scene,55.96163158318808,-3.171050295747519
465012,,Slight,1,1,27/08/2012,Monday,27,August,12,5,40,230,C,,Single carriageway - 2 lanes,30,Crossroads,Automatic Traffic Signal,A,7,Daylight: street lights present,Fine (without high winds),Dry,None,None,No overtaking,325940,673650,521103,Junction,Pedestrian,357257,unset,EH11LL,No crossing facility within 50m or physical crossing facility not controlled by authorised person,Pedestrian phase at traffic signal junction,At scene,55.950152284740255,-3.187518487830953
466012,,Slight,3,1,27/08/2012,Monday,27,August,12,14,40,230,Unclassified,,Single carriageway - 2 lanes,30,Not at or within 20 metres of junction,unset,\,,Daylight: street lights present,Raining (without high winds),Dry,None,None,No overtaking,325310,674330,566492,Segment,M.V.N.P.,357258,unset,EH36QE,No crossing facility within 50m or physical crossing facility not controlled by authorised person,No physical crossing facility within 50m,At scene,55.95616294646331,-3.1977930098223064
467012,,Slight,2,2,27/08/2012,Monday,27,August,12,17,35,230,Unclassified,,Single carriageway - 2 lanes,30,'T' or staggered junction,Give way sign or markings,Unclassified,,Daylight: no street lighting,Raining (without high winds),Dry,None,None,No overtaking,327460,671430,529609,Junction,T.V.N.P.,357259,unset,EH165JY,No crossing facility within 50m or physical crossing facility not controlled by authorised person,Pedestrian phase at traffic signal junction,At scene,55.9304423701106,-3.16258636783489
467212,,Slight,3,1,27/08/2012,Monday,27,August,12,8,45,230,A,772,Single carriageway - 2 lanes,30,Not at or within 20 metres of junction,unset,\,,Daylight: no street lighting,Raining (without high winds),Dry,None,None,No overtaking,329210,668730,569384,Segment,M.V.N.P.,357260,unset,EH178QQ,No crossing facility within 50m or physical crossing facility not controlled by authorised person,Pedestrian phase at traffic signal junction,At scene,55.90644931051824,-3.1338752691584677
469112,,Slight,2,1,27/08/2012,Monday,27,August,12,17,50,230,Unclassified,,Single carriageway - 2 lanes,30,Other junction,Give way sign or markings,A,90,Daylight: no street lighting,Unknown,Dry,None,None,No overtaking,322390,674430,520401,Junction,Cyclist,357261,unset,EH42BG,No crossing facility within 50m or physical crossing facility not controlled by authorised person,Pedestrian phase at traffic signal junction,Elsewhere,55.95659781043386,-3.2445756358013504
469212,,Slight,2,1,27/08/2012,Monday,27,August,12,17,40,230,B,701,Single carriageway - 2 lanes,30,Crossroads,Give way sign or markings,Unclassified,,Daylight: no street lighting,Raining (without high winds),Dry,None,None,No overtaking,328560,668490,530332,Junction,T.V.N.P.,357262,unset,EH178LH,No crossing facility within 50m or physical crossing facility not controlled by authorised person,"Pelican, puffin, toucan or similar non-junction pedestrian light crossing",At scene,55.90419721837418,-3.144206338277635
469412,,Serious,1,2,28/08/2012,Tuesday,28,August,12,10,15,230,A,7,Single carriageway - 2 lanes,30,Not at or within 20 metres of junction,unset,\,,Daylight: street lights present,Fine (without high winds),Dry,None,None,No overtaking,325980,673470,569294,Segment,Bus,357263,unset,EH11HR,No crossing facility within 50m or physical crossing facility not controlled by authorised person,Pedestrian phase at traffic signal junction,At scene,55.94854154713305,-3.1868286372724866
470712,,Slight,2,1,28/08/2012,Tuesday,28,August,12,15,50,230,Unclassified,,Single carriageway - 2 lanes,30,Mini-roundabout,Give way sign or markings,Unclassified,,Daylight: street lights present,Fine (without high winds),Dry,None,None,No overtaking,320550,675440,519747,Junction,Cyclist,357264,unset,EH45BZ,Control by other authorised person,Zebra crossing,At scene,55.965369027867595,-3.2743350568212923
471012,,Slight,1,1,06/06/2012,Wednesday,6,June,12,13,30,230,Unclassified,,Dual carriageway - 2 lanes,30,'T' or staggered junction,Automatic Traffic Signal,Unclassified,,Daylight: no street lighting,Raining (without high winds),Dry,None,None,No overtaking,324330,673040,10331569,Junction,Pedestrian,355019,unset,EH38AY,No crossing facility within 50m or physical crossing facility not controlled by authorised person,No physical crossing facility within 50m,At scene,55.944421668301956,-3.2131220239685363
471112,,Slight,4,1,27/08/2012,Monday,27,August,12,15,39,230,A,1,Dual carriageway - 2 lanes,40,Not at or within 20 metres of junction,unset,\,,Daylight: no street lighting,Raining (without high winds),Dry,None,None,No overtaking,331240,672580,552724,Segment,M.V.N.P.,357265,unset,EH153BE,No crossing facility within 50m or physical crossing facility not controlled by authorised person,No physical crossing facility within 50m,At scene,55.941329042912585,-3.102393410975352
471512,,Slight,1,1,27/08/2012,Monday,27,August,12,13,25,230,Unclassified,,Single carriageway - 2 lanes,30,'T' or staggered junction,Give way sign or markings,Unclassified,,Daylight: street lights present,Raining (without high winds),Dry,None,None,No overtaking,323980,672460,0,Unset,Pedestrian,357266,unset,EH111BS,No crossing facility within 50m or physical crossing facility not controlled by authorised person,No physical crossing facility within 50m,Elsewhere,55.9391563854626,-3.2185607786832007
471712,,Slight,2,1,28/08/2012,Tuesday,28,August,12,15,23,230,Unclassified,,Single carriageway - 2 lanes,30,Using private drive or entrance,Stop sign,Unclassified,,Daylight: street lights present,Fine (without high winds),Dry,None,None,No overtaking,331150,672430,556998,Segment,Bus,357267,unset,EH153SA,No crossing facility within 50m or physical crossing facility not controlled by authorised person,No physical crossing facility within 50m,At scene,55.93996867777596,-3.103795637498566
471812,,Slight,2,1,26/08/2012,Sunday,26,August,12,2,15,230,Unclassified,,Single carriageway - 2 lanes,30,Crossroads,Automatic Traffic Signal,A,700,Darkness: street lights present and lit,Fine (without high winds),Dry,None,None,No overtaking,326220,672550,532729,Junction,T.V.N.P.,357268,unset,EH91ND,No crossing facility within 50m or physical crossing facility not controlled by authorised person,Pedestrian phase at traffic signal junction,At scene,55.94031428291815,-3.182734563271526
472112,,Slight,1,1,29/08/2012,Wednesday,29,August,12,13,27,230,A,900,Single carriageway - 2 lanes,30,Crossroads,Automatic Traffic Signal,Unclassified,,Daylight: street lights present,Raining (without high winds),Dry,None,None,No overtaking,326380,674880,520266,Junction,Pedestrian,357269,unset,EH75HP,No crossing facility within 50m or physical crossing facility not controlled by authorised person,Pedestrian phase at traffic signal junction,At scene,55.96126887108327,-3.1808107335292486
472812,,Slight,1,1,29/08/2012,Wednesday,29,August,12,14,0,230,Unclassified,,Single carriageway - 2 lanes,30,Not at or within 20 metres of junction,unset,\,,Daylight: no street lighting,Raining (without high winds),Dry,None,None,No overtaking,320290,669570,565058,Segment,Bus,357270,unset,EH143AE,No crossing facility within 50m or physical crossing facility not controlled by authorised person,No physical crossing facility within 50m,At scene,55.91259841909654,-3.2767628754301827
473512,,Slight,2,2,29/08/2012,Wednesday,29,August,12,14,45,230,C,,Single carriageway - 2 lanes,30,Roundabout,Automatic Traffic Signal,C,,Daylight: street lights present,Raining (without high winds),Dry,None,None,No overtaking,325140,674000,521070,Junction,T.V.N.P.,357271,unset,EH22JG,No crossing facility within 50m or physical crossing facility not controlled by authorised person,Pedestrian phase at traffic signal junction,At scene,55.95317213878998,-3.200423252291748
473712,,Slight,1,1,25/08/2012,Saturday,25,August,12,20,5,230,A,70,Single carriageway - 2 lanes,30,Not at or within 20 metres of junction,unset,\,,Daylight: street lights present,Fine (without high winds),Dry,None,None,No overtaking,323980,672990,521814,Junction,Pedestrian,357272,unset,EH112AX,No crossing facility within 50m or physical crossing facility not controlled by authorised person,No physical crossing facility within 50m,At scene,55.94391723355156,-3.2187103105951844
474812,,Slight,2,1,23/08/2012,Thursday,23,August,12,23,17,230,Unclassified,,Single carriageway - 2 lanes,30,Not at or within 20 metres of junction,unset,\,,Darkness: street lights present but unlit,Fine (without high winds),Dry,None,None,No overtaking,326270,673380,558290,Segment,Cyclist,357273,unset,EH89TJ,No crossing facility within 50m or physical crossing facility not controlled by authorised person,Central refuge - no other controls,At scene,55.94777772871814,-3.182161461138256
474912,,Slight,2,1,26/08/2012,Sunday,26,August,12,3,0,230,C,,Single carriageway - 2 lanes,30,Not at or within 20 metres of junction,unset,\,,Darkness: street lights present and lit,Unknown,Dry,None,None,No overtaking,325770,673460,2106559,Segment,Cyclist,357274,unset,EH11JW,No crossing facility within 50m or physical crossing facility not controlled by authorised person,No physical crossing facility within 50m,Elsewhere,55.948419286180034,-3.1901877101386855
475012,,Slight,2,1,30/08/2012,Thursday,30,August,12,8,50,230,Unclassified,,Single carriageway - 2 lanes,20,'T' or staggered junction,Give way sign or markings,Unclassified,,Daylight: street lights present,Fine (without high winds),Dry,None,None,No overtaking,319860,671530,522111,Junction,T.V.N.P.,357275,unset,EH113SH,No crossing facility within 50m or physical crossing facility not controlled by authorised person,"Pelican, puffin, toucan or similar non-junction pedestrian light crossing",At scene,55.930132692250126,-3.2842221731078376
475912,,Slight,2,1,30/08/2012,Thursday,30,August,12,16,55,230,Motorway,9,Dual carriageway - 2 lanes,50,Not at or within 20 metres of junction,unset,\,,Daylight: no street lighting,Fine (without high winds),Dry,None,None,No overtaking,313840,676570,0,Unset,T.V.N.P.,357276,unset,EH309SR,No crossing facility within 50m or physical crossing facility not controlled by authorised person,No physical crossing facility within 50m,At scene,55.974360652173054,-3.382154706427404
476012,,Slight,2,1,30/08/2012,Thursday,30,August,12,18,50,230,A,1140,Single carriageway - 2 lanes,30,'T' or staggered junction,Give way sign or markings,Unclassified,,Daylight: street lights present,Fine (without high winds),Dry,None,None,No overtaking,329030,674250,523440,Junction,Cyclist,357277,unset,EH76PX,No crossing facility within 50m or physical crossing facility not controlled by authorised person,No physical crossing facility within 50m,At scene,55.956008979052996,-3.1382069171428304
476612,,Slight,2,1,22/08/2012,Wednesday,22,August,12,17,25,230,A,7,Single carriageway - 2 lanes,30,'T' or staggered junction,Automatic Traffic Signal,Unclassified,,Daylight: street lights present,Fine (without high winds),Dry,None,None,No overtaking,326000,673420,521589,Junction,T.V.N.P.,357278,unset,EH11LL,No crossing facility within 50m or physical crossing facility not controlled by authorised person,Pedestrian phase at traffic signal junction,At scene,55.94809548978164,-3.186494724273221
478912,,Slight,1,1,29/08/2012,Wednesday,29,August,12,22,0,230,A,90,Single carriageway - 2 lanes,30,'T' or staggered junction,Automatic Traffic Signal,Unclassified,,Darkness: street lights present and lit,Fine (without high winds),Dry,None,None,No overtaking,320010,675070,519708,Junction,S.V.N.P.,357279,unset,EH47AA,No crossing facility within 50m or physical crossing facility not controlled by authorised person,No physical crossing facility within 50m,At scene,55.96195577082427,-3.2828732247164334
479812,,Fatal,1,1,01/09/2012,Saturday,1,September,12,14,55,230,Unclassified,,Single carriageway - 2 lanes,30,Not at or within 20 metres of junction,unset,\,,Daylight: no street lighting,Fine (without high winds),Dry,None,None,No overtaking,312390,674170,555150,Segment,Pedestrian,357532,unset,EH299DY,No crossing facility within 50m or physical crossing facility not controlled by authorised person,No physical crossing facility within 50m,At scene,55.95254109984612,-3.404599578169288
480212,,Slight,2,1,01/09/2012,Saturday,1,September,12,9,30,230,Unclassified,,Single carriageway - 2 lanes,30,Crossroads,Give way sign or markings,Unclassified,,Daylight: street lights present,Fine (without high winds),Dry,None,None,No overtaking,326420,674670,12222024,Junction,T.V.N.P.,357533,unset,EH75JB,No crossing facility within 50m or physical crossing facility not controlled by authorised person,No physical crossing facility within 50m,At scene,55.95938861346722,-3.180112754680311
481712,,Slight,1,2,02/09/2012,Sunday,2,September,12,3,15,230,A,90,Single carriageway - 2 lanes,30,'T' or staggered junction,Automatic Traffic Signal,A,90,Darkness: street lights present and lit,Fine (without high winds),Dry,None,None,No overtaking,324650,673740,520965,Junction,Pedestrian,357534,unset,EH24DB,No crossing facility within 50m or physical crossing facility not controlled by authorised person,No physical crossing facility within 50m,At scene,55.95075993477105,-3.208195648976441
483212,,Slight,2,1,03/09/2012,Monday,3,September,12,12,0,230,C,,Single carriageway - 2 lanes,30,'T' or staggered junction,Automatic Traffic Signal,A,199,Daylight: street lights present,Fine (without high winds),Dry,None,None,No overtaking,328200,675980,523242,Junction,T.V.N.P.,357535,unset,EH67LA,No crossing facility within 50m or physical crossing facility not controlled by authorised person,Pedestrian phase at traffic signal junction,At scene,55.971425935039235,-3.1519585843126183
485212,,Slight,2,1,25/08/2012,Saturday,25,August,12,20,25,230,A,90,Dual carriageway - 2 lanes,70,Not at or within 20 metres of junction,unset,\,,Daylight: no street lighting,Fine (without high winds),Dry,None,None,No overtaking,315960,677090,555414,Segment,T.V.N.P.,357280,unset,EH309TR,No crossing facility within 50m or physical crossing facility not controlled by authorised person,No physical crossing facility within 50m,At scene,55.97940758892947,-3.348358326058388
485412,,Slight,2,1,29/08/2012,Wednesday,29,August,12,10,29,230,A,7,Single carriageway - 2 lanes,30,'T' or staggered junction,Automatic Traffic Signal,Unclassified,,Daylight: no street lighting,Raining (without high winds),Dry,None,None,No overtaking,326000,673420,521589,Junction,Cyclist,357281,unset,EH11LL,Control by other authorised person,Pedestrian phase at traffic signal junction,At scene,55.94809548978164,-3.186494724273221
488212,,Serious,1,1,02/07/2012,Monday,2,July,12,8,47,230,A,1,Dual carriageway - 2 lanes,30,Slip road,Give way sign or markings,Unclassified,,Daylight: no street lighting,Raining (without high winds),Dry,None,None,No overtaking,331450,671940,530977,Junction,S.V.N.P.,365868,unset,EH218RX,No crossing facility within 50m or physical crossing facility not controlled by authorised person,No physical crossing facility within 50m,At scene,55.9356098835327,-3.0988692805124627