acc_ref,beat_no,severity,no_vehicle,no_casualt,a_date,a_day,a_date_day,a_date_mon,a_date_yr,a_time_hr,a_time_min,loc_auth,road1_class,road1_no,road_type,speed_limi,junc_det,junc_ctrl,road2_class,road2_no,light_cond,weather,road_surf,spec_cond,cway_hzrds,ovrtk_patrn,easting,northing,net_id,net_type,acc_type,text_id,division,Postcode,ped_xing_hc,ped_xing_p,place_reported,latitude,longitude
489812,,Slight,1,2,04/09/2012,Tuesday,4,September,12,15,50,230,A,199,Single carriageway - 2 lanes,30,Crossroads,Automatic Traffic Signal,Unclassified,,Daylight: street lights present,Fine (without high winds),Dry,None,None,No overtaking,327100,676540,519052,Junction,Bus,357536,unset,EH66RA,No crossing facility within 50m or physical crossing facility not controlled by authorised person,Pedestrian phase at traffic signal junction,At scene,55.97629036210194,-3.16973053464212
491512,,Slight,2,1,04/09/2012,Tuesday,4,September,12,19,20,230,A,70,Single carriageway - 2 lanes,30,'T' or staggered junction,Give way sign or markings,Unclassified,,Darkness: street lights present but unlit,Fine (without high winds),Dry,None,None,No overtaking,323670,672690,521790,Junction,T.V.N.P.,357537,unset,EH112EF,No crossing facility within 50m or physical crossing facility not controlled by authorised person,No physical crossing facility within 50m,At scene,55.94117322895094,-3.223587368115152
492412,,Serious,1,1,05/09/2012,Wednesday,5,September,12,13,30,230,Unclassified,,Single carriageway - 2 lanes,30,Crossroads,Automatic Traffic Signal,C,,Daylight: street lights present,Fine (without high winds),Dry,None,None,No overtaking,325070,674250,520545,Junction,Pedestrian,357538,unset,EH21JX,No crossing facility within 50m or physical crossing facility not controlled by authorised person,Pedestrian phase at traffic signal junction,At scene,55.955406906359606,-3.201613571312128
492512,,Slight,2,1,05/09/2012,Wednesday,5,September,12,11,15,230,Unclassified,,Single carriageway - 2 lanes,30,'T' or staggered junction,Give way sign or markings,Unclassified,,Daylight: no street lighting,Fine (without high winds),Dry,None,None,No overtaking,325730,676540,10310083,Junction,T.V.N.P.,357539,unset,EH64QA,No crossing facility within 50m or physical crossing facility not controlled by authorised person,"Pelican, puffin, toucan or similar non-junction pedestrian light crossing",At scene,55.976080098149964,-3.191678176664124
492812,,Serious,2,1,05/09/2012,Wednesday,5,September,12,14,8,230,C,,Single carriageway - 2 lanes,30,Not at or within 20 metres of junction,unset,\,,Daylight: street lights present,Fine (without high winds),Dry,None,None,No overtaking,328790,671700,553633,Segment,T.V.N.P.,357540,unset,EH164BE,Control by other authorised person,Pedestrian phase at traffic signal junction,At scene,55.93306682808578,-3.141375688432857
493312,,Slight,2,1,05/09/2012,Wednesday,5,September,12,15,40,230,Unclassified,,Roundabout,30,Roundabout,Give way sign or markings,C,,Daylight: street lights present,Fine (without high winds),Dry,None,None,No overtaking,321420,671750,522168,Junction,T.V.N.P.,357541,unset,EH113JT,No crossing facility within 50m or physical crossing facility not controlled by authorised person,"Pelican, puffin, toucan or similar non-junction pedestrian light crossing",At scene,55.93236660688299,-3.259325227845353
494812,,Slight,2,1,06/09/2012,Thursday,6,September,12,15,11,230,C,,Single carriageway - 2 lanes,30,Roundabout,Give way sign or markings,Unclassified,,Daylight: street lights present,Fine (without high winds),Dry,None,None,No overtaking,322520,672390,521919,Junction,T.V.N.P.,357542,unset,EH112QW,No crossing facility within 50m or physical crossing facility not controlled by authorised person,Pedestrian phase at traffic signal junction,At scene,55.93829422502244,-3.2419072994389784
495212,,Serious,1,1,06/09/2012,Thursday,6,September,12,16,45,230,A,701,Single carriageway - 2 lanes,30,Not at or within 20 metres of junction,unset,\,,Daylight: street lights present,Fine (without high winds),Dry,None,None,No overtaking,327150,670540,570743,Segment,Pedestrian,357543,unset,EH165QR,No crossing facility within 50m or physical crossing facility not controlled by authorised person,"Pelican, puffin, toucan or similar non-junction pedestrian light crossing",At scene,55.92240064661314,-3.1673063791796583
496712,,Slight,3,1,07/09/2012,Friday,7,September,12,12,0,230,A,720,Dual carriageway - 2 lanes,70,Not at or within 20 metres of junction,unset,\,,Daylight: no street lighting,Fine (without high winds),Dry,None,None,No overtaking,331520,667920,2579269,Segment,M.V.N.P.,357544,unset,EH221RT,No crossing facility within 50m or physical crossing facility not controlled by authorised person,No physical crossing facility within 50m,At scene,55.899507599692235,-3.0967286871926305
496912,,Slight,1,1,07/09/2012,Friday,7,September,12,14,40,230,A,900,Single carriageway - 2 lanes,30,Other junction,Automatic Traffic Signal,Unclassified,,Daylight: street lights present,Fine (without high winds),Dry,None,None,No overtaking,326220,674670,520257,Junction,Bus,357545,unset,EH74AE,No crossing facility within 50m or physical crossing facility not controlled by authorised person,No physical crossing facility within 50m,At scene,55.95935789776233,-3.183315399945039
498912,,Serious,1,1,08/09/2012,Saturday,8,September,12,8,30,230,Unclassified,,Single carriageway - 2 lanes,30,Roundabout,Give way sign or markings,A,1,Daylight: street lights present,Fine (without high winds),Dry,None,None,No overtaking,330330,672840,12225153,Junction,Pedestrian,357546,unset,EH151LA,No crossing facility within 50m or physical crossing facility not controlled by authorised person,Pedestrian phase at traffic signal junction,At scene,55.9435334253465,-3.1170262548734513
499512,,Slight,4,1,09/09/2012,Sunday,9,September,12,16,30,230,Unclassified,,Single carriageway - 2 lanes,30,Crossroads,Automatic Traffic Signal,Unclassified,,Daylight: no street lighting,Fine (without high winds),Dry,None,None,No overtaking,322170,671290,529561,Junction,M.V.N.P.,357547,unset,EH141RL,Control by other authorised person,Pedestrian phase at traffic signal junction,At scene,55.92835671000892,-3.247191189284926
499812,,Slight,1,2,09/09/2012,Sunday,9,September,12,18,0,230,C,,Single carriageway - 2 lanes,50,Not at or within 20 metres of junction,unset,\,,Daylight: no street lighting,Raining (without high winds),Dry,None,None,No overtaking,325240,670060,553483,Segment,S.V.N.P.,357548,unset,EH106JZ,No crossing facility within 50m or physical crossing facility not controlled by authorised person,No physical crossing facility within 50m,At scene,55.91779546262501,-3.1977293943051905
501112,,Slight,1,1,10/09/2012,Monday,10,September,12,11,0,230,C,,Single carriageway - 2 lanes,30,Other junction,Automatic Traffic Signal,C,,Daylight: street lights present,Fine (without high winds),Dry,None,None,No overtaking,324710,674030,520485,Junction,Pedestrian,357549,unset,EH24NG,No crossing facility within 50m or physical crossing facility not controlled by authorised person,Pedestrian phase at traffic signal junction,Elsewhere,55.95337435002707,-3.2073161666827343
501412,,Serious,1,1,11/09/2012,Tuesday,11,September,12,5,40,230,A,7,Single carriageway - 2 lanes,30,Not at or within 20 metres of junction,unset,\,,Darkness: street lights present and lit,Fine (without high winds),Dry,None,None,No overtaking,326060,673240,569288,Segment,Pedestrian,357550,unset,EH89DH,No crossing facility within 50m or physical crossing facility not controlled by authorised person,No physical crossing facility within 50m,At scene,55.946487826887136,-3.1854847961900346
502412,,Slight,2,1,30/08/2012,Thursday,30,August,12,21,45,230,A,701,Single carriageway - 2 lanes,30,Crossroads,Automatic Traffic Signal,C,,Darkness: street lights present and lit,Unknown,Dry,None,None,No overtaking,327380,669450,530191,Junction,T.V.N.P.,357282,unset,EH166RX,Control by other authorised person,No physical crossing facility within 50m,Elsewhere,55.91264405650861,-3.1633334710628405
502712,,Slight,1,1,10/09/2012,Monday,10,September,12,14,35,230,A,702,Single carriageway - 2 lanes,30,'T' or staggered junction,Automatic Traffic Signal,Unclassified,,Daylight: street lights present,Raining (without high winds),Dry,None,None,No overtaking,324760,673430,10254968,Junction,Pedestrian,357551,unset,EH12DA,No crossing facility within 50m or physical crossing facility not controlled by authorised person,Central refuge - no other controls,At scene,55.947992536507314,-3.2063479920280944
503012,,Slight,2,1,10/09/2012,Monday,10,September,12,14,40,230,A,702,Single carriageway - 2 lanes,30,'T' or staggered junction,Automatic Traffic Signal,Unclassified,,Daylight: street lights present,Raining (without high winds),Dry,None,None,No overtaking,324760,673420,10254972,Junction,Cyclist,357552,unset,EH12DA,No crossing facility within 50m or physical crossing facility not controlled by authorised person,Pedestrian phase at traffic signal junction,Elsewhere,55.94790270887088,-3.206345198439387
503412,,Slight,2,1,11/09/2012,Tuesday,11,September,12,18,45,230,Unclassified,,Single carriageway - 2 lanes,30,Not at or within 20 metres of junction,unset,\,,Daylight: street lights present,Fine (without high winds),Dry,None,None,No overtaking,326130,673750,558242,Segment,Cyclist,357553,unset,EH11DR,No crossing facility within 50m or physical crossing facility not controlled by authorised person,No physical crossing facility within 50m,At scene,55.95107985038583,-3.1845041341752323
504512,,Serious,1,1,11/09/2012,Tuesday,11,September,12,18,46,230,Unclassified,,Single carriageway - 2 lanes,30,Not at or within 20 metres of junction,unset,\,,Daylight: street lights present,Fine (without high winds),Dry,None,None,No overtaking,323600,675820,563827,Segment,Pedestrian,357554,unset,EH52DW,No crossing facility within 50m or physical crossing facility not controlled by authorised person,No physical crossing facility within 50m,At scene,55.96927791569654,-3.225596012217782
504712,,Serious,2,1,06/09/2012,Thursday,6,September,12,23,45,230,B,1350,Single carriageway - 2 lanes,30,Not at or within 20 metres of junction,unset,\,,Darkness: street lights present and lit,Fine (without high winds),Dry,None,None,No overtaking,326860,674470,557686,Segment,T.V.N.P.,357555,unset,EH75EJ,No crossing facility within 50m or physical crossing facility not controlled by authorised person,Pedestrian phase at traffic signal junction,Elsewhere,55.95765932381879,-3.173012561830519
504812,,Slight,1,1,11/09/2012,Tuesday,11,September,12,16,20,230,Unclassified,,Single carriageway - 2 lanes,30,Other junction,Give way sign or markings,Unclassified,,Daylight: street lights present,Fine (without high winds),Dry,None,None,No overtaking,325870,671180,533413,Junction,Pedestrian,357556,unset,EH92HW,No crossing facility within 50m or physical crossing facility not controlled by authorised person,No physical crossing facility within 50m,At scene,55.927953872842664,-3.187959674382984
505012,,Slight,1,1,12/09/2012,Wednesday,12,September,12,18,40,230,Unclassified,,Single carriageway - 2 lanes,30,Not at or within 20 metres of junction,unset,\,,Daylight: street lights present,Fine (without high winds),Dry,None,None,No overtaking,326630,675260,558467,Segment,Pedestrian,357557,unset,EH65BU,No crossing facility within 50m or physical crossing facility not controlled by authorised person,No physical crossing facility within 50m,At scene,55.96472065056606,-3.1769108462087114
505412,,Slight,1,1,08/09/2012,Saturday,8,September,12,17,40,230,C,,Single carriageway - 2 lanes,30,Crossroads,Automatic Traffic Signal,C,,Daylight: no street lighting,Fine (without high winds),Dry,None,None,No overtaking,325610,673580,521124,Junction,Pedestrian,357558,unset,EH12NT,No crossing facility within 50m or physical crossing facility not controlled by authorised person,Pedestrian phase at traffic signal junction,At scene,55.949472450836474,-3.1927822402039996
506512,,Serious,2,1,11/09/2012,Tuesday,11,September,12,22,10,230,C,,Single carriageway - 2 lanes,30,Other junction,Give way sign or markings,Unclassified,,Darkness: street lights present and lit,Fine (without high winds),Dry,None,None,No overtaking,325440,672480,522054,Junction,T.V.N.P.,357559,unset,EH91DY,No crossing facility within 50m or physical crossing facility not controlled by authorised person,No physical crossing facility within 50m,At scene,55.93956498567751,-3.195199325227406
506712,,Slight,2,1,12/09/2012,Wednesday,12,September,12,8,10,230,Unclassified,,Single carriageway - 2 lanes,30,Not at or within 20 metres of junction,unset,\,,Daylight: street lights present,Fine (without high winds),Dry,None,None,No overtaking,323590,673800,565835,Segment,T.V.N.P.,357560,unset,EH43DR,Control by other authorised person,"Pelican, puffin, toucan or similar non-junction pedestrian light crossing",At scene,55.95113130505494,-3.2251826718566035
507412,,Slight,2,1,13/09/2012,Thursday,13,September,12,8,10,230,C,,Single carriageway - 2 lanes,30,'T' or staggered junction,Give way sign or markings,Unclassified,,Daylight: street lights present,Fine (without high winds),Dry,None,None,No overtaking,325910,673480,521565,Junction,Cyclist,357561,unset,EH11JJ,No crossing facility within 50m or physical crossing facility not controlled by authorised person,No physical crossing facility within 50m,Elsewhere,55.948620574620485,-3.187951998810042
508812,,Slight,2,2,14/09/2012,Friday,14,September,12,15,40,230,A,7,Single carriageway - 2 lanes,30,Crossroads,Give way sign or markings,Unclassified,,Daylight: street lights present,Fine (without high winds),Dry,None,None,No overtaking,326100,673170,521580,Junction,Bus,357562,unset,EH89BZ,No crossing facility within 50m or physical crossing facility not controlled by authorised person,Pedestrian phase at traffic signal junction,At scene,55.94586518846807,-3.1848252753233206
508912,,Slight,1,1,14/09/2012,Friday,14,September,12,13,45,230,Unclassified,,Unknown,30,Crossroads,Automatic Traffic Signal,Unclassified,,Daylight: street lights present,Fine (without high winds),Dry,None,None,No overtaking,326390,674890,520266,Junction,Bus,357563,unset,EH75HW,Control by other authorised person,Pedestrian phase at traffic signal junction,At scene,55.96136023390493,-3.180653328861032
509012,,Slight,2,2,13/09/2012,Thursday,13,September,12,15,45,230,A,6106,Single carriageway - 2 lanes,30,'T' or staggered junction,Give way sign or markings,Unclassified,,Daylight: no street lighting,Fine with high winds,Dry,None,None,No overtaking,330430,672520,532570,Junction,T.V.N.P.,357564,unset,EH153LJ,No crossing facility within 50m or physical crossing facility not controlled by authorised person,No physical crossing facility within 50m,Elsewhere,55.94067335005743,-3.115342910426497
510412,,Slight,2,1,12/09/2012,Wednesday,12,September,12,20,5,230,Unclassified,,Single carriageway - 2 lanes,30,Not at or within 20 metres of junction,unset,\,,Darkness: street lights present and lit,Fine (without high winds),Dry,None,None,No overtaking,330140,673520,559865,Segment,Cyclist,357565,unset,EH151NA,No crossing facility within 50m or physical crossing facility not controlled by authorised person,No physical crossing facility within 50m,At scene,55.94961427716752,-3.120243979351817
510712,,Slight,1,1,15/09/2012,Saturday,15,September,12,10,30,230,B,900,Single carriageway - 2 lanes,30,Using private drive or entrance,Give way sign or markings,Unclassified,,Daylight: street lights present,Fine (without high winds),Dry,None,None,No overtaking,323600,674640,554180,Segment,Pedestrian,357566,unset,EH41AF,No crossing facility within 50m or physical crossing facility not controlled by authorised person,"Pelican, puffin, toucan or similar non-junction pedestrian light crossing",At scene,55.95867835735954,-3.2252609546532742
511012,,Slight,2,1,14/09/2012,Friday,14,September,12,17,10,230,Unclassified,,Single carriageway - 2 lanes,30,'T' or staggered junction,Give way sign or markings,Unclassified,,Daylight: street lights present,Fine (without high winds),Dry,None,None,No overtaking,325010,671530,0,Unset,Cyclist,357567,unset,EH104SF,No crossing facility within 50m or physical crossing facility not controlled by authorised person,No physical crossing facility within 50m,Elsewhere,55.930964359826696,-3.2018171524853445
511312,,Slight,2,2,15/09/2012,Saturday,15,September,12,10,55,230,C,,Single carriageway - 2 lanes,30,Crossroads,Give way sign or markings,Unclassified,,Daylight: street lights present,Fine (without high winds),Dry,None,None,No overtaking,330320,673660,523569,Junction,Pedestrian,357568,unset,EH151LX,No crossing facility within 50m or physical crossing facility not controlled by authorised person,No physical crossing facility within 50m,At scene,55.9508980732329,-3.1173984891256525
511512,,Slight,2,1,15/09/2012,Saturday,15,September,12,7,20,230,Motorway,8,Dual carriageway - 2 lanes,50,Slip road,Give way sign or markings,Unclassified,,Daylight: street lights present,Fine (without high winds),Dry,None,None,No overtaking,311660,671170,6452027,Junction,T.V.N.P.,357569,unset,EH288LQ,No crossing facility within 50m or physical crossing facility not controlled by authorised person,No physical crossing facility within 50m,At scene,55.92546123279365,-3.415302904977707
512612,,Slight,2,1,15/09/2012,Saturday,15,September,12,13,31,230,Unclassified,,Single carriageway - 2 lanes,30,Crossroads,Automatic Traffic Signal,A,701,Daylight: no street lighting,Fine (without high winds),Dry,None,None,No overtaking,327190,670990,523074,Junction,Bus,357570,unset,EH165PB,No crossing facility within 50m or physical crossing facility not controlled by authorised person,Pedestrian phase at traffic signal junction,At scene,55.9264490277399,-3.166787933472106
513512,,Slight,2,1,15/09/2012,Saturday,15,September,12,13,40,230,A,901,Single carriageway - 2 lanes,30,'T' or staggered junction,Automatic Traffic Signal,A,901,Daylight: street lights present,Fine (without high winds),Dry,None,None,No overtaking,325690,677060,532675,Junction,T.V.N.P.,357571,unset,EH64LX,No crossing facility within 50m or physical crossing facility not controlled by authorised person,Pedestrian phase at traffic signal junction,Elsewhere,55.98074493804386,-3.192462730451018
513912,,Slight,2,1,03/08/2012,Friday,3,August,12,13,50,230,A,720,Dual carriageway - 2 lanes,70,Not at or within 20 metres of junction,unset,\,,Daylight: no street lighting,Fine (without high winds),Dry,None,None,No overtaking,327020,666970,2588155,Segment,T.V.N.P.,357283,unset,EH209NR,No crossing facility within 50m or physical crossing facility not controlled by authorised person,No physical crossing facility within 50m,At scene,55.89031179646918,-3.1684212672393754
514012,,Serious,1,1,17/09/2012,Monday,17,September,12,13,20,230,A,7,Single carriageway - 2 lanes,30,Crossroads,Automatic Traffic Signal,A,7,Daylight: street lights present,Fine (without high winds),Dry,None,None,No overtaking,326430,672420,532786,Junction,Pedestrian,357572,unset,EH89QA,No crossing facility within 50m or physical crossing facility not controlled by authorised person,Pedestrian phase at traffic signal junction,At scene,55.93917873695997,-3.1793379414419674
514112,,Slight,2,1,17/09/2012,Monday,17,September,12,16,50,230,Unclassified,,Single carriageway - 2 lanes,30,Roundabout,Give way sign or markings,Unclassified,,Daylight: no street lighting,Raining (without high winds),Dry,None,None,No overtaking,327000,672680,533200,Junction,T.V.N.P.,357573,unset,EH87AT,No crossing facility within 50m or physical crossing facility not controlled by authorised person,No physical crossing facility within 50m,Elsewhere,55.94160129454888,-3.1702855595150914
514412,,Slight,1,1,17/09/2012,Monday,17,September,12,18,5,230,C,,Single carriageway - 2 lanes,30,Not at or within 20 metres of junction,unset,\,,Daylight: no street lighting,Fine (without high winds),Dry,None,None,No overtaking,327350,675750,2106436,Segment,Pedestrian,357574,unset,EH67ES,No crossing facility within 50m or physical crossing facility not controlled by authorised person,No physical crossing facility within 50m,At scene,55.96923185094649,-3.165512014742373
515512,,Slight,2,1,16/09/2012,Sunday,16,September,12,16,20,230,Unclassified,,Single carriageway - 2 lanes,30,Other junction,Give way sign or markings,Unclassified,,Daylight: street lights present,Fine (without high winds),Dry,None,None,No overtaking,326410,674660,12222024,Junction,Cyclist,357575,unset,EH75HY,No crossing facility within 50m or physical crossing facility not controlled by authorised person,No physical crossing facility within 50m,Elsewhere,55.959297251336615,-3.180270152694006
516112,,Slight,1,1,14/09/2012,Friday,14,September,12,11,15,230,A,71,Single carriageway - 2 lanes,30,'T' or staggered junction,Give way sign or markings,Unclassified,,Daylight: street lights present,Fine (without high winds),Dry,None,None,No overtaking,323040,672300,522009,Junction,Pedestrian,357576,unset,EH111TT,No crossing facility within 50m or physical crossing facility not controlled by authorised person,"Pelican, puffin, toucan or similar non-junction pedestrian light crossing",At scene,55.93756940880142,-3.233559407136578
516212,,Slight,2,1,18/09/2012,Tuesday,18,September,12,17,35,230,A,902,Single carriageway - 2 lanes,30,'T' or staggered junction,Automatic Traffic Signal,Unclassified,,Daylight: street lighting unknown,Fine (without high winds),Dry,None,None,No overtaking,322210,674900,520050,Junction,T.V.N.P.,357577,unset,EH42SD,No crossing facility within 50m or physical crossing facility not controlled by authorised person,Pedestrian phase at traffic signal junction,At scene,55.960790490022404,-3.247593574314262
516712,,Slight,3,1,18/09/2012,Tuesday,18,September,12,16,30,230,Unclassified,,Single carriageway - 2 lanes,30,'T' or staggered junction,Give way sign or markings,Unclassified,,Daylight: street lights present,Fine (without high winds),Dry,None,None,No overtaking,324860,670610,0,Unset,M.V.N.P.,357578,unset,EH106EB,No crossing facility within 50m or physical crossing facility not controlled by authorised person,Central refuge - no other controls,Elsewhere,55.92267673769223,-3.203961033627122
516812,,Slight,2,1,19/09/2012,Wednesday,19,September,12,12,0,230,Unclassified,,One way Street,30,Crossroads,Give way sign or markings,Unclassified,,Daylight: no street lighting,Fine (without high winds),Dry,None,None,No overtaking,326530,671980,0,Unset,Cyclist,357579,unset,EH91SN,No crossing facility within 50m or physical crossing facility not controlled by authorised person,No physical crossing facility within 50m,At scene,55.935241585826375,-3.177617500433507
517712,,Slight,1,1,19/09/2012,Wednesday,19,September,12,16,45,230,Unclassified,,Single carriageway - 2 lanes,30,Not at or within 20 metres of junction,unset,\,,Daylight: street lights present,Fine (without high winds),Dry,None,None,No overtaking,324500,671790,522972,Junction,Pedestrian,357580,unset,EH104DR,No crossing facility within 50m or physical crossing facility not controlled by authorised person,"Pelican, puffin, toucan or similar non-junction pedestrian light crossing",At scene,55.933219980377054,-3.210050652090668
518512,,Slight,2,1,19/09/2012,Wednesday,19,September,12,17,29,230,A,900,Dual carriageway - 2 lanes,30,Not at or within 20 metres of junction,unset,\,,Daylight: street lights present,Fine (without high winds),Dry,None,None,No overtaking,326190,674610,2599256,Segment,T.V.N.P.,357581,unset,EH74AB,No crossing facility within 50m or physical crossing facility not controlled by authorised person,No physical crossing facility within 50m,Elsewhere,55.95881431396184,-3.1837793411144824
518612,,Slight,2,3,20/09/2012,Thursday,20,September,12,7,35,230,A,901,Single carriageway - 2 lanes,30,Crossroads,Automatic Traffic Signal,Unclassified,,Daylight: street lights present,Raining (without high winds),Dry,None,None,No overtaking,326520,676450,531376,Junction,T.V.N.P.,357582,unset,EH66HN,No crossing facility within 50m or physical crossing facility not controlled by authorised person,No physical crossing facility within 50m,At scene,55.97539336901008,-3.1789976742997608
519212,,Serious,2,1,19/09/2012,Wednesday,19,September,12,7,20,230,Unclassified,,Single carriageway - 2 lanes,30,Not at or within 20 metres of junction,unset,\,,Daylight: street lights present,Fine (without high winds),Dry,None,None,No overtaking,322840,672420,0,Unset,Cyclist,357583,unset,EH112PU,No crossing facility within 50m or physical crossing facility not controlled by authorised person,No physical crossing facility within 50m,At scene,55.93861523373023,-3.2367945446065662
519412,,Slight,2,1,20/09/2012,Thursday,20,September,12,7,15,230,A,1,Dual carriageway - 2 lanes,40,Roundabout,Give way sign or markings,Unclassified,,Daylight: street lights present,Raining (without high winds),Dry,None,None,No overtaking,331210,672890,521496,Junction,T.V.N.P.,357584,unset,EH153QH,No crossing facility within 50m or physical crossing facility not controlled by authorised person,"Pelican, puffin, toucan or similar non-junction pedestrian light crossing",At scene,55.94410950520014,-3.102952760581219
519812,,Slight,2,1,20/09/2012,Thursday,20,September,12,12,0,230,Unclassified,,Single carriageway - 2 lanes,30,Using private drive or entrance,Give way sign or markings,Unclassified,,Daylight: street lights present,Raining (without high winds),Dry,None,None,No overtaking,318760,671080,12216427,Segment,T.V.N.P.,357585,unset,EH114DT,No crossing facility within 50m or physical crossing facility not controlled by authorised person,No physical crossing facility within 50m,At scene,55.92590580313174,-3.3016871261912826
520012,,Slight,2,1,20/09/2012,Thursday,20,September,12,14,40,230,Unclassified,,Single carriageway - 2 lanes,30,'T' or staggered junction,Give way sign or markings,Unclassified,,Daylight: street lights present,Raining (without high winds),Dry,None,None,No overtaking,327640,675100,519912,Junction,T.V.N.P.,357586,unset,EH76DA,No crossing facility within 50m or physical crossing facility not controlled by authorised person,No physical crossing facility within 50m,At scene,55.96343682100456,-3.1606921173358544
520612,,Slight,2,2,20/09/2012,Thursday,20,September,12,15,10,230,Unclassified,,Single carriageway - 2 lanes,30,'T' or staggered junction,Automatic Traffic Signal,Unclassified,,Daylight: street lights present,Raining (without high winds),Dry,None,None,No overtaking,322360,671110,523488,Junction,Bus,357587,unset,EH141QB,No crossing facility within 50m or physical crossing facility not controlled by authorised person,"Pelican, puffin, toucan or similar non-junction pedestrian light crossing",Elsewhere,55.92677057751379,-3.244099358512078
520712,,Slight,2,1,19/09/2012,Wednesday,19,September,12,17,10,230,A,772,Single carriageway - 2 lanes,30,'T' or staggered junction,Give way sign or markings,Unclassified,,Daylight: street lights present,Fine (without high winds),Dry,None,None,No overtaking,327960,670040,530104,Junction,Cyclist,357588,unset,EH166AP,No crossing facility within 50m or physical crossing facility not controlled by authorised person,No physical crossing facility within 50m,At scene,55.91803130846643,-3.1542143839229193
520912,,Slight,2,1,20/09/2012,Thursday,20,September,12,16,8,230,A,1,Single carriageway - 2 lanes,30,Other junction,Give way sign or markings,Unclassified,,Daylight: street lights present,Raining (without high winds),Dry,None,None,No overtaking,327530,674340,520749,Junction,T.V.N.P.,357589,unset,EH75TR,No crossing facility within 50m or physical crossing facility not controlled by authorised person,Pedestrian phase at traffic signal junction,Elsewhere,55.956593219029926,-3.1622491038887746
521012,,Slight,1,1,20/09/2012,Thursday,20,September,12,19,58,230,Unclassified,,Single carriageway - 2 lanes,30,'T' or staggered junction,Automatic Traffic Signal,Unclassified,,Darkness: street lights present and lit,Raining (without high winds),Dry,None,None,No overtaking,327370,674380,520725,Junction,Pedestrian,357590,unset,EH75TA,No crossing facility within 50m or physical crossing facility not controlled by authorised person,Pedestrian phase at traffic signal junction,At scene,55.95692834065771,-3.164821845706445
521212,,Slight,2,1,20/09/2012,Thursday,20,September,12,20,40,230,A,7,Single carriageway - 2 lanes,30,'T' or staggered junction,Automatic Traffic Signal,Unclassified,,Darkness: street lights present and lit,Raining (without high winds),Dry,None,None,No overtaking,326000,673430,521589,Junction,T.V.N.P.,357591,unset,EH11LL,No crossing facility within 50m or physical crossing facility not controlled by authorised person,Pedestrian phase at traffic signal junction,At scene,55.94818531806579,-3.186497471929714
521312,,Slight,2,1,20/09/2012,Thursday,20,September,12,8,15,230,C,,Single carriageway - 2 lanes,30,Not at or within 20 metres of junction,unset,\,,Darkness: street lights present and lit,Raining (without high winds),Dry,None,None,No overtaking,324900,674080,566753,Segment,Cyclist,357592,unset,EH24NA,No crossing facility within 50m or physical crossing facility not controlled by authorised person,Pedestrian phase at traffic signal junction,Elsewhere,55.953853260394375,-3.20428809666263
521612,,Slight,2,1,21/09/2012,Friday,21,September,12,8,30,230,Unclassified,,Single carriageway - 2 lanes,30,Other junction,Give way sign or markings,Unclassified,,Daylight: street lights present,Fog (or mist if hazard),Dry,None,None,No overtaking,324390,669850,532891,Junction,Cyclist,357593,unset,EH106EZ,No crossing facility within 50m or physical crossing facility not controlled by authorised person,Central refuge - no other controls,Elsewhere,55.91577607953752,-3.2112670924046682
522012,,Slight,2,3,21/09/2012,Friday,21,September,12,8,40,230,Unclassified,,Single carriageway - 2 lanes,30,Not at or within 20 metres of junction,unset,\,,Daylight: street lights present,Fine (without high winds),Dry,None,None,No overtaking,321780,676870,12226742,Segment,T.V.N.P.,357594,unset,EH45EL,No crossing facility within 50m or physical crossing facility not controlled by authorised person,No physical crossing facility within 50m,\3,55.97841623791719,-3.2550522128160164
522312,,Slight,4,2,21/09/2012,Friday,21,September,12,11,13,230,A,90,Dual carriageway - 2 lanes,50,Not at or within 20 metres of junction,unset,\,,Daylight: no street lighting,Fine (without high winds),Dry,None,None,No overtaking,312820,677270,555684,Segment,M.V.N.P.,357595,unset,EH309SS,No crossing facility within 50m or physical crossing facility not controlled by authorised person,No physical crossing facility within 50m,Elsewhere,55.980463751816856,-3.398720090852909
522912,,Slight,2,1,21/09/2012,Friday,21,September,12,15,35,230,Unclassified,,Single carriageway - 2 lanes,30,Crossroads,Give way sign or markings,Unclassified,,Daylight: street lights present,Fine (without high winds),Dry,None,None,No overtaking,325200,676130,519217,Junction,T.V.N.P.,357596,unset,EH53AF,No crossing facility within 50m or physical crossing facility not controlled by authorised person,Zebra crossing,At scene,55.972314781439664,-3.200054733756412
523012,,Slight,2,3,21/09/2012,Friday,21,September,12,16,20,230,A,71,Dual carriageway - 2 lanes,40,Not at or within 20 metres of junction,unset,\,,Daylight: street lights present,Fine (without high winds),Dry,None,None,No overtaking,320260,670910,562840,Segment,T.V.N.P.,357597,unset,EH114AH,No crossing facility within 50m or physical crossing facility not controlled by authorised person,No physical crossing facility within 50m,At scene,55.924630080016094,-3.2776386338164953