acc_ref,beat_no,severity,no_vehicle,no_casualt,a_date,a_day,a_date_day,a_date_mon,a_date_yr,a_time_hr,a_time_min,loc_auth,road1_class,road1_no,road_type,speed_limi,junc_det,junc_ctrl,road2_class,road2_no,light_cond,weather,road_surf,spec_cond,cway_hzrds,ovrtk_patrn,easting,northing,net_id,net_type,acc_type,text_id,division,Postcode,ped_xing_hc,ped_xing_p,place_reported,latitude,longitude
523412,,Slight,2,1,18/09/2012,Tuesday,18,September,12,14,55,230,C,,Single carriageway - 2 lanes,30,Crossroads,Automatic Traffic Signal,A,772,Daylight: street lighting unknown,Fine (without high winds),Dry,None,None,No overtaking,328050,669940,530179,Junction,T.V.N.P.,357598,unset,EH165UR,No crossing facility within 50m or physical crossing facility not controlled by authorised person,No physical crossing facility within 50m,Elsewhere,55.91714649595452,-3.152748047918384
523612,,Serious,3,1,21/09/2012,Friday,21,September,12,16,54,230,A,6095,Single carriageway - 2 lanes,30,Not at or within 20 metres of junction,unset,\,,Daylight: no street lighting,Fine (without high winds),Dry,None,None,No overtaking,328850,671650,553846,Segment,M.V.N.P.,357599,unset,EH164BE,No crossing facility within 50m or physical crossing facility not controlled by authorised person,No physical crossing facility within 50m,At scene,55.932626572008985,-3.14040233469917
524612,,Slight,2,1,22/09/2012,Saturday,22,September,12,11,15,230,Unclassified,,One way Street,20,Not at or within 20 metres of junction,unset,\,,Daylight: no street lighting,Fine (without high winds),Dry,None,None,No overtaking,328100,673870,0,Unset,Cyclist,357600,unset,EH87AT,No crossing facility within 50m or physical crossing facility not controlled by authorised person,No physical crossing facility within 50m,Elsewhere,55.952457001425515,-3.1529965985572956
524912,,Slight,2,1,20/09/2012,Thursday,20,September,12,18,0,230,Unclassified,,Single carriageway - 2 lanes,30,Not at or within 20 metres of junction,unset,\,,Daylight: street lights present,Raining (without high winds),Dry,None,None,No overtaking,325190,670950,564325,Segment,Cyclist,357601,unset,EH106BR,No crossing facility within 50m or physical crossing facility not controlled by authorised person,No physical crossing facility within 50m,At scene,55.925782397229796,-3.198775995234466
525012,,Fatal,1,1,22/09/2012,Saturday,22,September,12,12,15,230,Unclassified,,Single carriageway - 2 lanes,30,Not at or within 20 metres of junction,unset,\,,Daylight: street lights present,Fine (without high winds),Dry,None,None,No overtaking,328660,673550,0,Unset,S.V.N.P.,357602,unset,EH87LD,No crossing facility within 50m or physical crossing facility not controlled by authorised person,No physical crossing facility within 50m,At scene,55.94966603616498,-3.1439458895143053
525212,,Slight,2,1,22/09/2012,Saturday,22,September,12,14,40,230,Unclassified,,Single carriageway - 2 lanes,40,Not at or within 20 metres of junction,unset,\,,Daylight: no street lighting,Fine (without high winds),Dry,None,None,No overtaking,318120,668600,12229654,Segment,T.V.N.P.,357603,unset,EH145AA,No crossing facility within 50m or physical crossing facility not controlled by authorised person,No physical crossing facility within 50m,At scene,55.903520679194685,-3.3111739927091874
525312,,Slight,2,1,19/09/2012,Wednesday,19,September,12,8,20,230,Unclassified,,Single carriageway - 2 lanes,30,Crossroads,Authorised Person,Unclassified,,Daylight: street lights present,Other,Dry,None,None,No overtaking,325760,671510,523863,Junction,Cyclist,357604,unset,EH92RA,No crossing facility within 50m or physical crossing facility not controlled by authorised person,No physical crossing facility within 50m,Elsewhere,55.930901222526906,-3.1898105574114206
525412,,Slight,1,1,22/09/2012,Saturday,22,September,12,16,13,230,A,6095,Roundabout,30,Roundabout,Give way sign or markings,Unclassified,,Daylight: no street lighting,Fine (without high winds),Dry,None,None,No overtaking,331400,671870,0,Unset,S.V.N.P.,357605,unset,EH218RX,No crossing facility within 50m or physical crossing facility not controlled by authorised person,No physical crossing facility within 50m,At scene,55.93497392378818,-3.099651656696744
527012,,Slight,1,1,23/09/2012,Sunday,23,September,12,14,8,230,Unclassified,,Unknown,30,'T' or staggered junction,Give way sign or markings,Unclassified,,Daylight: street lights present,Fine (without high winds),Dry,None,None,No overtaking,312520,674330,517327,Junction,S.V.N.P.,357606,unset,EH299AX,No crossing facility within 50m or physical crossing facility not controlled by authorised person,No physical crossing facility within 50m,At scene,55.95400193852376,-3.4025703811280104
527212,,Slight,2,2,23/09/2012,Sunday,23,September,12,16,15,230,Unclassified,,Single carriageway - 2 lanes,30,Not at or within 20 metres of junction,unset,\,,Daylight: no street lighting,Fine (without high winds),Dry,None,None,No overtaking,321570,676900,12226678,Segment,T.V.N.P.,357607,unset,EH45EJ,No crossing facility within 50m or physical crossing facility not controlled by authorised person,No physical crossing facility within 50m,At scene,55.97865140843653,-3.25842529945259
527312,,Serious,1,1,23/09/2012,Sunday,23,September,12,19,40,230,Unclassified,,Single carriageway - 2 lanes,30,Not at or within 20 metres of junction,unset,\,,Darkness: street lights present and lit,Fine (without high winds),Dry,None,None,No overtaking,322370,671110,561769,Segment,Pedestrian,357608,unset,EH141QA,No crossing facility within 50m or physical crossing facility not controlled by authorised person,Pedestrian phase at traffic signal junction,At scene,55.926772193629205,-3.243939364392125
527812,,Slight,1,1,24/09/2012,Monday,24,September,12,7,20,230,A,7,Single carriageway - 2 lanes,30,Not at or within 20 metres of junction,unset,\,,Daylight: street lights present,Raining with high winds,Dry,None,None,No overtaking,325880,673870,569270,Segment,Bus,357609,unset,EH11BB,No crossing facility within 50m or physical crossing facility not controlled by authorised person,No physical crossing facility within 50m,At scene,55.95211924187852,-3.188539608548024
528012,,Slight,2,1,19/09/2012,Wednesday,19,September,12,10,0,230,A,1,Single carriageway - 2 lanes,30,Other junction,Automatic Traffic Signal,A,7,Daylight: street lights present,Raining (without high winds),Dry,None,None,No overtaking,325850,674000,517891,Junction,Cyclist,357610,unset,EH22EJ,No crossing facility within 50m or physical crossing facility not controlled by authorised person,Pedestrian phase at traffic signal junction,Elsewhere,55.95328237312458,-3.1890557164146847
528112,,Slight,3,1,23/09/2012,Sunday,23,September,12,18,40,230,A,71,Single carriageway - 2 lanes,40,Roundabout,Automatic Traffic Signal,A,71,Daylight: street lights present,Fine (without high winds),Dry,None,None,No overtaking,318520,670340,2307039,Junction,M.V.N.P.,357611,unset,EH144AW,No crossing facility within 50m or physical crossing facility not controlled by authorised person,No physical crossing facility within 50m,At scene,55.91921813911078,-3.3053033260178686
529212,,Slight,1,2,24/09/2012,Monday,24,September,12,12,45,230,C,,Single carriageway - 2 lanes,30,Not at or within 20 metres of junction,unset,\,,Daylight: street lights present,Raining (without high winds),Dry,None,None,No overtaking,325260,674020,566549,Segment,Pedestrian,357612,unset,EH22HT,No crossing facility within 50m or physical crossing facility not controlled by authorised person,No physical crossing facility within 50m,At scene,55.953370499195245,-3.1985075361858097
529912,,Slight,2,1,21/09/2012,Friday,21,September,12,8,55,230,Unclassified,,Single carriageway - 2 lanes,30,Multiple junction,Automatic Traffic Signal,A,70,Daylight: street lights present,Fine (without high winds),Dry,None,None,No overtaking,324080,673180,521334,Junction,Cyclist,357613,unset,EH112BQ,No crossing facility within 50m or physical crossing facility not controlled by authorised person,Pedestrian phase at traffic signal junction,Elsewhere,55.94563977796786,-3.217163193012789
531412,,Slight,1,1,24/09/2012,Monday,24,September,12,8,0,230,Unclassified,,Single carriageway - 2 lanes,30,Not at or within 20 metres of junction,unset,\,,Daylight: street lights present,Raining (without high winds),Dry,None,None,No overtaking,327800,671110,568093,Segment,Pedestrian,357614,unset,EH165UF,No crossing facility within 50m or physical crossing facility not controlled by authorised person,No physical crossing facility within 50m,At scene,55.92761906027013,-3.1570601959208973
531512,,Slight,2,1,25/09/2012,Tuesday,25,September,12,7,30,230,Unclassified,,Single carriageway - 2 lanes,30,Mini-roundabout,Give way sign or markings,Unclassified,,Daylight: street lights present,Fine with high winds,Dry,None,None,No overtaking,323310,676530,522858,Junction,Cyclist,357615,unset,EH52HQ,No crossing facility within 50m or physical crossing facility not controlled by authorised person,No physical crossing facility within 50m,At scene,55.975609311671874,-3.230443427186941
531712,,Slight,3,1,24/09/2012,Monday,24,September,12,8,35,230,A,902,Single carriageway - 2 lanes,30,'T' or staggered junction,Automatic Traffic Signal,Unclassified,,Daylight: street lights present,Raining (without high winds),Dry,None,None,No overtaking,322250,674900,520050,Junction,M.V.N.P.,357616,unset,EH42LX,No crossing facility within 50m or physical crossing facility not controlled by authorised person,Pedestrian phase at traffic signal junction,At scene,55.96079697395271,-3.2469530373546203
532512,,Slight,1,1,24/09/2012,Monday,24,September,12,21,30,230,C,,Single carriageway - 2 lanes,20,Not at or within 20 metres of junction,unset,\,,Daylight: no street lighting,Raining with high winds,Dry,None,None,No overtaking,325480,672160,559024,Segment,Pedestrian,357617,unset,EH91HF,No crossing facility within 50m or physical crossing facility not controlled by authorised person,No physical crossing facility within 50m,At scene,55.936696694374724,-3.1944706403271423
532612,,Slight,1,1,25/09/2012,Tuesday,25,September,12,11,41,230,A,8,Single carriageway - 2 lanes,20,Not at or within 20 metres of junction,unset,\,,Daylight: no street lighting,Raining (without high winds),Dry,None,None,No overtaking,320090,672920,521724,Junction,Pedestrian,357618,unset,EH128AT,No crossing facility within 50m or physical crossing facility not controlled by authorised person,No physical crossing facility within 50m,At scene,55.942656722981525,-3.2809541125704516
532912,,Slight,2,1,25/09/2012,Tuesday,25,September,12,21,45,230,A,8,Roundabout,30,Roundabout,Give way sign or markings,Unclassified,,Daylight: no street lighting,Raining (without high winds),Dry,None,None,No overtaking,319320,672940,522894,Junction,Cyclist,357619,unset,EH128SQ,Control by other authorised person,Pedestrian phase at traffic signal junction,Elsewhere,55.94270759843469,-3.293284464657027
533612,,Slight,2,1,26/09/2012,Wednesday,26,September,12,8,48,230,C,,Single carriageway - 2 lanes,30,Crossroads,Give way sign or markings,Unclassified,,Daylight: no street lighting,Raining (without high winds),Dry,None,None,No overtaking,330310,673650,523569,Junction,T.V.N.P.,357620,unset,EH151LX,Control by other authorised person,Pedestrian phase at traffic signal junction,At scene,55.95080679062385,-3.11755600168154
533912,,Slight,2,1,26/08/2012,Sunday,26,August,12,15,0,230,Unclassified,,Single carriageway - 2 lanes,30,'T' or staggered junction,Give way sign or markings,Unclassified,,Daylight: no street lighting,Fine (without high winds),Dry,None,None,No overtaking,312940,678120,4421924,Junction,T.V.N.P.,357284,unset,EH309HY,Control by other authorised person,Pedestrian phase at traffic signal junction,Elsewhere,55.9881202807117,-3.3970729519762
534612,,Slight,1,1,25/09/2012,Tuesday,25,September,12,16,30,230,Unclassified,,Single carriageway - 2 lanes,30,'T' or staggered junction,Automatic Traffic Signal,Unclassified,,Daylight: no street lighting,Fine (without high winds),Dry,None,None,No overtaking,325140,673060,521460,Junction,Pedestrian,357621,unset,EH39HY,No crossing facility within 50m or physical crossing facility not controlled by authorised person,Pedestrian phase at traffic signal junction,At scene,55.94472832359102,-3.2001619624652795
534812,,Slight,2,2,26/09/2012,Wednesday,26,September,12,19,30,230,Unclassified,,Single carriageway - 2 lanes,30,'T' or staggered junction,Give way sign or markings,C,,Darkness: street lights present and lit,Fine (without high winds),Dry,None,None,No overtaking,321920,672480,521916,Junction,T.V.N.P.,357622,unset,EH125XQ,No crossing facility within 50m or physical crossing facility not controlled by authorised person,"Pelican, puffin, toucan or similar non-junction pedestrian light crossing",At scene,55.93900547186057,-3.2515358485266135
535512,,Serious,1,1,23/09/2012,Sunday,23,September,12,20,49,230,Unclassified,,Single carriageway - 2 lanes,30,'T' or staggered junction,Automatic Traffic Signal,Unclassified,,Darkness: street lights present and lit,Raining (without high winds),Dry,None,None,No overtaking,324320,673030,10331569,Junction,S.V.N.P.,357623,unset,EH38AY,Control by other authorised person,Pedestrian phase at traffic signal junction,At scene,55.944330264424245,-3.213279283426881
536312,,Slight,1,1,25/09/2012,Tuesday,25,September,12,10,30,230,B,900,Single carriageway - 2 lanes,30,Not at or within 20 metres of junction,unset,\,,Daylight: street lights present,Raining (without high winds),Dry,None,None,No overtaking,323640,674650,554180,Segment,Bus,357624,unset,EH41AG,No crossing facility within 50m or physical crossing facility not controlled by authorised person,"Pelican, puffin, toucan or similar non-junction pedestrian light crossing",Elsewhere,55.95877455194951,-3.2246232842253435
536412,,Slight,1,1,27/09/2012,Thursday,27,September,12,17,0,230,Unclassified,,Single carriageway - 2 lanes,30,Not at or within 20 metres of junction,unset,\,,Daylight: street lights present,Fine (without high winds),Dry,None,None,No overtaking,312520,674570,555237,Segment,Pedestrian,357625,unset,EH299AB,No crossing facility within 50m or physical crossing facility not controlled by authorised person,Pedestrian phase at traffic signal junction,Elsewhere,55.956157630982,-3.4026483516277746
537912,,Serious,1,1,28/09/2012,Friday,28,September,12,12,58,230,Unclassified,,Single carriageway - 2 lanes,30,Crossroads,Give way sign or markings,Unclassified,,Daylight: no street lighting,Raining (without high winds),Dry,None,None,No overtaking,322160,675170,12233439,Junction,Pedestrian,357626,unset,EH42RZ,Control by school crossing patrol,Zebra crossing,At scene,55.96320768284104,-3.2484723437421743
538112,,Serious,1,1,28/09/2012,Friday,28,September,12,12,30,230,A,772,Single carriageway - 2 lanes,30,Not at or within 20 metres of junction,unset,\,,Daylight: no street lighting,Fine (without high winds),Dry,None,None,No overtaking,328930,669060,569375,Segment,Pedestrian,357627,unset,EH177JE,No crossing facility within 50m or physical crossing facility not controlled by authorised person,Central refuge - no other controls,At scene,55.9093723962016,-3.1384398014686643
538212,,Serious,2,1,28/09/2012,Friday,28,September,12,15,40,230,C,,Roundabout,30,Roundabout,Give way sign or markings,Unclassified,,Daylight: street lights present,Fine (without high winds),Dry,None,None,No overtaking,326760,673930,521184,Junction,Cyclist,357628,unset,EH88DU,No crossing facility within 50m or physical crossing facility not controlled by authorised person,No physical crossing facility within 50m,At scene,55.95279332630762,-3.174466899970532
538812,,Slight,2,1,28/09/2012,Friday,28,September,12,17,45,230,Unclassified,,Single carriageway - 2 lanes,30,Not at or within 20 metres of junction,unset,\,,Daylight: no street lighting,Fine (without high winds),Dry,None,None,No overtaking,327820,674980,557482,Segment,T.V.N.P.,357629,unset,EH76DX,No crossing facility within 50m or physical crossing facility not controlled by authorised person,No physical crossing facility within 50m,At scene,55.96238599325873,-3.157777218055811
539312,,Slight,3,1,28/09/2012,Friday,28,September,12,19,20,230,A,70,Single carriageway - 2 lanes,30,'T' or staggered junction,Automatic Traffic Signal,Unclassified,,Darkness: street lights present and lit,Raining with high winds,Dry,None,None,No overtaking,323140,671990,522267,Junction,M.V.N.P.,357630,unset,EH111PR,No crossing facility within 50m or physical crossing facility not controlled by authorised person,"Pelican, puffin, toucan or similar non-junction pedestrian light crossing",At scene,55.934800790129756,-3.2318706167615443
539712,,Slight,2,1,28/09/2012,Friday,28,September,12,17,30,230,A,70,Single carriageway - 2 lanes,30,Roundabout,Give way sign or markings,Unclassified,,Daylight: street lights present,Fine (without high winds),Dry,None,None,No overtaking,321970,670640,522768,Junction,T.V.N.P.,357631,unset,EH142EP,No crossing facility within 50m or physical crossing facility not controlled by authorised person,No physical crossing facility within 50m,Elsewhere,55.92248554140323,-3.250203158062467
539912,,Fatal,1,2,29/09/2012,Saturday,29,September,12,16,50,230,Unclassified,,One way Street,30,Other junction,Give way sign or markings,Unclassified,,Daylight: street lights present,Fine (without high winds),Dry,None,None,No overtaking,326020,673170,12223882,Junction,Pedestrian,357632,unset,EH89BH,No crossing facility within 50m or physical crossing facility not controlled by authorised person,No physical crossing facility within 50m,At scene,55.94585286513294,-3.1861058855425703
540312,,Slight,2,1,29/09/2012,Saturday,29,September,12,16,15,230,Unclassified,,Single carriageway - 2 lanes,30,Roundabout,Give way sign or markings,Unclassified,,Daylight: street lights present,Fine with high winds,Dry,None,None,No overtaking,326510,676890,0,Unset,Cyclist,357633,unset,EH66NE,No crossing facility within 50m or physical crossing facility not controlled by authorised person,"Pelican, puffin, toucan or similar non-junction pedestrian light crossing",At scene,55.97934427236387,-3.1792781604723364
540412,,Slight,1,1,29/09/2012,Saturday,29,September,12,18,0,230,A,7,Single carriageway - 2 lanes,30,'T' or staggered junction,Give way sign or markings,Unclassified,,Daylight: street lights present,Fine (without high winds),Dry,None,Pedestrian in carriagway - not injured,No overtaking,326070,673220,521583,Junction,Bus,357634,unset,EH89DH,No crossing facility within 50m or physical crossing facility not controlled by authorised person,Pedestrian phase at traffic signal junction,At scene,55.94630971054061,-3.1853192277942077
540712,,Serious,1,1,29/09/2012,Saturday,29,September,12,14,20,230,C,,Single carriageway - 2 lanes,30,'T' or staggered junction,Give way sign or markings,Unclassified,,Daylight: street lights present,Fine (without high winds),Dry,None,None,No overtaking,326290,673740,521163,Junction,Pedestrian,357636,unset,EH88BJ,No crossing facility within 50m or physical crossing facility not controlled by authorised person,No physical crossing facility within 50m,At scene,55.951014623563864,-3.1819398288133183
541712,,Slight,2,1,30/09/2012,Sunday,30,September,12,8,20,230,A,901,Single carriageway - 2 lanes,30,Crossroads,Automatic Traffic Signal,Unclassified,,Daylight: no street lighting,Raining (without high winds),Dry,None,None,No overtaking,326420,676770,531316,Junction,T.V.N.P.,357637,unset,EH66NW,No crossing facility within 50m or physical crossing facility not controlled by authorised person,Pedestrian phase at traffic signal junction,Elsewhere,55.978252530881704,-3.1806872452138872
541812,,Serious,1,1,28/09/2012,Friday,28,September,12,15,40,230,A,900,Single carriageway - 2 lanes,30,'T' or staggered junction,Give way sign or markings,A,900,Daylight: street lights present,Fine (without high winds),Dry,None,None,No overtaking,326480,675010,523233,Junction,Bus,357638,unset,EH75HN,No crossing facility within 50m or physical crossing facility not controlled by authorised person,No physical crossing facility within 50m,Elsewhere,55.96245197527253,-3.1792448504269735
541912,,Slight,3,1,29/09/2012,Saturday,29,September,12,13,4,230,C,,Single carriageway - 2 lanes,30,'T' or staggered junction,Give way sign or markings,Unknown,,Daylight: street lights present,Fine (without high winds),Dry,None,None,No overtaking,323970,672210,533398,Junction,Pedestrian,357639,unset,EH111LA,No crossing facility within 50m or physical crossing facility not controlled by authorised person,No physical crossing facility within 50m,\3,55.9369091177708,-3.2186502978400804
542012,,Slight,2,1,29/09/2012,Saturday,29,September,12,17,20,230,Unclassified,,Dual carriageway - 2 lanes,30,Crossroads,Automatic Traffic Signal,Unclassified,,Daylight: street lights present,Fine (without high winds),Dry,None,None,No overtaking,324630,673400,10254956,Junction,Bus,357640,unset,EH12DA,No crossing facility within 50m or physical crossing facility not controlled by authorised person,Central refuge - no other controls,Elsewhere,55.94770265767908,-3.2084206856930213
542712,,Slight,2,1,27/09/2012,Thursday,27,September,12,9,55,230,A,701,Single carriageway - 2 lanes,30,Crossroads,Give way sign or markings,Unclassified,,Daylight: no street lighting,Fine (without high winds),Dry,None,None,No overtaking,326790,671710,529474,Junction,Cyclist,357641,unset,EH92BU,No crossing facility within 50m or physical crossing facility not controlled by authorised person,Central refuge - no other controls,At scene,55.932855915793006,-3.1733833078837135
544112,,Slight,1,1,01/10/2012,Monday,1,October,12,16,35,230,Unclassified,,Single carriageway - 2 lanes,30,Crossroads,Automatic Traffic Signal,Unclassified,,Daylight: street lights present,Other,Dry,None,None,No overtaking,312580,674550,517318,Junction,Pedestrian,366001,unset,EH299AD,No crossing facility within 50m or physical crossing facility not controlled by authorised person,Pedestrian phase at traffic signal junction,At scene,55.955988922556,-3.4016812274902435
544412,,Slight,2,1,01/10/2012,Monday,1,October,12,17,29,230,Unclassified,,Single carriageway - 2 lanes,30,'T' or staggered junction,Automatic Traffic Signal,Unclassified,,Daylight: no street lighting,Fine (without high winds),Dry,None,None,No overtaking,322540,676000,0,Unset,T.V.N.P.,366002,unset,EH44BR,No crossing facility within 50m or physical crossing facility not controlled by authorised person,No physical crossing facility within 50m,At scene,55.970724760861636,-3.2426258411968507
544512,,Slight,1,1,01/10/2012,Monday,1,October,12,22,36,230,Unclassified,,Single carriageway - 2 lanes,30,Not at or within 20 metres of junction,unset,\,,Daylight: no street lighting,Raining (without high winds),Dry,None,None,No overtaking,326250,675030,12239586,Segment,Pedestrian,366003,unset,EH74LY,No crossing facility within 50m or physical crossing facility not controlled by authorised person,No physical crossing facility within 50m,At scene,55.96259632608511,-3.1829336657697276
544612,,Slight,1,1,01/10/2012,Monday,1,October,12,16,15,230,Unclassified,,Single carriageway - 2 lanes,30,Not at or within 20 metres of junction,unset,\,,Daylight: no street lighting,Fine (without high winds),Dry,None,None,No overtaking,323430,668960,564908,Segment,Bus,366004,unset,EH139JA,Control by other authorised person,Pedestrian phase at traffic signal junction,Elsewhere,55.907629430728825,-3.226369859194741
544712,,Slight,1,1,28/09/2012,Friday,28,September,12,10,19,230,A,8,Single carriageway - 2 lanes,20,'T' or staggered junction,Give way sign or markings,Unclassified,,Daylight: no street lighting,Fine (without high winds),Dry,None,None,No overtaking,322040,673140,521244,Junction,Pedestrian,357642,unset,EH126HS,Control by other authorised person,Pedestrian phase at traffic signal junction,At scene,55.94495350370057,-3.249806277719957
544912,,Serious,2,1,01/10/2012,Monday,1,October,12,8,19,230,B,701,Single carriageway - 2 lanes,20,'T' or staggered junction,Automatic Traffic Signal,Unclassified,,Daylight: no street lighting,Fine (without high winds),Dry,None,None,No overtaking,321630,669000,532924,Junction,Cyclist,366005,unset,EH130LE,Control by other authorised person,Pedestrian phase at traffic signal junction,At scene,55.90769866282418,-3.2551661512205707
545912,,Slight,2,1,02/10/2012,Tuesday,2,October,12,8,26,230,Unclassified,,Single carriageway - 2 lanes,30,Not at or within 20 metres of junction,unset,\,,Daylight: no street lighting,Fine (without high winds),Dry,None,None,No overtaking,319870,671260,551797,Segment,T.V.N.P.,366006,unset,EH113UP,Control by other authorised person,Pedestrian phase at traffic signal junction,At scene,55.92770907833911,-3.283981943239104
546612,,Slight,2,2,02/10/2012,Tuesday,2,October,12,12,0,230,C,,Single carriageway - 2 lanes,30,'T' or staggered junction,Give way sign or markings,Unclassified,,Daylight: street lights present,Raining (without high winds),Dry,None,None,No overtaking,325970,673660,521166,Junction,T.V.N.P.,366007,unset,EH11SB,No crossing facility within 50m or physical crossing facility not controlled by authorised person,"Pelican, puffin, toucan or similar non-junction pedestrian light crossing",At scene,55.950246741522484,-3.187040955277316
548412,,Slight,1,1,30/09/2012,Sunday,30,September,12,10,40,230,A,70,Single carriageway - 2 lanes,30,'T' or staggered junction,Give way sign or markings,Unclassified,,Daylight: street lights present,Raining with high winds,Dry,None,None,No overtaking,323730,672750,521793,Junction,Bus,357643,unset,EH112EF,No crossing facility within 50m or physical crossing facility not controlled by authorised person,No physical crossing facility within 50m,Elsewhere,55.94172172743781,-3.2226440231922155
548812,,Slight,2,1,03/10/2012,Wednesday,3,October,12,11,0,230,Unclassified,,Single carriageway - 2 lanes,30,Crossroads,Give way sign or markings,Unclassified,,Daylight: no street lighting,Fine (without high winds),Dry,None,None,No overtaking,324520,670700,529816,Junction,T.V.N.P.,366008,unset,EH106AF,No crossing facility within 50m or physical crossing facility not controlled by authorised person,No physical crossing facility within 50m,At scene,55.923431892079066,-3.20942551498143
549012,,Slight,2,1,03/10/2012,Wednesday,3,October,12,12,35,230,Unclassified,,Single carriageway - 2 lanes,30,'T' or staggered junction,Give way sign or markings,Unclassified,,Daylight: street lights present,Fine (without high winds),Dry,None,None,No overtaking,320820,675440,519762,Junction,Pedestrian,366009,unset,EH45AT,No crossing facility within 50m or physical crossing facility not controlled by authorised person,No physical crossing facility within 50m,Elsewhere,55.96541367018376,-3.2700109611041834
549812,,Slight,2,1,03/10/2012,Wednesday,3,October,12,17,26,230,Motorway,8,Dual carriageway - 2 lanes,70,Not at or within 20 metres of junction,unset,\,,Daylight: no street lighting,Fine (without high winds),Dry,None,None,No overtaking,315430,671510,6452114,Segment,T.V.N.P.,366010,unset,EH288NW,No crossing facility within 50m or physical crossing facility not controlled by authorised person,No physical crossing facility within 50m,At scene,55.92919356482795,-3.3550966448094846
550012,,Slight,2,1,03/10/2012,Wednesday,3,October,12,16,35,230,C,,Single carriageway - 2 lanes,30,Crossroads,Automatic Traffic Signal,Unclassified,,Daylight: street lights present,Fine (without high winds),Dry,None,None,No overtaking,326650,671360,531451,Junction,Cyclist,366011,unset,EH93AE,Control by other authorised person,Pedestrian phase at traffic signal junction,Elsewhere,55.92969054155658,-3.1755284105688917
550312,,Serious,1,1,03/10/2012,Wednesday,3,October,12,22,15,230,A,701,Single carriageway - 2 lanes,30,Crossroads,Give way sign or markings,Unclassified,,Daylight: no street lighting,Fine (without high winds),Dry,None,None,No overtaking,326930,671470,531457,Junction,Pedestrian,366012,unset,EH165PG,No crossing facility within 50m or physical crossing facility not controlled by authorised person,Pedestrian phase at traffic signal junction,At scene,55.93072134181296,-3.1710779303458807
550412,,Slight,1,1,03/10/2012,Wednesday,3,October,12,22,0,230,Unclassified,,Single carriageway - 2 lanes,30,'T' or staggered junction,Give way sign or markings,Unclassified,,Daylight: no street lighting,Fine (without high winds),Dry,None,None,No overtaking,319210,670740,0,Unset,Pedestrian,366013,unset,EH114HD,Control by other authorised person,Pedestrian phase at traffic signal junction,Elsewhere,55.92292763842615,-3.294385869805645
551412,,Slight,2,2,04/10/2012,Thursday,4,October,12,9,27,230,A,720,Dual carriageway - 2 lanes,60,Not at or within 20 metres of junction,unset,\,,Daylight: no street lighting,Fine (without high winds),Dry,None,None,No overtaking,325620,667250,2588155,Segment,T.V.N.P.,366014,unset,EH107DR,No crossing facility within 50m or physical crossing facility not controlled by authorised person,No physical crossing facility within 50m,At scene,55.89261255324138,-3.190876961632739
553212,,Slight,2,1,20/09/2012,Thursday,20,September,12,17,30,230,Unclassified,,Single carriageway - 2 lanes,30,'T' or staggered junction,Give way sign or markings,Unclassified,,Daylight: street lights present,Raining (without high winds),Dry,None,None,No overtaking,326940,672190,522069,Junction,T.V.N.P.,357644,unset,EH165AE,No crossing facility within 50m or physical crossing facility not controlled by authorised person,No physical crossing facility within 50m,At scene,55.93719055061331,-3.1711130626725588
553312,,Slight,2,1,04/10/2012,Thursday,4,October,12,8,25,230,A,71,Single carriageway - 2 lanes,30,Crossroads,Automatic Traffic Signal,Unclassified,,Daylight: street lights present,Fine (without high winds),Dry,None,None,No overtaking,322690,672200,521970,Junction,T.V.N.P.,366015,unset,EH112QU,No crossing facility within 50m or physical crossing facility not controlled by authorised person,Pedestrian phase at traffic signal junction,At scene,55.936614918868614,-3.2391320876123633
554012,,Slight,2,2,05/10/2012,Friday,5,October,12,13,10,230,A,702,Single carriageway - 2 lanes,30,Crossroads,Automatic Traffic Signal,C,,Daylight: street lights present,Fine (without high winds),Dry,None,None,No overtaking,324810,673190,521406,Junction,T.V.N.P.,366016,unset,EH39AN,No crossing facility within 50m or physical crossing facility not controlled by authorised person,Pedestrian phase at traffic signal junction,At scene,55.94584450751689,-3.205480575236287
554212,,Serious,1,1,05/10/2012,Friday,5,October,12,6,40,230,Unclassified,,Single carriageway - 2 lanes,30,Not at or within 20 metres of junction,unset,\,,Darkness: street lighting unknown,Fine (without high winds),Dry,None,None,No overtaking,323930,673710,0,Unset,S.V.N.P.,366017,unset,EH37SG,No crossing facility within 50m or physical crossing facility not controlled by authorised person,No physical crossing facility within 50m,At scene,55.95037687207231,-3.2197139852541943
554512,,Slight,2,1,04/10/2012,Thursday,4,October,12,8,40,230,A,90,Single carriageway - 2 lanes,40,'T' or staggered junction,Give way sign or markings,Unclassified,,Daylight: street lights present,Fine (without high winds),Dry,None,None,No overtaking,319390,674960,519978,Junction,T.V.N.P.,366018,unset,EH46ER,No crossing facility within 50m or physical crossing facility not controlled by authorised person,No physical crossing facility within 50m,Elsewhere,55.9608639319801,-3.2927687290151413