acc_ref,beat_no,severity,no_vehicle,no_casualt,a_date,a_day,a_date_day,a_date_mon,a_date_yr,a_time_hr,a_time_min,loc_auth,road1_class,road1_no,road_type,speed_limi,junc_det,junc_ctrl,road2_class,road2_no,light_cond,weather,road_surf,spec_cond,cway_hzrds,ovrtk_patrn,easting,northing,net_id,net_type,acc_type,text_id,division,Postcode,ped_xing_hc,ped_xing_p,place_reported,latitude,longitude
555212,,Slight,2,1,06/10/2012,Saturday,6,October,12,7,20,230,A,90,Single carriageway - 2 lanes,40,Not at or within 20 metres of junction,unset,\,,Daylight: street lights present,Fine (without high winds),Dry,None,None,No overtaking,318470,674980,555447,Segment,T.V.N.P.,366019,unset,EH46AT,No crossing facility within 50m or physical crossing facility not controlled by authorised person,No physical crossing facility within 50m,At scene,55.96088813152036,-3.307506832204881
557012,,Slight,2,1,07/10/2012,Sunday,7,October,12,11,24,230,A,901,Roundabout,30,Roundabout,Give way sign or markings,Unclassified,,Daylight: street lights present,Fine (without high winds),Dry,None,None,No overtaking,323710,677130,518896,Junction,Cyclist,366020,unset,EH51HE,No crossing facility within 50m or physical crossing facility not controlled by authorised person,No physical crossing facility within 50m,At scene,55.98106271680276,-3.2242058344986475
559412,,Slight,2,1,08/10/2012,Monday,8,October,12,17,10,230,Unclassified,,Single carriageway - 2 lanes,30,'T' or staggered junction,Give way sign or markings,Unclassified,,Daylight: street lights present,Fine (without high winds),Dry,None,None,No overtaking,326890,672650,4224887,Junction,Cyclist,366021,unset,EH165XN,No crossing facility within 50m or physical crossing facility not controlled by authorised person,No physical crossing facility within 50m,Elsewhere,55.94131506856683,-3.1720380735253446
559912,,Slight,1,1,08/10/2012,Monday,8,October,12,21,47,230,B,701,Single carriageway - 2 lanes,30,Not at or within 20 metres of junction,unset,\,,Daylight: no street lighting,Fine (without high winds),Dry,None,None,No overtaking,328700,668450,2105930,Segment,Pedestrian,366022,unset,EH178NX,Control by other authorised person,"Pelican, puffin, toucan or similar non-junction pedestrian light crossing",At scene,55.90385868204795,-3.1419570781099644
560112,,Slight,3,1,08/10/2012,Monday,8,October,12,22,41,230,C,,Single carriageway - 2 lanes,30,Slip road,Automatic Traffic Signal,A,701,Daylight: no street lighting,Fine (without high winds),Dry,None,None,No overtaking,327150,670230,530089,Junction,M.V.N.P.,366023,unset,EH166AQ,Control by other authorised person,Pedestrian phase at traffic signal junction,At scene,55.919615938232965,-3.1672226672995647
560312,,Slight,1,1,11/09/2012,Tuesday,11,September,12,19,3,230,Unclassified,,Single carriageway - 2 lanes,20,'T' or staggered junction,Automatic Traffic Signal,Unclassified,,Daylight: no street lighting,Fine (without high winds),Dry,None,None,No overtaking,319940,671840,0,Unset,S.V.N.P.,357645,unset,EH129AL,Control by other authorised person,Pedestrian phase at traffic signal junction,At scene,55.93293061591111,-3.2830341730163
561912,,Slight,2,2,09/10/2012,Tuesday,9,October,12,14,7,230,Unclassified,,Single carriageway - 2 lanes,30,Not at or within 20 metres of junction,unset,\,,Daylight: no street lighting,Fine (without high winds),Dry,None,None,No overtaking,319640,671870,522126,Junction,T.V.N.P.,366024,unset,EH129AD,No crossing facility within 50m or physical crossing facility not controlled by authorised person,No physical crossing facility within 50m,At scene,55.93314999061226,-3.2878436199245833
562012,,Slight,1,1,28/09/2012,Friday,28,September,12,9,40,230,Unclassified,,Single carriageway - 2 lanes,30,Other junction,Give way sign or markings,Unclassified,,Daylight: street lights present,Fine (without high winds),Dry,None,None,No overtaking,326750,675490,519888,Junction,Bus,357646,unset,EH65EQ,Control by other authorised person,No physical crossing facility within 50m,At scene,55.966805044387165,-3.175051616209135
562312,,Slight,1,1,09/10/2012,Tuesday,9,October,12,13,5,230,Unclassified,,Single carriageway - 2 lanes,30,Not at or within 20 metres of junction,unset,\,,Daylight: no street lighting,Fine (without high winds),Dry,None,None,No overtaking,322530,670250,554747,Segment,Pedestrian,366025,unset,EH141DL,No crossing facility within 50m or physical crossing facility not controlled by authorised person,No physical crossing facility within 50m,At scene,55.91907291553918,-3.241132489973746
562812,,Slight,2,1,09/10/2012,Tuesday,9,October,12,7,50,230,C,,Single carriageway - 2 lanes,30,Other junction,Automatic Traffic Signal,C,,Daylight: street lights present,Fine (without high winds),Dry,None,None,No overtaking,327580,669550,530152,Junction,Cyclist,366026,unset,EH166JA,No crossing facility within 50m or physical crossing facility not controlled by authorised person,No physical crossing facility within 50m,Elsewhere,55.91357253311001,-3.1601614857112046
563112,,Slight,2,2,09/10/2012,Tuesday,9,October,12,17,15,230,Unclassified,,Single carriageway - 2 lanes,60,'T' or staggered junction,Give way sign or markings,Unclassified,,Daylight: street lights present,Fine (without high winds),Dry,None,None,No overtaking,317110,668860,12230237,Junction,T.V.N.P.,366027,unset,EH144AB,No crossing facility within 50m or physical crossing facility not controlled by authorised person,No physical crossing facility within 50m,At scene,55.90568305746465,-3.327403007095673
563312,,Slight,2,1,06/10/2012,Saturday,6,October,12,21,26,230,A,1,Single carriageway - 2 lanes,30,Crossroads,Automatic Traffic Signal,C,,Darkness: street lights present and lit,Fine (without high winds),Dry,None,None,No overtaking,326900,674320,520689,Junction,T.V.N.P.,366028,unset,EH75AN,No crossing facility within 50m or physical crossing facility not controlled by authorised person,"Pelican, puffin, toucan or similar non-junction pedestrian light crossing",At scene,55.956317990788435,-3.172331321715468
563512,,Slight,1,1,09/10/2012,Tuesday,9,October,12,19,0,230,Unclassified,,Single carriageway - 2 lanes,30,Not at or within 20 metres of junction,unset,\,,Darkness: street lights present and lit,Fine (without high winds),Dry,None,None,No overtaking,324550,671530,549384,Segment,S.V.N.P.,366029,unset,EH104AZ,No crossing facility within 50m or physical crossing facility not controlled by authorised person,No physical crossing facility within 50m,At scene,55.93089231623412,-3.2091777757977047
563812,,Slight,1,1,09/10/2012,Tuesday,9,October,12,20,5,230,Unclassified,,Single carriageway - 2 lanes,30,Not at or within 20 metres of junction,unset,\,,Darkness: street lights present but unlit,Fine (without high winds),Dry,None,None,No overtaking,323880,675890,2580740,Segment,Pedestrian,366030,unset,EH52DW,No crossing facility within 50m or physical crossing facility not controlled by authorised person,Central refuge - no other controls,At scene,55.969951225291254,-3.221131040109531
565012,,Slight,2,1,09/10/2012,Tuesday,9,October,12,9,5,230,A,901,Single carriageway - 2 lanes,30,Not at or within 20 metres of junction,unset,\,,Daylight: street lights present,Fine (without high winds),Dry,None,None,No overtaking,326360,676790,558749,Segment,Cyclist,366031,unset,EH66PD,No crossing facility within 50m or physical crossing facility not controlled by authorised person,Pedestrian phase at traffic signal junction,Elsewhere,55.9784229744031,-3.1816539858976185
565312,,Slight,2,2,09/10/2012,Tuesday,9,October,12,22,25,230,Unclassified,,Single carriageway - 2 lanes,30,'T' or staggered junction,Give way sign or markings,Unclassified,,Darkness: street lights present but unlit,Fine (without high winds),Dry,None,None,No overtaking,325700,673320,521541,Junction,T.V.N.P.,366032,unset,EH11HU,No crossing facility within 50m or physical crossing facility not controlled by authorised person,Zebra crossing,At scene,55.9471508610416,-3.191269693710437
565712,,Slight,2,1,10/10/2012,Wednesday,10,October,12,21,0,230,A,71,Single carriageway - 2 lanes,30,Crossroads,Automatic Traffic Signal,Unclassified,,Darkness: street lights present and lit,Fine (without high winds),Dry,None,None,No overtaking,322290,671860,522219,Junction,Cyclist,366033,unset,EH112RT,No crossing facility within 50m or physical crossing facility not controlled by authorised person,Pedestrian phase at traffic signal junction,At scene,55.93349625308207,-3.2454354590277643
566612,,Serious,1,1,11/10/2012,Thursday,11,October,12,13,30,230,A,901,Single carriageway - 2 lanes,30,Not at or within 20 metres of junction,unset,\,,Daylight: street lights present,Fine (without high winds),Dry,None,None,No overtaking,326890,675970,558734,Segment,Pedestrian,366034,unset,EH65HX,No crossing facility within 50m or physical crossing facility not controlled by authorised person,No physical crossing facility within 50m,At scene,55.97113816973902,-3.172939804048164
567412,,Slight,2,2,11/10/2012,Thursday,11,October,12,19,45,230,Unclassified,,Single carriageway - 2 lanes,30,'T' or staggered junction,Give way sign or markings,Unclassified,,Darkness: street lights present and lit,Raining (without high winds),Dry,None,None,No overtaking,324960,673370,521418,Junction,T.V.N.P.,366035,unset,EH12EL,No crossing facility within 50m or physical crossing facility not controlled by authorised person,No physical crossing facility within 50m,At scene,55.947484880070654,-3.203129594817886
567712,,Slight,5,1,12/10/2012,Friday,12,October,12,4,45,230,Unclassified,,Single carriageway - 2 lanes,30,Crossroads,Give way sign or markings,Unclassified,,Darkness: street lights present and lit,Raining (without high winds),Dry,None,None,No overtaking,324220,673710,10258599,Junction,M.V.N.P.,366036,unset,EH37HR,No crossing facility within 50m or physical crossing facility not controlled by authorised person,No physical crossing facility within 50m,At scene,55.95042274925499,-3.2150712842545537
567912,,Slight,2,1,12/10/2012,Friday,12,October,12,8,7,230,C,,Single carriageway - 2 lanes,30,Crossroads,Give way sign or markings,Unclassified,,Darkness: no street lighting,Raining (without high winds),Dry,None,None,No overtaking,322960,669220,532942,Junction,Cyclist,366037,unset,EH139AW,No crossing facility within 50m or physical crossing facility not controlled by authorised person,"Pelican, puffin, toucan or similar non-junction pedestrian light crossing",At scene,55.909889847521356,-3.233960094397702
568612,,Slight,1,1,12/10/2012,Friday,12,October,12,8,15,230,C,,Single carriageway - 2 lanes,30,'T' or staggered junction,Give way sign or markings,Unclassified,,Daylight: no street lighting,Raining (without high winds),Dry,None,None,No overtaking,325590,676790,10310015,Junction,Pedestrian,366038,unset,EH64SE,No crossing facility within 50m or physical crossing facility not controlled by authorised person,No physical crossing facility within 50m,Elsewhere,55.97830408168548,-3.1939901834482622
569112,,Serious,1,1,13/10/2012,Saturday,13,October,12,1,20,230,C,,Single carriageway - 2 lanes,40,Not at or within 20 metres of junction,unset,\,,Darkness: street lights present and lit,Fine (without high winds),Dry,None,None,No overtaking,328540,668050,562981,Segment,Pedestrian,366039,unset,EH178SE,No crossing facility within 50m or physical crossing facility not controlled by authorised person,No physical crossing facility within 50m,At scene,55.900241712537074,-3.1444097371952395
569312,,Slight,2,1,02/10/2012,Tuesday,2,October,12,13,5,230,C,,Single carriageway - 2 lanes,30,Roundabout,Give way sign or markings,A,900,Daylight: street lights present,Raining (without high winds),Dry,None,None,No overtaking,326160,674520,520248,Junction,T.V.N.P.,366040,unset,EH74AA,No crossing facility within 50m or physical crossing facility not controlled by authorised person,Pedestrian phase at traffic signal junction,At scene,55.95800124379272,-3.1842350389752343
570412,,Serious,1,1,12/10/2012,Friday,12,October,12,20,40,230,Unclassified,,Single carriageway - 2 lanes,30,Other junction,Give way sign or markings,Unclassified,,Darkness: street lights present and lit,Fine (without high winds),Dry,None,None,No overtaking,324530,671220,530419,Junction,Pedestrian,366041,unset,EH104QT,No crossing facility within 50m or physical crossing facility not controlled by authorised person,Pedestrian phase at traffic signal junction,At scene,55.92810451198896,-3.2094110380142844
570912,,Slight,2,2,13/10/2012,Saturday,13,October,12,17,17,230,Unclassified,,Single carriageway - 2 lanes,30,Mini-roundabout,Give way sign or markings,Unclassified,,Daylight: street lights present,Fine (without high winds),Dry,None,None,No overtaking,323310,676530,522858,Junction,T.V.N.P.,366042,unset,EH52HQ,No crossing facility within 50m or physical crossing facility not controlled by authorised person,No physical crossing facility within 50m,At scene,55.975609311671874,-3.230443427186941
571112,,Slight,2,2,14/10/2012,Sunday,14,October,12,1,10,230,C,,Single carriageway - 2 lanes,30,'T' or staggered junction,Automatic Traffic Signal,A,900,Darkness: street lights present and lit,Raining (without high winds),Dry,None,None,No overtaking,326550,675140,519867,Junction,T.V.N.P.,366043,unset,EH74PE,No crossing facility within 50m or physical crossing facility not controlled by authorised person,Pedestrian phase at traffic signal junction,At scene,55.963630466967416,-3.178159322206346
572312,,Slight,2,1,14/10/2012,Sunday,14,October,12,8,30,230,B,900,Single carriageway - 2 lanes,30,'T' or staggered junction,Give way sign or markings,Unclassified,,Daylight: street lights present,Fine (without high winds),Dry,None,None,No overtaking,323090,674490,520455,Junction,T.V.N.P.,366044,unset,EH42DW,No crossing facility within 50m or physical crossing facility not controlled by authorised person,No physical crossing facility within 50m,At scene,55.95724947842664,-3.2333845427236376
572512,,Slight,1,1,11/10/2012,Thursday,11,October,12,19,30,230,B,900,Single carriageway - 2 lanes,30,'T' or staggered junction,Give way sign or markings,Unclassified,,Darkness: street lights present and lit,Fine (without high winds),Dry,None,None,No overtaking,324290,674690,520113,Junction,Pedestrian,366045,unset,EH41JH,No crossing facility within 50m or physical crossing facility not controlled by authorised person,Pedestrian phase at traffic signal junction,Elsewhere,55.959236870168155,-3.2142262295810937
573212,,Slight,2,1,14/10/2012,Sunday,14,October,12,22,25,230,A,701,Single carriageway - 2 lanes,30,Crossroads,Give way sign or markings,Unclassified,,Daylight: no street lighting,Fine (without high winds),Dry,None,None,No overtaking,326890,671540,529471,Junction,Cyclist,366046,unset,EH92BL,Control by other authorised person,Pedestrian phase at traffic signal junction,At scene,55.93134405739767,-3.1717369710661725
573312,,Slight,1,1,13/10/2012,Saturday,13,October,12,6,36,230,A,1,Roundabout,50,Roundabout,Give way sign or markings,Unclassified,,Daylight: no street lighting,Fine (without high winds),Dry,None,None,No overtaking,331230,672440,517723,Junction,S.V.N.P.,366047,unset,EH153SA,Control by other authorised person,Pedestrian phase at traffic signal junction,At scene,55.940069976016126,-3.102517737124047
573712,,Slight,3,1,14/10/2012,Sunday,14,October,12,13,30,230,Motorway,8,Dual carriageway - 2 lanes,40,Roundabout,Automatic Traffic Signal,Unclassified,,Daylight: no street lighting,Raining (without high winds),Dry,None,None,No overtaking,318050,670930,6453338,Junction,M.V.N.P.,366048,unset,EH129BU,No crossing facility within 50m or physical crossing facility not controlled by authorised person,No physical crossing facility within 50m,At scene,55.92443785514208,-3.3130005891334733
573912,,Slight,1,1,15/10/2012,Monday,15,October,12,10,45,230,C,,Single carriageway - 2 lanes,30,'T' or staggered junction,Give way sign or markings,Unclassified,,Daylight: street lights present,Fine (without high winds),Dry,None,None,No overtaking,320210,672160,521886,Junction,Pedestrian,366049,unset,EH127DY,Control by other authorised person,Pedestrian phase at traffic signal junction,Elsewhere,55.935849958342715,-3.278808416153459
574212,,Slight,2,1,15/10/2012,Monday,15,October,12,10,15,230,Unclassified,,Single carriageway - 2 lanes,30,Crossroads,Give way sign or markings,Unclassified,,Daylight: street lights present,Fine (without high winds),Dry,None,None,No overtaking,319420,674700,0,Unset,T.V.N.P.,366050,unset,EH47RR,No crossing facility within 50m or physical crossing facility not controlled by authorised person,No physical crossing facility within 50m,At scene,55.95853353367827,-3.2922104959557177
574912,,Slight,1,1,15/10/2012,Monday,15,October,12,18,0,230,B,900,Single carriageway - 2 lanes,30,Roundabout,Give way sign or markings,C,,Daylight: street lights present,Fine (without high winds),Dry,None,None,No overtaking,323530,674630,520101,Junction,Pedestrian,366051,unset,EH41AF,No crossing facility within 50m or physical crossing facility not controlled by authorised person,No physical crossing facility within 50m,At scene,55.958577379029,-3.226379001001364
575012,,Slight,3,1,15/10/2012,Monday,15,October,12,8,20,230,Unclassified,,Single carriageway - 2 lanes,30,Not at or within 20 metres of junction,unset,\,,Daylight: street lights present,Fine (without high winds),Dry,None,None,No overtaking,325980,676060,10217377,Segment,M.V.N.P.,366052,unset,EH65TB,No crossing facility within 50m or physical crossing facility not controlled by authorised person,No physical crossing facility within 50m,\3,55.9718070211707,-3.1875410152536294
575212,,Slight,1,1,16/10/2012,Tuesday,16,October,12,8,30,230,A,7,Single carriageway - 2 lanes,30,Other junction,Give way sign or markings,Unclassified,,Daylight: street lights present,Raining (without high winds),Dry,Road works present,None,No overtaking,326030,673310,521586,Junction,Pedestrian,366053,unset,EH89DH,No crossing facility within 50m or physical crossing facility not controlled by authorised person,No physical crossing facility within 50m,At scene,55.94711200283788,-3.1859842569058023
576012,,Slight,2,1,16/10/2012,Tuesday,16,October,12,8,0,230,Unclassified,,Single carriageway - 2 lanes,30,Other junction,Automatic Traffic Signal,Unclassified,,Daylight: street lights present,Raining (without high winds),Dry,None,None,No overtaking,327280,671710,530389,Junction,Cyclist,366054,unset,EH165DT,No crossing facility within 50m or physical crossing facility not controlled by authorised person,No physical crossing facility within 50m,At scene,55.932930366426895,-3.1655421448340793
577212,,Slight,1,1,16/10/2012,Tuesday,16,October,12,17,20,230,Unclassified,,Single carriageway - 2 lanes,30,Not at or within 20 metres of junction,unset,\,,Daylight: street lights present,Raining (without high winds),Dry,None,None,No overtaking,320800,675890,567297,Segment,Bus,366055,unset,EH45LF,No crossing facility within 50m or physical crossing facility not controlled by authorised person,No physical crossing facility within 50m,At scene,55.9694525015451,-3.2704637454870444
577612,,Serious,1,1,16/10/2012,Tuesday,16,October,12,16,35,230,A,8,Single carriageway - 2 lanes,30,Not at or within 20 metres of junction,unset,\,,Daylight: street lights present,Fine (without high winds),Dry,None,None,No overtaking,322150,673150,521247,Junction,Pedestrian,366056,unset,EH126HS,No crossing facility within 50m or physical crossing facility not controlled by authorised person,No physical crossing facility within 50m,At scene,55.9450611811161,-3.248048410625231
578012,,Slight,2,1,23/08/2012,Thursday,23,August,12,23,30,230,Unclassified,,Single carriageway - 2 lanes,30,Multiple junction,Automatic Traffic Signal,A,702,Darkness: street lights present and lit,Raining (without high winds),Dry,None,None,No overtaking,324890,672950,533374,Junction,Cyclist,357285,unset,EH39LY,No crossing facility within 50m or physical crossing facility not controlled by authorised person,Pedestrian phase at traffic signal junction,At scene,55.943701166065466,-3.2041330572883515
578312,,Slight,2,1,14/10/2012,Sunday,14,October,12,21,15,230,A,70,Single carriageway - 2 lanes,30,'T' or staggered junction,Automatic Traffic Signal,Unclassified,,Darkness: street lights present and lit,Fine (without high winds),Dry,None,None,No overtaking,322020,670660,522774,Junction,T.V.N.P.,366057,unset,EH141TL,Control by other authorised person,"Pelican, puffin, toucan or similar non-junction pedestrian light crossing",At scene,55.922673312252385,-3.249409058434125
578512,,Slight,3,1,16/10/2012,Tuesday,16,October,12,17,30,230,A,720,Dual carriageway - 2 lanes,70,Not at or within 20 metres of junction,unset,\,,Daylight: street lights present,Fine (without high winds),Dry,None,None,No overtaking,331580,667930,2579269,Segment,M.V.N.P.,366058,unset,EH221RT,No crossing facility within 50m or physical crossing facility not controlled by authorised person,No physical crossing facility within 50m,At scene,55.89960597407866,-3.0957718781413726
578812,,Serious,1,1,17/10/2012,Wednesday,17,October,12,12,20,230,A,8,Dual carriageway - 2 lanes,30,'T' or staggered junction,Automatic Traffic Signal,C,,Daylight: street lights present,Raining (without high winds),Dry,None,None,No overtaking,325170,673810,521055,Junction,Bus,366059,unset,EH23AA,No crossing facility within 50m or physical crossing facility not controlled by authorised person,Pedestrian phase at traffic signal junction,At scene,55.95147008989264,-3.1998901314322588
579012,,Slight,2,1,17/10/2012,Wednesday,17,October,12,12,10,230,C,,Single carriageway - 2 lanes,30,'T' or staggered junction,Give way sign or markings,Unclassified,,Daylight: street lights present,Raining (without high winds),Dry,None,None,No overtaking,320840,670990,530461,Junction,T.V.N.P.,366060,unset,EH142AJ,No crossing facility within 50m or physical crossing facility not controlled by authorised person,No physical crossing facility within 50m,At scene,55.92544460209353,-3.2683830554011544
579112,,Slight,2,2,17/10/2012,Wednesday,17,October,12,13,35,230,C,,Single carriageway - 2 lanes,30,Not at or within 20 metres of junction,unset,\,,Daylight: street lights present,Raining (without high winds),Dry,Automatic Traffic Signal partially defective,None,No overtaking,324900,674080,566753,Segment,T.V.N.P.,366061,unset,EH24NA,No crossing facility within 50m or physical crossing facility not controlled by authorised person,"Pelican, puffin, toucan or similar non-junction pedestrian light crossing",At scene,55.953853260394375,-3.20428809666263
579212,,Slight,1,1,17/10/2012,Wednesday,17,October,12,10,0,230,A,900,Dual carriageway - 2 lanes,30,Not at or within 20 metres of junction,unset,\,,Daylight: street lights present,Raining (without high winds),Dry,None,None,No overtaking,326070,674420,558509,Segment,Pedestrian,366062,unset,EH13NQ,No crossing facility within 50m or physical crossing facility not controlled by authorised person,Pedestrian phase at traffic signal junction,At scene,55.95708910231397,-3.185648709462353
580012,,Slight,2,1,17/10/2012,Wednesday,17,October,12,14,30,230,A,8,Single carriageway - 2 lanes,30,Other junction,Automatic Traffic Signal,Unclassified,,Daylight: street lights present,Raining (without high winds),Dry,None,None,No overtaking,324190,673320,521319,Junction,Cyclist,366063,unset,EH125DS,No crossing facility within 50m or physical crossing facility not controlled by authorised person,No physical crossing facility within 50m,At scene,55.94691474587582,-3.2154417852914734
580912,,Slight,2,1,17/10/2012,Wednesday,17,October,12,20,30,230,A,1,Single carriageway - 2 lanes,30,Not at or within 20 metres of junction,unset,\,,Darkness: street lights present and lit,Raining (without high winds),Dry,None,None,No overtaking,327760,674250,2306922,Segment,T.V.N.P.,366064,unset,EH76AA,No crossing facility within 50m or physical crossing facility not controlled by authorised person,No physical crossing facility within 50m,Elsewhere,55.95581944276132,-3.158542142035177
581912,,Slight,2,1,18/10/2012,Thursday,18,October,12,13,58,230,Unclassified,,Single carriageway - 2 lanes,30,Not at or within 20 metres of junction,unset,\,,Daylight: street lights present,Fine (without high winds),Dry,None,None,No overtaking,326040,673410,0,Unset,Cyclist,366065,unset,EH11LT,No crossing facility within 50m or physical crossing facility not controlled by authorised person,Pedestrian phase at traffic signal junction,At scene,55.94801182698723,-3.1858516362142097
584412,,Slight,2,1,19/10/2012,Friday,19,October,12,7,20,230,C,,Single carriageway - 2 lanes,30,Crossroads,Give way sign or markings,Unclassified,,Darkness: street lighting unknown,Raining (without high winds),Dry,None,None,No overtaking,325460,672340,522051,Junction,Cyclist,366066,unset,EH91HY,No crossing facility within 50m or physical crossing facility not controlled by authorised person,No physical crossing facility within 50m,Elsewhere,55.938310497104645,-3.1948405008208014
585012,,Slight,1,1,16/10/2012,Tuesday,16,October,12,12,48,230,Unclassified,,One way Street,30,Roundabout,Give way sign or markings,Unclassified,,Daylight: street lights present,Raining (without high winds),Dry,None,None,No overtaking,319740,671460,9659163,Junction,Pedestrian,366067,unset,EH113UP,No crossing facility within 50m or physical crossing facility not controlled by authorised person,Pedestrian phase at traffic signal junction,At scene,55.92948388036829,-3.2861214040094606
585212,,Slight,1,1,19/10/2012,Friday,19,October,12,16,44,230,Unclassified,,Single carriageway - 2 lanes,30,Crossroads,Give way sign or markings,Unclassified,,Daylight: street lights present,Fine (without high winds),Dry,None,None,No overtaking,325900,673300,0,Unset,S.V.N.P.,366068,unset,EH11HD,No crossing facility within 50m or physical crossing facility not controlled by authorised person,No physical crossing facility within 50m,Elsewhere,55.94700212254989,-3.1880625628199435
586112,,Slight,2,1,19/10/2012,Friday,19,October,12,19,30,230,A,1,Single carriageway - 2 lanes,30,Not at or within 20 metres of junction,unset,\,,Darkness: street lights present and lit,Raining (without high winds),Dry,None,None,No overtaking,327660,674290,520752,Junction,Cyclist,366069,unset,EH76AE,No crossing facility within 50m or physical crossing facility not controlled by authorised person,No physical crossing facility within 50m,Elsewhere,55.956163692235435,-3.1601540802627213
586512,,Slight,1,1,20/10/2012,Saturday,20,October,12,15,20,230,Unclassified,,Single carriageway - 2 lanes,30,'T' or staggered junction,Give way sign or markings,B,900,Daylight: street lights present,Fine (without high winds),Dry,None,None,No overtaking,326390,675910,519466,Junction,Pedestrian,366070,unset,EH65JS,No crossing facility within 50m or physical crossing facility not controlled by authorised person,No physical crossing facility within 50m,Elsewhere,55.970522711092265,-3.1809324297618056
586612,,Slight,3,1,20/10/2012,Saturday,20,October,12,14,44,230,Unclassified,,Single carriageway - 2 lanes,30,Not at or within 20 metres of junction,unset,\,,Daylight: street lights present,Fine (without high winds),Dry,None,None,No overtaking,325670,673420,567153,Segment,Cyclist,366071,unset,EH11EJ,No crossing facility within 50m or physical crossing facility not controlled by authorised person,No physical crossing facility within 50m,At scene,55.94804449737357,-3.1917775353908695
586712,,Slight,1,1,20/10/2012,Saturday,20,October,12,7,45,230,A,902,Roundabout,40,Roundabout,Give way sign or markings,Unclassified,,Daylight: street lights present,Raining (without high winds),Dry,None,None,No overtaking,318090,673740,520776,Junction,S.V.N.P.,366072,unset,EH128UA,No crossing facility within 50m or physical crossing facility not controlled by authorised person,No physical crossing facility within 50m,At scene,55.94968525489397,-3.313214554625553
587012,,Slight,1,1,20/10/2012,Saturday,20,October,12,2,10,230,Unclassified,,Dual carriageway - 2 lanes,30,'T' or staggered junction,Automatic Traffic Signal,A,702,Darkness: street lights present but unlit,Fine (without high winds),Dry,None,None,No overtaking,324900,672960,533374,Junction,Pedestrian,366073,unset,EH39LY,No crossing facility within 50m or physical crossing facility not controlled by authorised person,Pedestrian phase at traffic signal junction,At scene,55.94379255836356,-3.203975778649467
587212,,Slight,2,1,20/10/2012,Saturday,20,October,12,23,30,230,Unclassified,,Single carriageway - 2 lanes,30,'T' or staggered junction,Stop sign,Unclassified,,Darkness: street lights present but unlit,Fine (without high winds),Dry,None,None,No overtaking,324540,671170,530416,Junction,Cyclist,366074,unset,EH104QT,No crossing facility within 50m or physical crossing facility not controlled by authorised person,"Pelican, puffin, toucan or similar non-junction pedestrian light crossing",At scene,55.92765694390482,-3.2092370453915327
587712,,Slight,1,1,21/10/2012,Sunday,21,October,12,21,25,230,C,,Single carriageway - 2 lanes,30,Crossroads,Authorised Person,Unclassified,,Darkness: street lights present and lit,Fine (without high winds),Dry,None,None,No overtaking,327000,674980,519864,Junction,Pedestrian,366075,unset,EH75QH,Control by other authorised person,"Pelican, puffin, toucan or similar non-junction pedestrian light crossing",At scene,55.962261905150335,-3.1709091442498605
588912,,Slight,2,1,22/10/2012,Monday,22,October,12,10,0,230,A,1140,Single carriageway - 2 lanes,30,Not at or within 20 metres of junction,unset,\,,Daylight: no street lighting,Fine (without high winds),Dry,None,None,No overtaking,328740,674170,554894,Segment,T.V.N.P.,366076,unset,EH87BS,No crossing facility within 50m or physical crossing facility not controlled by authorised person,"Pelican, puffin, toucan or similar non-junction pedestrian light crossing",At scene,55.95524735812678,-3.1428292364758286
589212,,Slight,3,1,22/10/2012,Monday,22,October,12,6,15,230,A,720,Dual carriageway - 2 lanes,50,Not at or within 20 metres of junction,unset,\,,Darkness: no street lighting,Fine (without high winds),Dry,None,None,No overtaking,318440,670550,2582067,Segment,M.V.N.P.,366077,unset,EH144AJ,No crossing facility within 50m or physical crossing facility not controlled by authorised person,No physical crossing facility within 50m,At scene,55.92109088452956,-3.30664647234934
590012,,Serious,1,5,22/10/2012,Monday,22,October,12,20,14,230,A,70,Single carriageway - 2 lanes,60,Not at or within 20 metres of junction,unset,\,,Daylight: no street lighting,Raining (without high winds),Dry,None,None,No overtaking,313640,666080,561617,Segment,S.V.N.P.,366078,unset,EH147JF,No crossing facility within 50m or physical crossing facility not controlled by authorised person,No physical crossing facility within 50m,At scene,55.880101769101955,-3.381999868932346
591612,,Slight,2,1,23/10/2012,Tuesday,23,October,12,15,50,230,A,701,Single carriageway - 2 lanes,30,Other junction,Give way sign or markings,Unclassified,,Darkness: street lights present and lit,Fine (without high winds),Dry,None,None,No overtaking,327370,669120,530185,Junction,Cyclist,366079,unset,EH166JS,No crossing facility within 50m or physical crossing facility not controlled by authorised person,No physical crossing facility within 50m,At scene,55.90967816954223,-3.163404623110565
591712,,Slight,2,1,23/10/2012,Tuesday,23,October,12,19,45,230,A,900,Dual carriageway - 2 lanes,30,Not at or within 20 metres of junction,unset,\,,Darkness: street lights present and lit,Unknown,Dry,None,None,No overtaking,325980,674220,12285707,Segment,Cyclist,366080,unset,EH13SJ,No crossing facility within 50m or physical crossing facility not controlled by authorised person,Pedestrian phase at traffic signal junction,At scene,55.955278663231226,-3.187034816340321