acc_ref,beat_no,severity,no_vehicle,no_casualt,a_date,a_day,a_date_day,a_date_mon,a_date_yr,a_time_hr,a_time_min,loc_auth,road1_class,road1_no,road_type,speed_limi,junc_det,junc_ctrl,road2_class,road2_no,light_cond,weather,road_surf,spec_cond,cway_hzrds,ovrtk_patrn,easting,northing,net_id,net_type,acc_type,text_id,division,Postcode,ped_xing_hc,ped_xing_p,place_reported,latitude,longitude
634012,,Slight,1,1,11/11/2012,Sunday,11,November,12,19,0,230,A,772,Roundabout,30,Roundabout,Give way sign or markings,A,720,Daylight: no street lighting,Fine (without high winds),Dry,None,None,No overtaking,330510,667940,4526870,Junction,S.V.N.P.,363255,unset,EH181AT,No crossing facility within 50m or physical crossing facility not controlled by authorised person,No physical crossing facility within 50m,At scene,55.8995423411455,-3.1128826786419364
634812,,Slight,1,1,09/11/2012,Friday,9,November,12,0,40,230,Unclassified,,Single carriageway - 2 lanes,30,'T' or staggered junction,Give way sign or markings,Unclassified,,Darkness: street lighting unknown,Fine (without high winds),Dry,None,None,No overtaking,325700,673310,521541,Junction,Pedestrian,363256,unset,EH11EY,No crossing facility within 50m or physical crossing facility not controlled by authorised person,"Pelican, puffin, toucan or similar non-junction pedestrian light crossing",At scene,55.94706103289768,-3.1912669351137857
635112,,Serious,2,1,13/11/2012,Tuesday,13,November,12,0,25,230,A,720,Dual carriageway - 2 lanes,70,Not at or within 20 metres of junction,unset,\,,Darkness: no street lighting,Fine (without high winds),Dry,None,None,No overtaking,322760,668060,570540,Segment,T.V.N.P.,363257,unset,EH139QP,No crossing facility within 50m or physical crossing facility not controlled by authorised person,No physical crossing facility within 50m,At scene,55.89943779062191,-3.2368268497624735
635712,,Slight,1,1,13/11/2012,Tuesday,13,November,12,10,57,230,Unclassified,,One way Street,30,'T' or staggered junction,Give way sign or markings,Unclassified,,Daylight: no street lighting,Fine (without high winds),Dry,None,None,No overtaking,325560,674000,520554,Junction,Pedestrian,363258,unset,EH22DF,Control by other authorised person,Pedestrian phase at traffic signal junction,At scene,55.95323747447993,-3.1936988040356034
636312,,Serious,2,1,09/11/2012,Friday,9,November,12,17,35,230,A,900,Single carriageway - 2 lanes,30,Other junction,Automatic Traffic Signal,Unclassified,,Darkness: street lights present and lit,Fine (without high winds),Dry,None,None,No overtaking,326390,674890,520266,Junction,Cyclist,363259,unset,EH75HW,No crossing facility within 50m or physical crossing facility not controlled by authorised person,"Pelican, puffin, toucan or similar non-junction pedestrian light crossing",Elsewhere,55.96136023390493,-3.180653328861032
636712,,Slight,1,1,13/11/2012,Tuesday,13,November,12,18,40,230,Unclassified,,Single carriageway - 2 lanes,30,Other junction,Give way sign or markings,Unclassified,,Darkness: street lights present and lit,Fine (without high winds),Dry,None,None,No overtaking,320000,674120,0,Unset,Pedestrian,363260,unset,EH47EW,No crossing facility within 50m or physical crossing facility not controlled by authorised person,No physical crossing facility within 50m,Elsewhere,55.95342073949897,-3.2827510339957957
637112,,Slight,2,1,13/11/2012,Tuesday,13,November,12,17,25,230,A,720,Dual carriageway - 2 lanes,70,Not at or within 20 metres of junction,unset,\,,Darkness: no street lighting,Raining (without high winds),Dry,None,None,No overtaking,320350,668820,570540,Segment,T.V.N.P.,363261,unset,EH145BH,No crossing facility within 50m or physical crossing facility not controlled by authorised person,No physical crossing facility within 50m,At scene,55.90587142696693,-3.275582035823862
638312,,Slight,4,1,06/11/2012,Tuesday,6,November,12,7,20,230,A,720,Dual carriageway - 2 lanes,60,Not at or within 20 metres of junction,unset,\,,Daylight: no street lighting,Raining (without high winds),Dry,None,None,No overtaking,327820,666890,2579069,Segment,M.V.N.P.,338137,unset,EH178SD,No crossing facility within 50m or physical crossing facility not controlled by authorised person,No physical crossing facility within 50m,At scene,55.88971387514987,-3.1556119730020176
638612,,Serious,1,1,14/11/2012,Wednesday,14,November,12,12,0,230,C,,Dual carriageway - 2 lanes,30,Not at or within 20 metres of junction,unset,\,,Daylight: street lights present,Raining (without high winds),Dry,None,None,No overtaking,326050,674410,558575,Segment,Pedestrian,363262,unset,EH13JT,Control by other authorised person,Pedestrian phase at traffic signal junction,At scene,55.95699619201532,-3.185966207292475
639312,,Slight,2,1,07/11/2012,Wednesday,7,November,12,19,20,230,A,7,Single carriageway - 2 lanes,30,'T' or staggered junction,Automatic Traffic Signal,Unclassified,,Darkness: street lights present and lit,Raining (without high winds),Dry,None,None,No overtaking,326000,673410,521589,Junction,Cyclist,363263,unset,EH89AA,Control by other authorised person,"Pelican, puffin, toucan or similar non-junction pedestrian light crossing",Elsewhere,55.948005661496076,-3.186491976632359
640112,,Serious,2,1,14/11/2012,Wednesday,14,November,12,19,4,230,C,,Single carriageway - 2 lanes,30,Crossroads,Give way sign or markings,Unclassified,,Darkness: street lights present and lit,Fine (without high winds),Dry,None,None,No overtaking,327000,675000,519864,Junction,T.V.N.P.,363264,unset,EH75NA,No crossing facility within 50m or physical crossing facility not controlled by authorised person,"Pelican, puffin, toucan or similar non-junction pedestrian light crossing",At scene,55.962441562307674,-3.1709145703059614
640212,,Slight,2,1,13/11/2012,Tuesday,13,November,12,21,12,230,Unclassified,,Single carriageway - 2 lanes,30,Crossroads,Automatic Traffic Signal,Unclassified,,Darkness: street lights present and lit,Raining (without high winds),Dry,None,None,No overtaking,326210,673540,521139,Junction,T.V.N.P.,363265,unset,EH89UE,No crossing facility within 50m or physical crossing facility not controlled by authorised person,Pedestrian phase at traffic signal junction,At scene,55.9492057622255,-3.183165806070117
641412,,Slight,1,1,15/11/2012,Thursday,15,November,12,15,15,230,Unclassified,,Single carriageway - 2 lanes,30,Not at or within 20 metres of junction,unset,\,,Daylight: street lights present,Fine (without high winds),Dry,None,None,No overtaking,323540,671630,554699,Segment,Pedestrian,363266,unset,EH111NJ,No crossing facility within 50m or physical crossing facility not controlled by authorised person,No physical crossing facility within 50m,At scene,55.93163086359464,-3.225367383952379
641812,,Slight,1,1,14/11/2012,Wednesday,14,November,12,1,30,230,C,,Single carriageway - 2 lanes,50,Not at or within 20 metres of junction,unset,\,,Darkness: street lights present and lit,Raining (without high winds),Dry,None,None,No overtaking,325110,670100,553483,Segment,S.V.N.P.,363267,unset,EH106JZ,No crossing facility within 50m or physical crossing facility not controlled by authorised person,No physical crossing facility within 50m,At scene,55.91813453234237,-3.199819973131217
642412,,Slight,1,1,14/11/2012,Wednesday,14,November,12,16,15,230,C,,Single carriageway - 2 lanes,30,Not at or within 20 metres of junction,unset,\,,Darkness: street lights present and lit,Raining (without high winds),Dry,None,None,No overtaking,325270,673070,567114,Segment,Bus,363268,unset,EH39HG,No crossing facility within 50m or physical crossing facility not controlled by authorised person,No physical crossing facility within 50m,Elsewhere,55.944838407299315,-3.198083815407253
643112,,Slight,1,1,12/11/2012,Monday,12,November,12,7,45,230,Unclassified,,Single carriageway - 2 lanes,30,Other junction,Give way sign or markings,Unclassified,,Daylight: street lights present,Raining (without high winds),Dry,None,None,No overtaking,326160,675110,12239669,Junction,Pedestrian,363269,unset,EH74LZ,No crossing facility within 50m or physical crossing facility not controlled by authorised person,No physical crossing facility within 50m,Elsewhere,55.96330110589702,-3.184396929020708
643312,,Slight,2,1,15/11/2012,Thursday,15,November,12,16,20,230,Unclassified,,Single carriageway - 2 lanes,30,Roundabout,Give way sign or markings,Unclassified,,Darkness: street lights present and lit,Other,Dry,None,None,No overtaking,327420,674440,12191729,Junction,T.V.N.P.,363270,unset,EH75TU,No crossing facility within 50m or physical crossing facility not controlled by authorised person,No physical crossing facility within 50m,Elsewhere,55.95747488028632,-3.164037409216774
643512,,Slight,1,4,16/11/2012,Friday,16,November,12,12,10,230,B,900,Single carriageway - 2 lanes,30,Other junction,Give way sign or markings,Unclassified,,Daylight: street lights present,Fine (without high winds),Dry,None,None,No overtaking,325840,675370,519846,Junction,Bus,363271,unset,EH74LG,Control by other authorised person,"Pelican, puffin, toucan or similar non-junction pedestrian light crossing",At scene,55.96558726705355,-3.18959333460085
645912,,Slight,1,1,17/11/2012,Saturday,17,November,12,13,0,230,Unclassified,,Single carriageway - 2 lanes,30,Not at or within 20 metres of junction,unset,\,,Daylight: street lights present,Fine (without high winds),Dry,None,None,No overtaking,322700,672620,559224,Segment,Pedestrian,363272,unset,EH112RB,No crossing facility within 50m or physical crossing facility not controlled by authorised person,No physical crossing facility within 50m,At scene,55.94038924929611,-3.2390925184761135
646012,,Serious,1,1,17/11/2012,Saturday,17,November,12,17,35,230,Unclassified,,Single carriageway - 2 lanes,30,Crossroads,Automatic Traffic Signal,A,71,Darkness: street lights present but unlit,Raining (without high winds),Dry,None,None,No overtaking,322830,672230,521964,Junction,Pedestrian,363273,unset,EH112PP,No crossing facility within 50m or physical crossing facility not controlled by authorised person,Pedestrian phase at traffic signal junction,At scene,55.936906918180135,-3.2369001855744526
646112,,Slight,1,1,17/11/2012,Saturday,17,November,12,17,30,230,Unclassified,,Single carriageway - 2 lanes,30,'T' or staggered junction,Give way sign or markings,Unclassified,,Darkness: street lights present and lit,Raining (without high winds),Dry,None,None,No overtaking,324540,671060,530410,Junction,Pedestrian,363274,unset,EH104RE,No crossing facility within 50m or physical crossing facility not controlled by authorised person,No physical crossing facility within 50m,At scene,55.92666883759275,-3.2092062667435672
648712,,Slight,2,4,18/11/2012,Sunday,18,November,12,14,45,230,A,720,Dual carriageway - 2 lanes,30,Not at or within 20 metres of junction,unset,\,,Daylight: street lights present,Fine (without high winds),Dry,None,None,No overtaking,322690,668040,570552,Segment,T.V.N.P.,363275,unset,EH139QP,No crossing facility within 50m or physical crossing facility not controlled by authorised person,No physical crossing facility within 50m,Elsewhere,55.8992468871076,-3.2379403006575425
648812,,Slight,1,1,17/11/2012,Saturday,17,November,12,15,30,230,A,1,Single carriageway - 2 lanes,40,Crossroads,Automatic Traffic Signal,A,1,Daylight: no street lighting,Fine (without high winds),Dry,None,None,No overtaking,328320,674150,523374,Junction,S.V.N.P.,363276,unset,EH87AA,No crossing facility within 50m or physical crossing facility not controlled by authorised person,Pedestrian phase at traffic signal junction,Elsewhere,55.95500513771585,-3.1495488299235745
650612,,Slight,1,1,19/11/2012,Monday,19,November,12,8,30,230,A,8,One way Street,30,Crossroads,Automatic Traffic Signal,B,700,Daylight: no street lighting,Raining with high winds,Dry,None,None,No overtaking,324260,673240,521352,Junction,Pedestrian,363277,unset,EH38DT,No crossing facility within 50m or physical crossing facility not controlled by authorised person,Pedestrian phase at traffic signal junction,At scene,55.946207177255864,-3.2142987377510663
651012,,Slight,2,1,19/11/2012,Monday,19,November,12,16,40,230,A,8,Dual carriageway - 2 lanes,40,Crossroads,Automatic Traffic Signal,A,902,Darkness: street lights present and lit,Raining (without high winds),Dry,None,None,No overtaking,318030,672740,521643,Junction,T.V.N.P.,363278,unset,EH128LS,No crossing facility within 50m or physical crossing facility not controlled by authorised person,Pedestrian phase at traffic signal junction,Elsewhere,55.940692616557975,-3.313870807154357
652812,,Slight,2,1,14/11/2012,Wednesday,14,November,12,20,0,230,A,90,Single carriageway - 2 lanes,40,Roundabout,Give way sign or markings,A,90,Darkness: street lights present and lit,Fine (without high winds),Dry,None,None,No overtaking,318600,674950,519942,Junction,T.V.N.P.,363279,unset,EH48DX,No crossing facility within 50m or physical crossing facility not controlled by authorised person,Pedestrian phase at traffic signal junction,\3,55.96064073188779,-3.30541605624064
653512,,Slight,2,1,20/11/2012,Tuesday,20,November,12,14,20,230,A,71,Roundabout,40,Roundabout,Give way sign or markings,Unclassified,,Daylight: street lights present,Fine (without high winds),Dry,None,None,No overtaking,320010,670850,529687,Junction,Cyclist,363280,unset,EH114BH,No crossing facility within 50m or physical crossing facility not controlled by authorised person,Central refuge - no other controls,Elsewhere,55.92404956927432,-3.2816204179759847
654112,,Serious,1,1,20/11/2012,Tuesday,20,November,12,21,30,230,C,,Single carriageway - 2 lanes,30,'T' or staggered junction,Give way sign or markings,Unclassified,,Darkness: street lights present and lit,Fine (without high winds),Dry,None,None,No overtaking,322850,676060,519148,Junction,Cyclist,363281,unset,EH52NN,No crossing facility within 50m or physical crossing facility not controlled by authorised person,No physical crossing facility within 50m,At scene,55.97131368743993,-3.2376776031591263
654412,,Slight,2,1,21/11/2012,Wednesday,21,November,12,10,49,230,A,1,Single carriageway - 2 lanes,30,Crossroads,Give way sign or markings,Unclassified,,Daylight: street lights present,Fine (without high winds),Dry,None,None,No overtaking,327630,674300,520752,Junction,T.V.N.P.,363282,unset,EH76AA,No crossing facility within 50m or physical crossing facility not controlled by authorised person,No physical crossing facility within 50m,At scene,55.95624899713929,-3.160637129539414
654512,,Slight,3,3,19/11/2012,Monday,19,November,12,16,52,230,A,1,Dual carriageway - 2 lanes,50,Not at or within 20 metres of junction,unset,\,,Darkness: no street lighting,Fine (without high winds),Dry,None,None,No overtaking,331850,671540,552775,Segment,M.V.N.P.,363283,unset,EH218RX,No crossing facility within 50m or physical crossing facility not controlled by authorised person,No physical crossing facility within 50m,At scene,55.932073570484675,-3.09236657490002
656912,,Slight,2,1,22/11/2012,Thursday,22,November,12,13,25,230,A,7,Single carriageway - 2 lanes,30,'T' or staggered junction,Give way sign or markings,Unclassified,,Daylight: street lights present,Raining (without high winds),Dry,None,None,No overtaking,326090,673170,521580,Junction,Bus,363284,unset,EH89BZ,No crossing facility within 50m or physical crossing facility not controlled by authorised person,Pedestrian phase at traffic signal junction,Elsewhere,55.94586364877885,-3.1849853516553797
658112,,Slight,2,1,22/11/2012,Thursday,22,November,12,17,25,230,Unclassified,,Single carriageway - 2 lanes,30,'T' or staggered junction,Give way sign or markings,Unclassified,,Darkness: street lights present and lit,Raining with high winds,Dry,None,None,No overtaking,326500,672680,522462,Junction,Cyclist,363285,unset,EH89RB,No crossing facility within 50m or physical crossing facility not controlled by authorised person,No physical crossing facility within 50m,At scene,55.941525003536334,-3.17828851968807
658212,,Slight,3,1,22/11/2012,Thursday,22,November,12,4,10,230,B,6415,Single carriageway - 2 lanes,30,'T' or staggered junction,Give way sign or markings,Unclassified,,Darkness: street lights present and lit,Unknown,Dry,None,None,No overtaking,332430,673310,523677,Junction,M.V.N.P.,363286,unset,EH152PW,No crossing facility within 50m or physical crossing facility not controlled by authorised person,No physical crossing facility within 50m,At scene,55.94805573278751,-3.083529042673517
658612,,Slight,6,1,22/11/2012,Thursday,22,November,12,8,10,230,A,720,Dual carriageway - 2 lanes,70,Not at or within 20 metres of junction,unset,\,,Daylight: no street lighting,Fine (without high winds),Dry,None,None,No overtaking,320250,669030,570543,Segment,M.V.N.P.,363287,unset,EH145BP,No crossing facility within 50m or physical crossing facility not controlled by authorised person,No physical crossing facility within 50m,At scene,55.90774119202436,-3.2772431107097346
659512,,Slight,2,1,23/11/2012,Friday,23,November,12,5,45,230,A,71,Single carriageway - 2 lanes,30,Crossroads,Automatic Traffic Signal,Unclassified,,Darkness: street lights present and lit,Raining (without high winds),Dry,None,None,No overtaking,322310,671880,522213,Junction,T.V.N.P.,363288,unset,EH112RT,No crossing facility within 50m or physical crossing facility not controlled by authorised person,Pedestrian phase at traffic signal junction,Elsewhere,55.93367914191964,-3.245121179076727
659612,,Slight,1,1,23/11/2012,Friday,23,November,12,13,10,230,Unclassified,,Single carriageway - 2 lanes,30,Not at or within 20 metres of junction,unset,\,,Daylight: street lights present,Fine (without high winds),Dry,None,None,No overtaking,323650,674310,0,Unset,Pedestrian,363289,unset,EH42HW,No crossing facility within 50m or physical crossing facility not controlled by authorised person,No physical crossing facility within 50m,Elsewhere,55.955722028820745,-3.224366719142607
660012,,Slight,2,1,23/11/2012,Friday,23,November,12,13,59,230,Unclassified,,Single carriageway - 2 lanes,30,Crossroads,Automatic Traffic Signal,Unclassified,,Daylight: street lights present,Fine (without high winds),Dry,None,None,No overtaking,325980,671010,533401,Junction,Cyclist,363290,unset,EH93ER,No crossing facility within 50m or physical crossing facility not controlled by authorised person,Pedestrian phase at traffic signal junction,At scene,55.92644375072448,-3.186152987069849
660212,,Slight,1,1,23/11/2012,Friday,23,November,12,14,10,230,A,8,Single carriageway - 2 lanes,30,Not at or within 20 metres of junction,unset,\,,Daylight: street lights present,Fine (without high winds),Dry,None,None,No overtaking,319680,672980,521697,Junction,Pedestrian,363291,unset,EH127UZ,No crossing facility within 50m or physical crossing facility not controlled by authorised person,No physical crossing facility within 50m,At scene,55.94312725802413,-3.287534334190365
660412,,Slight,1,1,23/11/2012,Friday,23,November,12,15,0,230,A,8,Single carriageway - 2 lanes,30,Other junction,Automatic Traffic Signal,C,,Daylight: no street lighting,Fine (without high winds),Dry,None,None,No overtaking,325390,673870,521046,Junction,Pedestrian,363292,unset,EH22EL,No crossing facility within 50m or physical crossing facility not controlled by authorised person,No physical crossing facility within 50m,At scene,55.95204331063818,-3.1963845841390284
660612,,Slight,2,1,22/11/2012,Thursday,22,November,12,12,30,230,A,8,Dual carriageway - 2 lanes,40,'T' or staggered junction,Automatic Traffic Signal,A,902,Daylight: street lights present,Raining (without high winds),Dry,None,None,No overtaking,318070,672730,521634,Junction,T.V.N.P.,363293,unset,EH128LU,No crossing facility within 50m or physical crossing facility not controlled by authorised person,Pedestrian phase at traffic signal junction,At scene,55.94060961924832,-3.313227578289082
660812,,Slight,1,1,23/11/2012,Friday,23,November,12,13,45,230,Unclassified,,Single carriageway - 2 lanes,30,Crossroads,Give way sign or markings,Unclassified,,Daylight: street lights present,Fine (without high winds),Dry,None,None,No overtaking,322600,676910,0,Unset,Bus,363294,unset,EH51QW,No crossing facility within 50m or physical crossing facility not controlled by authorised person,"Pelican, puffin, toucan or similar non-junction pedestrian light crossing",At scene,55.978908618758375,-3.2419267361467936
661512,,Slight,2,1,19/11/2012,Monday,19,November,12,13,9,230,C,,Single carriageway - 2 lanes,30,'T' or staggered junction,Give way sign or markings,Unclassified,,Daylight: street lights present,Fine (without high winds),Dry,None,None,No overtaking,323230,676870,10223440,Junction,T.V.N.P.,363295,unset,EH51PD,No crossing facility within 50m or physical crossing facility not controlled by authorised person,No physical crossing facility within 50m,At scene,55.97865060607295,-3.231822087975754
663112,,Serious,1,1,31/10/2012,Wednesday,31,October,12,10,30,230,B,924,Single carriageway - 2 lanes,40,Not at or within 20 metres of junction,unset,\,,Daylight: no street lighting,Raining (without high winds),Dry,None,None,No overtaking,314330,678170,3948079,Junction,Cyclist,366111,unset,EH309TQ,No crossing facility within 50m or physical crossing facility not controlled by authorised person,No physical crossing facility within 50m,At scene,55.98881982184236,-3.374815706471094
663512,,Slight,3,1,24/11/2012,Saturday,24,November,12,15,10,230,A,7,Single carriageway - 2 lanes,30,Not at or within 20 metres of junction,unset,\,,Daylight: no street lighting,Fine (without high winds),Dry,None,None,No overtaking,326120,673120,569282,Segment,M.V.N.P.,363296,unset,EH89BZ,No crossing facility within 50m or physical crossing facility not controlled by authorised person,Pedestrian phase at traffic signal junction,At scene,55.94541912529438,-3.184491408740479
665712,,Slight,2,1,25/11/2012,Sunday,25,November,12,19,15,230,A,1140,Single carriageway - 2 lanes,30,'T' or staggered junction,Give way sign or markings,Unclassified,,Darkness: street lights present and lit,Fine (without high winds),Dry,None,None,No overtaking,328440,674160,523368,Junction,T.V.N.P.,363297,unset,EH87EH,No crossing facility within 50m or physical crossing facility not controlled by authorised person,No physical crossing facility within 50m,At scene,55.95511287922398,-3.1476300944534903
666212,,Serious,1,1,25/11/2012,Sunday,25,November,12,1,25,230,A,90,Single carriageway - 2 lanes,30,Not at or within 20 metres of junction,unset,\,,Darkness: street lights present and lit,Raining (without high winds),Dry,None,None,No overtaking,323950,674240,555582,Segment,Pedestrian,363298,unset,EH43AF,No crossing facility within 50m or physical crossing facility not controlled by authorised person,Central refuge - no other controls,At scene,55.955140879510324,-3.219543496615073
666412,,Slight,2,1,25/11/2012,Sunday,25,November,12,6,50,230,A,700,Single carriageway - 2 lanes,30,Not at or within 20 metres of junction,unset,\,,Darkness: street lights present and lit,Raining (without high winds),Dry,None,None,No overtaking,324980,672920,559610,Segment,T.V.N.P.,363299,unset,EH39JH,No crossing facility within 50m or physical crossing facility not controlled by authorised person,No physical crossing facility within 50m,Elsewhere,55.94344575581304,-3.2026841060612954
666612,,Slight,2,1,26/11/2012,Monday,26,November,12,8,20,230,Unclassified,,Single carriageway - 2 lanes,30,'T' or staggered junction,Give way sign or markings,Unclassified,,Daylight: street lights present,Fine (without high winds),Dry,None,None,No overtaking,322720,671550,522228,Junction,T.V.N.P.,363300,unset,EH141PB,No crossing facility within 50m or physical crossing facility not controlled by authorised person,No physical crossing facility within 50m,At scene,55.93078100793577,-3.2384656521705675
668612,,Slight,2,1,27/11/2012,Tuesday,27,November,12,8,45,230,C,,Single carriageway - 2 lanes,30,Crossroads,Automatic Traffic Signal,Unclassified,,Daylight: street lights present,Fine (without high winds),Dry,None,None,No overtaking,325510,671950,529450,Junction,Cyclist,363301,unset,EH91AG,Control by other authorised person,Pedestrian phase at traffic signal junction,At scene,55.934814956610744,-3.193932489635178
668912,,Serious,1,1,27/11/2012,Tuesday,27,November,12,7,39,230,A,71,Dual carriageway - 2 lanes,40,Not at or within 20 metres of junction,unset,\,,Daylight: street lights present,Fine (without high winds),Dry,None,None,No overtaking,318730,670460,2599294,Segment,Pedestrian,363302,unset,EH144AW,No crossing facility within 50m or physical crossing facility not controlled by authorised person,"Pelican, puffin, toucan or similar non-junction pedestrian light crossing",At scene,55.92033159706591,-3.301980319926277
669312,,Slight,1,1,27/11/2012,Tuesday,27,November,12,14,30,230,Unclassified,,Dual carriageway - 2 lanes,30,'T' or staggered junction,Automatic Traffic Signal,Unclassified,,Daylight: street lights present,Fine (without high winds),Dry,None,Other object in carriageway,No overtaking,325630,673950,521088,Junction,Cyclist,363303,unset,EH22BY,No crossing facility within 50m or physical crossing facility not controlled by authorised person,"Pelican, puffin, toucan or similar non-junction pedestrian light crossing",Elsewhere,55.95279918802419,-3.1925642488245383
669712,,Slight,2,1,27/11/2012,Tuesday,27,November,12,15,50,230,Unclassified,,Single carriageway - 2 lanes,30,Not at or within 20 metres of junction,unset,\,,Daylight: no street lighting,Fine (without high winds),Dry,None,None,No overtaking,319340,672600,551761,Segment,Cyclist,363304,unset,EH127UH,No crossing facility within 50m or physical crossing facility not controlled by authorised person,No physical crossing facility within 50m,Elsewhere,55.93965691655626,-3.292862581675053
670712,,Serious,1,1,28/11/2012,Wednesday,28,November,12,1,15,230,A,702,Single carriageway - 2 lanes,30,Crossroads,Automatic Traffic Signal,C,,Daylight: no street lighting,Fine (without high winds),Dry,None,None,No overtaking,324930,672780,533329,Junction,Pedestrian,363305,unset,EH39NA,Control by other authorised person,Pedestrian phase at traffic signal junction,At scene,55.94218035022187,-3.2034454231433065
671912,,Slight,2,1,28/11/2012,Wednesday,28,November,12,15,20,230,Unclassified,,Single carriageway - 2 lanes,40,Crossroads,Automatic Traffic Signal,A,1,Daylight: street lights present,Fine (without high winds),Dry,None,None,No overtaking,331220,672930,531097,Junction,T.V.N.P.,363306,unset,EH153QH,No crossing facility within 50m or physical crossing facility not controlled by authorised person,Pedestrian phase at traffic signal junction,Elsewhere,55.9444702621624,-3.1028029010172
672312,,Slight,3,2,28/11/2012,Wednesday,28,November,12,17,0,230,A,199,Single carriageway - 2 lanes,30,'T' or staggered junction,Automatic Traffic Signal,C,,Darkness: street lights present and lit,Fine (without high winds),Dry,None,None,No overtaking,328220,675980,523242,Junction,M.V.N.P.,363307,unset,EH67JZ,No crossing facility within 50m or physical crossing facility not controlled by authorised person,"Pelican, puffin, toucan or similar non-junction pedestrian light crossing",At scene,55.97142892929866,-3.1516382168077617
672512,,Slight,1,2,28/11/2012,Wednesday,28,November,12,0,47,230,A,71,Single carriageway - 2 lanes,50,'T' or staggered junction,Give way sign or markings,Unclassified,,Darkness: no street lighting,Fine (without high winds),Dry,None,None,No overtaking,313300,668500,517828,Junction,S.V.N.P.,363308,unset,EH278ED,No crossing facility within 50m or physical crossing facility not controlled by authorised person,No physical crossing facility within 50m,At scene,55.90177757281944,-3.388208874761265
673312,,Slight,1,1,29/11/2012,Thursday,29,November,12,8,10,230,B,6415,Single carriageway - 2 lanes,30,Crossroads,Automatic Traffic Signal,C,,Daylight: street lighting unknown,Fine (without high winds),Dry,None,None,No overtaking,330520,673870,523602,Junction,Pedestrian,363309,unset,EH151LH,Control by school crossing patrol,Pedestrian phase at traffic signal junction,At scene,55.95281351398898,-3.1142506632362505
673512,,Slight,3,1,28/11/2012,Wednesday,28,November,12,13,55,230,A,1140,Single carriageway - 2 lanes,30,Other junction,Give way sign or markings,Unclassified,,Daylight: street lights present,Fine (without high winds),Dry,None,None,No overtaking,329300,674290,523434,Junction,M.V.N.P.,363310,unset,EH76RY,No crossing facility within 50m or physical crossing facility not controlled by authorised person,Pedestrian phase at traffic signal junction,At scene,55.95640816110803,-3.13389415569946
674712,,Slight,3,1,29/11/2012,Thursday,29,November,12,16,40,230,Motorway,8,Roundabout,50,Roundabout,Automatic Traffic Signal,Motorway,8,Darkness: street lights present and lit,Fine (without high winds),Dry,None,None,No overtaking,318130,670900,6452865,Junction,M.V.N.P.,363311,unset,EH129BU,No crossing facility within 50m or physical crossing facility not controlled by authorised person,No physical crossing facility within 50m,At scene,55.92418202063941,-3.3117116425174107
675012,,Slight,1,1,30/11/2012,Friday,30,November,12,1,20,230,A,720,Dual carriageway - 2 lanes,70,Not at or within 20 metres of junction,unset,\,,Darkness: no street lighting,Fine (without high winds),Dry,None,None,No overtaking,327000,666970,2588155,Segment,S.V.N.P.,363312,unset,EH209NR,No crossing facility within 50m or physical crossing facility not controlled by authorised person,No physical crossing facility within 50m,At scene,55.89030876146361,-3.168740964270447
676912,,Slight,2,1,28/11/2012,Wednesday,28,November,12,17,25,230,Unclassified,,Single carriageway - 2 lanes,30,'T' or staggered junction,Give way sign or markings,Unclassified,,Darkness: street lights present and lit,Fine (without high winds),Dry,None,None,No overtaking,323200,672040,521976,Junction,Cyclist,363313,unset,EH111PJ,No crossing facility within 50m or physical crossing facility not controlled by authorised person,No physical crossing facility within 50m,Elsewhere,55.93525952434771,-3.230924694245131
677212,,Slight,2,1,23/11/2012,Friday,23,November,12,23,19,230,A,902,Single carriageway - 2 lanes,30,'T' or staggered junction,Give way sign or markings,Unclassified,,Darkness: street lights present and lit,Fine (without high winds),Dry,None,None,No overtaking,322830,675450,519795,Junction,T.V.N.P.,363314,unset,EH42PS,No crossing facility within 50m or physical crossing facility not controlled by authorised person,No physical crossing facility within 50m,At scene,55.96583106669791,-3.2378229581340925
678912,,Slight,1,1,01/12/2012,Saturday,1,December,12,10,40,230,A,701,Single carriageway - 2 lanes,30,Crossroads,Automatic Traffic Signal,Unclassified,,Daylight: street lights present,Fine (without high winds),Dry,None,None,No overtaking,326730,671810,529477,Junction,Pedestrian,363502,unset,EH92BU,No crossing facility within 50m or physical crossing facility not controlled by authorised person,Pedestrian phase at traffic signal junction,At scene,55.93374505404747,-3.1743706281474204
679612,,Slight,2,1,01/12/2012,Saturday,1,December,12,15,0,230,B,9080,Single carriageway - 2 lanes,60,'T' or staggered junction,Give way sign or markings,Unclassified,,Daylight: no street lighting,Other,Dry,None,None,No overtaking,316840,676090,0,Unset,T.V.N.P.,363503,unset,EH309TL,No crossing facility within 50m or physical crossing facility not controlled by authorised person,No physical crossing facility within 50m,At scene,55.970578739847596,-3.3339509932174853