acc_ref,beat_no,severity,no_vehicle,no_casualt,a_date,a_day,a_date_day,a_date_mon,a_date_yr,a_time_hr,a_time_min,loc_auth,road1_class,road1_no,road_type,speed_limi,junc_det,junc_ctrl,road2_class,road2_no,light_cond,weather,road_surf,spec_cond,cway_hzrds,ovrtk_patrn,easting,northing,net_id,net_type,acc_type,text_id,division,Postcode,ped_xing_hc,ped_xing_p,place_reported,latitude,longitude
679712,,Slight,1,1,01/12/2012,Saturday,1,December,12,16,37,230,A,900,Dual carriageway - 2 lanes,30,Other junction,Give way sign or markings,A,900,Darkness: street lights present and lit,Fine (without high winds),Dry,None,None,No overtaking,326170,674600,520254,Junction,Pedestrian,363504,unset,EH74AB,No crossing facility within 50m or physical crossing facility not controlled by authorised person,Pedestrian phase at traffic signal junction,At scene,55.95872140842315,-3.1840968575556454
680612,,Slight,2,1,02/12/2012,Sunday,2,December,12,10,0,230,Unclassified,,Single carriageway - 2 lanes,30,Not at or within 20 metres of junction,unset,\,,Daylight: street lights present,Fine (without high winds),Dry,None,None,No overtaking,312460,672440,12231309,Segment,T.V.N.P.,363505,unset,EH288PJ,No crossing facility within 50m or physical crossing facility not controlled by authorised person,No physical crossing facility within 50m,At scene,55.937014899047156,-3.4029168920984425
681012,,Slight,2,1,02/12/2012,Sunday,2,December,12,10,28,230,Unclassified,,Single carriageway - 2 lanes,30,Crossroads,Give way sign or markings,Unclassified,,Daylight: street lights present,Fine (without high winds),Dry,None,None,No overtaking,323440,671620,522249,Junction,Cyclist,363506,unset,EH111RG,No crossing facility within 50m or physical crossing facility not controlled by authorised person,No physical crossing facility within 50m,At scene,55.93152510618251,-3.2269646962421037
681112,,Slight,2,1,26/11/2012,Monday,26,November,12,23,30,230,A,7,Single carriageway - 2 lanes,30,'T' or staggered junction,Automatic Traffic Signal,Unclassified,,Darkness: street lights present and lit,Fine (without high winds),Dry,None,None,No overtaking,326000,673410,521589,Junction,Cyclist,363315,unset,EH89AA,No crossing facility within 50m or physical crossing facility not controlled by authorised person,Pedestrian phase at traffic signal junction,At scene,55.948005661496076,-3.186491976632359
681512,,Serious,1,1,30/11/2012,Friday,30,November,12,20,10,230,B,701,Dual carriageway - 2 lanes,30,'T' or staggered junction,Automatic Traffic Signal,Unclassified,,Darkness: street lights present and lit,Raining (without high winds),Dry,None,None,No overtaking,319620,669940,12201412,Junction,Pedestrian,363316,unset,EH142SW,No crossing facility within 50m or physical crossing facility not controlled by authorised person,Pedestrian phase at traffic signal junction,At scene,55.91581038106181,-3.2875885749448344
681712,,Slight,1,1,02/12/2012,Sunday,2,December,12,17,0,230,C,,Single carriageway - 2 lanes,30,Not at or within 20 metres of junction,unset,\,,Darkness: street lights present and lit,Fine (without high winds),Dry,None,None,No overtaking,326250,673550,2106511,Segment,Pedestrian,363507,unset,EH88AE,Control by other authorised person,Pedestrian phase at traffic signal junction,At scene,55.94930173891646,-3.182528183660768
681912,,Slight,2,1,30/11/2012,Friday,30,November,12,18,0,230,C,,Roundabout,30,Roundabout,Automatic Traffic Signal,C,,Darkness: street lights present and lit,Raining (without high winds),Dry,None,None,No overtaking,325140,673990,521070,Junction,Cyclist,363317,unset,EH22JG,No crossing facility within 50m or physical crossing facility not controlled by authorised person,Zebra crossing,At scene,55.95308231103429,-3.200420471877252
682312,,Slight,2,1,03/12/2012,Monday,3,December,12,10,0,230,C,,Single carriageway - 2 lanes,30,Not at or within 20 metres of junction,unset,\,,Daylight: street lights present,Fine (without high winds),Dry,None,None,No overtaking,322740,672740,559290,Segment,Cyclist,363508,unset,EH125NB,No crossing facility within 50m or physical crossing facility not controlled by authorised person,No physical crossing facility within 50m,At scene,55.94147360748875,-3.2384867224921754
682612,,Slight,2,1,03/12/2012,Monday,3,December,12,13,0,230,A,1140,Single carriageway - 2 lanes,30,Not at or within 20 metres of junction,unset,\,,Daylight: street lights present,Raining (without high winds),Dry,None,None,No overtaking,329180,674270,554918,Segment,T.V.N.P.,363509,unset,EH76RS,No crossing facility within 50m or physical crossing facility not controlled by authorised person,"Pelican, puffin, toucan or similar non-junction pedestrian light crossing",At scene,55.95621080327842,-3.135810365071747
682712,,Slight,2,1,03/12/2012,Monday,3,December,12,8,28,230,Unclassified,,Roundabout,30,Roundabout,Give way sign or markings,Unclassified,,Daylight: street lights present,Snowing (without high winds),Dry,None,None,No overtaking,326530,676900,0,Unset,Cyclist,363510,unset,EH66NE,No crossing facility within 50m or physical crossing facility not controlled by authorised person,No physical crossing facility within 50m,Elsewhere,55.97943716596991,-3.1789604640465545
682812,,Slight,1,1,03/12/2012,Monday,3,December,12,16,9,230,Unclassified,,Single carriageway - 2 lanes,30,Not at or within 20 metres of junction,unset,\,,Darkness: street lights present and lit,Fine (without high winds),Dry,None,None,No overtaking,321870,669120,564770,Segment,Bus,363511,unset,EH130NR,No crossing facility within 50m or physical crossing facility not controlled by authorised person,No physical crossing facility within 50m,At scene,55.9088156489817,-3.251362909893477
685912,,Slight,2,1,04/12/2012,Tuesday,4,December,12,17,30,230,Unclassified,,Single carriageway - 2 lanes,30,'T' or staggered junction,Give way sign or markings,C,,Darkness: street lights present and lit,Unknown,Dry,None,None,No overtaking,321930,672480,521916,Junction,T.V.N.P.,363512,unset,EH125TT,No crossing facility within 50m or physical crossing facility not controlled by authorised person,No physical crossing facility within 50m,Elsewhere,55.939007097864724,-3.2513758044341676
686812,,Slight,2,1,23/10/2012,Tuesday,23,October,12,8,56,230,A,702,Single carriageway - 2 lanes,30,Not at or within 20 metres of junction,unset,\,,Daylight: no street lighting,Fine (without high winds),Dry,None,None,No overtaking,324720,673640,520947,Junction,Cyclist,366112,unset,EH12DA,No crossing facility within 50m or physical crossing facility not controlled by authorised person,No physical crossing facility within 50m,At scene,55.94987264411719,-3.207047027490017
687712,,Slight,1,1,05/12/2012,Wednesday,5,December,12,16,0,230,A,70,Single carriageway - 2 lanes,30,'T' or staggered junction,Automatic Traffic Signal,Unclassified,,Darkness: street lights present and lit,Fine (without high winds),Dry,None,None,No overtaking,316430,666980,517927,Junction,Bus,363513,unset,EH147AN,No crossing facility within 50m or physical crossing facility not controlled by authorised person,Pedestrian phase at traffic signal junction,At scene,55.888678473679285,-3.337694935385333
688312,,Slight,3,1,05/12/2012,Wednesday,5,December,12,16,20,230,A,720,Dual carriageway - 2 lanes,70,Not at or within 20 metres of junction,unset,\,,Darkness: no street lighting,Fine (without high winds),Dry,None,None,No overtaking,323050,668060,570549,Segment,M.V.N.P.,363514,unset,EH107DS,No crossing facility within 50m or physical crossing facility not controlled by authorised person,No physical crossing facility within 50m,At scene,55.89948428499549,-3.232190263701683
688412,,Serious,1,1,04/12/2012,Tuesday,4,December,12,11,13,230,A,702,Single carriageway - 2 lanes,30,'T' or staggered junction,Automatic Traffic Signal,Unclassified,,Daylight: street lights present,Fine (without high winds),Dry,None,None,No overtaking,324760,673430,10254972,Junction,Pedestrian,363515,unset,EH12DA,No crossing facility within 50m or physical crossing facility not controlled by authorised person,Central refuge - no other controls,At scene,55.947992536507314,-3.2063479920280944
688712,,Slight,3,2,05/10/2012,Friday,5,October,12,20,30,230,Unclassified,,Single carriageway - 2 lanes,30,'T' or staggered junction,Give way sign or markings,Unclassified,,Darkness: street lights present and lit,Fine (without high winds),Dry,None,None,No overtaking,326640,672530,531406,Junction,M.V.N.P.,366113,unset,EH165BR,No crossing facility within 50m or physical crossing facility not controlled by authorised person,Pedestrian phase at traffic signal junction,At scene,55.9401989864594,-3.1760068545631444
688812,,Slight,2,1,05/12/2012,Wednesday,5,December,12,15,51,230,C,,Single carriageway - 2 lanes,30,Roundabout,Give way sign or markings,B,900,Darkness: street lights present and lit,Fine (without high winds),Dry,None,None,No overtaking,323520,674640,520101,Junction,Bus,363516,unset,EH42DL,No crossing facility within 50m or physical crossing facility not controlled by authorised person,No physical crossing facility within 50m,At scene,55.9586656119352,-3.226541968819619
691012,,Slight,2,1,05/12/2012,Wednesday,5,December,12,22,0,230,Unclassified,,Single carriageway - 2 lanes,30,Crossroads,Give way sign or markings,Unclassified,,Darkness: street lights present and lit,Other,Dry,None,None,No overtaking,324220,673710,10258599,Junction,T.V.N.P.,363517,unset,EH37HR,No crossing facility within 50m or physical crossing facility not controlled by authorised person,No physical crossing facility within 50m,At scene,55.95042274925499,-3.2150712842545537
691212,,Slight,1,1,07/12/2012,Friday,7,December,12,6,50,230,Unclassified,,Single carriageway - 2 lanes,30,'T' or staggered junction,Give way sign or markings,Unclassified,,Darkness: street lights present and lit,Other,Dry,None,None,No overtaking,326000,673040,521574,Junction,S.V.N.P.,363518,unset,EH89BT,Control by other authorised person,"Pelican, puffin, toucan or similar non-junction pedestrian light crossing",At scene,55.94468201394031,-3.186390324909136
691312,,Slight,1,1,07/12/2012,Friday,7,December,12,6,0,230,A,720,Dual carriageway - 2 lanes,70,Not at or within 20 metres of junction,unset,\,,Darkness: no street lighting,Snowing (without high winds),Dry,None,None,No overtaking,323560,668020,570534,Segment,S.V.N.P.,363519,unset,EH107DS,No crossing facility within 50m or physical crossing facility not controlled by authorised person,No physical crossing facility within 50m,At scene,55.899206316549105,-3.2240249170945527
692012,,Slight,2,1,07/12/2012,Friday,7,December,12,8,45,230,B,701,Single carriageway - 2 lanes,30,Other junction,Give way sign or markings,Unclassified,,Daylight: street lights present,Fine (without high winds),Dry,None,None,No overtaking,322400,668760,533032,Junction,Cyclist,363520,unset,EH130BX,No crossing facility within 50m or physical crossing facility not controlled by authorised person,No physical crossing facility within 50m,Elsewhere,55.9056677265934,-3.2427836886752432
693512,,Slight,2,1,06/12/2012,Thursday,6,December,12,18,14,230,C,,Single carriageway - 2 lanes,30,Crossroads,Give way sign or markings,Unclassified,,Darkness: street lights present and lit,Raining (without high winds),Dry,None,None,No overtaking,327000,675000,519864,Junction,Cyclist,363521,unset,EH75NA,No crossing facility within 50m or physical crossing facility not controlled by authorised person,"Pelican, puffin, toucan or similar non-junction pedestrian light crossing",At scene,55.962441562307674,-3.1709145703059614
694412,,Serious,1,2,07/12/2012,Friday,7,December,12,15,43,230,A,902,Single carriageway - 2 lanes,30,Not at or within 20 metres of junction,unset,\,,Darkness: street lights present and lit,Raining (without high winds),Dry,None,None,No overtaking,322740,675160,563664,Segment,Pedestrian,363522,unset,EH42PX,No crossing facility within 50m or physical crossing facility not controlled by authorised person,Central refuge - no other controls,At scene,55.96321161660727,-3.2391810850852467
694812,,Fatal,1,1,08/12/2012,Saturday,8,December,12,1,20,230,C,,Single carriageway - 2 lanes,30,Crossroads,Automatic Traffic Signal,Unclassified,,Darkness: street lights present and lit,Fine (without high winds),Dry,None,None,No overtaking,325260,674330,520530,Junction,Pedestrian,363523,unset,EH36QG,No crossing facility within 50m or physical crossing facility not controlled by authorised person,Pedestrian phase at traffic signal junction,At scene,55.95615516078308,-3.1985936000094153
694912,,Serious,1,1,08/12/2012,Saturday,8,December,12,20,0,230,Unclassified,,Single carriageway - 2 lanes,30,Other junction,Give way sign or markings,C,,Darkness: street lights present and lit,Raining (without high winds),Dry,None,None,No overtaking,326280,675570,519445,Junction,Pedestrian,363524,unset,EH65BB,No crossing facility within 50m or physical crossing facility not controlled by authorised person,No physical crossing facility within 50m,At scene,55.9674516583417,-3.1826012003582402
696712,,Slight,1,1,08/12/2012,Saturday,8,December,12,23,27,230,Unclassified,,Single carriageway - 2 lanes,20,Crossroads,Automatic Traffic Signal,C,,Daylight: no street lighting,Raining (without high winds),Dry,None,None,No overtaking,325260,674300,520530,Junction,Pedestrian,363525,unset,EH21JX,Control by other authorised person,Pedestrian phase at traffic signal junction,At scene,55.95588567746281,-3.198585270588764
697112,,Slight,1,1,08/12/2012,Saturday,8,December,12,16,0,230,Unclassified,,Single carriageway - 2 lanes,30,'T' or staggered junction,Give way sign or markings,A,900,Daylight: no street lighting,Fine (without high winds),Dry,None,None,No overtaking,326510,675030,523233,Junction,Pedestrian,363526,unset,EH74NZ,Control by other authorised person,Pedestrian phase at traffic signal junction,At scene,55.96263622887902,-3.178769877489998
697812,,Serious,1,1,05/12/2012,Wednesday,5,December,12,17,16,230,Unclassified,,Single carriageway - 2 lanes,30,'T' or staggered junction,Give way sign or markings,B,901,Daylight: no street lighting,Fine (without high winds),Dry,None,None,No overtaking,325810,674560,520194,Junction,Pedestrian,363527,unset,EH13SB,Control by other authorised person,Pedestrian phase at traffic signal junction,At scene,55.95830656225505,-3.1898504810436314
698512,,Slight,2,1,10/12/2012,Monday,10,December,12,11,40,230,C,,One way Street,30,'T' or staggered junction,Give way sign or markings,Unclassified,,Daylight: no street lighting,Fine (without high winds),Dry,None,None,No overtaking,325710,673290,521535,Junction,Cyclist,363528,unset,EH11EY,Control by other authorised person,Pedestrian phase at traffic signal junction,At scene,55.946882924465406,-3.1911013378012756
698712,,Fatal,1,1,10/12/2012,Monday,10,December,12,11,25,230,Unclassified,,Single carriageway - 2 lanes,30,Other junction,Give way sign or markings,Unclassified,,Daylight: street lights present,Fine (without high winds),Dry,None,None,No overtaking,316310,666210,12218785,Junction,Pedestrian,363529,unset,EH147LA,No crossing facility within 50m or physical crossing facility not controlled by authorised person,No physical crossing facility within 50m,At scene,55.88174117332855,-3.33937463509051
698912,,Slight,2,2,10/12/2012,Monday,10,December,12,15,2,230,A,71,Dual carriageway - 2 lanes,40,Roundabout,Give way sign or markings,Unclassified,,Daylight: street lights present,Fine (without high winds),Dry,None,None,No overtaking,320090,670840,529672,Junction,T.V.N.P.,363530,unset,EH114AJ,No crossing facility within 50m or physical crossing facility not controlled by authorised person,No physical crossing facility within 50m,At scene,55.923973056297456,-3.280337610500102
699112,,Slight,1,1,10/12/2012,Monday,10,December,12,15,25,230,Unclassified,,Single carriageway - 2 lanes,30,'T' or staggered junction,Give way sign or markings,Unclassified,,Daylight: street lights present,Fine (without high winds),Dry,None,None,No overtaking,322540,675990,0,Unset,Pedestrian,363531,unset,EH44DA,No crossing facility within 50m or physical crossing facility not controlled by authorised person,No physical crossing facility within 50m,Elsewhere,55.9706349347757,-3.242622961170366
699412,,Slight,1,1,10/12/2012,Monday,10,December,12,17,53,230,C,,Single carriageway - 2 lanes,30,Not at or within 20 metres of junction,unset,\,,Darkness: street lights present and lit,Fine (without high winds),Dry,None,None,No overtaking,322960,675680,559982,Segment,Pedestrian,363532,unset,EH42NT,No crossing facility within 50m or physical crossing facility not controlled by authorised person,Pedestrian phase at traffic signal junction,At scene,55.96791797011602,-3.2358067999338314
700912,,Slight,1,1,10/12/2012,Monday,10,December,12,11,10,230,Unclassified,,Single carriageway - 2 lanes,30,Not at or within 20 metres of junction,unset,\,,Daylight: street lights present,Fine (without high winds),Dry,None,None,No overtaking,320340,670400,565295,Segment,Bus,363533,unset,EH142PB,No crossing facility within 50m or physical crossing facility not controlled by authorised person,No physical crossing facility within 50m,Elsewhere,55.92006224387956,-3.2762081826014566
701012,,Slight,1,1,11/12/2012,Tuesday,11,December,12,16,44,230,Unclassified,,Single carriageway - 2 lanes,30,Multiple junction,Give way sign or markings,Unclassified,,Darkness: street lights present and lit,Other,Dry,None,None,No overtaking,320550,670680,530437,Junction,Pedestrian,363534,unset,EH114RY,No crossing facility within 50m or physical crossing facility not controlled by authorised person,Central refuge - no other controls,At scene,55.92261213310339,-3.2729313754670324
701612,,Slight,1,1,11/12/2012,Tuesday,11,December,12,17,30,230,A,702,Single carriageway - 2 lanes,30,'T' or staggered junction,Give way sign or markings,Unclassified,,Darkness: street lights present and lit,Fine (without high winds),Dry,None,None,No overtaking,324920,672830,533344,Junction,Pedestrian,363535,unset,EH39NA,No crossing facility within 50m or physical crossing facility not controlled by authorised person,"Pelican, puffin, toucan or similar non-junction pedestrian light crossing",At scene,55.94262792545364,-3.2036194165870424
703012,,Slight,2,1,12/12/2012,Wednesday,12,December,12,7,30,230,Unclassified,,Single carriageway - 2 lanes,30,'T' or staggered junction,Give way sign or markings,Unclassified,,Darkness: street lights present and lit,Fine (without high winds),Dry,None,None,No overtaking,325930,673790,10293610,Junction,T.V.N.P.,363536,unset,EH88DN,No crossing facility within 50m or physical crossing facility not controlled by authorised person,"Pelican, puffin, toucan or similar non-junction pedestrian light crossing",At scene,55.95140833636427,-3.18771709164941
704112,,Serious,1,1,13/12/2012,Thursday,13,December,12,0,7,230,Unclassified,,Single carriageway - 2 lanes,30,Not at or within 20 metres of junction,unset,\,,Darkness: street lights present and lit,Fine (without high winds),Dry,None,None,No overtaking,326570,673620,0,Unset,Pedestrian,363537,unset,EH88AP,No crossing facility within 50m or physical crossing facility not controlled by authorised person,No physical crossing facility within 50m,At scene,55.94997960555895,-3.177424362436576
705712,,Slight,2,1,12/12/2012,Wednesday,12,December,12,15,15,230,A,901,Single carriageway - 2 lanes,30,Other junction,Automatic Traffic Signal,A,901,Daylight: street lights present,Fine (without high winds),Dry,None,None,No overtaking,326450,676730,531307,Junction,Bus,363538,unset,EH66LA,No crossing facility within 50m or physical crossing facility not controlled by authorised person,No physical crossing facility within 50m,Elsewhere,55.977897822114095,-3.1801956695681466
706012,,Slight,2,1,13/12/2012,Thursday,13,December,12,10,15,230,Unclassified,,Single carriageway - 2 lanes,30,Crossroads,Give way sign or markings,Unclassified,,Daylight: street lights present,Fine (without high winds),Dry,None,None,No overtaking,324120,673630,10258603,Junction,T.V.N.P.,363539,unset,EH37RA,No crossing facility within 50m or physical crossing facility not controlled by authorised person,Pedestrian phase at traffic signal junction,At scene,55.94968833118381,-3.216649675656188
707012,,Slight,1,1,13/12/2012,Thursday,13,December,12,19,30,230,Unclassified,,Single carriageway - 2 lanes,30,'T' or staggered junction,Give way sign or markings,A,1,Darkness: street lights present and lit,Fine (without high winds),Dry,None,None,No overtaking,328260,674150,523383,Junction,Pedestrian,363540,unset,EH87AD,No crossing facility within 50m or physical crossing facility not controlled by authorised person,Pedestrian phase at traffic signal junction,At scene,55.95499617044326,-3.1505095260267457
707112,,Slight,1,1,13/12/2012,Thursday,13,December,12,14,30,230,Unclassified,,Single carriageway - 2 lanes,30,'T' or staggered junction,Give way sign or markings,Unclassified,,Daylight: street lights present,Fine (without high winds),Dry,None,None,No overtaking,324530,671200,530419,Junction,Pedestrian,363541,unset,EH104QT,No crossing facility within 50m or physical crossing facility not controlled by authorised person,No physical crossing facility within 50m,At scene,55.92792485633324,-3.2094054408542547
707312,,Slight,2,1,13/12/2012,Thursday,13,December,12,15,11,230,A,720,Roundabout,30,Roundabout,Give way sign or markings,A,701,Daylight: street lights present,Fine (without high winds),Dry,None,None,No overtaking,327410,666980,2587878,Junction,T.V.N.P.,363542,unset,EH178SG,No crossing facility within 50m or physical crossing facility not controlled by authorised person,No physical crossing facility within 50m,At scene,55.89046064311492,-3.16218984844752
708012,,Slight,2,1,14/12/2012,Friday,14,December,12,13,15,230,A,901,Single carriageway - 2 lanes,30,Crossroads,Automatic Traffic Signal,B,900,Daylight: street lights present,Fine (without high winds),Dry,None,None,No overtaking,326730,676170,531355,Junction,T.V.N.P.,363543,unset,EH65LE,Control by school crossing patrol,Pedestrian phase at traffic signal junction,At scene,55.972910315357666,-3.175557198043488
708412,,Slight,1,1,14/12/2012,Friday,14,December,12,16,0,230,A,7,Single carriageway - 2 lanes,30,Other junction,Automatic Traffic Signal,Unclassified,,Darkness: street lights present and lit,Raining (without high winds),Dry,None,None,No overtaking,326350,672580,532690,Junction,Pedestrian,363544,unset,EH89PR,No crossing facility within 50m or physical crossing facility not controlled by authorised person,Pedestrian phase at traffic signal junction,At scene,55.94060372912596,-3.180662065638123
709012,,Serious,1,1,14/12/2012,Friday,14,December,12,18,0,230,Unclassified,,Single carriageway - 2 lanes,30,'T' or staggered junction,Give way sign or markings,Unclassified,,Darkness: street lights present and lit,Raining (without high winds),Dry,None,None,No overtaking,323750,670460,12227733,Junction,Pedestrian,363545,unset,EH105PU,No crossing facility within 50m or physical crossing facility not controlled by authorised person,No physical crossing facility within 50m,At scene,55.92115443924823,-3.2216762808913804
709312,,Serious,1,1,14/12/2012,Friday,14,December,12,18,22,230,C,,Single carriageway - 2 lanes,30,'T' or staggered junction,Give way sign or markings,Unclassified,,Darkness: street lights present and lit,Raining (without high winds),Dry,None,None,No overtaking,325300,673300,521484,Junction,Cyclist,363546,unset,EH12HY,No crossing facility within 50m or physical crossing facility not controlled by authorised person,"Pelican, puffin, toucan or similar non-junction pedestrian light crossing",At scene,55.946909119664575,-3.1976673851084945
709512,,Slight,2,1,14/12/2012,Friday,14,December,12,19,45,230,C,,Single carriageway - 2 lanes,30,Not at or within 20 metres of junction,unset,\,,Darkness: street lights present and lit,Raining (without high winds),Dry,None,None,No overtaking,319420,672640,564415,Segment,T.V.N.P.,363547,unset,EH127UH,No crossing facility within 50m or physical crossing facility not controlled by authorised person,Pedestrian phase at traffic signal junction,At scene,55.94002964763094,-3.2915941875034576
709612,,Slight,1,1,14/12/2012,Friday,14,December,12,23,35,230,A,702,Dual carriageway - 2 lanes,30,Not at or within 20 metres of junction,unset,\,,Darkness: street lights present and lit,Raining (without high winds),Dry,None,None,No overtaking,324890,672980,549192,Segment,Pedestrian,363548,unset,EH39BN,No crossing facility within 50m or physical crossing facility not controlled by authorised person,Pedestrian phase at traffic signal junction,At scene,55.94397064937472,-3.204141421419137
710312,,Slight,2,1,14/12/2012,Friday,14,December,12,18,0,230,Unclassified,,Single carriageway - 2 lanes,30,'T' or staggered junction,Give way sign or markings,Unclassified,,Darkness: street lights present and lit,Raining (without high winds),Dry,None,None,No overtaking,325360,674710,0,Unset,Cyclist,363549,unset,EH36RZ,No crossing facility within 50m or physical crossing facility not controlled by authorised person,No physical crossing facility within 50m,Elsewhere,55.95958418322326,-3.197097796697136
711012,,Slight,1,1,15/12/2012,Saturday,15,December,12,14,50,230,Unclassified,,Dual carriageway - 2 lanes,30,Not at or within 20 metres of junction,unset,\,,Daylight: street lights present,Fine (without high winds),Dry,None,None,No overtaking,325420,673890,551196,Segment,Bus,363550,unset,EH22DF,No crossing facility within 50m or physical crossing facility not controlled by authorised person,"Pelican, puffin, toucan or similar non-junction pedestrian light crossing",At scene,55.95222762967496,-3.1959098203126386
711212,,Slight,1,1,15/12/2012,Saturday,15,December,12,15,50,230,C,,Single carriageway - 2 lanes,30,Not at or within 20 metres of junction,unset,\,,Darkness: street lights present and lit,Fine (without high winds),Dry,None,None,No overtaking,320200,672170,564454,Segment,Pedestrian,363551,unset,EH127DP,No crossing facility within 50m or physical crossing facility not controlled by authorised person,No physical crossing facility within 50m,Elsewhere,55.93593812211142,-3.2789714058980337
711912,,Slight,1,1,16/12/2012,Sunday,16,December,12,9,20,230,A,90,Single carriageway - 3 lanes,40,Slip road,Give way sign or markings,Unclassified,,Daylight: no street lighting,Fine (without high winds),Dry,None,None,No overtaking,317280,676040,517447,Junction,S.V.N.P.,363552,unset,EH309TJ,No crossing facility within 50m or physical crossing facility not controlled by authorised person,No physical crossing facility within 50m,At scene,55.97020570934911,-3.3268881557312766
712312,,Slight,2,1,14/12/2012,Friday,14,December,12,16,5,230,C,,Single carriageway - 2 lanes,30,Crossroads,Automatic Traffic Signal,C,,Darkness: street lights present and lit,Raining (without high winds),Dry,None,None,No overtaking,325290,674200,520521,Junction,T.V.N.P.,363553,unset,EH21JX,No crossing facility within 50m or physical crossing facility not controlled by authorised person,No physical crossing facility within 50m,Elsewhere,55.954992071465036,-3.198077167268585
712512,,Slight,1,1,14/12/2012,Friday,14,December,12,19,14,230,A,7,Single carriageway - 2 lanes,30,'T' or staggered junction,Give way sign or markings,Unclassified,,Darkness: no street lighting,Fine (without high winds),Dry,None,None,No overtaking,326100,673170,521580,Junction,Pedestrian,363554,unset,EH89BZ,Control by other authorised person,Pedestrian phase at traffic signal junction,Elsewhere,55.94586518846807,-3.1848252753233206
712812,,Slight,1,1,16/12/2012,Sunday,16,December,12,16,0,230,A,7,Single carriageway - 2 lanes,30,Not at or within 20 metres of junction,unset,\,,Daylight: no street lighting,Fine (without high winds),Dry,None,None,No overtaking,325910,673740,569273,Segment,Pedestrian,363555,unset,EH11QG,No crossing facility within 50m or physical crossing facility not controlled by authorised person,"Pelican, puffin, toucan or similar non-junction pedestrian light crossing",At scene,55.95095610811808,-3.1880235320881463
713512,,Slight,2,1,14/12/2012,Friday,14,December,12,22,37,230,C,,Single carriageway - 2 lanes,30,Not at or within 20 metres of junction,unset,\,,Daylight: no street lighting,Raining (without high winds),Dry,None,None,No overtaking,322620,676670,559670,Segment,T.V.N.P.,363556,unset,EH51QW,Control by other authorised person,Pedestrian phase at traffic signal junction,At scene,55.976756022692996,-3.241537236639425
713712,,Slight,1,1,15/12/2012,Saturday,15,December,12,1,45,230,C,,Single carriageway - 2 lanes,20,Crossroads,Automatic Traffic Signal,C,,Daylight: no street lighting,Fine (without high winds),Dry,None,None,No overtaking,325290,674210,520521,Junction,Pedestrian,363557,unset,EH21JX,Control by other authorised person,Pedestrian phase at traffic signal junction,Elsewhere,55.95508189926966,-3.198079942456595
714312,,Slight,2,1,15/12/2012,Saturday,15,December,12,17,50,230,Unclassified,,Single carriageway - 2 lanes,30,Multiple junction,Automatic Traffic Signal,Unclassified,,Darkness: street lights present and lit,Fine (without high winds),Dry,None,None,No overtaking,324500,670890,529831,Junction,T.V.N.P.,363558,unset,EH105QE,No crossing facility within 50m or physical crossing facility not controlled by authorised person,Pedestrian phase at traffic signal junction,Elsewhere,55.925135478946856,-3.209798661371998
714712,,Slight,1,1,02/11/2012,Friday,2,November,12,8,50,230,Unclassified,,Single carriageway - 2 lanes,20,'T' or staggered junction,Give way sign or markings,Unclassified,,Daylight: street lights present,Fine (without high winds),Dry,None,None,No overtaking,325500,676220,519250,Junction,Pedestrian,363318,unset,EH64RE,No crossing facility within 50m or physical crossing facility not controlled by authorised person,No physical crossing facility within 50m,Elsewhere,55.973169931936745,-3.1952741218246903
714912,,Slight,2,1,17/12/2012,Monday,17,December,12,9,55,230,A,70,Single carriageway - 2 lanes,30,'T' or staggered junction,Give way sign or markings,Unclassified,,Daylight: street lights present,Fine (without high winds),Dry,None,None,No overtaking,323590,672590,521784,Junction,T.V.N.P.,363559,unset,EH112ES,No crossing facility within 50m or physical crossing facility not controlled by authorised person,No physical crossing facility within 50m,At scene,55.940262232249864,-3.2248394486882828
715412,,Slight,2,1,17/12/2012,Monday,17,December,12,16,45,230,C,,Single carriageway - 2 lanes,30,'T' or staggered junction,Give way sign or markings,Unclassified,,Darkness: street lights present and lit,Fine (without high winds),Dry,None,None,No overtaking,326270,673730,521163,Junction,Cyclist,363560,unset,EH88DQ,No crossing facility within 50m or physical crossing facility not controlled by authorised person,No physical crossing facility within 50m,Elsewhere,55.95092172290939,-3.1822572861464637
717312,,Slight,1,1,18/12/2012,Tuesday,18,December,12,10,15,230,A,720,Dual carriageway - 2 lanes,50,Slip road,Give way sign or markings,A,720,Daylight: street lights present,Fine (without high winds),Dry,None,None,No overtaking,318270,670830,9657925,Junction,S.V.N.P.,363561,unset,EH129BU,No crossing facility within 50m or physical crossing facility not controlled by authorised person,No physical crossing facility within 50m,At scene,55.923577084809914,-3.3094507247412936
719112,,Slight,1,1,30/11/2012,Friday,30,November,12,5,30,230,A,90,Single carriageway - 2 lanes,40,Not at or within 20 metres of junction,unset,\,,Darkness: street lights present and lit,Fine (without high winds),Dry,Road marking defective or obscured,Other object in carriageway,No overtaking,318370,675000,555447,Segment,S.V.N.P.,363319,unset,EH46AT,No crossing facility within 50m or physical crossing facility not controlled by authorised person,Pedestrian phase at traffic signal junction,At scene,55.96105077657472,-3.309114205981412