acc_ref,beat_no,severity,no_vehicle,no_casualt,a_date,a_day,a_date_day,a_date_mon,a_date_yr,a_time_hr,a_time_min,loc_auth,road1_class,road1_no,road_type,speed_limi,junc_det,junc_ctrl,road2_class,road2_no,light_cond,weather,road_surf,spec_cond,cway_hzrds,ovrtk_patrn,easting,northing,net_id,net_type,acc_type,text_id,division,Postcode,ped_xing_hc,ped_xing_p,place_reported,latitude,longitude
719312,,Slight,4,1,19/12/2012,Wednesday,19,December,12,10,0,230,C,,Single carriageway - 2 lanes,30,Not at or within 20 metres of junction,unset,\,,Daylight: street lights present,Fine (without high winds),Dry,None,None,No overtaking,326610,671460,563149,Segment,M.V.N.P.,363562,unset,EH93AA,No crossing facility within 50m or physical crossing facility not controlled by authorised person,Pedestrian phase at traffic signal junction,At scene,55.93058271983126,-3.1761956705910985
720012,,Slight,2,1,18/12/2012,Tuesday,18,December,12,17,35,230,Unclassified,,Single carriageway - 2 lanes,30,Not at or within 20 metres of junction,unset,\,,Darkness: street lights present and lit,Fine (without high winds),Dry,None,None,No overtaking,323920,669420,564902,Segment,Cyclist,363563,unset,EH139JP,No crossing facility within 50m or physical crossing facility not controlled by authorised person,No physical crossing facility within 50m,Elsewhere,55.911839309014674,-3.218663561573738
720112,,Slight,2,1,18/12/2012,Tuesday,18,December,12,18,24,230,Unclassified,,Single carriageway - 2 lanes,30,Mini-roundabout,Give way sign or markings,Unclassified,,Darkness: street lights present and lit,Fine (without high winds),Dry,None,None,No overtaking,324290,675500,12232951,Junction,T.V.N.P.,363564,unset,EH35PA,No crossing facility within 50m or physical crossing facility not controlled by authorised person,Zebra crossing,At scene,55.96651286950222,-3.214454136898038
721812,,Slight,2,3,13/12/2012,Thursday,13,December,12,14,40,230,Unclassified,,Single carriageway - 2 lanes,30,Crossroads,Give way sign or markings,Unclassified,,Daylight: street lights present,Fine (without high winds),Dry,None,None,No overtaking,331320,672910,523743,Junction,T.V.N.P.,363565,unset,EH152ND,No crossing facility within 50m or physical crossing facility not controlled by authorised person,"Pelican, puffin, toucan or similar non-junction pedestrian light crossing",At scene,55.94430491991944,-3.101197048957889
722512,,Slight,2,1,20/12/2012,Thursday,20,December,12,9,0,230,A,702,Single carriageway - 2 lanes,30,Multiple junction,Give way sign or markings,Unclassified,,Daylight: street lights present,Raining (without high winds),Dry,None,None,No overtaking,324510,672060,522024,Junction,T.V.N.P.,363566,unset,EH104DE,No crossing facility within 50m or physical crossing facility not controlled by authorised person,"Pelican, puffin, toucan or similar non-junction pedestrian light crossing",At scene,55.935646900734696,-3.209966241733971
723312,,Slight,2,1,20/12/2012,Thursday,20,December,12,18,30,230,Unclassified,,Single carriageway - 2 lanes,30,'T' or staggered junction,Give way sign or markings,C,,Darkness: street lights present and lit,Raining (without high winds),Dry,None,None,No overtaking,322160,675610,519370,Junction,T.V.N.P.,363567,unset,EH44PH,No crossing facility within 50m or physical crossing facility not controlled by authorised person,No physical crossing facility within 50m,At scene,55.96716002529771,-3.2485996412498457
723712,,Slight,2,1,20/12/2012,Thursday,20,December,12,13,40,230,C,,Single carriageway - 2 lanes,30,Crossroads,Automatic Traffic Signal,Unclassified,,Daylight: street lights present,Fine (without high winds),Dry,None,None,No overtaking,326150,673700,521157,Junction,T.V.N.P.,363568,unset,EH11TB,No crossing facility within 50m or physical crossing facility not controlled by authorised person,Pedestrian phase at traffic signal junction,At scene,55.950633786895224,-3.184170225559201
724112,,Slight,2,1,21/12/2012,Friday,21,December,12,8,40,230,Unclassified,,Roundabout,30,Roundabout,Give way sign or markings,Unclassified,,Darkness: street lights present and lit,Raining (without high winds),Dry,None,None,No overtaking,322970,675740,519400,Junction,T.V.N.P.,363569,unset,EH42NY,No crossing facility within 50m or physical crossing facility not controlled by authorised person,Pedestrian phase at traffic signal junction,At scene,55.96845853438519,-3.235663817241139
724912,,Slight,2,2,20/12/2012,Thursday,20,December,12,14,45,230,A,6095,Single carriageway - 2 lanes,30,Crossroads,Automatic Traffic Signal,A,6106,Darkness: street lights present and lit,Fine (without high winds),Dry,None,None,No overtaking,330520,671750,530050,Junction,T.V.N.P.,363570,unset,EH153HH,No crossing facility within 50m or physical crossing facility not controlled by authorised person,Pedestrian phase at traffic signal junction,At scene,55.93376941825746,-3.1137038499200873
725312,,Slight,1,1,21/12/2012,Friday,21,December,12,13,25,230,Unclassified,,Single carriageway - 2 lanes,30,Crossroads,Automatic Traffic Signal,Unclassified,,Daylight: no street lighting,Raining (without high winds),Dry,None,None,No overtaking,328340,674150,523374,Junction,Pedestrian,363571,unset,EH87AA,No crossing facility within 50m or physical crossing facility not controlled by authorised person,Pedestrian phase at traffic signal junction,At scene,55.95500812514286,-3.14922859776794
726412,,Slight,2,2,22/12/2012,Saturday,22,December,12,11,30,230,B,701,Single carriageway - 2 lanes,30,'T' or staggered junction,Give way sign or markings,Unclassified,,Daylight: street lights present,Raining (without high winds),Dry,None,None,No overtaking,327740,668220,530296,Junction,T.V.N.P.,363572,unset,EH178DT,No crossing facility within 50m or physical crossing facility not controlled by authorised person,No physical crossing facility within 50m,Elsewhere,55.901649253168785,-3.1572464234012076
726912,,Serious,1,1,22/12/2012,Saturday,22,December,12,11,0,230,A,7,Single carriageway - 2 lanes,30,Not at or within 20 metres of junction,unset,\,,Daylight: street lights present,Raining (without high winds),Dry,None,None,No overtaking,326120,673120,569282,Segment,Pedestrian,363573,unset,EH89BZ,No crossing facility within 50m or physical crossing facility not controlled by authorised person,Central refuge - no other controls,At scene,55.94541912529438,-3.184491408740479
729412,,Slight,2,1,23/12/2012,Sunday,23,December,12,23,0,230,A,70,Single carriageway - 2 lanes,30,'T' or staggered junction,Give way sign or markings,Unclassified,,Daylight: no street lighting,Raining (without high winds),Dry,None,None,No overtaking,322900,671790,522243,Junction,T.V.N.P.,363574,unset,EH111QY,Control by other authorised person,Pedestrian phase at traffic signal junction,At scene,55.932965781322714,-3.235654082994108
729712,,Slight,1,1,24/12/2012,Monday,24,December,12,5,55,230,A,1,Single carriageway - 2 lanes,20,'T' or staggered junction,Give way sign or markings,A,1,Daylight: no street lighting,Raining (without high winds),Dry,None,None,No overtaking,326100,674080,520650,Junction,S.V.N.P.,363575,unset,EH75AA,Control by other authorised person,Pedestrian phase at traffic signal junction,At scene,55.95403956447419,-3.1850750033928383
731812,,Slight,2,1,24/12/2012,Monday,24,December,12,15,10,230,Unclassified,,Single carriageway - 2 lanes,30,'T' or staggered junction,Give way sign or markings,Unclassified,,Darkness: street lights present and lit,Raining (without high winds),Dry,None,None,No overtaking,327810,674250,2306885,Junction,Bus,363576,unset,EH76AE,No crossing facility within 50m or physical crossing facility not controlled by authorised person,No physical crossing facility within 50m,At scene,55.955826968256346,-3.1577415472596004
733512,,Slight,3,1,25/12/2012,Tuesday,25,December,12,13,0,230,Motorway,8,Roundabout,30,Roundabout,Automatic Traffic Signal,Motorway,8,Daylight: no street lighting,Fine (without high winds),Dry,None,None,No overtaking,318050,670940,6453338,Junction,M.V.N.P.,363577,unset,EH129BU,Control by other authorised person,Pedestrian phase at traffic signal junction,At scene,55.924527679443045,-3.313003626935678
734512,,Slight,2,2,25/12/2012,Tuesday,25,December,12,16,0,230,Unclassified,,Single carriageway - 2 lanes,30,Crossroads,Automatic Traffic Signal,C,,Darkness: street lights present but unlit,Fine (without high winds),Dry,None,None,No overtaking,322590,670360,529981,Junction,T.V.N.P.,363578,unset,EH141DW,No crossing facility within 50m or physical crossing facility not controlled by authorised person,Pedestrian phase at traffic signal junction,At scene,55.92007068124281,-3.240204271734889
735412,,Serious,2,3,26/12/2012,Wednesday,26,December,12,21,50,230,Unclassified,,Single carriageway - 2 lanes,30,Crossroads,Give way sign or markings,Unclassified,,Darkness: street lights present but unlit,Unknown,Dry,None,None,No overtaking,324220,673710,10258599,Junction,T.V.N.P.,363579,unset,EH37HR,No crossing facility within 50m or physical crossing facility not controlled by authorised person,No physical crossing facility within 50m,At scene,55.95042274925499,-3.2150712842545537
736212,,Slight,2,1,11/12/2012,Tuesday,11,December,12,14,0,230,A,8,Single carriageway - 2 lanes,30,Crossroads,Automatic Traffic Signal,A,90,Daylight: street lights present,Unknown,Dry,None,None,No overtaking,324780,673700,520929,Junction,T.V.N.P.,363580,unset,EH24BL,No crossing facility within 50m or physical crossing facility not controlled by authorised person,Pedestrian phase at traffic signal junction,Elsewhere,55.95042101718806,-3.2061032371768383
739212,,Slight,1,1,29/12/2012,Saturday,29,December,12,18,10,230,Unclassified,,Single carriageway - 2 lanes,30,Not at or within 20 metres of junction,unset,\,,Darkness: street lights present and lit,Fine with high winds,Dry,None,None,No overtaking,320260,669820,565043,Segment,Pedestrian,363581,unset,EH143AQ,No crossing facility within 50m or physical crossing facility not controlled by authorised person,Central refuge - no other controls,At scene,55.914839086232,-3.2773165263153134
739912,,Slight,1,1,29/12/2012,Saturday,29,December,12,13,35,230,C,,Single carriageway - 2 lanes,30,Not at or within 20 metres of junction,unset,\,,Daylight: street lighting unknown,Raining with high winds,Dry,None,None,No overtaking,325520,673080,567135,Segment,Bus,363582,unset,EH39EE,No crossing facility within 50m or physical crossing facility not controlled by authorised person,No physical crossing facility within 50m,Elsewhere,55.944967090136956,-3.1940847920285487
740012,,Slight,3,1,30/12/2012,Sunday,30,December,12,15,9,230,Unclassified,,Single carriageway - 2 lanes,30,Not at or within 20 metres of junction,unset,\,,Daylight: street lights present,Raining with high winds,Dry,None,None,No overtaking,323960,675910,2580740,Segment,M.V.N.P.,363583,unset,EH52PR,No crossing facility within 50m or physical crossing facility not controlled by authorised person,No physical crossing facility within 50m,At scene,55.97014356986902,-3.219855304910074
740312,,Slight,1,1,28/12/2012,Friday,28,December,12,16,30,230,A,90,Single carriageway - 2 lanes,30,Not at or within 20 metres of junction,unset,\,,Darkness: street lights present and lit,Fine (without high winds),Dry,None,None,No overtaking,321370,674970,555672,Segment,Pedestrian,363584,unset,EH45EG,No crossing facility within 50m or physical crossing facility not controlled by authorised person,"Pelican, puffin, toucan or similar non-junction pedestrian light crossing",At scene,55.961282337872596,-3.261065241086686
3013,,Slight,1,1,01/01/2013,Tuesday,1,January,13,3,0,S12000036,A,199,Single carriageway - 2 lanes,30,Crossroads,Automatic Traffic Signal,Unclassified,,Darkness: street lights present and lit,Fine (without high winds),Dry,None,None,No overtaking,327130,676530,519052,Junction,S.V.N.P.,366838,unset,EH66SL,No crossing facility within 50m or physical crossing facility not controlled by authorised person,Pedestrian phase at traffic signal junction,At scene,55.976205094284424,-3.1692472154896207
3313,,Slight,1,1,02/01/2013,Wednesday,2,January,13,12,56,S12000036,Unclassified,,Single carriageway - 2 lanes,30,Not at or within 20 metres of junction,unset,\,,Daylight: street lights present,Fine (without high winds),Dry,None,None,No overtaking,322700,672620,559224,Segment,Pedestrian,366839,unset,EH112RB,No crossing facility within 50m or physical crossing facility not controlled by authorised person,No physical crossing facility within 50m,At scene,55.94038924929611,-3.2390925184761135
3413,,Slight,2,2,02/01/2013,Wednesday,2,January,13,16,24,S12000036,A,6106,Single carriageway - 2 lanes,30,'T' or staggered junction,Give way sign or markings,Unclassified,,Daylight: street lights present,Fine (without high winds),Dry,None,None,No overtaking,330060,673770,529624,Junction,T.V.N.P.,366840,unset,EH151LU,Control by other authorised person,Pedestrian phase at traffic signal junction,At scene,55.95184838190823,-3.1215896818421496
4513,,Slight,3,6,02/01/2013,Wednesday,2,January,13,16,15,S12000036,A,720,Dual carriageway - 2 lanes,70,Slip road,Give way sign or markings,A,720,Daylight: street lights present,Fine (without high winds),Dry,None,None,No overtaking,324500,667810,2588177,Junction,M.V.N.P.,366841,unset,EH107DS,No crossing facility within 50m or physical crossing facility not controlled by authorised person,No physical crossing facility within 50m,At scene,55.897468431940766,-3.208937268173897
5213,,Slight,3,1,03/01/2013,Thursday,3,January,13,13,45,S12000036,A,7,Single carriageway - 2 lanes,30,Not at or within 20 metres of junction,unset,\,,Daylight: street lights present,Fine (without high winds),Dry,None,None,No overtaking,326210,672840,532699,Junction,M.V.N.P.,366842,unset,EH89EZ,No crossing facility within 50m or physical crossing facility not controlled by authorised person,No physical crossing facility within 50m,At scene,55.94291777241493,-3.1829740402865605
6813,,Slight,1,1,04/01/2013,Friday,4,January,13,14,7,S12000036,Unclassified,,Single carriageway - 2 lanes,30,Not at or within 20 metres of junction,unset,\,,Daylight: street lights present,Fine (without high winds),Dry,None,None,No overtaking,312170,672550,12231269,Segment,S.V.N.P.,366843,unset,EH288ST,No crossing facility within 50m or physical crossing facility not controlled by authorised person,No physical crossing facility within 50m,At scene,55.93794998053144,-3.4075934796647225
6913,,Slight,2,2,01/01/2013,Tuesday,1,January,13,13,0,S12000036,Unclassified,,Single carriageway - 2 lanes,30,Not at or within 20 metres of junction,unset,\,,Daylight: street lights present,Fine (without high winds),Dry,None,None,No overtaking,326320,676700,0,Unset,T.V.N.P.,366844,unset,EH64BE,No crossing facility within 50m or physical crossing facility not controlled by authorised person,No physical crossing facility within 50m,At scene,55.977608376707956,-3.1822701608205364
7113,,Slight,2,4,02/01/2013,Wednesday,2,January,13,17,10,S12000036,A,720,Dual carriageway - 2 lanes,70,Not at or within 20 metres of junction,unset,\,,Darkness: no street lighting,Fine (without high winds),Dry,None,None,No overtaking,322310,668010,570540,Segment,T.V.N.P.,366845,unset,EH139QP,No crossing facility within 50m or physical crossing facility not controlled by authorised person,No physical crossing facility within 50m,At scene,55.89891616319324,-3.244007147651166
8913,,Fatal,2,2,06/01/2013,Sunday,6,January,13,13,25,S12000036,Unclassified,,Roundabout,40,Roundabout,Give way sign or markings,Unclassified,,Daylight: street lights present,Fine (without high winds),Dry,None,None,No overtaking,320130,669370,533242,Junction,T.V.N.P.,366846,unset,EH143AU,No crossing facility within 50m or physical crossing facility not controlled by authorised person,No physical crossing facility within 50m,At scene,55.91077534499107,-3.27926264486716
9213,,Slight,1,1,06/01/2013,Sunday,6,January,13,16,18,S12000036,Unclassified,,Single carriageway - 2 lanes,30,Crossroads,Automatic Traffic Signal,Unclassified,,Darkness: street lights present and lit,Fine (without high winds),Dry,None,None,No overtaking,326730,671830,529477,Junction,Bus,366847,unset,EH91SB,No crossing facility within 50m or physical crossing facility not controlled by authorised person,Pedestrian phase at traffic signal junction,At scene,55.933924711819884,-3.1743760644115357
9913,,Slight,1,1,06/01/2013,Sunday,6,January,13,22,18,S12000036,A,90,Dual carriageway - 2 lanes,70,Not at or within 20 metres of junction,unset,\,,Darkness: no street lighting,Fine (without high winds),Dry,None,None,No overtaking,315990,677090,555681,Segment,S.V.N.P.,366848,unset,EH309TQ,No crossing facility within 50m or physical crossing facility not controlled by authorised person,No physical crossing facility within 50m,At scene,55.97941284604248,-3.3478777117940717
10813,,Slight,2,1,07/01/2013,Monday,7,January,13,16,50,S12000036,C,,Single carriageway - 2 lanes,30,Other junction,Give way sign or markings,Unclassified,,Darkness: street lights present and lit,Fine (without high winds),Dry,None,None,No overtaking,329490,673240,523611,Junction,Pedestrian,366849,unset,EH151SG,No crossing facility within 50m or physical crossing facility not controlled by authorised person,No physical crossing facility within 50m,Elsewhere,55.94700397192384,-3.130576839199992
11713,,Slight,2,1,07/01/2013,Monday,7,January,13,7,40,S12000036,Motorway,8,Roundabout,50,Roundabout,Automatic Traffic Signal,Unclassified,,Darkness: street lights present and lit,Fine (without high winds),Dry,None,None,No overtaking,318190,670990,6453709,Junction,T.V.N.P.,366850,unset,EH129BU,No crossing facility within 50m or physical crossing facility not controlled by authorised person,No physical crossing facility within 50m,At scene,55.925000660139226,-3.310779060587563
12313,,Slight,1,1,08/01/2013,Tuesday,8,January,13,11,42,S12000036,Unclassified,,Dual carriageway - 2 lanes,30,Not at or within 20 metres of junction,unset,\,,Daylight: street lights present,Fine (without high winds),Dry,None,None,No overtaking,325550,673920,551196,Segment,Pedestrian,366851,unset,EH22DF,No crossing facility within 50m or physical crossing facility not controlled by authorised person,No physical crossing facility within 50m,Elsewhere,55.95251729933192,-3.193836788931543
12513,,Slight,2,1,07/01/2013,Monday,7,January,13,17,50,S12000036,C,,Single carriageway - 2 lanes,30,Crossroads,Give way sign or markings,Unclassified,,Darkness: street lights present and lit,Fine (without high winds),Dry,None,None,No overtaking,325230,674410,520533,Junction,T.V.N.P.,366852,unset,EH36QG,Control by other authorised person,Central refuge - no other controls,At scene,55.956869108878806,-3.1990961753105482
13013,,Serious,1,1,08/01/2013,Tuesday,8,January,13,17,5,S12000036,B,900,Single carriageway - 2 lanes,30,'T' or staggered junction,Give way sign or markings,Unclassified,,Darkness: street lights present and lit,Fine (without high winds),Dry,None,None,No overtaking,325560,675180,519840,Junction,Pedestrian,366853,unset,EH74EX,No crossing facility within 50m or physical crossing facility not controlled by authorised person,Central refuge - no other controls,At scene,55.96383716566143,-3.1940251670370654
13913,,Slight,2,1,09/01/2013,Wednesday,9,January,13,11,50,S12000036,A,90,Single carriageway - 2 lanes,30,'T' or staggered junction,Give way sign or markings,Unclassified,,Daylight: street lights present,Fine (without high winds),Dry,None,None,No overtaking,324550,673760,520956,Junction,Cyclist,366854,unset,EH24QS,Control by other authorised person,Pedestrian phase at traffic signal junction,At scene,55.95092387901914,-3.209802203634209
14013,,Slight,1,1,09/01/2013,Wednesday,9,January,13,10,45,S12000036,Unclassified,,Single carriageway - 2 lanes,30,'T' or staggered junction,Give way sign or markings,Unclassified,,Daylight: street lights present,Fine (without high winds),Dry,None,None,No overtaking,321770,669060,532930,Junction,Bus,366855,unset,EH130LE,Control by other authorised person,Pedestrian phase at traffic signal junction,At scene,55.90826042560772,-3.25294472336185
14513,,Slight,1,1,09/01/2013,Wednesday,9,January,13,12,55,S12000036,Unclassified,,Single carriageway - 2 lanes,30,Not at or within 20 metres of junction,unset,\,,Daylight: street lights present,Fine (without high winds),Dry,None,None,No overtaking,313390,677690,0,Unset,Pedestrian,366856,unset,EH309QL,No crossing facility within 50m or physical crossing facility not controlled by authorised person,No physical crossing facility within 50m,Elsewhere,55.98433951363015,-3.389723663061526
15213,,Slight,1,1,10/01/2013,Thursday,10,January,13,4,40,S12000036,C,,Single carriageway - 2 lanes,30,Crossroads,Automatic Traffic Signal,Unclassified,,Darkness: street lights present and lit,Fine (without high winds),Dry,None,None,No overtaking,326210,673540,521139,Junction,S.V.N.P.,366857,unset,EH89UE,No crossing facility within 50m or physical crossing facility not controlled by authorised person,Pedestrian phase at traffic signal junction,At scene,55.9492057622255,-3.183165806070117
16513,,Slight,1,1,10/01/2013,Thursday,10,January,13,19,20,S12000036,A,8,Dual carriageway - 2 lanes,30,Not at or within 20 metres of junction,unset,\,,Darkness: street lights present and lit,Raining (without high winds),Dry,None,Other object in carriageway,No overtaking,325230,673830,551202,Segment,Cyclist,366858,unset,EH22ER,No crossing facility within 50m or physical crossing facility not controlled by authorised person,No physical crossing facility within 50m,At scene,55.95165909733682,-3.1989350932330534
16613,,Slight,2,1,10/01/2013,Thursday,10,January,13,16,40,S12000036,Unclassified,,Single carriageway - 2 lanes,30,Crossroads,Give way sign or markings,C,,Darkness: street lights present and lit,Raining (without high winds),Dry,None,None,No overtaking,322510,670420,529984,Junction,Cyclist,366859,unset,EH141HL,No crossing facility within 50m or physical crossing facility not controlled by authorised person,No physical crossing facility within 50m,At scene,55.920596747496944,-3.241501237023373
16913,,Slight,2,1,10/01/2013,Thursday,10,January,13,17,0,S12000036,Unclassified,,Single carriageway - 2 lanes,30,Not at or within 20 metres of junction,unset,\,,Darkness: street lights present and lit,Raining (without high winds),Dry,None,None,No overtaking,324420,670920,12227625,Segment,Cyclist,366860,unset,EH105JB,No crossing facility within 50m or physical crossing facility not controlled by authorised person,No physical crossing facility within 50m,Elsewhere,55.92539238257714,-3.211086982784124
17813,,Slight,4,1,11/01/2013,Friday,11,January,13,12,10,S12000036,C,,Single carriageway - 2 lanes,30,Not at or within 20 metres of junction,unset,\,,Daylight: street lights present,Fine (without high winds),Dry,None,None,No overtaking,320410,671890,564472,Segment,M.V.N.P.,366861,unset,EH127DT,Control by school crossing patrol,Pedestrian phase at traffic signal junction,At scene,55.933457858240125,-3.2755281113879615
18513,,Slight,1,1,11/01/2013,Friday,11,January,13,22,30,S12000036,Unclassified,,Single carriageway - 2 lanes,30,Roundabout,Give way sign or markings,Unclassified,,Darkness: street lights present and lit,Fine (without high winds),Dry,None,None,No overtaking,321410,671750,522168,Junction,Pedestrian,366862,unset,EH113JT,No crossing facility within 50m or physical crossing facility not controlled by authorised person,Zebra crossing,At scene,55.932364970680496,-3.259485244077686
18613,,Serious,1,1,11/01/2013,Friday,11,January,13,23,42,S12000036,A,701,Single carriageway - 2 lanes,30,Crossroads,Give way sign or markings,Unclassified,,Daylight: street lights present,Fine (without high winds),Dry,None,None,No overtaking,327010,671330,529606,Junction,Pedestrian,366863,unset,EH165PE,Control by other authorised person,Pedestrian phase at traffic signal junction,At scene,55.92947589960466,-3.1697599125949
18813,,Slight,2,2,12/01/2013,Saturday,12,January,13,19,50,S12000036,A,702,Single carriageway - 2 lanes,30,Crossroads,Automatic Traffic Signal,C,,Daylight: street lights present,Fine (without high winds),Dry,None,None,No overtaking,324930,672740,533329,Junction,T.V.N.P.,366864,unset,EH39LH,Control by other authorised person,Pedestrian phase at traffic signal junction,Elsewhere,55.94182103894308,-3.2034342781938094
21313,,Slight,1,1,13/01/2013,Sunday,13,January,13,12,18,S12000036,Unclassified,,Single carriageway - 2 lanes,30,Not at or within 20 metres of junction,unset,\,,Daylight: street lights present,Fine (without high winds),Dry,None,None,No overtaking,328580,674980,557524,Segment,Pedestrian,366865,unset,EH76EW,No crossing facility within 50m or physical crossing facility not controlled by authorised person,No physical crossing facility within 50m,At scene,55.96249975269426,-3.145606072816221
22413,,Serious,2,1,14/01/2013,Monday,14,January,13,16,40,S12000036,Unclassified,,Single carriageway - 2 lanes,30,'T' or staggered junction,Give way sign or markings,Unclassified,,Daylight: street lights present,Fine (without high winds),Dry,None,None,No overtaking,325050,675240,519837,Junction,T.V.N.P.,366866,unset,EH35NS,Control by other authorised person,Pedestrian phase at traffic signal junction,At scene,55.96429671547949,-3.2022095095798737
22813,,Slight,2,1,15/01/2013,Tuesday,15,January,13,7,45,S12000036,Unclassified,,Single carriageway - 2 lanes,30,'T' or staggered junction,Give way sign or markings,Unclassified,,Daylight: street lights present,Fine (without high winds),Dry,None,None,No overtaking,329090,673840,523542,Junction,Cyclist,366867,unset,EH87SA,Control by other authorised person,Pedestrian phase at traffic signal junction,Elsewhere,55.95233483018543,-3.1371381930226994
23313,,Slight,5,1,14/01/2013,Monday,14,January,13,9,50,S12000036,A,8,Roundabout,70,Roundabout,Automatic Traffic Signal,A,8,Daylight: street lights present,Fine (without high winds),Dry,None,None,No overtaking,312560,672720,517579,Junction,M.V.N.P.,366868,unset,EH288SY,Control by other authorised person,Pedestrian phase at traffic signal junction,At scene,55.93954809819228,-3.401407457862964
23413,,Slight,2,1,15/01/2013,Tuesday,15,January,13,10,30,S12000036,Unclassified,,Single carriageway - 2 lanes,30,Crossroads,Give way sign or markings,Unclassified,,Daylight: street lights present,Fine (without high winds),Dry,None,None,No overtaking,324590,676740,0,Unset,Cyclist,366869,unset,EH53JW,No crossing facility within 50m or physical crossing facility not controlled by authorised person,No physical crossing facility within 50m,Elsewhere,55.97769869802069,-3.2099970535394955
23613,,Serious,1,4,13/01/2013,Sunday,13,January,13,1,54,S12000036,A,702,Single carriageway - 2 lanes,30,'T' or staggered junction,Give way sign or markings,Unclassified,,Darkness: street lights present and lit,Fine (without high winds),Dry,None,None,No overtaking,324510,672040,522024,Junction,S.V.N.P.,366870,unset,EH104DG,No crossing facility within 50m or physical crossing facility not controlled by authorised person,No physical crossing facility within 50m,At scene,55.93546724533732,-3.2099606404188985
25113,,Slight,2,1,15/01/2013,Tuesday,15,January,13,15,35,S12000036,Unclassified,,Single carriageway - 2 lanes,30,'T' or staggered junction,Give way sign or markings,Unclassified,,Daylight: street lights present,Other,Dry,None,None,No overtaking,322660,671480,529573,Junction,T.V.N.P.,366871,unset,EH141PX,No crossing facility within 50m or physical crossing facility not controlled by authorised person,Central refuge - no other controls,At scene,55.930142562827136,-3.239405639957095
25713,,Slight,2,1,16/01/2013,Wednesday,16,January,13,17,20,S12000036,A,700,Single carriageway - 2 lanes,30,Not at or within 20 metres of junction,unset,\,,Darkness: street lights present and lit,Fine (without high winds),Dry,None,None,No overtaking,324980,672920,559610,Segment,Cyclist,366872,unset,EH39JH,No crossing facility within 50m or physical crossing facility not controlled by authorised person,"Pelican, puffin, toucan or similar non-junction pedestrian light crossing",At scene,55.94344575581304,-3.2026841060612954
25813,,Slight,2,1,16/01/2013,Wednesday,16,January,13,17,30,S12000036,Motorway,8,Dual carriageway - 2 lanes,70,Not at or within 20 metres of junction,unset,\,,Darkness: no street lighting,Fine with high winds,Dry,None,None,No overtaking,315060,671620,6452114,Segment,T.V.N.P.,366873,unset,EH288NW,No crossing facility within 50m or physical crossing facility not controlled by authorised person,No physical crossing facility within 50m,At scene,55.93011633457589,-3.3610511681348525
25913,,Slight,1,1,16/01/2013,Wednesday,16,January,13,21,5,S12000036,Unclassified,,One way Street,30,Other junction,Give way sign or markings,Unclassified,,Darkness: street lights present and lit,Other,Dry,None,None,No overtaking,325550,674010,520554,Junction,Pedestrian,366874,unset,EH22DF,No crossing facility within 50m or physical crossing facility not controlled by authorised person,Central refuge - no other controls,At scene,55.95332575110001,-3.19386167550766
26913,,Slight,4,3,17/01/2013,Thursday,17,January,13,7,30,S12000036,A,720,Dual carriageway - 2 lanes,70,Not at or within 20 metres of junction,unset,\,,Daylight: street lights present,Fine (without high winds),Dry,None,None,No overtaking,320440,668630,570540,Segment,M.V.N.P.,366875,unset,EH146BA,No crossing facility within 50m or physical crossing facility not controlled by authorised person,No physical crossing facility within 50m,At scene,55.90417963553568,-3.2740869114067177
27013,,Slight,1,1,17/01/2013,Thursday,17,January,13,14,29,S12000036,A,900,Dual carriageway - 2 lanes,30,Not at or within 20 metres of junction,unset,\,,Daylight: street lights present,Fine (without high winds),Dry,None,None,No overtaking,325990,674260,12285707,Segment,Bus,366876,unset,EH13SJ,No crossing facility within 50m or physical crossing facility not controlled by authorised person,"Pelican, puffin, toucan or similar non-junction pedestrian light crossing",At scene,55.95563951840828,-3.1868856984853924
27413,,Slight,1,1,16/01/2013,Wednesday,16,January,13,17,30,S12000036,A,8,Single carriageway - 2 lanes,30,Not at or within 20 metres of junction,unset,\,,Darkness: street lights present and lit,Fine (without high winds),Dry,None,None,No overtaking,322020,673140,550556,Segment,Bus,366877,unset,EH126HS,No crossing facility within 50m or physical crossing facility not controlled by authorised person,Pedestrian phase at traffic signal junction,At scene,55.94495025533667,-3.250126415123602
27613,,Slight,3,1,17/01/2013,Thursday,17,January,13,7,0,S12000036,A,90,Dual carriageway - 2 lanes,50,Not at or within 20 metres of junction,unset,\,,Darkness: no street lighting,Fine (without high winds),Dry,None,None,No overtaking,314380,677140,555681,Segment,M.V.N.P.,366878,unset,EH309TZ,No crossing facility within 50m or physical crossing facility not controlled by authorised person,No physical crossing facility within 50m,At scene,55.9795771734492,-3.3736863730039386
27713,,Slight,2,1,17/01/2013,Thursday,17,January,13,14,25,S12000036,Unclassified,,Single carriageway - 2 lanes,30,Roundabout,Give way sign or markings,Unclassified,,Daylight: street lights present,Fine (without high winds),Dry,None,None,No overtaking,326180,674490,520236,Junction,T.V.N.P.,366879,unset,EH75JH,No crossing facility within 50m or physical crossing facility not controlled by authorised person,Central refuge - no other controls,At scene,55.957734836772616,-3.1839065580157797