acc_ref,beat_no,severity,no_vehicle,no_casualt,a_date,a_day,a_date_day,a_date_mon,a_date_yr,a_time_hr,a_time_min,loc_auth,road1_class,road1_no,road_type,speed_limi,junc_det,junc_ctrl,road2_class,road2_no,light_cond,weather,road_surf,spec_cond,cway_hzrds,ovrtk_patrn,easting,northing,net_id,net_type,acc_type,text_id,division,Postcode,ped_xing_hc,ped_xing_p,place_reported,latitude,longitude
27813,,Slight,1,1,17/01/2013,Thursday,17,January,13,19,50,S12000036,A,701,Dual carriageway - 2 lanes,40,Not at or within 20 metres of junction,unset,\,,Darkness: street lights present and lit,Fine (without high winds),Dry,None,None,No overtaking,327460,667520,570784,Segment,Pedestrian,366880,unset,EH178BE,No crossing facility within 50m or physical crossing facility not controlled by authorised person,"Pelican, puffin, toucan or similar non-junction pedestrian light crossing",At scene,55.895319001201955,-3.1615355439049435
27913,,Slight,2,1,10/01/2013,Thursday,10,January,13,9,3,S12000036,Unclassified,,Single carriageway - 2 lanes,30,Crossroads,Stop sign,Unclassified,,Daylight: street lights present,Fine (without high winds),Dry,None,None,No overtaking,325560,671710,0,Unset,Cyclist,366881,unset,EH92DP,No crossing facility within 50m or physical crossing facility not controlled by authorised person,No physical crossing facility within 50m,At scene,55.932666831362724,-3.1930660634425783
28713,,Slight,1,1,17/01/2013,Thursday,17,January,13,18,30,S12000036,B,900,Single carriageway - 2 lanes,30,Not at or within 20 metres of junction,unset,\,,Darkness: street lights present and lit,Fine (without high winds),Dry,None,None,No overtaking,322620,674390,520425,Junction,Bus,366882,unset,EH42EE,No crossing facility within 50m or physical crossing facility not controlled by authorised person,No physical crossing facility within 50m,Elsewhere,55.95627565018601,-3.2408814407101247
28913,,Slight,3,1,18/01/2013,Friday,18,January,13,12,30,S12000036,C,,Single carriageway - 2 lanes,30,'T' or staggered junction,Give way sign or markings,Unclassified,,Daylight: street lights present,Fine (without high winds),Dry,None,None,No overtaking,326930,674570,520269,Junction,M.V.N.P.,366883,unset,EH75EP,No crossing facility within 50m or physical crossing facility not controlled by authorised person,No physical crossing facility within 50m,Elsewhere,55.958568275963785,-3.1719188306077957
29213,,Slight,1,1,18/01/2013,Friday,18,January,13,16,55,S12000036,A,8,Single carriageway - 2 lanes,30,Not at or within 20 metres of junction,unset,\,,Darkness: street lights present and lit,Fine (without high winds),Dry,None,None,No overtaking,319380,672950,550737,Segment,Pedestrian,366884,unset,EH128SQ,No crossing facility within 50m or physical crossing facility not controlled by authorised person,"Pelican, puffin, toucan or similar non-junction pedestrian light crossing",At scene,55.942807501885646,-3.292327115842716
30113,,Slight,2,1,17/01/2013,Thursday,17,January,13,16,5,S12000036,A,700,Single carriageway - 2 lanes,30,'T' or staggered junction,Give way sign or markings,Unclassified,,Darkness: street lights present and lit,Fine (without high winds),Dry,None,None,No overtaking,325050,672850,521856,Junction,Cyclist,366885,unset,EH39JU,No crossing facility within 50m or physical crossing facility not controlled by authorised person,"Pelican, puffin, toucan or similar non-junction pedestrian light crossing",Elsewhere,55.942827894837066,-3.201544174489518
30713,,Slight,1,2,17/01/2013,Thursday,17,January,13,18,0,S12000036,Unclassified,,Single carriageway - 2 lanes,30,'T' or staggered junction,Give way sign or markings,Unclassified,,Darkness: street lights present and lit,Other,Dry,None,None,No overtaking,319600,669120,12226421,Junction,Pedestrian,366886,unset,EH143DY,No crossing facility within 50m or physical crossing facility not controlled by authorised person,No physical crossing facility within 50m,At scene,55.90844135446898,-3.2876642631741873
30913,,Slight,1,1,19/01/2013,Saturday,19,January,13,16,45,S12000036,Unclassified,,Single carriageway - 2 lanes,30,Crossroads,Automatic Traffic Signal,C,,Darkness: street lights present and lit,Raining (without high winds),Dry,None,None,No overtaking,325260,674300,520530,Junction,Pedestrian,366887,unset,EH21JX,No crossing facility within 50m or physical crossing facility not controlled by authorised person,Pedestrian phase at traffic signal junction,At scene,55.95588567746281,-3.198585270588764
31813,,Serious,2,2,20/01/2013,Sunday,20,January,13,20,20,S12000036,A,8,Single carriageway - 2 lanes,30,'T' or staggered junction,Give way sign or markings,Unclassified,,Daylight: street lights present,Fine (without high winds),Dry,None,None,No overtaking,322420,673180,521250,Junction,T.V.N.P.,366888,unset,EH126HP,Control by other authorised person,Pedestrian phase at traffic signal junction,At scene,55.94537437031281,-3.2437351738693123
32013,,Slight,2,1,20/01/2013,Sunday,20,January,13,14,37,S12000036,A,8,Roundabout,40,Roundabout,Automatic Traffic Signal,A,8,Daylight: street lights present,Fine (without high winds),Dry,None,None,No overtaking,317560,672610,9658421,Junction,T.V.N.P.,366889,unset,EH129BS,No crossing facility within 50m or physical crossing facility not controlled by authorised person,No physical crossing facility within 50m,At scene,55.9394444441867,-3.321353237192154
34113,,Slight,1,2,14/01/2013,Monday,14,January,13,4,30,S12000036,A,7,Single carriageway - 2 lanes,30,Not at or within 20 metres of junction,unset,\,,Darkness: street lights present and lit,Fine (without high winds),Dry,None,None,No overtaking,329800,669440,568027,Segment,S.V.N.P.,366890,unset,EH164SP,No crossing facility within 50m or physical crossing facility not controlled by authorised person,No physical crossing facility within 50m,At scene,55.91291382757014,-3.12462478252345
34713,,Slight,2,2,21/01/2013,Monday,21,January,13,7,55,S12000036,A,90,Single carriageway - 2 lanes,40,'T' or staggered junction,Automatic Traffic Signal,Unclassified,,Daylight: street lights present,Snowing (without high winds),Dry,None,None,No overtaking,318870,674920,519933,Junction,T.V.N.P.,366891,unset,EH48AR,No crossing facility within 50m or physical crossing facility not controlled by authorised person,Pedestrian phase at traffic signal junction,At scene,55.96041698937352,-3.3010834974044534
37413,,Slight,1,1,21/01/2013,Monday,21,January,13,17,0,S12000036,Unclassified,,Single carriageway - 2 lanes,30,Not at or within 20 metres of junction,unset,\,,Darkness: street lights present and lit,Snowing (without high winds),Dry,None,None,No overtaking,316230,666420,0,Unset,S.V.N.P.,366892,unset,EH147EB,No crossing facility within 50m or physical crossing facility not controlled by authorised person,No physical crossing facility within 50m,At scene,55.88361355652909,-3.3407180936536234
37613,,Slight,2,1,21/01/2013,Monday,21,January,13,17,50,S12000036,B,701,Single carriageway - 2 lanes,30,'T' or staggered junction,Give way sign or markings,Unclassified,,Darkness: street lights present and lit,Snowing (without high winds),Dry,None,None,No overtaking,325180,668020,533143,Junction,T.V.N.P.,366893,unset,EH107AH,No crossing facility within 50m or physical crossing facility not controlled by authorised person,No physical crossing facility within 50m,At scene,55.899461114850695,-3.1981238464948163
38713,,Slight,1,1,22/01/2013,Tuesday,22,January,13,17,10,S12000036,Unclassified,,Single carriageway - 2 lanes,30,Not at or within 20 metres of junction,unset,\,,Daylight: street lights present,Snowing (without high winds),Dry,None,None,No overtaking,323820,670840,12227575,Segment,Pedestrian,366894,unset,EH105LS,No crossing facility within 50m or physical crossing facility not controlled by authorised person,No physical crossing facility within 50m,At scene,55.924578989293785,-3.2206637841719776
38813,,Slight,1,1,01/01/2013,Tuesday,1,January,13,0,50,S12000036,Unclassified,,Single carriageway - 2 lanes,30,Not at or within 20 metres of junction,unset,\,,Daylight: street lights present,Fine (without high winds),Dry,None,None,No overtaking,323740,668430,2105951,Segment,Pedestrian,366895,unset,EH107AZ,No crossing facility within 50m or physical crossing facility not controlled by authorised person,No physical crossing facility within 50m,At scene,55.90291783750382,-3.2212627844748116
39713,,Slight,2,1,11/01/2013,Friday,11,January,13,23,25,S12000036,A,8,Dual carriageway - 2 lanes,40,'T' or staggered junction,Automatic Traffic Signal,A,902,Daylight: street lights present,Fine (without high winds),Dry,None,None,No overtaking,318060,672740,12201733,Junction,T.V.N.P.,366896,unset,EH128LS,Control by other authorised person,Pedestrian phase at traffic signal junction,At scene,55.940697736928975,-3.313390665661229
40713,,Slight,2,1,22/01/2013,Tuesday,22,January,13,18,10,S12000036,B,900,Single carriageway - 2 lanes,30,'T' or staggered junction,Give way sign or markings,Unclassified,,Darkness: street lights present and lit,Raining (without high winds),Dry,None,None,No overtaking,322780,674410,520428,Junction,Cyclist,366897,unset,EH42EH,No crossing facility within 50m or physical crossing facility not controlled by authorised person,No physical crossing facility within 50m,Elsewhere,55.95648107795136,-3.238325320026092
42213,,Slight,1,1,24/01/2013,Thursday,24,January,13,8,25,S12000036,Unclassified,,Single carriageway - 2 lanes,30,'T' or staggered junction,Give way sign or markings,Unclassified,,Daylight: street lights present,Fine (without high winds),Dry,None,None,No overtaking,316050,666440,12218869,Junction,Pedestrian,366898,unset,EH147LY,No crossing facility within 50m or physical crossing facility not controlled by authorised person,No physical crossing facility within 50m,Elsewhere,55.88376183586317,-3.343600886866471
42413,,Slight,1,1,24/01/2013,Thursday,24,January,13,9,45,S12000036,B,701,Single carriageway - 2 lanes,30,Not at or within 20 metres of junction,unset,\,,Daylight: street lights present,Fine (without high winds),Dry,None,None,No overtaking,328930,668430,2105936,Segment,Bus,366899,unset,EH178PR,No crossing facility within 50m or physical crossing facility not controlled by authorised person,No physical crossing facility within 50m,At scene,55.9037130792412,-3.1382739790888934
42613,,Slight,1,1,24/01/2013,Thursday,24,January,13,3,20,S12000036,A,900,Dual carriageway - 2 lanes,30,Not at or within 20 metres of junction,unset,\,,Darkness: street lights present but unlit,Fine (without high winds),Dry,None,None,No overtaking,325880,674050,558533,Segment,Pedestrian,366900,unset,EH13SJ,No crossing facility within 50m or physical crossing facility not controlled by authorised person,Pedestrian phase at traffic signal junction,At scene,55.95373614851704,-3.1885891614591633
42713,,Slight,2,1,25/01/2013,Friday,25,January,13,7,0,S12000036,B,701,Single carriageway - 2 lanes,30,'T' or staggered junction,Give way sign or markings,Unclassified,,Darkness: street lights present and lit,Fine (without high winds),Dry,None,None,No overtaking,322120,668880,533038,Junction,Cyclist,366901,unset,EH130AA,No crossing facility within 50m or physical crossing facility not controlled by authorised person,Central refuge - no other controls,At scene,55.90670037252789,-3.247295692675287
43413,,Slight,3,2,25/01/2013,Friday,25,January,13,13,30,S12000036,A,71,Dual carriageway - 2 lanes,40,Not at or within 20 metres of junction,unset,\,,Daylight: street lights present,Other,Dry,None,None,No overtaking,319270,670630,560501,Segment,M.V.N.P.,366902,unset,EH114HD,No crossing facility within 50m or physical crossing facility not controlled by authorised person,No physical crossing facility within 50m,At scene,55.921949648036865,-3.293393103633473
43613,,Slight,2,1,25/01/2013,Friday,25,January,13,14,47,S12000036,A,702,Single carriageway - 2 lanes,30,'T' or staggered junction,Give way sign or markings,Unclassified,,Daylight: street lights present,Snowing with high winds,Dry,None,None,No overtaking,324920,672620,533323,Junction,Cyclist,366903,unset,EH104HW,No crossing facility within 50m or physical crossing facility not controlled by authorised person,No physical crossing facility within 50m,At scene,55.9407415412466,-3.2035608989914564
43813,,Slight,2,7,25/01/2013,Friday,25,January,13,16,25,S12000036,Unclassified,,Single carriageway - 2 lanes,30,Not at or within 20 metres of junction,unset,\,,Daylight: street lights present,Raining (without high winds),Dry,None,None,No overtaking,320900,670890,565148,Segment,Bus,366904,unset,EH114SR,No crossing facility within 50m or physical crossing facility not controlled by authorised person,No physical crossing facility within 50m,At scene,55.924556225684334,-3.267393808022117
44713,,Slight,2,1,25/01/2013,Friday,25,January,13,19,59,S12000036,B,900,Single carriageway - 2 lanes,30,'T' or staggered junction,Give way sign or markings,Unclassified,,Darkness: street lights present and lit,Other,Dry,None,None,No overtaking,325820,675350,519846,Junction,T.V.N.P.,366905,unset,EH74QH,No crossing facility within 50m or physical crossing facility not controlled by authorised person,"Pelican, puffin, toucan or similar non-junction pedestrian light crossing",At scene,55.965404518534385,-3.189908134784738
44813,,Slight,1,1,26/01/2013,Saturday,26,January,13,1,20,S12000036,C,,Single carriageway - 2 lanes,30,Crossroads,Automatic Traffic Signal,A,702,Darkness: street lights present and lit,Raining with high winds,Dry,None,None,No overtaking,324930,672760,533329,Junction,Pedestrian,366906,unset,EH39NA,No crossing facility within 50m or physical crossing facility not controlled by authorised person,Pedestrian phase at traffic signal junction,At scene,55.94200069458531,-3.2034398506368587
44913,,Slight,2,1,26/01/2013,Saturday,26,January,13,3,5,S12000036,Unclassified,,Dual carriageway - 2 lanes,30,Crossroads,Automatic Traffic Signal,Unclassified,,Darkness: street lights present and lit,Fine (without high winds),Dry,None,None,No overtaking,324600,673390,10254960,Junction,T.V.N.P.,366907,unset,EH12DA,No crossing facility within 50m or physical crossing facility not controlled by authorised person,"Pelican, puffin, toucan or similar non-junction pedestrian light crossing",Elsewhere,55.947608118383314,-3.2088981337781854
46713,,Fatal,1,1,26/01/2013,Saturday,26,January,13,3,10,S12000036,C,,Single carriageway - 2 lanes,30,Crossroads,Give way sign or markings,Unclassified,,Darkness: street lights present and lit,Fine (without high winds),Dry,None,None,No overtaking,325460,672320,522051,Junction,Pedestrian,366908,unset,EH91HX,No crossing facility within 50m or physical crossing facility not controlled by authorised person,Zebra crossing,At scene,55.93813084078912,-3.1948349689488698
46913,,Slight,1,1,27/01/2013,Sunday,27,January,13,2,45,S12000036,B,1350,Single carriageway - 2 lanes,30,Not at or within 20 metres of junction,unset,\,,Darkness: street lights present and lit,Raining (without high winds),Dry,None,None,No overtaking,326220,674510,557671,Segment,Pedestrian,366909,unset,EH75JW,No crossing facility within 50m or physical crossing facility not controlled by authorised person,"Pelican, puffin, toucan or similar non-junction pedestrian light crossing",At scene,55.95792064601909,-3.1832715387662747
47413,,Slight,1,1,26/01/2013,Saturday,26,January,13,14,0,S12000036,Unclassified,,Single carriageway - 2 lanes,30,'T' or staggered junction,Give way sign or markings,Unclassified,,Daylight: street lights present,Fine (without high winds),Dry,None,None,No overtaking,325690,674520,0,Unset,Pedestrian,366910,unset,EH36NY,No crossing facility within 50m or physical crossing facility not controlled by authorised person,No physical crossing facility within 50m,At scene,55.957928679376636,-3.191760965012073
47713,,Slight,1,1,23/01/2013,Wednesday,23,January,13,21,20,S12000036,Unclassified,,Single carriageway - 2 lanes,30,Other junction,Give way sign or markings,Unclassified,,Darkness: street lights present and lit,Fine (without high winds),Dry,None,None,No overtaking,319790,673560,12232330,Junction,Pedestrian,366911,unset,EH128QU,No crossing facility within 50m or physical crossing facility not controlled by authorised person,No physical crossing facility within 50m,At scene,55.9483554951978,-3.285946375361661
48313,,Slight,1,1,27/01/2013,Sunday,27,January,13,13,15,S12000036,Unclassified,,Single carriageway - 2 lanes,30,Crossroads,Give way sign or markings,Unclassified,,Daylight: street lights present,Fine (without high winds),Dry,None,None,No overtaking,326620,672030,522105,Junction,Bus,366912,unset,EH91SZ,No crossing facility within 50m or physical crossing facility not controlled by authorised person,"Pelican, puffin, toucan or similar non-junction pedestrian light crossing",At scene,55.93570449173065,-3.176190815716454
48513,,Serious,1,1,27/01/2013,Sunday,27,January,13,19,40,S12000036,A,1,Single carriageway - 2 lanes,40,'T' or staggered junction,Give way sign or markings,Unclassified,,Darkness: street lights present and lit,Fine (without high winds),Dry,None,None,No overtaking,331050,672910,523755,Junction,Pedestrian,366913,unset,EH153AA,No crossing facility within 50m or physical crossing facility not controlled by authorised person,Central refuge - no other controls,At scene,55.94426620905742,-3.105519057052223
51313,,Slight,1,1,26/01/2013,Saturday,26,January,13,12,6,S12000036,Unclassified,,Single carriageway - 2 lanes,30,Not at or within 20 metres of junction,unset,\,,Daylight: street lights present,Fine (without high winds),Dry,None,None,No overtaking,319670,671810,551815,Segment,Bus,366914,unset,EH129AD,No crossing facility within 50m or physical crossing facility not controlled by authorised person,\7,Elsewhere,55.932616058583775,-3.2873456902054214
51413,,Slight,2,1,29/01/2013,Tuesday,29,January,13,11,25,S12000036,Unclassified,,Single carriageway - 2 lanes,30,Roundabout,Give way sign or markings,Unclassified,,Daylight: street lights present,Fine (without high winds),Dry,None,None,No overtaking,327730,674960,520296,Junction,T.V.N.P.,366915,unset,EH76DE,No crossing facility within 50m or physical crossing facility not controlled by authorised person,Central refuge - no other controls,At scene,55.96219278426613,-3.159213160203051
51513,,Slight,2,1,17/01/2013,Thursday,17,January,13,11,30,S12000036,A,71,Single carriageway - 2 lanes,30,Not at or within 20 metres of junction,unset,\,,Daylight: street lights present,Fine (without high winds),Dry,None,None,No overtaking,322500,672100,549740,Segment,Bus,366916,unset,EH112RN,No crossing facility within 50m or physical crossing facility not controlled by authorised person,No physical crossing facility within 50m,At scene,55.93568602615881,-3.2421439972035406
52013,,Slight,1,2,28/01/2013,Monday,28,January,13,22,45,S12000036,Motorway,8,Dual carriageway - 2 lanes,70,Not at or within 20 metres of junction,unset,\,,Darkness: no street lighting,Raining with high winds,Dry,None,None,No overtaking,311190,671140,562603,Segment,S.V.N.P.,366917,unset,EH288LQ,No crossing facility within 50m or physical crossing facility not controlled by authorised person,No physical crossing facility within 50m,At scene,55.9251051327045,-3.4228119565352593
52213,,Slight,2,1,29/01/2013,Tuesday,29,January,13,20,25,S12000036,Unclassified,,Single carriageway - 2 lanes,20,Not at or within 20 metres of junction,unset,\,,Daylight: street lights present,Fine (without high winds),Dry,None,None,No overtaking,325760,673750,569724,Segment,Cyclist,366918,unset,EH11DF,No crossing facility within 50m or physical crossing facility not controlled by authorised person,No physical crossing facility within 50m,At scene,55.9510227553731,-3.1904277447391762
52313,,Slight,4,2,28/01/2013,Monday,28,January,13,15,22,S12000036,A,90,Single carriageway - 2 lanes,40,Multiple junction,Automatic Traffic Signal,Unclassified,,Daylight: street lights present,Fine (without high winds),Dry,None,None,No overtaking,320650,675130,519720,Junction,M.V.N.P.,366919,unset,EH47AG,Control by other authorised person,Pedestrian phase at traffic signal junction,At scene,55.96260100014012,-3.2726421242541774
52713,,Slight,2,1,23/01/2013,Wednesday,23,January,13,18,25,S12000036,A,720,Roundabout,60,Roundabout,Automatic Traffic Signal,A,7,Daylight: street lights present,Fine (without high winds),Dry,None,None,No overtaking,331740,667970,2608104,Junction,T.V.N.P.,366920,unset,EH221RT,No crossing facility within 50m or physical crossing facility not controlled by authorised person,No physical crossing facility within 50m,At scene,55.89998804539122,-3.093223732741215
53413,,Slight,1,1,28/01/2013,Monday,28,January,13,13,45,S12000036,Unclassified,,Single carriageway - 2 lanes,30,'T' or staggered junction,Give way sign or markings,Unclassified,,Daylight: street lights present,Raining (without high winds),Dry,None,None,No overtaking,325420,673360,521487,Junction,Pedestrian,366921,unset,EH12HS,Control by other authorised person,Pedestrian phase at traffic signal junction,At scene,55.947466748095266,-3.1957630391293868
53513,,Slight,2,1,30/01/2013,Wednesday,30,January,13,7,50,S12000036,C,,Single carriageway - 2 lanes,30,Other junction,Give way sign or markings,Unclassified,,Darkness: street lights present and lit,Raining (without high winds),Dry,None,None,No overtaking,326970,674820,520284,Junction,T.V.N.P.,366922,unset,EH75QA,No crossing facility within 50m or physical crossing facility not controlled by authorised person,Pedestrian phase at traffic signal junction,At scene,55.960820081601376,-3.1713461545909265
54013,,Slight,2,1,30/01/2013,Wednesday,30,January,13,14,40,S12000036,Unclassified,,Roundabout,30,Roundabout,Give way sign or markings,Unclassified,,Daylight: street lights present,Fine with high winds,Dry,None,None,No overtaking,327930,674600,520317,Junction,T.V.N.P.,366923,unset,EH76AT,No crossing facility within 50m or physical crossing facility not controlled by authorised person,No physical crossing facility within 50m,At scene,55.958989027799426,-3.1559138372075175
54613,,Slight,2,1,26/01/2013,Saturday,26,January,13,14,10,S12000036,A,7,Single carriageway - 2 lanes,30,Not at or within 20 metres of junction,unset,\,,Darkness: street lights present and lit,Raining (without high winds),Dry,None,None,No overtaking,325930,673690,569273,Segment,T.V.N.P.,366924,unset,EH11SB,Control by other authorised person,No physical crossing facility within 50m,At scene,55.950510054329186,-3.187689584224937
55113,,Slight,2,1,31/01/2013,Thursday,31,January,13,7,55,S12000036,A,70,Single carriageway - 2 lanes,30,Other junction,Give way sign or markings,Unclassified,,Daylight: street lights present,Raining (without high winds),Dry,None,None,No overtaking,323720,672740,521793,Junction,Cyclist,366925,unset,EH112EF,No crossing facility within 50m or physical crossing facility not controlled by authorised person,"Pelican, puffin, toucan or similar non-junction pedestrian light crossing",At scene,55.94163031151982,-3.2228012491973046
55613,,Slight,2,1,30/01/2013,Wednesday,30,January,13,14,5,S12000036,Unclassified,,Single carriageway - 2 lanes,30,Not at or within 20 metres of junction,unset,\,,Daylight: street lights present,Unknown,Dry,None,None,No overtaking,326400,672020,563095,Segment,T.V.N.P.,366926,unset,EH91PN,No crossing facility within 50m or physical crossing facility not controlled by authorised person,No physical crossing facility within 50m,At scene,55.93558099259416,-3.179708849953782
55813,,Slight,1,1,27/01/2013,Sunday,27,January,13,1,10,S12000036,Unclassified,,Single carriageway - 2 lanes,30,Not at or within 20 metres of junction,unset,\,,Darkness: street lights present and lit,Raining (without high winds),Dry,None,None,No overtaking,323690,669130,564896,Segment,Pedestrian,366927,unset,EH139HX,No crossing facility within 50m or physical crossing facility not controlled by authorised person,No physical crossing facility within 50m,At scene,55.909197845100806,-3.222260073111831
56213,,Slight,1,1,31/01/2013,Thursday,31,January,13,12,12,S12000036,C,,Single carriageway - 2 lanes,30,Not at or within 20 metres of junction,unset,\,,Daylight: street lights present,Raining (without high winds),Dry,None,None,No overtaking,325180,675020,566675,Segment,Pedestrian,366928,unset,EH35EA,No crossing facility within 50m or physical crossing facility not controlled by authorised person,Pedestrian phase at traffic signal junction,At scene,55.96234080285187,-3.200066364032056
56713,,Slight,1,1,29/01/2013,Tuesday,29,January,13,13,43,S12000036,B,701,Single carriageway - 2 lanes,30,Crossroads,Automatic Traffic Signal,A,70,Darkness: street lights present but unlit,Fine (without high winds),Dry,None,None,No overtaking,320570,669080,532906,Junction,Pedestrian,366929,unset,EH130NJ,No crossing facility within 50m or physical crossing facility not controlled by authorised person,Pedestrian phase at traffic signal junction,At scene,55.9082433002594,-3.2721405702795923
56813,,Slight,2,1,31/01/2013,Thursday,31,January,13,18,30,S12000036,Unclassified,,Single carriageway - 2 lanes,30,'T' or staggered junction,Give way sign or markings,Unclassified,,Darkness: street lights present and lit,Raining (without high winds),Dry,None,None,No overtaking,326450,672770,532738,Junction,Cyclist,366930,unset,EH89QR,No crossing facility within 50m or physical crossing facility not controlled by authorised person,"Pelican, puffin, toucan or similar non-junction pedestrian light crossing",At scene,55.942325803388286,-3.1791133826734264
56913,,Slight,2,1,31/01/2013,Thursday,31,January,13,19,45,S12000036,A,6095,Single carriageway - 2 lanes,30,'T' or staggered junction,Give way sign or markings,Unclassified,,Darkness: street lights present and lit,Raining (without high winds),Dry,None,None,No overtaking,330010,671790,530047,Junction,Cyclist,366931,unset,EH164JZ,No crossing facility within 50m or physical crossing facility not controlled by authorised person,"Pelican, puffin, toucan or similar non-junction pedestrian light crossing",At scene,55.93405467326817,-3.121875770572951
57413,,Slight,1,1,30/01/2013,Wednesday,30,January,13,19,45,S12000036,Unclassified,,Single carriageway - 2 lanes,30,Not at or within 20 metres of junction,unset,\,,Darkness: street lights present and lit,Raining (without high winds),Dry,None,None,No overtaking,323700,675870,563649,Segment,Bus,366932,unset,EH52DL,No crossing facility within 50m or physical crossing facility not controlled by authorised person,No physical crossing facility within 50m,Elsewhere,55.96974296872946,-3.2240084893150867
59213,,Slight,2,1,01/02/2013,Friday,1,February,13,17,45,S12000036,Unclassified,,Single carriageway - 2 lanes,30,Crossroads,Give way sign or markings,Unclassified,,Darkness: street lights present and lit,Fine (without high winds),Dry,None,None,No overtaking,326220,676380,532555,Junction,Cyclist,357851,unset,EH64PG,No crossing facility within 50m or physical crossing facility not controlled by authorised person,Pedestrian phase at traffic signal junction,At scene,55.974718503263134,-3.183784415838711
59613,,Slight,2,1,02/02/2013,Saturday,2,February,13,9,13,S12000036,Unclassified,,Single carriageway - 2 lanes,30,'T' or staggered junction,Give way sign or markings,Unclassified,,Daylight: street lights present,Fine (without high winds),Dry,None,None,No overtaking,324530,671000,530407,Junction,Bus,357852,unset,EH105HX,No crossing facility within 50m or physical crossing facility not controlled by authorised person,Pedestrian phase at traffic signal junction,At scene,55.92612829946537,-3.2093494727550196
59813,,Slight,1,1,01/02/2013,Friday,1,February,13,19,0,S12000036,A,70,Single carriageway - 2 lanes,30,Not at or within 20 metres of junction,unset,\,,Darkness: street lights present and lit,Fine with high winds,Dry,None,None,No overtaking,317320,667310,561581,Segment,Bus,357853,unset,EH145SL,No crossing facility within 50m or physical crossing facility not controlled by authorised person,No physical crossing facility within 50m,Elsewhere,55.89179645043251,-3.323570785110791
60013,,Serious,1,1,03/02/2013,Sunday,3,February,13,0,45,S12000036,A,900,Roundabout,30,Roundabout,Give way sign or markings,Unclassified,,Darkness: street lights present and lit,Fine (without high winds),Dry,None,None,No overtaking,326160,674510,520236,Junction,Pedestrian,357854,unset,EH75DX,No crossing facility within 50m or physical crossing facility not controlled by authorised person,"Pelican, puffin, toucan or similar non-junction pedestrian light crossing",At scene,55.95791141557921,-3.184232295544599
60313,,Slight,2,1,02/02/2013,Saturday,2,February,13,9,48,S12000036,Unclassified,,Single carriageway - 2 lanes,30,Crossroads,Automatic Traffic Signal,Unclassified,,Daylight: street lights present,Fine (without high winds),Dry,None,None,No overtaking,326910,674320,520689,Junction,T.V.N.P.,357855,unset,EH75DL,No crossing facility within 50m or physical crossing facility not controlled by authorised person,Pedestrian phase at traffic signal junction,At scene,55.95631951422589,-3.1721712015176253
60513,,Slight,1,1,02/02/2013,Saturday,2,February,13,7,45,S12000036,A,71,Single carriageway - 2 lanes,50,Not at or within 20 metres of junction,unset,\,,Darkness: street lighting unknown,Raining (without high winds),Dry,None,None,No overtaking,315930,669890,549650,Segment,S.V.N.P.,357856,unset,EH288NU,No crossing facility within 50m or physical crossing facility not controlled by authorised person,No physical crossing facility within 50m,At scene,55.914729982740965,-3.346592013174664
60713,,Slight,2,2,02/02/2013,Saturday,2,February,13,17,0,S12000036,A,720,Single carriageway - 3 lanes,70,'T' or staggered junction,Give way sign or markings,C,,Darkness: no street lighting,Fine (without high winds),Dry,None,None,No overtaking,329200,667250,2579121,Junction,T.V.N.P.,357857,unset,EH178SD,No crossing facility within 50m or physical crossing facility not controlled by authorised person,No physical crossing facility within 50m,At scene,55.89315289889153,-3.133647277924628
60813,,Serious,1,1,28/01/2013,Monday,28,January,13,22,0,S12000036,Unclassified,,Single carriageway - 2 lanes,30,Not at or within 20 metres of junction,unset,\,,Darkness: street lights present and lit,Raining (without high winds),Dry,None,Other object in carriageway,No overtaking,328220,674490,557965,Segment,S.V.N.P.,366933,unset,EH76BW,No crossing facility within 50m or physical crossing facility not controlled by authorised person,No physical crossing facility within 50m,At scene,55.958044384008936,-3.151240660179957
62913,,Slight,3,1,04/02/2013,Monday,4,February,13,11,39,S12000036,A,720,Dual carriageway - 2 lanes,70,Not at or within 20 metres of junction,unset,\,,Daylight: street lights present,Fine (without high winds),Dry,None,None,No overtaking,324790,667670,2588221,Segment,M.V.N.P.,357858,unset,EH107DUA,No crossing facility within 50m or physical crossing facility not controlled by authorised person,No physical crossing facility within 50m,At scene,55.89625627690346,-3.204261900401835
63313,,Serious,2,1,04/02/2013,Monday,4,February,13,14,0,S12000036,A,701,Single carriageway - 2 lanes,30,Crossroads,Give way sign or markings,Unclassified,,Daylight: street lights present,Fine (without high winds),Dry,None,None,No overtaking,326790,671710,529474,Junction,T.V.N.P.,357859,unset,EH92BU,No crossing facility within 50m or physical crossing facility not controlled by authorised person,"Pelican, puffin, toucan or similar non-junction pedestrian light crossing",At scene,55.932855915793006,-3.1733833078837135
64413,,Serious,2,1,05/02/2013,Tuesday,5,February,13,8,23,S12000036,Unclassified,,Single carriageway - 2 lanes,30,Not at or within 20 metres of junction,unset,\,,Daylight: street lights present,Fine (without high winds),Dry,None,None,No overtaking,325610,670980,564328,Segment,Cyclist,357860,unset,EH93HS,No crossing facility within 50m or physical crossing facility not controlled by authorised person,No physical crossing facility within 50m,At scene,55.92611710766778,-3.1920645609253513