acc_ref,beat_no,severity,no_vehicle,no_casualt,a_date,a_day,a_date_day,a_date_mon,a_date_yr,a_time_hr,a_time_min,loc_auth,road1_class,road1_no,road_type,speed_limi,junc_det,junc_ctrl,road2_class,road2_no,light_cond,weather,road_surf,spec_cond,cway_hzrds,ovrtk_patrn,easting,northing,net_id,net_type,acc_type,text_id,division,Postcode,ped_xing_hc,ped_xing_p,place_reported,latitude,longitude
64713,,Slight,1,1,05/02/2013,Tuesday,5,February,13,8,15,S12000036,Unclassified,,Single carriageway - 2 lanes,40,Other junction,Give way sign or markings,Unclassified,,Daylight: street lights present,Other,Dry,None,None,No overtaking,324560,669910,532903,Junction,Pedestrian,357861,unset,EH106LA,No crossing facility within 50m or physical crossing facility not controlled by authorised person,No physical crossing facility within 50m,At scene,55.916341765188065,-3.2085646986708367
66913,,Slight,3,1,06/02/2013,Wednesday,6,February,13,8,0,S12000036,Unclassified,,Single carriageway - 2 lanes,30,'T' or staggered junction,Automatic Traffic Signal,A,7,Daylight: street lights present,Fine (without high winds),Dry,None,None,No overtaking,326670,672470,522093,Junction,M.V.N.P.,357862,unset,EH165BS,Control by school crossing patrol,Pedestrian phase at traffic signal junction,At scene,55.939664597054865,-3.1755103656247887
67213,,Slight,2,1,02/01/2013,Wednesday,2,January,13,10,40,S12000036,Unclassified,,Single carriageway - 2 lanes,30,Not at or within 20 metres of junction,unset,\,,Daylight: street lights present,Fine (without high winds),Dry,None,None,No overtaking,324140,670300,564716,Segment,T.V.N.P.,366934,unset,EH105QS,No crossing facility within 50m or physical crossing facility not controlled by authorised person,No physical crossing facility within 50m,At scene,55.91977893031412,-3.2153923610552235
67313,,Slight,3,1,06/02/2013,Wednesday,6,February,13,8,39,S12000036,A,720,Dual carriageway - 2 lanes,70,Not at or within 20 metres of junction,unset,\,,Daylight: street lights present,Fine (without high winds),Dry,None,None,No overtaking,324790,667670,2588221,Segment,M.V.N.P.,357863,unset,EH107DUA,No crossing facility within 50m or physical crossing facility not controlled by authorised person,No physical crossing facility within 50m,Elsewhere,55.89625627690346,-3.204261900401835
68313,,Slight,3,1,06/02/2013,Wednesday,6,February,13,18,0,S12000036,Motorway,8,Dual carriageway - 2 lanes,70,Not at or within 20 metres of junction,unset,\,,Darkness: street lights present and lit,Fine (without high winds),Dry,None,None,No overtaking,311390,671120,562639,Segment,M.V.N.P.,357864,unset,EH288LQ,No crossing facility within 50m or physical crossing facility not controlled by authorised person,No physical crossing facility within 50m,At scene,55.9249624157032,-3.419605871442127
68413,,Serious,1,2,06/02/2013,Wednesday,6,February,13,15,30,S12000036,C,,Single carriageway - 2 lanes,30,Crossroads,Give way sign or markings,Unclassified,,Daylight: street lights present,Fine (without high winds),Dry,None,None,No overtaking,322960,669220,532942,Junction,Pedestrian,357865,unset,EH139AW,No crossing facility within 50m or physical crossing facility not controlled by authorised person,No physical crossing facility within 50m,At scene,55.909889847521356,-3.233960094397702
68513,,Slight,2,1,06/02/2013,Wednesday,6,February,13,17,15,S12000036,Unclassified,,Single carriageway - 2 lanes,30,Not at or within 20 metres of junction,unset,\,,Darkness: street lights present but unlit,Fine (without high winds),Dry,None,None,No overtaking,327550,675080,0,Unset,T.V.N.P.,357866,unset,EH76BY,No crossing facility within 50m or physical crossing facility not controlled by authorised person,"Pelican, puffin, toucan or similar non-junction pedestrian light crossing",At scene,55.96324357797835,-3.162128083334539
71413,,Slight,1,1,08/02/2013,Friday,8,February,13,9,29,S12000036,A,71,Single carriageway - 2 lanes,30,Crossroads,Automatic Traffic Signal,Unclassified,,Daylight: street lights present,Fine (without high winds),Dry,None,None,No overtaking,322840,672230,521964,Junction,Bus,357867,unset,EH112PP,No crossing facility within 50m or physical crossing facility not controlled by authorised person,"Pelican, puffin, toucan or similar non-junction pedestrian light crossing",At scene,55.93690852513601,-3.2367401492452594
72313,,Serious,2,4,07/02/2013,Thursday,7,February,13,13,50,S12000036,Motorway,9,Dual carriageway - 2 lanes,70,Not at or within 20 metres of junction,unset,\,,Daylight: street lights present,Fine (without high winds),Dry,None,None,No overtaking,311710,674310,562735,Segment,T.V.N.P.,357868,unset,EH299EF,No crossing facility within 50m or physical crossing facility not controlled by authorised person,No physical crossing facility within 50m,At scene,55.95367398691627,-3.4155315521330083
75513,,Slight,1,1,10/02/2013,Sunday,10,February,13,15,24,S12000036,A,7,Single carriageway - 2 lanes,30,Not at or within 20 metres of junction,unset,\,,Daylight: street lights present,Fine (without high winds),Dry,None,None,No overtaking,326350,672570,569442,Segment,Bus,357869,unset,EH89PR,No crossing facility within 50m or physical crossing facility not controlled by authorised person,No physical crossing facility within 50m,At scene,55.940513900541305,-3.1806593322687844
76213,,Slight,2,1,28/01/2013,Monday,28,January,13,23,10,S12000036,A,701,Single carriageway - 2 lanes,30,Crossroads,Automatic Traffic Signal,C,,Daylight: street lights present,Fog (or mist if hazard),Dry,None,None,No overtaking,327130,670300,530098,Junction,T.V.N.P.,366935,unset,EH166AJ,Control by other authorised person,Pedestrian phase at traffic signal junction,At scene,55.920241710468446,-3.1675615121661522
77213,,Slight,2,1,11/02/2013,Monday,11,February,13,10,34,S12000036,B,701,Single carriageway - 2 lanes,30,'T' or staggered junction,Give way sign or markings,Unclassified,,Daylight: street lights present,Fine (without high winds),Dry,None,None,No overtaking,328450,668520,530245,Junction,T.V.N.P.,357870,unset,EH178JX,Control by other authorised person,Pedestrian phase at traffic signal junction,At scene,55.904450349362286,-3.145973262751508
77713,,Slight,1,1,11/02/2013,Monday,11,February,13,23,30,S12000036,C,,Single carriageway - 2 lanes,30,'T' or staggered junction,Give way sign or markings,Unclassified,,Darkness: street lights present and lit,Fine (without high winds),Dry,None,None,No overtaking,321370,670960,529696,Junction,Pedestrian,357871,unset,EH142BJ,Control by other authorised person,"Pelican, puffin, toucan or similar non-junction pedestrian light crossing",At scene,55.925262161514546,-3.2598949672263875
78913,,Slight,2,1,12/02/2013,Tuesday,12,February,13,9,25,S12000036,A,701,Single carriageway - 2 lanes,30,Crossroads,Automatic Traffic Signal,C,,Daylight: street lights present,Fine (without high winds),Dry,None,None,No overtaking,327380,669440,530191,Junction,T.V.N.P.,357872,unset,EH166JX,No crossing facility within 50m or physical crossing facility not controlled by authorised person,Pedestrian phase at traffic signal junction,At scene,55.91255422695697,-3.16333078062333
79813,,Slight,2,1,12/02/2013,Tuesday,12,February,13,14,5,S12000036,B,701,Single carriageway - 2 lanes,30,'T' or staggered junction,Automatic Traffic Signal,Unclassified,,Daylight: street lights present,Fine (without high winds),Dry,None,None,No overtaking,319620,669930,12201408,Junction,T.V.N.P.,357873,unset,EH142RU,No crossing facility within 50m or physical crossing facility not controlled by authorised person,Pedestrian phase at traffic signal junction,At scene,55.91572055572762,-3.2875855968969905
80113,,Slight,2,1,12/02/2013,Tuesday,12,February,13,15,18,S12000036,Unclassified,,Single carriageway - 2 lanes,40,Crossroads,Automatic Traffic Signal,Unclassified,,Daylight: street lights present,Fine (without high winds),Dry,None,None,No overtaking,331220,672930,531097,Junction,T.V.N.P.,357874,unset,EH153QH,No crossing facility within 50m or physical crossing facility not controlled by authorised person,No physical crossing facility within 50m,Elsewhere,55.9444702621624,-3.1028029010172
80413,,Slight,2,2,12/02/2013,Tuesday,12,February,13,23,40,S12000036,Unclassified,,Single carriageway - 2 lanes,30,Not at or within 20 metres of junction,unset,\,,Darkness: street lights present and lit,Fine (without high winds),Dry,None,None,No overtaking,330550,671410,569117,Segment,T.V.N.P.,357875,unset,EH164NB,No crossing facility within 50m or physical crossing facility not controlled by authorised person,No physical crossing facility within 50m,At scene,55.93071951020432,-3.1131361611104555
80813,,Slight,5,1,29/01/2013,Tuesday,29,January,13,18,30,S12000036,A,720,Dual carriageway - 2 lanes,70,Not at or within 20 metres of junction,unset,\,,Darkness: no street lighting,Fine (without high winds),Dry,None,None,No overtaking,320170,669160,2578907,Segment,M.V.N.P.,366936,unset,EH143BR,No crossing facility within 50m or physical crossing facility not controlled by authorised person,No physical crossing facility within 50m,At scene,55.90889564913928,-3.2785608519520055
82113,,Slight,1,1,13/02/2013,Wednesday,13,February,13,18,50,S12000036,A,7,Single carriageway - 2 lanes,30,Not at or within 20 metres of junction,unset,\,,Darkness: street lights present and lit,Raining with high winds,Dry,None,None,No overtaking,325990,673460,569294,Segment,Pedestrian,357876,unset,EH11LL,No crossing facility within 50m or physical crossing facility not controlled by authorised person,"Pelican, puffin, toucan or similar non-junction pedestrian light crossing",At scene,55.9484532609913,-3.186665801910608
82213,,Slight,2,1,13/02/2013,Wednesday,13,February,13,19,27,S12000036,Unclassified,,Single carriageway - 2 lanes,30,Other junction,Give way sign or markings,Unclassified,,Darkness: street lights present and lit,Raining (without high winds),Dry,None,None,No overtaking,324540,671170,530416,Junction,Cyclist,357877,unset,EH104QT,No crossing facility within 50m or physical crossing facility not controlled by authorised person,Pedestrian phase at traffic signal junction,At scene,55.92765694390482,-3.2092370453915327
82613,,Slight,2,1,12/02/2013,Tuesday,12,February,13,15,40,S12000036,Unclassified,,Single carriageway - 2 lanes,30,Other junction,Give way sign or markings,Unclassified,,Daylight: street lights present,Fine (without high winds),Dry,None,None,No overtaking,319380,672410,521874,Junction,T.V.N.P.,357878,unset,EH127QN,No crossing facility within 50m or physical crossing facility not controlled by authorised person,No physical crossing facility within 50m,At scene,55.93795696225142,-3.292165570271127
83413,,Slight,1,1,14/02/2013,Thursday,14,February,13,12,20,S12000036,C,,Single carriageway - 2 lanes,30,Other junction,Give way sign or markings,Unclassified,,Daylight: street lights present,Fine (without high winds),Dry,None,None,No overtaking,325540,674560,0,Unset,Pedestrian,357879,unset,EH36NS,No crossing facility within 50m or physical crossing facility not controlled by authorised person,No physical crossing facility within 50m,At scene,55.958264735354064,-3.1941739148078456
83513,,Slight,1,1,13/02/2013,Wednesday,13,February,13,13,10,S12000036,Unclassified,,Single carriageway - 2 lanes,30,Crossroads,Automatic Traffic Signal,C,,Daylight: street lights present,Fine (without high winds),Dry,None,None,No overtaking,319360,672630,522906,Junction,Pedestrian,357880,unset,EH127UH,No crossing facility within 50m or physical crossing facility not controlled by authorised person,Pedestrian phase at traffic signal junction,At scene,55.93992975015085,-3.292551469875566
83913,,Slight,3,1,14/02/2013,Thursday,14,February,13,13,10,S12000036,A,71,Single carriageway - 2 lanes,30,Not at or within 20 metres of junction,unset,\,,Daylight: street lights present,Fine (without high winds),Dry,None,None,No overtaking,323360,672440,549758,Segment,Cyclist,357881,unset,EH112NB,No crossing facility within 50m or physical crossing facility not controlled by authorised person,No physical crossing facility within 50m,Elsewhere,55.938878168435075,-3.228477955051044
84213,,Slight,2,1,14/02/2013,Thursday,14,February,13,18,0,S12000036,A,70,Single carriageway - 2 lanes,30,'T' or staggered junction,Give way sign or markings,Unclassified,,Darkness: street lights present and lit,Fine (without high winds),Dry,None,None,No overtaking,323860,672900,521802,Junction,Cyclist,357882,unset,EH112EA,No crossing facility within 50m or physical crossing facility not controlled by authorised person,No physical crossing facility within 50m,At scene,55.94308977076834,-3.2206056698676497
85813,,Slight,2,2,15/02/2013,Friday,15,February,13,8,0,S12000036,A,8,Roundabout,40,Roundabout,Automatic Traffic Signal,Unclassified,,Daylight: street lights present,Fine (without high winds),Dry,None,None,No overtaking,317580,672610,9658421,Junction,T.V.N.P.,357883,unset,EH129BS,No crossing facility within 50m or physical crossing facility not controlled by authorised person,No physical crossing facility within 50m,At scene,55.93944787736181,-3.32103315413572
85913,,Slight,2,2,15/02/2013,Friday,15,February,13,14,0,S12000036,C,,Single carriageway - 2 lanes,30,Other junction,Automatic Traffic Signal,Unclassified,,Daylight: street lights present,Fine (without high winds),Dry,None,None,No overtaking,325170,673900,521058,Junction,Bus,357884,unset,EH22JR,No crossing facility within 50m or physical crossing facility not controlled by authorised person,"Pelican, puffin, toucan or similar non-junction pedestrian light crossing",At scene,55.95227854001297,-3.1999151431656703
87013,,Slight,2,1,16/02/2013,Saturday,16,February,13,14,25,S12000036,A,900,Dual carriageway - 2 lanes,30,'T' or staggered junction,Automatic Traffic Signal,Unclassified,,Daylight: street lights present,Fine (without high winds),Dry,None,None,No overtaking,325980,674150,520632,Junction,Bus,357885,unset,EH13BJ,Control by other authorised person,Pedestrian phase at traffic signal junction,At scene,55.954649866063924,-3.187015569237555
88813,,Slight,2,2,17/02/2013,Sunday,17,February,13,15,15,S12000036,A,90,Dual carriageway - 2 lanes,50,Not at or within 20 metres of junction,unset,\,,Daylight: street lights present,Fine (without high winds),Dry,None,None,No overtaking,312480,678550,555429,Segment,T.V.N.P.,357886,unset,EH309SQ,No crossing facility within 50m or physical crossing facility not controlled by authorised person,No physical crossing facility within 50m,At scene,55.99189877402099,-3.4045839269700657
89913,,Serious,1,1,18/02/2013,Monday,18,February,13,12,49,S12000036,A,8,Dual carriageway - 2 lanes,20,'T' or staggered junction,Automatic Traffic Signal,C,,Daylight: street lights present,Fine (without high winds),Dry,None,None,No overtaking,325690,673960,521076,Junction,Pedestrian,357887,unset,EH22BY,Control by other authorised person,Pedestrian phase at traffic signal junction,At scene,55.95289831090625,-3.191606381518174
90013,,Slight,1,1,18/02/2013,Monday,18,February,13,7,30,S12000036,A,70,Single carriageway - 2 lanes,30,'T' or staggered junction,Give way sign or markings,Unclassified,,Daylight: street lights present,Fine (without high winds),Dry,None,None,No overtaking,319530,668410,533113,Junction,Pedestrian,357888,unset,EH145DB,Control by other authorised person,Pedestrian phase at traffic signal junction,At scene,55.90205203535463,-3.2885721375794326
90713,,Slight,2,1,18/02/2013,Monday,18,February,13,21,30,S12000036,A,90,Single carriageway - 2 lanes,30,Not at or within 20 metres of junction,unset,\,,Darkness: street lights present and lit,Fine (without high winds),Dry,None,None,No overtaking,322760,674260,555564,Segment,Cyclist,357889,unset,EH43HW,No crossing facility within 50m or physical crossing facility not controlled by authorised person,No physical crossing facility within 50m,At scene,55.95513046237734,-3.2386025166411345
90813,,Serious,1,1,19/02/2013,Tuesday,19,February,13,4,0,S12000036,Unclassified,,One way Street,30,Not at or within 20 metres of junction,unset,\,,Darkness: street lighting unknown,Fine (without high winds),Dry,None,None,No overtaking,325890,673670,558251,Segment,Pedestrian,357890,unset,EH11PE,No crossing facility within 50m or physical crossing facility not controlled by authorised person,No physical crossing facility within 50m,At scene,55.95032422272624,-3.188324461184836
92513,,Serious,1,1,19/02/2013,Tuesday,19,February,13,14,44,S12000036,A,1,Single carriageway - 2 lanes,40,'T' or staggered junction,Give way sign or markings,Unclassified,,Daylight: street lights present,Fine (without high winds),Dry,None,None,No overtaking,330610,672880,532597,Junction,Pedestrian,357891,unset,EH153AS,No crossing facility within 50m or physical crossing facility not controlled by authorised person,No physical crossing facility within 50m,At scene,55.94393330792442,-3.112554578438179
93213,,Slight,2,1,15/02/2013,Friday,15,February,13,13,34,S12000036,A,90,Single carriageway - 2 lanes,40,Not at or within 20 metres of junction,unset,\,,Daylight: street lights present,Fine (without high winds),Dry,None,None,No overtaking,317900,675380,555438,Segment,T.V.N.P.,357892,unset,EH46DY,No crossing facility within 50m or physical crossing facility not controlled by authorised person,"Pelican, puffin, toucan or similar non-junction pedestrian light crossing",At scene,55.964383881542894,-3.316756292160973
93613,,Slight,2,1,20/02/2013,Wednesday,20,February,13,7,21,S12000036,Unclassified,,Single carriageway - 2 lanes,30,Not at or within 20 metres of junction,unset,\,,Daylight: street lights present,Fine (without high winds),Dry,None,None,No overtaking,312300,677650,555318,Segment,T.V.N.P.,357893,unset,EH309XS,No crossing facility within 50m or physical crossing facility not controlled by authorised person,No physical crossing facility within 50m,At scene,55.983782085047466,-3.4071747382059634
95213,,Slight,1,1,20/02/2013,Wednesday,20,February,13,17,30,S12000036,A,1140,Single carriageway - 2 lanes,30,Other junction,Give way sign or markings,Unclassified,,Darkness: street lights present and lit,Fine (without high winds),Dry,None,None,No overtaking,329710,674360,523458,Junction,Pedestrian,357894,unset,EH76TH,No crossing facility within 50m or physical crossing facility not controlled by authorised person,Pedestrian phase at traffic signal junction,At scene,55.95709721445717,-3.127347392271566
95613,,Slight,2,1,20/02/2013,Wednesday,20,February,13,22,5,S12000036,A,700,Single carriageway - 2 lanes,30,'T' or staggered junction,Give way sign or markings,Unclassified,,Darkness: street lights present and lit,Unknown,Dry,None,None,No overtaking,325650,672520,12220073,Junction,Cyclist,357895,unset,EH39EE,No crossing facility within 50m or physical crossing facility not controlled by authorised person,No physical crossing facility within 50m,Elsewhere,55.939956864659386,-3.1918493135874337
95713,,Slight,2,1,20/02/2013,Wednesday,20,February,13,8,30,S12000036,C,,Single carriageway - 2 lanes,30,Crossroads,Automatic Traffic Signal,Unclassified,,Daylight: street lights present,Fine (without high winds),Dry,Road marking defective or obscured,None,No overtaking,325060,674250,520545,Junction,T.V.N.P.,357896,unset,EH36HP,Control by school crossing patrol,"Pelican, puffin, toucan or similar non-junction pedestrian light crossing",At scene,55.95540534468999,-3.201773686036769
96813,,Slight,1,1,21/02/2013,Thursday,21,February,13,12,15,S12000036,Unclassified,,Single carriageway - 2 lanes,30,Not at or within 20 metres of junction,unset,\,,Daylight: street lights present,Fine (without high winds),Dry,None,None,No overtaking,321750,676820,12226742,Segment,S.V.N.P.,357897,unset,EH44JJ,No crossing facility within 50m or physical crossing facility not controlled by authorised person,No physical crossing facility within 50m,At scene,55.977962215040904,-3.255518278745758
98213,,Slight,2,1,21/02/2013,Thursday,21,February,13,13,10,S12000036,B,900,Single carriageway - 2 lanes,30,Other junction,Give way sign or markings,Unclassified,,Daylight: street lights present,Fine (without high winds),Dry,None,None,No overtaking,323750,674670,520083,Junction,Cyclist,357898,unset,EH41DG,No crossing facility within 50m or physical crossing facility not controlled by authorised person,"Pelican, puffin, toucan or similar non-junction pedestrian light crossing",At scene,55.95897169993217,-3.2228675492514096
99213,,Slight,2,1,22/02/2013,Friday,22,February,13,22,25,S12000036,Unclassified,,Single carriageway - 2 lanes,30,Crossroads,Automatic Traffic Signal,A,901,Darkness: street lights present and lit,Fine (without high winds),Dry,None,None,No overtaking,326520,676450,531376,Junction,T.V.N.P.,357899,unset,EH66HN,Control by other authorised person,Pedestrian phase at traffic signal junction,At scene,55.97539336901008,-3.1789976742997608
100113,,Slight,1,1,23/02/2013,Saturday,23,February,13,13,0,S12000036,Unclassified,,One way Street,30,'T' or staggered junction,Give way sign or markings,C,,Daylight: street lights present,Fine (without high winds),Dry,None,None,No overtaking,325630,673490,521547,Junction,Pedestrian,357900,unset,EH11RN,No crossing facility within 50m or physical crossing facility not controlled by authorised person,Central refuge - no other controls,At scene,55.948667097704046,-3.192437204837775
100213,,Slight,1,1,23/02/2013,Saturday,23,February,13,13,55,S12000036,Unclassified,,One way Street,30,'T' or staggered junction,Give way sign or markings,C,,Daylight: street lights present,Fine (without high winds),Dry,None,None,No overtaking,325630,673490,521547,Junction,Pedestrian,357901,unset,EH11RN,No crossing facility within 50m or physical crossing facility not controlled by authorised person,Central refuge - no other controls,At scene,55.948667097704046,-3.192437204837775
100313,,Slight,2,1,09/02/2013,Saturday,9,February,13,8,15,S12000036,A,199,Single carriageway - 2 lanes,30,Crossroads,Automatic Traffic Signal,Unclassified,,Daylight: street lights present,Raining (without high winds),Dry,None,None,No overtaking,327640,676340,519277,Junction,T.V.N.P.,357902,unset,EH67LA,No crossing facility within 50m or physical crossing facility not controlled by authorised person,Pedestrian phase at traffic signal junction,At scene,55.97457559245685,-3.161025728946587
101313,,Slight,2,1,24/02/2013,Sunday,24,February,13,8,15,S12000036,A,720,Dual carriageway - 2 lanes,70,Not at or within 20 metres of junction,unset,\,,Darkness: no street lighting,Snowing (without high winds),Dry,None,None,No overtaking,323580,668000,570546,Segment,T.V.N.P.,357903,unset,EH107DS,No crossing facility within 50m or physical crossing facility not controlled by authorised person,No physical crossing facility within 50m,At scene,55.89902983986085,-3.2236994961971557
103013,,Slight,1,1,24/02/2013,Sunday,24,February,13,15,14,S12000036,C,,Single carriageway - 2 lanes,20,Not at or within 20 metres of junction,unset,\,,Daylight: street lights present,Fine (without high winds),Dry,None,None,No overtaking,322020,672240,565409,Segment,Pedestrian,357904,unset,EH113BQ,No crossing facility within 50m or physical crossing facility not controlled by authorised person,No physical crossing facility within 50m,At scene,55.93686589091345,-3.2498659670881893
103113,,Slight,1,1,24/02/2013,Sunday,24,February,13,19,15,S12000036,Unclassified,,Single carriageway - 2 lanes,30,Not at or within 20 metres of junction,unset,\,,Daylight: street lights present,Fine (without high winds),Dry,None,None,No overtaking,324510,671510,0,Unset,Pedestrian,357905,unset,EH104AY,No crossing facility within 50m or physical crossing facility not controlled by authorised person,No physical crossing facility within 50m,At scene,55.930706375248526,-3.2098122287833637
103213,,Slight,2,1,24/02/2013,Sunday,24,February,13,21,43,S12000036,Unclassified,,Single carriageway - 2 lanes,30,Crossroads,Give way sign or markings,Unclassified,,Daylight: street lights present,Fine (without high winds),Dry,None,None,No overtaking,325580,674400,12222985,Junction,T.V.N.P.,357906,unset,EH13PP,Control by other authorised person,Pedestrian phase at traffic signal junction,At scene,55.95683369482318,-3.1934891688467166
103613,,Slight,1,1,24/02/2013,Sunday,24,February,13,0,45,S12000036,C,,Single carriageway - 2 lanes,30,'T' or staggered junction,Automatic Traffic Signal,A,8,Darkness: street lights present and lit,Fine (without high winds),Dry,None,None,No overtaking,325370,673820,521028,Junction,S.V.N.P.,357907,unset,EH22HG,Control by other authorised person,Pedestrian phase at traffic signal junction,Elsewhere,55.95159106131241,-3.196690928144394
105513,,Slight,2,1,25/02/2013,Monday,25,February,13,16,0,S12000036,C,,Roundabout,30,Roundabout,Give way sign or markings,Unclassified,,Darkness: street lights present and lit,Fine (without high winds),Dry,None,None,No overtaking,326740,673920,521175,Junction,Cyclist,357908,unset,EH88BY,No crossing facility within 50m or physical crossing facility not controlled by authorised person,"Pelican, puffin, toucan or similar non-junction pedestrian light crossing",Elsewhere,55.95270044478996,-3.174784389962587
105713,,Slight,1,1,25/02/2013,Monday,25,February,13,15,30,S12000036,A,90,Single carriageway - 2 lanes,40,Not at or within 20 metres of junction,unset,\,,Daylight: street lights present,Fine (without high winds),Dry,None,None,No overtaking,319100,674910,0,Unset,Pedestrian,357909,unset,EH46ER,No crossing facility within 50m or physical crossing facility not controlled by authorised person,Central refuge - no other controls,At scene,55.96036600030663,-3.2973975123619206
106413,,Slight,2,1,25/02/2013,Monday,25,February,13,19,7,S12000036,Unclassified,,Single carriageway - 2 lanes,30,'T' or staggered junction,Give way sign or markings,Unclassified,,Darkness: street lights present and lit,Fine (without high winds),Dry,None,None,No overtaking,324240,674690,520116,Junction,T.V.N.P.,357910,unset,EH41DR,No crossing facility within 50m or physical crossing facility not controlled by authorised person,No physical crossing facility within 50m,At scene,55.959228977464086,-3.2150268783726665
107013,,Slight,3,2,25/02/2013,Monday,25,February,13,16,30,S12000036,Unclassified,,Single carriageway - 2 lanes,30,Not at or within 20 metres of junction,unset,\,,Daylight: street lights present,Fine (without high winds),Dry,None,None,No overtaking,328390,668500,2105867,Segment,M.V.N.P.,357911,unset,EH178JX,No crossing facility within 50m or physical crossing facility not controlled by authorised person,No physical crossing facility within 50m,At scene,55.90426175484026,-3.1469274067174866
107513,,Slight,2,1,26/02/2013,Tuesday,26,February,13,12,10,S12000036,B,9085,One way Street,30,'T' or staggered junction,Give way sign or markings,B,9085,Daylight: street lights present,Fine (without high winds),Dry,None,None,No overtaking,320600,675190,519738,Junction,T.V.N.P.,357912,unset,EH45BP,No crossing facility within 50m or physical crossing facility not controlled by authorised person,Pedestrian phase at traffic signal junction,At scene,55.963131678495714,-3.2734605282382203
107613,,Slight,1,1,26/02/2013,Tuesday,26,February,13,13,10,S12000036,C,,Single carriageway - 2 lanes,30,Not at or within 20 metres of junction,unset,\,,Daylight: street lights present,Fine (without high winds),Dry,None,None,No overtaking,323840,672120,554774,Segment,Bus,357913,unset,EH111LH,No crossing facility within 50m or physical crossing facility not controlled by authorised person,No physical crossing facility within 50m,At scene,55.93608007062511,-3.2207053522285247
109113,,Slight,2,1,27/02/2013,Wednesday,27,February,13,9,45,S12000036,C,,Single carriageway - 2 lanes,30,'T' or staggered junction,Give way sign or markings,Unclassified,,Daylight: street lights present,Fine (without high winds),Dry,None,None,No overtaking,326590,671520,529462,Junction,Cyclist,357914,unset,EH92NE,No crossing facility within 50m or physical crossing facility not controlled by authorised person,Central refuge - no other controls,Elsewhere,55.93111863637245,-3.176532035031443
109613,,Slight,3,1,27/02/2013,Wednesday,27,February,13,8,30,S12000036,A,8,Dual carriageway - 2 lanes,40,Not at or within 20 metres of junction,unset,\,,Daylight: street lights present,Fine (without high winds),Dry,None,None,No overtaking,315930,672330,550758,Segment,M.V.N.P.,357915,unset,EH129BH,No crossing facility within 50m or physical crossing facility not controlled by authorised person,No physical crossing facility within 50m,At scene,55.93664680590259,-3.34735244107822
109913,,Slight,2,1,27/02/2013,Wednesday,27,February,13,10,5,S12000036,Unclassified,,Single carriageway - 2 lanes,60,'T' or staggered junction,Stop sign,A,6106,Daylight: street lights present,Fine (without high winds),Dry,None,None,No overtaking,330070,673770,529624,Junction,T.V.N.P.,357916,unset,EH151LU,No crossing facility within 50m or physical crossing facility not controlled by authorised person,No physical crossing facility within 50m,Elsewhere,55.95184983935022,-3.1214295772498404
110213,,Slight,3,2,26/02/2013,Tuesday,26,February,13,18,0,S12000036,A,720,Dual carriageway - 2 lanes,50,Not at or within 20 metres of junction,unset,\,,Daylight: street lights present,Fine (without high winds),Dry,None,None,No overtaking,318500,670480,2582067,Segment,M.V.N.P.,357917,unset,EH144AJ,No crossing facility within 50m or physical crossing facility not controlled by authorised person,No physical crossing facility within 50m,At scene,55.92047229245576,-3.305665528010978
110313,,Slight,1,1,27/02/2013,Wednesday,27,February,13,15,35,S12000036,A,8,Dual carriageway - 2 lanes,40,Not at or within 20 metres of junction,unset,\,,Daylight: street lights present,Fine (without high winds),Dry,None,None,No overtaking,317990,672730,550646,Segment,Pedestrian,357918,unset,EH128LU,No crossing facility within 50m or physical crossing facility not controlled by authorised person,No physical crossing facility within 50m,At scene,55.94059596247748,-3.314507952435003
110613,,Slight,2,1,27/02/2013,Wednesday,27,February,13,19,40,S12000036,A,71,Dual carriageway - 2 lanes,40,Roundabout,Give way sign or markings,Unclassified,,Darkness: street lights present and lit,Fine (without high winds),Dry,None,None,No overtaking,320080,670830,529672,Junction,T.V.N.P.,357919,unset,EH114AJ,No crossing facility within 50m or physical crossing facility not controlled by authorised person,No physical crossing facility within 50m,At scene,55.923881567504935,-3.2804946282867355
111613,,Slight,2,1,26/02/2013,Tuesday,26,February,13,17,15,S12000036,Motorway,8,Dual carriageway - 2 lanes,70,Slip road,Give way sign or markings,Motorway,8,Daylight: street lights present,Fine (without high winds),Dry,None,None,No overtaking,313120,671250,6452160,Junction,T.V.N.P.,357920,unset,EH288LU,No crossing facility within 50m or physical crossing facility not controlled by authorised person,No physical crossing facility within 50m,Elsewhere,55.92644601303635,-3.391971741114712
112313,,Slight,1,1,23/02/2013,Saturday,23,February,13,23,25,S12000036,Unclassified,,Single carriageway - 2 lanes,30,Not at or within 20 metres of junction,unset,\,,Darkness: street lights present and lit,Fine (without high winds),Dry,None,None,No overtaking,325040,673380,0,Unset,Pedestrian,357921,unset,EH12EW,No crossing facility within 50m or physical crossing facility not controlled by authorised person,No physical crossing facility within 50m,At scene,55.94758720833643,-3.201851721812986