acc_ref,beat_no,severity,no_vehicle,no_casualt,a_date,a_day,a_date_day,a_date_mon,a_date_yr,a_time_hr,a_time_min,loc_auth,road1_class,road1_no,road_type,speed_limi,junc_det,junc_ctrl,road2_class,road2_no,light_cond,weather,road_surf,spec_cond,cway_hzrds,ovrtk_patrn,easting,northing,net_id,net_type,acc_type,text_id,division,Postcode,ped_xing_hc,ped_xing_p,place_reported,latitude,longitude
112813,,Slight,1,1,28/02/2013,Thursday,28,February,13,15,55,S12000036,Unclassified,,Single carriageway - 2 lanes,30,Not at or within 20 metres of junction,unset,\,,Daylight: street lights present,Fine (without high winds),Dry,None,None,No overtaking,329070,670130,568105,Segment,Pedestrian,357922,unset,EH164ST,No crossing facility within 50m or physical crossing facility not controlled by authorised person,Pedestrian phase at traffic signal junction,Elsewhere,55.91900492818443,-3.1364820166404486
114013,,Serious,2,1,01/03/2013,Friday,1,March,13,10,30,S12000036,A,7,Single carriageway - 2 lanes,30,'T' or staggered junction,Give way sign or markings,Unclassified,,Daylight: street lights present,Fine (without high winds),Dry,None,None,No overtaking,326300,672680,532693,Junction,Cyclist,363682,unset,EH89JG,No crossing facility within 50m or physical crossing facility not controlled by authorised person,Pedestrian phase at traffic signal junction,Elsewhere,55.94149434162132,-3.1814896929091154
114413,,Slight,1,1,01/03/2013,Friday,1,March,13,13,15,S12000036,Unclassified,,Single carriageway - 2 lanes,30,'T' or staggered junction,Give way sign or markings,Unclassified,,Daylight: street lights present,Fine (without high winds),Dry,None,None,No overtaking,322660,675700,519385,Junction,Pedestrian,363683,unset,EH44AG,No crossing facility within 50m or physical crossing facility not controlled by authorised person,Pedestrian phase at traffic signal junction,At scene,55.968049342308014,-3.240617473419754
114713,,Slight,2,1,01/03/2013,Friday,1,March,13,13,40,S12000036,Unclassified,,Single carriageway - 2 lanes,30,Not at or within 20 metres of junction,unset,\,,Daylight: street lights present,Fine (without high winds),Dry,None,None,No overtaking,326560,672130,569300,Segment,T.V.N.P.,363684,unset,EH92BR,No crossing facility within 50m or physical crossing facility not controlled by authorised person,No physical crossing facility within 50m,At scene,55.93659360648055,-3.177178273336605
114913,,Slight,1,1,01/03/2013,Friday,1,March,13,11,45,S12000036,B,700,Single carriageway - 2 lanes,30,Crossroads,Automatic Traffic Signal,A,702,Daylight: street lights present,Fine (without high winds),Dry,None,None,No overtaking,324800,673190,521406,Junction,Bus,363685,unset,EH38BJ,No crossing facility within 50m or physical crossing facility not controlled by authorised person,Pedestrian phase at traffic signal junction,At scene,55.945842940997956,-3.2056406502779105
115113,,Slight,1,1,01/03/2013,Friday,1,March,13,12,0,S12000036,Unclassified,,Single carriageway - 2 lanes,30,Not at or within 20 metres of junction,unset,\,,Daylight: street lights present,Fine (without high winds),Dry,None,None,No overtaking,326480,673530,0,Unset,Pedestrian,363686,unset,EH89UG,No crossing facility within 50m or physical crossing facility not controlled by authorised person,No physical crossing facility within 50m,At scene,55.94915737013374,-3.178840634493193
115713,,Slight,2,1,02/03/2013,Saturday,2,March,13,0,10,S12000036,Unclassified,,Single carriageway - 2 lanes,40,Not at or within 20 metres of junction,unset,\,,Darkness: street lights present and lit,Fine (without high winds),Dry,None,None,No overtaking,330070,673780,529624,Junction,T.V.N.P.,363687,unset,EH151LU,No crossing facility within 50m or physical crossing facility not controlled by authorised person,No physical crossing facility within 50m,At scene,55.95193966963591,-3.121432174649154
117613,,Slight,2,1,01/03/2013,Friday,1,March,13,17,50,S12000036,Unclassified,,Single carriageway - 2 lanes,30,Not at or within 20 metres of junction,unset,\,,Darkness: street lights present and lit,Fine (without high winds),Dry,None,None,No overtaking,320640,671780,565352,Segment,Cyclist,363688,unset,EH113NR,No crossing facility within 50m or physical crossing facility not controlled by authorised person,"Pelican, puffin, toucan or similar non-junction pedestrian light crossing",At scene,55.9325078360489,-3.271815274248038
117713,,Slight,1,1,02/03/2013,Saturday,2,March,13,19,10,S12000036,Unclassified,,Single carriageway - 2 lanes,30,Not at or within 20 metres of junction,unset,\,,Darkness: street lights present and lit,Fine (without high winds),Dry,None,None,No overtaking,320260,669510,565058,Segment,Bus,363689,unset,EH143BG,No crossing facility within 50m or physical crossing facility not controlled by authorised person,Zebra crossing,At scene,55.91205448858208,-3.2772249542105505
121413,,Slight,1,3,04/03/2013,Monday,4,March,13,23,38,S12000036,A,720,Dual carriageway - 2 lanes,60,Not at or within 20 metres of junction,unset,\,,Daylight: street lights present,Fine (without high winds),Dry,None,None,No overtaking,323530,668020,570534,Segment,S.V.N.P.,363690,unset,EH107DS,No crossing facility within 50m or physical crossing facility not controlled by authorised person,No physical crossing facility within 50m,At scene,55.899201546697,-3.2245045625981374
121913,,Slight,2,1,05/03/2013,Tuesday,5,March,13,8,30,S12000036,Unclassified,,Single carriageway - 2 lanes,30,Crossroads,Automatic Traffic Signal,Unclassified,,Daylight: street lights present,Fine (without high winds),Dry,None,None,No overtaking,326730,671820,529477,Junction,Cyclist,363691,unset,EH92BT,No crossing facility within 50m or physical crossing facility not controlled by authorised person,"Pelican, puffin, toucan or similar non-junction pedestrian light crossing",At scene,55.93383488293439,-3.1743733462717483
122513,,Slight,1,1,05/03/2013,Tuesday,5,March,13,11,10,S12000036,C,,Dual carriageway - 2 lanes,30,Not at or within 20 metres of junction,unset,\,,Daylight: street lights present,Fine (without high winds),Dry,None,None,No overtaking,326040,674410,558575,Segment,Pedestrian,363692,unset,EH13JT,Control by school crossing patrol,"Pelican, puffin, toucan or similar non-junction pedestrian light crossing",At scene,55.956994650644496,-3.1861263294892166
123313,,Slight,1,1,02/03/2013,Saturday,2,March,13,19,0,S12000036,A,7,Single carriageway - 2 lanes,30,Not at or within 20 metres of junction,unset,\,,Darkness: street lights present and lit,Fine (without high winds),Dry,None,None,No overtaking,326120,673140,569282,Segment,Bus,363693,unset,EH89DT,No crossing facility within 50m or physical crossing facility not controlled by authorised person,Pedestrian phase at traffic signal junction,Elsewhere,55.94559878206997,-3.1844968942424274
125113,,Slight,1,1,06/03/2013,Wednesday,6,March,13,16,50,S12000036,Unclassified,,Dual carriageway - 2 lanes,30,Not at or within 20 metres of junction,unset,\,,Daylight: street lights present,Fine (without high winds),Dry,None,None,No overtaking,324370,673070,10331542,Segment,Bus,363694,unset,EH38AZ,No crossing facility within 50m or physical crossing facility not controlled by authorised person,"Pelican, puffin, toucan or similar non-junction pedestrian light crossing",Elsewhere,55.944697454345764,-3.2124901712529144
125413,,Slight,2,2,22/02/2013,Friday,22,February,13,11,30,S12000036,Unclassified,,Single carriageway - 2 lanes,30,'T' or staggered junction,Automatic Traffic Signal,Unclassified,,Daylight: street lights present,Fine (without high winds),Dry,None,None,No overtaking,322350,671100,523488,Junction,Bus,357923,unset,EH141QA,No crossing facility within 50m or physical crossing facility not controlled by authorised person,Pedestrian phase at traffic signal junction,At scene,55.92667913451495,-3.2442564735626296
126113,,Serious,2,1,05/03/2013,Tuesday,5,March,13,15,0,S12000036,A,702,Single carriageway - 2 lanes,30,Multiple junction,Automatic Traffic Signal,A,702,Daylight: street lights present,Fine (without high winds),Dry,None,None,No overtaking,324920,672950,533368,Junction,Cyclist,363695,unset,EH39LY,No crossing facility within 50m or physical crossing facility not controlled by authorised person,Pedestrian phase at traffic signal junction,Elsewhere,55.94370585900686,-3.2036528583518713
126213,,Slight,2,1,02/03/2013,Saturday,2,March,13,18,30,S12000036,A,1140,Single carriageway - 2 lanes,30,Crossroads,Give way sign or markings,Unclassified,,Darkness: street lights present and lit,Fine (without high winds),Dry,None,None,No overtaking,328860,674200,523410,Junction,Cyclist,363696,unset,EH87BR,No crossing facility within 50m or physical crossing facility not controlled by authorised person,"Pelican, puffin, toucan or similar non-junction pedestrian light crossing",At scene,55.95553465439831,-3.140915754685217
126513,,Slight,1,1,06/03/2013,Wednesday,6,March,13,10,45,S12000036,Unclassified,,Single carriageway - 2 lanes,30,Crossroads,Give way sign or markings,Unclassified,,Daylight: street lights present,Fine (without high winds),Dry,None,None,No overtaking,323830,670440,12228564,Junction,Pedestrian,363697,unset,EH105PS,No crossing facility within 50m or physical crossing facility not controlled by authorised person,No physical crossing facility within 50m,At scene,55.92098747344174,-3.220390855251224
126613,,Slight,1,1,24/02/2013,Sunday,24,February,13,3,16,S12000036,A,900,Dual carriageway - 2 lanes,30,Not at or within 20 metres of junction,unset,\,,Darkness: street lights present and lit,Raining (without high winds),Dry,None,None,No overtaking,326070,674420,558509,Segment,S.V.N.P.,357924,unset,EH13NQ,No crossing facility within 50m or physical crossing facility not controlled by authorised person,No physical crossing facility within 50m,At scene,55.95708910231397,-3.185648709462353
126713,,Slight,2,1,07/03/2013,Thursday,7,March,13,6,50,S12000036,C,,Single carriageway - 2 lanes,30,'T' or staggered junction,Give way sign or markings,Unclassified,,Daylight: street lights present,Raining (without high winds),Dry,None,None,No overtaking,320060,672600,521715,Junction,T.V.N.P.,363698,unset,EH127JJ,No crossing facility within 50m or physical crossing facility not controlled by authorised person,No physical crossing facility within 50m,At scene,55.93977732316911,-3.2813393549699588
128413,,Slight,1,1,08/03/2013,Friday,8,March,13,13,22,S12000036,C,,Single carriageway - 2 lanes,30,Crossroads,Automatic Traffic Signal,Unclassified,,Daylight: street lights present,Fine (without high winds),Dry,Road works present,None,No overtaking,328810,671620,523773,Junction,Pedestrian,363699,unset,EH164BX,No crossing facility within 50m or physical crossing facility not controlled by authorised person,No physical crossing facility within 50m,At scene,55.932351153843435,-3.141034509065444
128513,,Slight,2,1,07/03/2013,Thursday,7,March,13,11,15,S12000036,A,902,Single carriageway - 2 lanes,30,'T' or staggered junction,Automatic Traffic Signal,Unclassified,,Daylight: street lights present,Fine (without high winds),Dry,None,None,No overtaking,322480,674960,520062,Junction,T.V.N.P.,363700,unset,EH42NG,No crossing facility within 50m or physical crossing facility not controlled by authorised person,No physical crossing facility within 50m,At scene,55.96137314919115,-3.2432872277684606
129813,,Serious,2,1,02/03/2013,Saturday,2,March,13,6,40,S12000036,Unclassified,,Single carriageway - 2 lanes,30,Not at or within 20 metres of junction,unset,\,,Daylight: street lights present,Fine (without high winds),Dry,None,None,No overtaking,325670,673950,0,Unset,Cyclist,363701,unset,EH22EJ,No crossing facility within 50m or physical crossing facility not controlled by authorised person,Pedestrian phase at traffic signal junction,Elsewhere,55.95280538541168,-3.191923830701876
129913,,Slight,2,1,04/03/2013,Monday,4,March,13,9,10,S12000036,C,,Single carriageway - 2 lanes,30,Crossroads,Automatic Traffic Signal,Unclassified,,Daylight: street lights present,Unknown,Dry,None,None,No overtaking,326520,671750,529468,Junction,Cyclist,363702,unset,EH92NJ,Control by other authorised person,Pedestrian phase at traffic signal junction,Elsewhere,55.93317399393087,-3.177714835974753
130513,,Slight,1,1,09/03/2013,Saturday,9,March,13,10,40,S12000036,B,9085,Single carriageway - 2 lanes,30,Mini-roundabout,Give way sign or markings,Unclassified,,Daylight: street lights present,Raining (without high winds),Dry,None,None,No overtaking,320550,675430,519747,Junction,Pedestrian,363703,unset,EH45BX,No crossing facility within 50m or physical crossing facility not controlled by authorised person,Central refuge - no other controls,At scene,55.96527920279609,-3.2743321039242304
130713,,Slight,2,1,09/03/2013,Saturday,9,March,13,13,0,S12000036,C,,Single carriageway - 2 lanes,30,Not at or within 20 metres of junction,unset,\,,Daylight: street lights present,Fine (without high winds),Dry,None,None,No overtaking,322750,669330,564752,Segment,T.V.N.P.,363704,unset,EH139AH,No crossing facility within 50m or physical crossing facility not controlled by authorised person,No physical crossing facility within 50m,Elsewhere,55.91084424293285,-3.237349994416102
130813,,Slight,1,1,08/03/2013,Friday,8,March,13,13,30,S12000036,A,6095,Single carriageway - 2 lanes,30,Not at or within 20 metres of junction,unset,\,,Daylight: street lights present,Fine (without high winds),Dry,Road works present,None,No overtaking,329120,671680,553859,Segment,Pedestrian,363705,unset,EH164DS,No crossing facility within 50m or physical crossing facility not controlled by authorised person,"Pelican, puffin, toucan or similar non-junction pedestrian light crossing",At scene,55.93293599124361,-3.136089562145556
130913,,Slight,2,1,09/03/2013,Saturday,9,March,13,18,0,S12000036,A,7,Single carriageway - 2 lanes,30,Not at or within 20 metres of junction,unset,\,,Darkness: street lights present and lit,Fine (without high winds),Dry,None,None,No overtaking,326110,673150,569282,Segment,Pedestrian,363706,unset,EH89BZ,No crossing facility within 50m or physical crossing facility not controlled by authorised person,No physical crossing facility within 50m,At scene,55.945687071192594,-3.1846597126393323
134513,,Slight,4,1,11/03/2013,Monday,11,March,13,12,10,S12000036,A,720,Dual carriageway - 2 lanes,70,Slip road,Give way sign or markings,A,720,Daylight: street lights present,Snowing (without high winds),Dry,None,None,No overtaking,320230,669030,2578952,Junction,M.V.N.P.,363707,unset,EH145BP,No crossing facility within 50m or physical crossing facility not controlled by authorised person,No physical crossing facility within 50m,At scene,55.90773787382346,-3.277562938123535
134713,,Slight,2,2,07/03/2013,Thursday,7,March,13,17,0,S12000036,Unclassified,,Single carriageway - 2 lanes,30,Not at or within 20 metres of junction,unset,\,,Daylight: street lights present,Fine (without high winds),Dry,None,None,No overtaking,327730,674480,557890,Segment,T.V.N.P.,363708,unset,EH76AH,No crossing facility within 50m or physical crossing facility not controlled by authorised person,No physical crossing facility within 50m,Elsewhere,55.95788099283993,-3.1590842538615647
134813,,Slight,1,1,11/03/2013,Monday,11,March,13,12,35,S12000036,A,6095,Single carriageway - 2 lanes,30,'T' or staggered junction,Give way sign or markings,Unclassified,,Daylight: street lights present,Fine (without high winds),Dry,None,None,No overtaking,329000,671670,523770,Junction,Pedestrian,363709,unset,EH164BG,No crossing facility within 50m or physical crossing facility not controlled by authorised person,"Pelican, puffin, toucan or similar non-junction pedestrian light crossing",Elsewhere,55.93282843353995,-3.1380072366438547
134913,,Slight,2,1,07/03/2013,Thursday,7,March,13,23,1,S12000036,B,901,Single carriageway - 2 lanes,30,'T' or staggered junction,Give way sign or markings,Unclassified,,Darkness: street lights present and lit,Fine (without high winds),Dry,None,None,No overtaking,325870,674490,520611,Junction,Cyclist,363710,unset,EH13QR,No crossing facility within 50m or physical crossing facility not controlled by authorised person,No physical crossing facility within 50m,At scene,55.957687040097376,-3.188870437062638
141113,,Slight,1,1,13/03/2013,Wednesday,13,March,13,9,10,S12000036,A,701,Single carriageway - 2 lanes,30,Other junction,Give way sign or markings,Unclassified,,Daylight: street lights present,Fine (without high winds),Dry,None,None,No overtaking,327150,671060,529600,Junction,Pedestrian,363711,unset,EH165PT,No crossing facility within 50m or physical crossing facility not controlled by authorised person,Pedestrian phase at traffic signal junction,At scene,55.92707176731391,-3.167446832247417
143113,,Slight,1,1,13/03/2013,Wednesday,13,March,13,15,30,S12000036,A,7,Single carriageway - 2 lanes,20,'T' or staggered junction,Give way sign or markings,Unclassified,,Daylight: street lights present,Fine (without high winds),Dry,None,None,No overtaking,326100,673170,521580,Junction,Pedestrian,363712,unset,EH89BZ,No crossing facility within 50m or physical crossing facility not controlled by authorised person,Central refuge - no other controls,At scene,55.94586518846807,-3.1848252753233206
143613,,Slight,4,3,14/03/2013,Thursday,14,March,13,10,7,S12000036,A,720,Dual carriageway - 2 lanes,70,Not at or within 20 metres of junction,unset,\,,Daylight: street lights present,Fine (without high winds),Dry,None,None,No overtaking,320260,668970,570555,Segment,M.V.N.P.,363713,unset,EH145BQ,No crossing facility within 50m or physical crossing facility not controlled by authorised person,No physical crossing facility within 50m,At scene,55.907203895861834,-3.2770654800428103
145813,,Slight,2,2,14/03/2013,Thursday,14,March,13,15,30,S12000036,Unclassified,,Single carriageway - 2 lanes,30,'T' or staggered junction,Give way sign or markings,Unclassified,,Daylight: street lights present,Fine (without high winds),Dry,None,None,No overtaking,319370,670790,9659683,Junction,T.V.N.P.,363714,unset,EH114AA,No crossing facility within 50m or physical crossing facility not controlled by authorised person,No physical crossing facility within 50m,At scene,55.92340364037009,-3.291841208432846
145913,,Slight,3,1,14/03/2013,Thursday,14,March,13,20,21,S12000036,Unclassified,,Single carriageway - 2 lanes,30,Crossroads,Give way sign or markings,Unclassified,,Daylight: street lights present,Fine (without high winds),Dry,None,None,No overtaking,318710,670930,12232039,Junction,M.V.N.P.,363715,unset,EH114DT,No crossing facility within 50m or physical crossing facility not controlled by authorised person,No physical crossing facility within 50m,At scene,55.92454997558834,-3.302441858118937
146713,,Slight,1,1,15/03/2013,Friday,15,March,13,20,20,S12000036,Motorway,8,Dual carriageway - 2 lanes,70,Not at or within 20 metres of junction,unset,\,,Darkness: no street lighting,Fine (without high winds),Dry,None,None,No overtaking,316760,670350,6452114,Segment,S.V.N.P.,363716,unset,EH129BZ,No crossing facility within 50m or physical crossing facility not controlled by authorised person,No physical crossing facility within 50m,At scene,55.919006329461034,-3.3334589617230113
146813,,Slight,1,1,15/03/2013,Friday,15,March,13,19,40,S12000036,A,71,Dual carriageway - 2 lanes,40,Not at or within 20 metres of junction,unset,\,,Darkness: street lights present and lit,Fine (without high winds),Dry,None,None,No overtaking,318960,670520,549701,Segment,Bus,363717,unset,EH114HX,No crossing facility within 50m or physical crossing facility not controlled by authorised person,No physical crossing facility within 50m,Elsewhere,55.920909390358744,-3.2983191638450755
149413,,Slight,3,2,14/03/2013,Thursday,14,March,13,16,20,S12000036,A,720,Dual carriageway - 2 lanes,70,Not at or within 20 metres of junction,unset,\,,Daylight: street lights present,Fine (without high winds),Dry,None,None,No overtaking,325180,667430,0,Unset,M.V.N.P.,363718,unset,EH107DUA,No crossing facility within 50m or physical crossing facility not controlled by authorised person,No physical crossing facility within 50m,At scene,55.89416122385065,-3.1979604730071514
149513,,Slight,1,1,15/03/2013,Friday,15,March,13,16,25,S12000036,Unclassified,,Single carriageway - 2 lanes,30,Not at or within 20 metres of junction,unset,\,,Daylight: street lights present,Fine (without high winds),Dry,None,None,No overtaking,323710,676560,570123,Segment,Bus,363719,unset,EH52DB,No crossing facility within 50m or physical crossing facility not controlled by authorised person,No physical crossing facility within 50m,Elsewhere,55.97594260082486,-3.224044068491243
149613,,Serious,2,1,17/03/2013,Sunday,17,March,13,20,0,S12000036,A,901,Roundabout,30,Roundabout,Give way sign or markings,Unclassified,,Darkness: street lights present and lit,Raining (without high winds),Dry,None,None,No overtaking,323710,677130,518896,Junction,Cyclist,363720,unset,EH51HE,No crossing facility within 50m or physical crossing facility not controlled by authorised person,No physical crossing facility within 50m,At scene,55.98106271680276,-3.2242058344986475
150613,,Slight,2,1,18/03/2013,Monday,18,March,13,10,40,S12000036,A,6095,Single carriageway - 2 lanes,30,Crossroads,Automatic Traffic Signal,Unclassified,,Daylight: street lights present,Raining (without high winds),Dry,None,None,No overtaking,330490,671750,530029,Junction,T.V.N.P.,363721,unset,EH164ND,No crossing facility within 50m or physical crossing facility not controlled by authorised person,Pedestrian phase at traffic signal junction,At scene,55.93376507633028,-3.1141839412146983
150713,,Slight,1,1,15/03/2013,Friday,15,March,13,21,30,S12000036,B,900,Single carriageway - 2 lanes,30,Crossroads,Automatic Traffic Signal,B,900,Darkness: street lights present and lit,Raining (without high winds),Dry,None,None,No overtaking,324570,674620,520152,Junction,S.V.N.P.,363722,unset,EH41LR,No crossing facility within 50m or physical crossing facility not controlled by authorised person,Pedestrian phase at traffic signal junction,Elsewhere,55.95865218167575,-3.209722970848329
151113,,Slight,1,1,19/03/2013,Tuesday,19,March,13,6,10,S12000036,Motorway,8,Dual carriageway - 2 lanes,70,Not at or within 20 metres of junction,unset,\,,Daylight: street lights present,Snowing with high winds,Dry,None,None,No overtaking,316580,670400,6452114,Segment,S.V.N.P.,363723,unset,EH129BZ,No crossing facility within 50m or physical crossing facility not controlled by authorised person,No physical crossing facility within 50m,At scene,55.91942423557068,-3.336353632033609
152313,,Slight,2,1,19/03/2013,Tuesday,19,March,13,10,10,S12000036,A,902,Dual carriageway - 2 lanes,30,Not at or within 20 metres of junction,unset,\,,Daylight: street lights present,Snowing with high winds,Dry,None,None,No overtaking,321650,674900,563728,Segment,T.V.N.P.,363724,unset,EH42BA,No crossing facility within 50m or physical crossing facility not controlled by authorised person,Pedestrian phase at traffic signal junction,At scene,55.9606993655478,-3.25656106405224
155713,,Slight,2,1,16/03/2013,Saturday,16,March,13,14,25,S12000036,A,700,Single carriageway - 2 lanes,30,'T' or staggered junction,Give way sign or markings,Unclassified,,Daylight: street lights present,Raining (without high winds),Dry,None,None,No overtaking,325080,672810,521859,Junction,Cyclist,363725,unset,EH39JU,No crossing facility within 50m or physical crossing facility not controlled by authorised person,"Pelican, puffin, toucan or similar non-junction pedestrian light crossing",Elsewhere,55.94247326608857,-3.2010528627260566
156513,,Slight,1,1,08/03/2013,Friday,8,March,13,20,10,S12000036,A,199,Single carriageway - 2 lanes,30,Not at or within 20 metres of junction,unset,\,,Darkness: street lights present and lit,Raining (without high winds),Dry,None,None,No overtaking,328250,675970,563284,Segment,Pedestrian,363726,unset,EH67JZ,No crossing facility within 50m or physical crossing facility not controlled by authorised person,No physical crossing facility within 50m,At scene,55.971343590052705,-3.1511549972601873
157213,,Serious,3,3,21/03/2013,Thursday,21,March,13,6,40,S12000036,A,71,Single carriageway - 2 lanes,50,Not at or within 20 metres of junction,unset,\,,Daylight: street lights present,Fine (without high winds),Dry,None,Involvement with previous accident,No overtaking,313920,668970,549671,Segment,Pedestrian,363727,unset,EH278EB,No crossing facility within 50m or physical crossing facility not controlled by authorised person,No physical crossing facility within 50m,At scene,55.90611059273871,-3.3784459240879636
157713,,Serious,1,1,21/03/2013,Thursday,21,March,13,9,30,S12000036,Unclassified,,One way Street,30,Not at or within 20 metres of junction,unset,\,,Daylight: street lights present,Fine (without high winds),Dry,None,None,No overtaking,329100,673360,553279,Segment,Pedestrian,363728,unset,EH87RR,No crossing facility within 50m or physical crossing facility not controlled by authorised person,No physical crossing facility within 50m,At scene,55.94802447590085,-3.1368516994402866
157913,,Slight,1,1,16/03/2013,Saturday,16,March,13,0,30,S12000036,C,,Dual carriageway - 2 lanes,30,Not at or within 20 metres of junction,unset,\,,Daylight: street lights present,Fine (without high winds),Dry,None,None,No overtaking,325200,673990,566570,Segment,Pedestrian,363729,unset,EH22LR,No crossing facility within 50m or physical crossing facility not controlled by authorised person,No physical crossing facility within 50m,At scene,55.953091667132306,-3.199459840340342
158413,,Serious,1,1,21/03/2013,Thursday,21,March,13,16,0,S12000036,Unclassified,,Single carriageway - 2 lanes,30,Not at or within 20 metres of junction,unset,\,,Daylight: street lights present,Fine (without high winds),Dry,None,None,No overtaking,324630,676740,0,Unset,Bus,363730,unset,EH53JW,No crossing facility within 50m or physical crossing facility not controlled by authorised person,No physical crossing facility within 50m,At scene,55.97770498781154,-3.209356228168018
158613,,Fatal,1,1,21/03/2013,Thursday,21,March,13,19,50,S12000036,Unclassified,,Single carriageway - 2 lanes,30,'T' or staggered junction,Give way sign or markings,Unclassified,,Darkness: street lights present and lit,Fine (without high winds),Dry,None,None,No overtaking,323950,673660,520866,Junction,Pedestrian,363731,unset,EH125AY,No crossing facility within 50m or physical crossing facility not controlled by authorised person,No physical crossing facility within 50m,At scene,55.94993090577613,-3.2193796793641973
159513,,Slight,1,1,22/03/2013,Friday,22,March,13,12,15,S12000036,Unclassified,,Single carriageway - 2 lanes,20,Not at or within 20 metres of junction,unset,\,,Daylight: street lights present,Fine (without high winds),Dry,None,None,No overtaking,328930,668720,0,Unset,Pedestrian,363732,unset,EH178NL,No crossing facility within 50m or physical crossing facility not controlled by authorised person,No physical crossing facility within 50m,At scene,55.90631816234265,-3.138350302649951
160213,,Slight,2,1,22/03/2013,Friday,22,March,13,20,30,S12000036,Unclassified,,Single carriageway - 2 lanes,30,'T' or staggered junction,Give way sign or markings,Unclassified,,Darkness: street lights present and lit,Raining (without high winds),Dry,None,None,No overtaking,321800,675540,530374,Junction,Cyclist,363733,unset,EH44PH,No crossing facility within 50m or physical crossing facility not controlled by authorised person,"Pelican, puffin, toucan or similar non-junction pedestrian light crossing",At scene,55.9664726885561,-3.254345059272191
161813,,Slight,1,1,23/03/2013,Saturday,23,March,13,22,30,S12000036,A,90,Single carriageway - 2 lanes,30,Not at or within 20 metres of junction,unset,\,,Darkness: street lights present and lit,Fine (without high winds),Dry,None,None,No overtaking,324690,673790,556023,Segment,Pedestrian,363734,unset,EH24DR,No crossing facility within 50m or physical crossing facility not controlled by authorised person,No physical crossing facility within 50m,At scene,55.95121535099127,-3.207569251788573
163413,,Slight,2,5,24/03/2013,Sunday,24,March,13,14,50,S12000036,Unclassified,,Single carriageway - 2 lanes,30,Crossroads,Give way sign or markings,Unclassified,,Daylight: street lights present,Fine (without high winds),Dry,Permanent road signing or marking defective or obscured,None,No overtaking,318710,670920,12232039,Junction,T.V.N.P.,363735,unset,EH114EJ,No crossing facility within 50m or physical crossing facility not controlled by authorised person,No physical crossing facility within 50m,At scene,55.92446015090938,-3.302438844741149
163713,,Slight,1,1,23/03/2013,Saturday,23,March,13,21,18,S12000036,Unclassified,,Single carriageway - 2 lanes,30,Not at or within 20 metres of junction,unset,\,,Darkness: street lights present and lit,Other,Dry,None,None,No overtaking,321940,670710,564608,Segment,S.V.N.P.,363736,unset,EH142EP,No crossing facility within 50m or physical crossing facility not controlled by authorised person,No physical crossing facility within 50m,At scene,55.92310945386856,-3.2507033408333728
163913,,Serious,1,1,24/03/2013,Sunday,24,March,13,2,0,S12000036,A,900,Single carriageway - 2 lanes,30,'T' or staggered junction,Automatic Traffic Signal,Unclassified,,Darkness: street lighting unknown,Fine (without high winds),Dry,None,None,No overtaking,325960,674120,520632,Junction,Pedestrian,363737,unset,EH13AT,No crossing facility within 50m or physical crossing facility not controlled by authorised person,No physical crossing facility within 50m,At scene,55.954377295981715,-3.187327543377646
164013,,Slight,2,4,24/03/2013,Sunday,24,March,13,4,0,S12000036,A,71,Single carriageway - 2 lanes,60,Not at or within 20 metres of junction,unset,\,,Darkness: no street lighting,Fine (without high winds),Dry,None,None,No overtaking,316290,669820,549650,Segment,T.V.N.P.,363738,unset,EH144AG,No crossing facility within 50m or physical crossing facility not controlled by authorised person,No physical crossing facility within 50m,At scene,55.91416405071952,-3.3408125250407132
164813,,Slight,2,1,25/03/2013,Monday,25,March,13,9,15,S12000036,Unclassified,,Single carriageway - 2 lanes,30,'T' or staggered junction,Stop sign,Unclassified,,Daylight: street lights present,Fine (without high winds),Dry,None,None,No overtaking,328250,670450,0,Unset,T.V.N.P.,363739,unset,EH165SX,No crossing facility within 50m or physical crossing facility not controlled by authorised person,No physical crossing facility within 50m,At scene,55.92175772691841,-3.1496844788658445
165013,,Slight,2,1,25/03/2013,Monday,25,March,13,14,15,S12000036,Unclassified,,Single carriageway - 2 lanes,30,'T' or staggered junction,Give way sign or markings,Unclassified,,Daylight: street lights present,Fine with high winds,Dry,None,None,No overtaking,326090,672930,532711,Junction,Cyclist,363740,unset,EH89JR,No crossing facility within 50m or physical crossing facility not controlled by authorised person,No physical crossing facility within 50m,Elsewhere,55.94370776757368,-3.1849195019624963
165513,,Slight,2,1,25/03/2013,Monday,25,March,13,8,0,S12000036,A,71,Single carriageway - 2 lanes,30,Not at or within 20 metres of junction,unset,\,,Daylight: street lights present,Fine (without high winds),Dry,None,None,No overtaking,322490,672080,549740,Segment,Cyclist,363741,unset,EH112RW,No crossing facility within 50m or physical crossing facility not controlled by authorised person,No physical crossing facility within 50m,Elsewhere,55.93550475898335,-3.24229827719666
166913,,Slight,1,1,25/03/2013,Monday,25,March,13,21,25,S12000036,A,8,Single carriageway - 2 lanes,30,Not at or within 20 metres of junction,unset,\,,Daylight: street lights present,Fine (without high winds),Dry,None,None,No overtaking,319650,672980,521694,Junction,Bus,363742,unset,EH127XA,No crossing facility within 50m or physical crossing facility not controlled by authorised person,No physical crossing facility within 50m,Elsewhere,55.943122238258866,-3.2880145106642242