acc_ref,beat_no,severity,no_vehicle,no_casualt,a_date,a_day,a_date_day,a_date_mon,a_date_yr,a_time_hr,a_time_min,loc_auth,road1_class,road1_no,road_type,speed_limi,junc_det,junc_ctrl,road2_class,road2_no,light_cond,weather,road_surf,spec_cond,cway_hzrds,ovrtk_patrn,easting,northing,net_id,net_type,acc_type,text_id,division,Postcode,ped_xing_hc,ped_xing_p,place_reported,latitude,longitude
167313,,Slight,2,1,26/03/2013,Tuesday,26,March,13,13,42,S12000036,A,7,Single carriageway - 2 lanes,30,Not at or within 20 metres of junction,unset,\,,Daylight: street lights present,Fine (without high winds),Dry,None,None,No overtaking,327850,671090,568093,Segment,T.V.N.P.,363743,unset,EH165UF,No crossing facility within 50m or physical crossing facility not controlled by authorised person,No physical crossing facility within 50m,At scene,55.927446914561365,-3.156254831032796
167413,,Slight,2,1,26/03/2013,Tuesday,26,March,13,9,10,S12000036,B,701,Single carriageway - 2 lanes,30,'T' or staggered junction,Give way sign or markings,Unclassified,,Daylight: street lights present,Fine (without high winds),Dry,None,None,No overtaking,322120,668880,533038,Junction,T.V.N.P.,363744,unset,EH130AA,No crossing facility within 50m or physical crossing facility not controlled by authorised person,No physical crossing facility within 50m,At scene,55.90670037252789,-3.247295692675287
167713,,Slight,2,1,26/03/2013,Tuesday,26,March,13,11,0,S12000036,A,90,Single carriageway - 2 lanes,40,Not at or within 20 metres of junction,unset,\,,Daylight: street lights present,Unknown,Dry,None,None,No overtaking,318050,675180,555450,Segment,T.V.N.P.,363745,unset,EH46AT,No crossing facility within 50m or physical crossing facility not controlled by authorised person,"Pelican, puffin, toucan or similar non-junction pedestrian light crossing",Elsewhere,55.96261305435234,-3.3142932130923786
167913,,Slight,2,3,26/03/2013,Tuesday,26,March,13,16,0,S12000036,C,,Single carriageway - 2 lanes,30,Crossroads,Automatic Traffic Signal,B,1350,Daylight: street lights present,Fine (without high winds),Dry,None,None,No overtaking,326920,674460,520680,Junction,T.V.N.P.,363746,unset,EH75DR,No crossing facility within 50m or physical crossing facility not controlled by authorised person,Pedestrian phase at traffic signal junction,At scene,55.957578638164655,-3.1720490922417848
169413,,Slight,1,1,11/03/2013,Monday,11,March,13,11,25,S12000036,Unclassified,,Single carriageway - 2 lanes,30,Not at or within 20 metres of junction,unset,\,,Daylight: street lights present,Snowing (without high winds),Dry,None,None,No overtaking,325860,673780,569724,Segment,Pedestrian,363747,unset,EH11BB,No crossing facility within 50m or physical crossing facility not controlled by authorised person,"Pelican, puffin, toucan or similar non-junction pedestrian light crossing",At scene,55.95130769902096,-3.1888350311496136
170413,,Slight,1,1,27/03/2013,Wednesday,27,March,13,21,15,S12000036,Unclassified,,Roundabout,40,Roundabout,Give way sign or markings,Unclassified,,Darkness: street lights present and lit,Fine (without high winds),Dry,None,None,No overtaking,317900,672300,9658481,Junction,S.V.N.P.,363748,unset,EH129DF,No crossing facility within 50m or physical crossing facility not controlled by authorised person,No physical crossing facility within 50m,At scene,55.93671815117537,-3.315817390367676
173713,,Serious,1,2,30/03/2013,Saturday,30,March,13,1,45,S12000036,Unclassified,,Single carriageway - 2 lanes,40,Not at or within 20 metres of junction,unset,\,,Darkness: no street lighting,Snowing (without high winds),Dry,None,None,No overtaking,313920,675470,0,Unset,S.V.N.P.,363749,unset,EH299EH,No crossing facility within 50m or physical crossing facility not controlled by authorised person,No physical crossing facility within 50m,At scene,55.964494691649584,-3.38052127909153
173913,,Slight,2,1,27/03/2013,Wednesday,27,March,13,10,50,S12000036,Unclassified,,Single carriageway - 2 lanes,30,Other junction,Give way sign or markings,C,,Daylight: street lights present,Fine (without high winds),Dry,None,None,No overtaking,326840,674130,520698,Junction,T.V.N.P.,363750,unset,EH88EB,No crossing facility within 50m or physical crossing facility not controlled by authorised person,Pedestrian phase at traffic signal junction,Elsewhere,55.95460210231377,-3.17324040481668
174113,,Slight,1,2,28/03/2013,Thursday,28,March,13,20,35,S12000036,A,720,Dual carriageway - 2 lanes,70,Not at or within 20 metres of junction,unset,\,,Darkness: no street lighting,Fine (without high winds),Dry,None,None,No overtaking,322670,668040,570552,Segment,S.V.N.P.,363751,unset,EH139QP,No crossing facility within 50m or physical crossing facility not controlled by authorised person,No physical crossing facility within 50m,At scene,55.89924367128171,-3.238260063005768
174213,,Slight,1,1,30/03/2013,Saturday,30,March,13,4,0,S12000036,A,199,Single carriageway - 2 lanes,40,Not at or within 20 metres of junction,unset,\,,Darkness: street lights present and lit,Fine (without high winds),Dry,None,None,No overtaking,329130,675570,563287,Segment,S.V.N.P.,363752,unset,EH151TB,No crossing facility within 50m or physical crossing facility not controlled by authorised person,No physical crossing facility within 50m,At scene,55.96788127625637,-3.1369533869370825
174613,,Slight,2,1,01/04/2013,Monday,1,April,13,10,40,S12000036,Unclassified,,Single carriageway - 2 lanes,30,'T' or staggered junction,Give way sign or markings,Unclassified,,Daylight: street lights present,Fine (without high winds),Dry,None,None,No overtaking,325930,671080,533410,Junction,Cyclist,367457,unset,EH93HU,Control by other authorised person,Pedestrian phase at traffic signal junction,At scene,55.92706484340144,-3.1869721935794764
175213,,Serious,1,1,01/04/2013,Monday,1,April,13,13,20,S12000036,Unclassified,,Single carriageway - 2 lanes,30,Not at or within 20 metres of junction,unset,\,,Daylight: street lights present,Fine (without high winds),Dry,None,None,No overtaking,326120,675780,558922,Segment,Pedestrian,367458,unset,EH65QA,No crossing facility within 50m or physical crossing facility not controlled by authorised person,No physical crossing facility within 50m,At scene,55.969313427014214,-3.1852215287596883
177513,,Slight,1,1,01/04/2013,Monday,1,April,13,17,20,S12000036,A,71,Roundabout,30,Roundabout,Give way sign or markings,C,,Daylight: street lights present,Fine (without high winds),Dry,None,None,No overtaking,320770,671110,529501,Junction,Bus,367459,unset,EH113PA,No crossing facility within 50m or physical crossing facility not controlled by authorised person,No physical crossing facility within 50m,Elsewhere,55.92651097270317,-3.2695382139543607
177713,,Slight,2,1,02/04/2013,Tuesday,2,April,13,10,50,S12000036,A,700,Single carriageway - 2 lanes,30,Not at or within 20 metres of junction,unset,\,,Daylight: street lights present,Fine (without high winds),Dry,None,None,No overtaking,326120,672530,559586,Segment,T.V.N.P.,367460,unset,EH91ND,No crossing facility within 50m or physical crossing facility not controlled by authorised person,"Pelican, puffin, toucan or similar non-junction pedestrian light crossing",At scene,55.9401192478804,-3.184329614507724
179113,,Slight,2,1,02/04/2013,Tuesday,2,April,13,22,0,S12000036,Unclassified,,Single carriageway - 2 lanes,30,Crossroads,Give way sign or markings,Unclassified,,Darkness: street lights present and lit,Fine (without high winds),Dry,None,None,No overtaking,326410,674670,12222024,Junction,T.V.N.P.,367461,unset,EH75HY,No crossing facility within 50m or physical crossing facility not controlled by authorised person,No physical crossing facility within 50m,Elsewhere,55.95938707965807,-3.1802728870915016
180513,,Slight,2,2,02/04/2013,Tuesday,2,April,13,21,0,S12000036,C,,Single carriageway - 2 lanes,30,Not at or within 20 metres of junction,unset,\,,Darkness: street lights present and lit,Fine (without high winds),Dry,None,None,No overtaking,326330,673750,558221,Segment,T.V.N.P.,367462,unset,EH88BJ,No crossing facility within 50m or physical crossing facility not controlled by authorised person,No physical crossing facility within 50m,At scene,55.95111059402688,-3.1813021736149363
181313,,Slight,1,1,01/04/2013,Monday,1,April,13,13,0,S12000036,Unclassified,,Single carriageway - 2 lanes,30,'T' or staggered junction,Give way sign or markings,Unclassified,,Daylight: street lights present,Fine (without high winds),Dry,None,None,No overtaking,327130,668810,0,Unset,Pedestrian,367463,unset,EH166NG,No crossing facility within 50m or physical crossing facility not controlled by authorised person,No physical crossing facility within 50m,At scene,55.906857128513764,-3.167159234722113
181413,,Slight,2,1,03/04/2013,Wednesday,3,April,13,19,20,S12000036,A,7,Single carriageway - 2 lanes,30,Not at or within 20 metres of junction,unset,\,,Daylight: street lights present,Fine (without high winds),Dry,None,None,No overtaking,325980,673510,0,Unset,Cyclist,367464,unset,EH11LL,No crossing facility within 50m or physical crossing facility not controlled by authorised person,No physical crossing facility within 50m,At scene,55.9489008601916,-3.186839631268461
182313,,Slight,2,1,04/04/2013,Thursday,4,April,13,11,45,S12000036,A,8,Single carriageway - 2 lanes,30,'T' or staggered junction,Give way sign or markings,Unclassified,,Daylight: street lights present,Fine (without high winds),Dry,None,None,No overtaking,319630,672990,521694,Junction,Bus,367465,unset,EH128BE,No crossing facility within 50m or physical crossing facility not controlled by authorised person,"Pelican, puffin, toucan or similar non-junction pedestrian light crossing",At scene,55.94320871561479,-3.2883376110760283
183513,,Slight,2,1,04/04/2013,Thursday,4,April,13,20,15,S12000036,C,,Single carriageway - 2 lanes,30,Not at or within 20 metres of junction,unset,\,,Darkness: street lights present and lit,Fine (without high winds),Dry,None,None,No overtaking,322280,676650,0,Unset,T.V.N.P.,367466,unset,EH51QW,No crossing facility within 50m or physical crossing facility not controlled by authorised person,No physical crossing facility within 50m,At scene,55.97652138047286,-3.2469782635139004
185613,,Slight,3,1,05/04/2013,Friday,5,April,13,12,55,S12000036,A,1140,Single carriageway - 2 lanes,30,Not at or within 20 metres of junction,unset,\,,Daylight: street lights present,Fine (without high winds),Dry,Road works present,None,No overtaking,328910,674220,554891,Segment,Cyclist,367467,unset,EH87BW,No crossing facility within 50m or physical crossing facility not controlled by authorised person,No physical crossing facility within 50m,At scene,55.955721724679215,-3.1401204429146943
187013,,Slight,1,1,07/04/2013,Sunday,7,April,13,12,35,S12000036,A,900,Single carriageway - 2 lanes,30,'T' or staggered junction,Give way sign or markings,Unclassified,,Daylight: street lights present,Fine (without high winds),Dry,None,None,No overtaking,326710,675400,519885,Junction,Bus,367468,unset,EH68NY,No crossing facility within 50m or physical crossing facility not controlled by authorised person,"Pelican, puffin, toucan or similar non-junction pedestrian light crossing",At scene,55.96599047838147,-3.175667749055879
187313,,Slight,2,1,07/04/2013,Sunday,7,April,13,13,30,S12000036,A,720,Dual carriageway - 2 lanes,70,Not at or within 20 metres of junction,unset,\,,Daylight: street lights present,Fine (without high winds),Dry,None,None,No overtaking,326400,667110,2588141,Segment,T.V.N.P.,367469,unset,EH107EA,No crossing facility within 50m or physical crossing facility not controlled by authorised person,No physical crossing facility within 50m,Elsewhere,55.89147493684833,-3.1783699676933153
187613,,Slight,2,1,07/04/2013,Sunday,7,April,13,21,0,S12000036,Unclassified,,Roundabout,30,Roundabout,Authorised Person,Unclassified,,Darkness: street lights present and lit,Fine (without high winds),Dry,None,None,No overtaking,328130,674940,523299,Junction,T.V.N.P.,367470,unset,EH76EH,No crossing facility within 50m or physical crossing facility not controlled by authorised person,No physical crossing facility within 50m,Elsewhere,55.96207322361555,-3.15280199822976
188713,,Slight,1,1,08/04/2013,Monday,8,April,13,1,6,S12000036,Unclassified,,Single carriageway - 2 lanes,30,Not at or within 20 metres of junction,unset,\,,Darkness: street lights present but unlit,Fine (without high winds),Dry,None,None,No overtaking,326580,672760,0,Unset,S.V.N.P.,367471,unset,EH165XP,No crossing facility within 50m or physical crossing facility not controlled by authorised person,No physical crossing facility within 50m,At scene,55.94225587448175,-3.177029849286508
190313,,Slight,2,1,09/04/2013,Tuesday,9,April,13,8,29,S12000036,A,8,Single carriageway - 2 lanes,30,Not at or within 20 metres of junction,unset,\,,Daylight: street lights present,Fine (without high winds),Dry,None,None,No overtaking,320300,672870,550701,Segment,Cyclist,367472,unset,EH126NZ,No crossing facility within 50m or physical crossing facility not controlled by authorised person,No physical crossing facility within 50m,At scene,55.94224250281694,-3.277578115648302
190413,,Slight,1,1,09/04/2013,Tuesday,9,April,13,14,15,S12000036,C,,Single carriageway - 2 lanes,30,Not at or within 20 metres of junction,unset,\,,Darkness: street lights present but unlit,Fine (without high winds),Dry,None,None,No overtaking,325370,673920,566717,Segment,Pedestrian,367473,unset,EH22DL,No crossing facility within 50m or physical crossing facility not controlled by authorised person,Pedestrian phase at traffic signal junction,At scene,55.952489340249215,-3.196718645093795
190513,,Slight,1,1,26/03/2013,Tuesday,26,March,13,17,45,S12000036,Unclassified,,Single carriageway - 2 lanes,30,'T' or staggered junction,Give way sign or markings,Unclassified,,Daylight: street lights present,Fine (without high winds),Dry,None,None,No overtaking,322670,671490,529573,Junction,Pedestrian,363753,unset,EH141PT,No crossing facility within 50m or physical crossing facility not controlled by authorised person,No physical crossing facility within 50m,At scene,55.93023399970555,-3.239248499495274
190613,,Slight,1,1,09/04/2013,Tuesday,9,April,13,13,27,S12000036,A,7,Single carriageway - 2 lanes,30,Not at or within 20 metres of junction,unset,\,,Daylight: street lights present,Fine (without high winds),Dry,None,None,No overtaking,326020,673360,569291,Segment,Bus,367474,unset,EH11LS,No crossing facility within 50m or physical crossing facility not controlled by authorised person,No physical crossing facility within 50m,Elsewhere,55.94755960315677,-3.186158072188925
190813,,Slight,2,1,09/04/2013,Tuesday,9,April,13,14,10,S12000036,Unclassified,,Single carriageway - 2 lanes,30,Other junction,Automatic Traffic Signal,Unclassified,,Daylight: street lights present,Fine (without high winds),Dry,None,None,No overtaking,326230,674690,520260,Junction,Cyclist,367475,unset,EH74AE,No crossing facility within 50m or physical crossing facility not controlled by authorised person,Pedestrian phase at traffic signal junction,Elsewhere,55.95953909197657,-3.1831607500166497
190913,,Slight,2,1,10/04/2013,Wednesday,10,April,13,8,15,S12000036,A,8,Single carriageway - 2 lanes,30,'T' or staggered junction,Give way sign or markings,Unclassified,,Daylight: street lights present,Fine (without high winds),Dry,None,None,No overtaking,323960,673210,521295,Junction,Cyclist,367476,unset,EH125DR,No crossing facility within 50m or physical crossing facility not controlled by authorised person,No physical crossing facility within 50m,Elsewhere,55.94589026570118,-3.2190925425856047
191013,,Slight,2,1,10/04/2013,Wednesday,10,April,13,9,20,S12000036,C,,Single carriageway - 2 lanes,30,Crossroads,Automatic Traffic Signal,Unclassified,,Daylight: street lights present,Raining (without high winds),Dry,None,None,No overtaking,320510,671730,522135,Junction,Cyclist,367477,unset,EH113NR,No crossing facility within 50m or physical crossing facility not controlled by authorised person,Pedestrian phase at traffic signal junction,Elsewhere,55.9320372104402,-3.2738807404950143
192313,,Slight,2,1,10/04/2013,Wednesday,10,April,13,17,30,S12000036,A,1,Single carriageway - 2 lanes,40,Not at or within 20 metres of junction,unset,\,,Daylight: street lights present,Fine (without high winds),Dry,None,None,No overtaking,331030,672900,2106196,Segment,T.V.N.P.,367478,unset,EH153AZ,No crossing facility within 50m or physical crossing facility not controlled by authorised person,No physical crossing facility within 50m,At scene,55.94417350468277,-3.1058366448199966
194213,,Slight,1,1,11/04/2013,Thursday,11,April,13,15,20,S12000036,C,,Single carriageway - 2 lanes,30,Other junction,Give way sign or markings,Unclassified,,Daylight: street lights present,Fine (without high winds),Dry,None,None,No overtaking,325780,673620,520944,Junction,Pedestrian,367479,unset,EH11PW,No crossing facility within 50m or physical crossing facility not controlled by authorised person,No physical crossing facility within 50m,At scene,55.94985808313393,-3.190071719344951
194413,,Slight,2,1,11/04/2013,Thursday,11,April,13,9,15,S12000036,A,71,Single carriageway - 2 lanes,30,'T' or staggered junction,Give way sign or markings,Unclassified,,Daylight: street lights present,Fine (without high winds),Dry,None,None,No overtaking,322430,672010,5981813,Junction,Cyclist,367480,unset,EH112SX,No crossing facility within 50m or physical crossing facility not controlled by authorised person,No physical crossing facility within 50m,At scene,55.93486628487503,-3.2432383147659314
194913,,Slight,1,1,12/03/2013,Tuesday,12,March,13,13,15,S12000036,C,,Single carriageway - 2 lanes,30,Roundabout,Give way sign or markings,C,,Daylight: street lights present,Fine (without high winds),Dry,None,None,No overtaking,325120,673970,521064,Junction,Pedestrian,363754,unset,EH23BU,No crossing facility within 50m or physical crossing facility not controlled by authorised person,Zebra crossing,Elsewhere,55.95289953517667,-3.200735119999341
195213,,Slight,1,1,12/04/2013,Friday,12,April,13,12,0,S12000036,A,900,Roundabout,30,Roundabout,Give way sign or markings,C,,Daylight: street lights present,Fine (without high winds),Dry,None,None,No overtaking,326000,674330,520620,Junction,Bus,367481,unset,EH13JT,No crossing facility within 50m or physical crossing facility not controlled by authorised person,Pedestrian phase at traffic signal junction,At scene,55.95626985787277,-3.186744825045166
195313,,Slight,1,1,12/04/2013,Friday,12,April,13,16,0,S12000036,C,,Single carriageway - 2 lanes,30,Not at or within 20 metres of junction,unset,\,,Daylight: street lights present,Fine (without high winds),Dry,None,None,No overtaking,321930,676550,518968,Junction,Bus,367482,unset,EH44JL,No crossing facility within 50m or physical crossing facility not controlled by authorised person,"Pelican, puffin, toucan or similar non-junction pedestrian light crossing",At scene,55.975566264971974,-3.2525561897902473
195813,,Slight,2,1,12/04/2013,Friday,12,April,13,21,15,S12000036,A,900,Single carriageway - 2 lanes,30,'T' or staggered junction,Give way sign or markings,Unclassified,,Darkness: street lights present and lit,Raining (without high winds),Dry,None,None,No overtaking,326490,675020,523233,Junction,T.V.N.P.,367483,unset,EH75HN,No crossing facility within 50m or physical crossing facility not controlled by authorised person,No physical crossing facility within 50m,At scene,55.962543336114145,-3.179087437278064
196913,,Slight,2,1,13/04/2013,Saturday,13,April,13,11,10,S12000036,A,902,Roundabout,30,Roundabout,Give way sign or markings,A,902,Daylight: street lights present,Fine (without high winds),Dry,None,None,No overtaking,322920,675720,519406,Junction,T.V.N.P.,367484,unset,EH42PW,No crossing facility within 50m or physical crossing facility not controlled by authorised person,"Pelican, puffin, toucan or similar non-junction pedestrian light crossing",At scene,55.96827084890971,-3.2364589190270525
197113,,Slight,2,1,23/03/2013,Saturday,23,March,13,11,25,S12000036,Unclassified,,Single carriageway - 2 lanes,20,Not at or within 20 metres of junction,unset,\,,Daylight: street lights present,Fine (without high winds),Dry,None,None,No overtaking,321040,670400,0,Unset,T.V.N.P.,363755,unset,EH142EE,No crossing facility within 50m or physical crossing facility not controlled by authorised person,No physical crossing facility within 50m,At scene,55.92017778014614,-3.2650106261269847
197413,,Slight,2,2,13/04/2013,Saturday,13,April,13,12,5,S12000036,Unclassified,,Single carriageway - 2 lanes,30,Crossroads,Give way sign or markings,Unclassified,,Daylight: street lights present,Fine (without high winds),Dry,None,None,No overtaking,324520,670700,529816,Junction,T.V.N.P.,367485,unset,EH106AF,No crossing facility within 50m or physical crossing facility not controlled by authorised person,No physical crossing facility within 50m,At scene,55.923431892079066,-3.20942551498143
197813,,Slight,2,2,13/04/2013,Saturday,13,April,13,8,35,S12000036,C,,Single carriageway - 2 lanes,30,'T' or staggered junction,Give way sign or markings,Unclassified,,Daylight: street lights present,Fine (without high winds),Dry,None,None,No overtaking,320870,670990,530458,Junction,T.V.N.P.,367486,unset,EH142AW,No crossing facility within 50m or physical crossing facility not controlled by authorised person,No physical crossing facility within 50m,At scene,55.92544954434659,-3.267903093843277
198113,,Slight,3,1,15/04/2013,Monday,15,April,13,19,46,S12000036,A,199,Single carriageway - 2 lanes,30,Not at or within 20 metres of junction,unset,\,,Daylight: street lights present,Fine (without high winds),Dry,None,None,No overtaking,327870,676210,563260,Segment,M.V.N.P.,367487,unset,EH67LA,No crossing facility within 50m or physical crossing facility not controlled by authorised person,No physical crossing facility within 50m,At scene,55.973442473490564,-3.157306335868714
198213,,Slight,2,2,15/04/2013,Monday,15,April,13,16,50,S12000036,A,6095,Single carriageway - 2 lanes,30,Using private drive or entrance,Give way sign or markings,Unclassified,,Daylight: street lights present,Fine (without high winds),Dry,None,None,No overtaking,330290,671780,553888,Segment,T.V.N.P.,367488,unset,EH153HG,No crossing facility within 50m or physical crossing facility not controlled by authorised person,Central refuge - no other controls,At scene,55.93400557437286,-3.1173923053335195
198913,,Slight,2,1,13/04/2013,Saturday,13,April,13,12,0,S12000036,Unclassified,,Single carriageway - 2 lanes,30,Roundabout,Give way sign or markings,Unclassified,,Daylight: street lights present,Fine (without high winds),Dry,None,None,No overtaking,331030,671640,530053,Junction,T.V.N.P.,367489,unset,EH153HP,No crossing facility within 50m or physical crossing facility not controlled by authorised person,No physical crossing facility within 50m,Elsewhere,55.93285480337239,-3.1055141310096213
199113,,Slight,2,1,16/04/2013,Tuesday,16,April,13,17,45,S12000036,A,701,Roundabout,40,Roundabout,Give way sign or markings,A,720,Daylight: street lights present,Fine with high winds,Dry,None,None,No overtaking,327420,666990,2587878,Junction,Cyclist,367490,unset,EH178SG,No crossing facility within 50m or physical crossing facility not controlled by authorised person,No physical crossing facility within 50m,At scene,55.89055198213765,-3.1620326841475306
199213,,Slight,2,3,15/04/2013,Monday,15,April,13,20,45,S12000036,Unclassified,,Single carriageway - 2 lanes,30,Not at or within 20 metres of junction,unset,\,,Daylight: street lights present,Raining (without high winds),Dry,None,None,No overtaking,331040,671470,0,Unset,T.V.N.P.,367491,unset,EH153HW,No crossing facility within 50m or physical crossing facility not controlled by authorised person,No physical crossing facility within 50m,Elsewhere,55.931329111466624,-3.105310614092781
199513,,Slight,2,1,16/04/2013,Tuesday,16,April,13,17,40,S12000036,Unclassified,,Dual carriageway - 2 lanes,40,Slip road,Give way sign or markings,C,,Daylight: street lights present,Fine (without high winds),Dry,None,None,No overtaking,313140,672640,517543,Junction,T.V.N.P.,367492,unset,EH288TB,No crossing facility within 50m or physical crossing facility not controlled by authorised person,No physical crossing facility within 50m,At scene,55.93893478404193,-3.392099522521665
200413,,Slight,2,1,16/04/2013,Tuesday,16,April,13,17,55,S12000036,C,,Single carriageway - 2 lanes,30,Crossroads,Automatic Traffic Signal,Unclassified,,Daylight: street lights present,Fine (without high winds),Dry,None,None,No overtaking,326640,671360,531451,Junction,Cyclist,367493,unset,EH93AF,No crossing facility within 50m or physical crossing facility not controlled by authorised person,Pedestrian phase at traffic signal junction,Elsewhere,55.92968901423107,-3.1756884207514835
200913,,Slight,1,1,17/04/2013,Wednesday,17,April,13,9,35,S12000036,Unclassified,,Single carriageway - 2 lanes,30,Roundabout,Give way sign or markings,C,,Daylight: street lights present,Raining (without high winds),Dry,None,None,No overtaking,326760,673930,521178,Junction,Pedestrian,367494,unset,EH88DU,No crossing facility within 50m or physical crossing facility not controlled by authorised person,Central refuge - no other controls,Elsewhere,55.95279332630762,-3.174466899970532
201313,,Slight,3,1,17/04/2013,Wednesday,17,April,13,10,0,S12000036,A,902,Single carriageway - 2 lanes,30,Not at or within 20 metres of junction,unset,\,,Daylight: street lights present,Raining (without high winds),Dry,None,None,No overtaking,322100,674880,563694,Segment,M.V.N.P.,367495,unset,EH42DD,No crossing facility within 50m or physical crossing facility not controlled by authorised person,No physical crossing facility within 50m,At scene,55.960592990047346,-3.249349260543505
201413,,Slight,2,1,17/04/2013,Wednesday,17,April,13,14,15,S12000036,Unclassified,,Single carriageway - 2 lanes,30,Crossroads,Give way sign or markings,Unclassified,,Daylight: street lights present,Raining (without high winds),Dry,None,None,No overtaking,326620,672020,522105,Junction,Bus,367496,unset,EH92BS,No crossing facility within 50m or physical crossing facility not controlled by authorised person,No physical crossing facility within 50m,Elsewhere,55.935614662929694,-3.1761880931958846
201513,,Slight,2,1,17/04/2013,Wednesday,17,April,13,17,30,S12000036,Unclassified,,Single carriageway - 2 lanes,30,Not at or within 20 metres of junction,unset,\,,Daylight: street lights present,Fine (without high winds),Dry,None,None,No overtaking,323140,675770,563634,Segment,T.V.N.P.,367497,unset,EH42NY,No crossing facility within 50m or physical crossing facility not controlled by authorised person,No physical crossing facility within 50m,At scene,55.96875528638719,-3.2329495548707667
201613,,Slight,1,1,17/04/2013,Wednesday,17,April,13,22,10,S12000036,A,7,Single carriageway - 2 lanes,30,'T' or staggered junction,Automatic Traffic Signal,Unclassified,,Darkness: no street lighting,Raining with high winds,Dry,None,None,No overtaking,325990,673440,521589,Junction,Pedestrian,367498,unset,EH11HR,No crossing facility within 50m or physical crossing facility not controlled by authorised person,Pedestrian phase at traffic signal junction,At scene,55.948273604440416,-3.1866603057785867
201713,,Serious,1,1,17/04/2013,Wednesday,17,April,13,14,30,S12000036,Unclassified,,Single carriageway - 2 lanes,30,Not at or within 20 metres of junction,unset,\,,Daylight: street lights present,Raining (without high winds),Dry,None,None,No overtaking,321750,670860,564611,Segment,Pedestrian,367499,unset,EH142ER,No crossing facility within 50m or physical crossing facility not controlled by authorised person,No physical crossing facility within 50m,At scene,55.92442594249085,-3.2537864425811533
201913,,Slight,1,1,17/04/2013,Wednesday,17,April,13,21,10,S12000036,B,701,Single carriageway - 2 lanes,30,Not at or within 20 metres of junction,unset,\,,Daylight: street lights present,Fine with high winds,Dry,None,None,No overtaking,319280,673170,551735,Segment,Bus,367500,unset,EH128DT,No crossing facility within 50m or physical crossing facility not controlled by authorised person,No physical crossing facility within 50m,Elsewhere,55.94476684321477,-3.293993597836786
202013,,Slight,3,1,18/04/2013,Thursday,18,April,13,9,45,S12000036,C,,Single carriageway - 2 lanes,30,'T' or staggered junction,Give way sign or markings,Unclassified,,Daylight: street lights present,Fine (without high winds),Dry,None,None,No overtaking,320560,671590,522147,Junction,M.V.N.P.,367501,unset,EH113LY,No crossing facility within 50m or physical crossing facility not controlled by authorised person,Central refuge - no other controls,At scene,55.93078792422795,-3.2730394236813605
203213,,Slight,1,1,05/04/2013,Friday,5,April,13,16,30,S12000036,A,903,Single carriageway - 2 lanes,30,Not at or within 20 metres of junction,unset,\,,Daylight: street lights present,Fine (without high winds),Dry,None,None,No overtaking,324250,676390,559745,Segment,Pedestrian,367502,unset,EH53RE,No crossing facility within 50m or physical crossing facility not controlled by authorised person,Central refuge - no other controls,At scene,55.97450115801559,-3.2153454460094193
203413,,Serious,1,1,19/04/2013,Friday,19,April,13,11,25,S12000036,A,7,Single carriageway - 2 lanes,30,Other junction,Automatic Traffic Signal,A,700,Daylight: street lights present,Fine (without high winds),Dry,None,None,No overtaking,326410,672430,532786,Junction,Bus,367503,unset,EH89PT,No crossing facility within 50m or physical crossing facility not controlled by authorised person,Pedestrian phase at traffic signal junction,At scene,55.93926550050438,-3.1796607704880993
203513,,Slight,2,1,17/04/2013,Wednesday,17,April,13,10,30,S12000036,A,7,Single carriageway - 2 lanes,30,Other junction,Give way sign or markings,Unclassified,,Daylight: street lights present,Raining (without high winds),Dry,None,None,No overtaking,326200,672850,532699,Junction,T.V.N.P.,367504,unset,EH89EZ,No crossing facility within 50m or physical crossing facility not controlled by authorised person,Central refuge - no other controls,At scene,55.943006063652355,-3.183136843912733
203713,,Slight,2,1,16/04/2013,Tuesday,16,April,13,15,30,S12000036,Unclassified,,Single carriageway - 2 lanes,30,Not at or within 20 metres of junction,unset,\,,Daylight: street lights present,Fine with high winds,Dry,None,None,No overtaking,320910,671890,565352,Segment,Cyclist,367505,unset,EH113NR,No crossing facility within 50m or physical crossing facility not controlled by authorised person,No physical crossing facility within 50m,Elsewhere,55.93354045662411,-3.267527103641958
204513,,Slight,1,1,09/04/2013,Tuesday,9,April,13,21,40,S12000036,A,7,Single carriageway - 2 lanes,30,'T' or staggered junction,Automatic Traffic Signal,Unclassified,,Darkness: street lights present and lit,Fine (without high winds),Dry,None,None,No overtaking,325990,673440,521589,Junction,Pedestrian,367506,unset,EH11HR,No crossing facility within 50m or physical crossing facility not controlled by authorised person,Pedestrian phase at traffic signal junction,Elsewhere,55.948273604440416,-3.1866603057785867
204813,,Slight,2,1,04/01/2013,Friday,4,January,13,17,45,S12000036,A,71,Roundabout,40,Roundabout,Give way sign or markings,C,,Darkness: street lights present and lit,Fine (without high winds),Dry,None,None,No overtaking,318030,670230,0,Unset,Cyclist,366937,unset,EH144AW,No crossing facility within 50m or physical crossing facility not controlled by authorised person,No physical crossing facility within 50m,Elsewhere,55.91814673961325,-3.3131078945072