acc_ref,beat_no,severity,no_vehicle,no_casualt,a_date,a_day,a_date_day,a_date_mon,a_date_yr,a_time_hr,a_time_min,loc_auth,road1_class,road1_no,road_type,speed_limi,junc_det,junc_ctrl,road2_class,road2_no,light_cond,weather,road_surf,spec_cond,cway_hzrds,ovrtk_patrn,easting,northing,net_id,net_type,acc_type,text_id,division,Postcode,ped_xing_hc,ped_xing_p,place_reported,latitude,longitude
205513,,Serious,1,1,19/04/2013,Friday,19,April,13,17,30,S12000036,Unclassified,,Dual carriageway - 2 lanes,30,Not at or within 20 metres of junction,unset,\,,Daylight: street lights present,Fine (without high winds),Dry,None,None,No overtaking,321230,676310,557341,Segment,Pedestrian,367507,unset,EH44SJ,No crossing facility within 50m or physical crossing facility not controlled by authorised person,No physical crossing facility within 50m,Elsewhere,55.97329597893437,-3.263699490612127
207013,,Slight,1,1,17/04/2013,Wednesday,17,April,13,9,20,S12000036,B,900,Single carriageway - 2 lanes,30,Not at or within 20 metres of junction,unset,\,,Daylight: street lights present,Unknown,Dry,None,None,No overtaking,323600,674640,554180,Segment,Pedestrian,367508,unset,EH41AF,Control by other authorised person,Pedestrian phase at traffic signal junction,At scene,55.95867835735954,-3.2252609546532742
210713,,Slight,1,1,18/04/2013,Thursday,18,April,13,18,15,S12000036,A,7,Single carriageway - 2 lanes,30,Crossroads,Give way sign or markings,Unclassified,,Daylight: street lights present,Fine (without high winds),Dry,Road works present,Pedestrian in carriageway - not injured,No overtaking,326020,673330,521586,Junction,Pedestrian,367509,unset,EH89AA,No crossing facility within 50m or physical crossing facility not controlled by authorised person,"Pelican, puffin, toucan or similar non-junction pedestrian light crossing",At scene,55.94729011823944,-3.1861498318170884
211113,,Slight,3,2,20/04/2013,Saturday,20,April,13,12,30,S12000036,A,1,Single carriageway - 2 lanes,30,Crossroads,Give way sign or markings,Unclassified,,Daylight: street lights present,Fine (without high winds),Dry,None,None,No overtaking,329400,672870,523716,Junction,M.V.N.P.,367510,unset,EH151ST,No crossing facility within 50m or physical crossing facility not controlled by authorised person,No physical crossing facility within 50m,At scene,55.94366702915572,-3.131920612901644
211813,,Slight,2,1,03/04/2013,Wednesday,3,April,13,18,11,S12000036,A,1,Single carriageway - 2 lanes,30,Crossroads,Automatic Traffic Signal,C,,Daylight: street lights present,Fine (without high winds),Dry,None,None,No overtaking,326900,674320,520689,Junction,T.V.N.P.,367511,unset,EH75AN,No crossing facility within 50m or physical crossing facility not controlled by authorised person,Pedestrian phase at traffic signal junction,At scene,55.956317990788435,-3.172331321715468
213613,,Slight,1,1,20/04/2013,Saturday,20,April,13,14,20,S12000036,Unclassified,,One way Street,30,Crossroads,Automatic Traffic Signal,Unclassified,,Daylight: street lights present,Fine (without high winds),Dry,Road works present,None,No overtaking,324200,673330,521319,Junction,Pedestrian,367512,unset,EH125DS,No crossing facility within 50m or physical crossing facility not controlled by authorised person,Pedestrian phase at traffic signal junction,At scene,55.94700615250004,-3.2152845205792735
213713,,Slight,1,1,19/04/2013,Friday,19,April,13,17,0,S12000036,Unclassified,,Dual carriageway - 2 lanes,30,Not at or within 20 metres of junction,unset,\,,Daylight: street lights present,Fine (without high winds),Dry,None,None,No overtaking,326180,674620,520254,Junction,Pedestrian,367513,unset,EH74AB,No crossing facility within 50m or physical crossing facility not controlled by authorised person,"Pelican, puffin, toucan or similar non-junction pedestrian light crossing",At scene,55.958902603609246,-3.183942213788504
214013,,Slight,2,2,15/04/2013,Monday,15,April,13,11,59,S12000036,A,8,Dual carriageway - 2 lanes,40,Other junction,Automatic Traffic Signal,Unclassified,,Daylight: street lights present,Other,Dry,None,None,No overtaking,318030,672740,521643,Junction,T.V.N.P.,367514,unset,EH128LS,No crossing facility within 50m or physical crossing facility not controlled by authorised person,No physical crossing facility within 50m,Elsewhere,55.940692616557975,-3.313870807154357
214213,,Slight,2,1,22/04/2013,Monday,22,April,13,11,0,S12000036,A,901,Single carriageway - 2 lanes,30,Crossroads,Automatic Traffic Signal,Unclassified,,Daylight: street lights present,Fine with high winds,Dry,None,None,No overtaking,326520,676450,531376,Junction,T.V.N.P.,367515,unset,EH66HN,No crossing facility within 50m or physical crossing facility not controlled by authorised person,Pedestrian phase at traffic signal junction,At scene,55.97539336901008,-3.1789976742997608
214413,,Slight,1,1,19/04/2013,Friday,19,April,13,17,0,S12000036,A,7,Single carriageway - 2 lanes,30,Crossroads,Automatic Traffic Signal,C,,Daylight: street lights present,Unknown,Dry,None,None,No overtaking,325940,673650,521103,Junction,Pedestrian,367516,unset,EH11LL,No crossing facility within 50m or physical crossing facility not controlled by authorised person,Pedestrian phase at traffic signal junction,Elsewhere,55.950152284740255,-3.187518487830953
214613,,Slight,2,1,21/04/2013,Sunday,21,April,13,17,15,S12000036,Unclassified,,Roundabout,30,Roundabout,Give way sign or markings,Unclassified,,Daylight: street lights present,Other,Dry,None,None,No overtaking,328120,674930,523302,Junction,T.V.N.P.,367517,unset,EH76EG,No crossing facility within 50m or physical crossing facility not controlled by authorised person,No physical crossing facility within 50m,Elsewhere,55.96198189608594,-3.1529594718637144
215213,,Slight,2,2,22/04/2013,Monday,22,April,13,16,45,S12000036,Unclassified,,Single carriageway - 2 lanes,30,Not at or within 20 metres of junction,unset,\,,Daylight: street lights present,Fine (without high winds),Dry,None,None,No overtaking,322040,673290,565625,Segment,T.V.N.P.,367518,unset,EH126ES,No crossing facility within 50m or physical crossing facility not controlled by authorised person,No physical crossing facility within 50m,At scene,55.946300896818066,-3.2498496875811846
215613,,Slight,2,5,21/04/2013,Sunday,21,April,13,13,30,S12000036,Unclassified,,Single carriageway - 2 lanes,30,Other junction,Give way sign or markings,Unclassified,,Daylight: street lights present,Fine (without high winds),Dry,None,None,No overtaking,326490,675020,523233,Junction,Pedestrian,367519,unset,EH75HN,No crossing facility within 50m or physical crossing facility not controlled by authorised person,No physical crossing facility within 50m,At scene,55.962543336114145,-3.179087437278064
215913,,Slight,2,1,23/04/2013,Tuesday,23,April,13,11,4,S12000036,A,1,Single carriageway - 2 lanes,30,Crossroads,Automatic Traffic Signal,C,,Daylight: street lights present,Fine (without high winds),Dry,None,None,No overtaking,326910,674320,520689,Junction,T.V.N.P.,367520,unset,EH75DL,No crossing facility within 50m or physical crossing facility not controlled by authorised person,No physical crossing facility within 50m,At scene,55.95631951422589,-3.1721712015176253
216313,,Slight,2,1,23/04/2013,Tuesday,23,April,13,17,20,S12000036,Unclassified,,Single carriageway - 2 lanes,30,Not at or within 20 metres of junction,unset,\,,Daylight: street lights present,Fine (without high winds),Dry,None,None,No overtaking,323650,675860,563649,Segment,Cyclist,367521,unset,EH52DL,No crossing facility within 50m or physical crossing facility not controlled by authorised person,Central refuge - no other controls,At scene,55.969645184808,-3.2248065134880637
217313,,Slight,2,1,24/04/2013,Wednesday,24,April,13,16,30,S12000036,Unclassified,,Single carriageway - 2 lanes,30,'T' or staggered junction,Give way sign or markings,Unclassified,,Daylight: street lights present,Fine (without high winds),Dry,None,None,No overtaking,323400,668930,533059,Junction,Cyclist,367522,unset,EH139JA,No crossing facility within 50m or physical crossing facility not controlled by authorised person,No physical crossing facility within 50m,At scene,55.907355168632066,-3.2268410980469286
217413,,Slight,2,1,24/04/2013,Wednesday,24,April,13,18,30,S12000036,A,720,Dual carriageway - 2 lanes,70,Not at or within 20 metres of junction,unset,\,,Daylight: street lights present,Fine (without high winds),Dry,None,None,No overtaking,331360,667910,2579269,Segment,T.V.N.P.,367523,unset,EH181AS,No crossing facility within 50m or physical crossing facility not controlled by authorised person,No physical crossing facility within 50m,At scene,55.8993949512912,-3.09928438902179
217613,,Slight,1,1,24/04/2013,Wednesday,24,April,13,15,0,S12000036,A,7,Single carriageway - 2 lanes,30,'T' or staggered junction,Give way sign or markings,Unclassified,,Daylight: street lights present,Fine (without high winds),Dry,None,None,No overtaking,326100,673170,521580,Junction,Pedestrian,367524,unset,EH89BZ,No crossing facility within 50m or physical crossing facility not controlled by authorised person,"Pelican, puffin, toucan or similar non-junction pedestrian light crossing",At scene,55.94586518846807,-3.1848252753233206
218513,,Slight,2,1,18/04/2013,Thursday,18,April,13,12,0,S12000036,A,900,Roundabout,30,Roundabout,Give way sign or markings,B,1350,Daylight: street lights present,Fine (without high winds),Dry,None,None,No overtaking,326150,674530,520248,Junction,Cyclist,367525,unset,EH74AA,No crossing facility within 50m or physical crossing facility not controlled by authorised person,No physical crossing facility within 50m,Elsewhere,55.95808953285982,-3.1843979092378936
218713,,Serious,2,1,25/04/2013,Thursday,25,April,13,13,53,S12000036,Unclassified,,Dual carriageway - 2 lanes,40,'T' or staggered junction,Automatic Traffic Signal,Unclassified,,Daylight: street lights present,Fine (without high winds),Dry,None,None,No overtaking,324340,673040,10331569,Junction,T.V.N.P.,367526,unset,EH38AY,No crossing facility within 50m or physical crossing facility not controlled by authorised person,Central refuge - no other controls,At scene,55.94442324451268,-3.2129619552308117
218813,,Slight,2,1,23/04/2013,Tuesday,23,April,13,8,20,S12000036,A,90,Single carriageway - 2 lanes,40,Not at or within 20 metres of junction,unset,\,,Daylight: street lights present,Fine (without high winds),Dry,None,None,No overtaking,320390,675140,555456,Segment,T.V.N.P.,367527,unset,EH46AH,No crossing facility within 50m or physical crossing facility not controlled by authorised person,No physical crossing facility within 50m,Elsewhere,55.96264775150757,-3.2768087205717387
218913,,Slight,2,1,25/04/2013,Thursday,25,April,13,11,45,S12000036,Unclassified,,Single carriageway - 2 lanes,30,Not at or within 20 metres of junction,unset,\,,Daylight: street lights present,Raining with high winds,Dry,None,None,No overtaking,328660,671610,553849,Segment,T.V.N.P.,367528,unset,EH164AW,No crossing facility within 50m or physical crossing facility not controlled by authorised person,No physical crossing facility within 50m,At scene,55.93223906352835,-3.1434322075487224
219413,,Slight,1,1,25/04/2013,Thursday,25,April,13,15,17,S12000036,Unclassified,,Single carriageway - 2 lanes,30,Not at or within 20 metres of junction,unset,\,,Daylight: street lights present,Fine (without high winds),Dry,None,None,No overtaking,324050,673090,561640,Segment,Bus,367529,unset,EH112BU,No crossing facility within 50m or physical crossing facility not controlled by authorised person,No physical crossing facility within 50m,Elsewhere,55.9448265865583,-3.2176180386807234
219913,,Slight,2,1,26/04/2013,Friday,26,April,13,6,10,S12000036,C,,Roundabout,30,Roundabout,Give way sign or markings,A,902,Daylight: street lights present,Fine (without high winds),Dry,None,None,No overtaking,322920,675720,519406,Junction,Cyclist,367530,unset,EH42PW,No crossing facility within 50m or physical crossing facility not controlled by authorised person,No physical crossing facility within 50m,At scene,55.96827084890971,-3.2364589190270525
220213,,Slight,2,1,22/04/2013,Monday,22,April,13,18,0,S12000036,B,701,Single carriageway - 2 lanes,30,Not at or within 20 metres of junction,unset,\,,Daylight: street lights present,Fine with high winds,Dry,None,None,No overtaking,323500,668550,551382,Segment,Cyclist,367531,unset,EH139NQ,No crossing facility within 50m or physical crossing facility not controlled by authorised person,No physical crossing facility within 50m,Elsewhere,55.903957642779275,-3.2251343023999923
220613,,Slight,2,1,26/04/2013,Friday,26,April,13,7,15,S12000036,Unclassified,,Single carriageway - 2 lanes,30,Roundabout,Give way sign or markings,C,,Daylight: street lights present,Fine (without high winds),Dry,None,None,No overtaking,326750,673920,521175,Junction,Cyclist,367532,unset,EH88DU,No crossing facility within 50m or physical crossing facility not controlled by authorised person,No physical crossing facility within 50m,Elsewhere,55.95270197135,-3.1746242848356276
221113,,Slight,1,1,26/04/2013,Friday,26,April,13,20,0,S12000036,Unclassified,,Single carriageway - 2 lanes,30,'T' or staggered junction,Give way sign or markings,Unclassified,,Daylight: street lights present,Fine (without high winds),Dry,None,None,No overtaking,326920,674200,520710,Junction,Pedestrian,367533,unset,EH88EH,No crossing facility within 50m or physical crossing facility not controlled by authorised person,No physical crossing facility within 50m,At scene,55.95524309377089,-3.1719785029109686
221213,,Slight,2,1,26/04/2013,Friday,26,April,13,16,45,S12000036,A,720,Dual carriageway - 2 lanes,50,Not at or within 20 metres of junction,unset,\,,Daylight: street lights present,Fine (without high winds),Dry,None,None,No overtaking,317590,672060,6453019,Segment,T.V.N.P.,367534,unset,EH129DF,No crossing facility within 50m or physical crossing facility not controlled by authorised person,No physical crossing facility within 50m,At scene,55.93450928262702,-3.320704964045978
221313,,Slight,3,3,26/04/2013,Friday,26,April,13,17,55,S12000036,A,720,Dual carriageway - 2 lanes,70,Not at or within 20 metres of junction,unset,\,,Daylight: street lights present,Raining (without high winds),Dry,None,None,No overtaking,322630,668050,570540,Segment,M.V.N.P.,367535,unset,EH139QP,No crossing facility within 50m or physical crossing facility not controlled by authorised person,No physical crossing facility within 50m,At scene,55.899327064400545,-3.2389024512171565
221513,,Slight,3,1,26/04/2013,Friday,26,April,13,17,39,S12000036,B,6415,Single carriageway - 2 lanes,30,Not at or within 20 metres of junction,unset,\,,Daylight: street lights present,Fine (without high winds),Dry,None,None,No overtaking,331640,673410,563355,Segment,M.V.N.P.,367536,unset,EH152ET,No crossing facility within 50m or physical crossing facility not controlled by authorised person,No physical crossing facility within 50m,At scene,55.94884215978041,-3.096201571957431
221913,,Slight,2,1,27/04/2013,Saturday,27,April,13,14,0,S12000036,C,,Single carriageway - 2 lanes,20,'T' or staggered junction,Give way sign or markings,Unclassified,,Daylight: street lights present,Fine (without high winds),Dry,None,None,No overtaking,327140,675590,519511,Junction,T.V.N.P.,367537,unset,EH68TB,No crossing facility within 50m or physical crossing facility not controlled by authorised person,Central refuge - no other controls,At scene,55.96776273508282,-3.168832321197525
222013,,Slight,2,1,23/04/2013,Tuesday,23,April,13,9,0,S12000036,Unclassified,,Single carriageway - 2 lanes,30,Not at or within 20 metres of junction,unset,\,,Daylight: street lights present,Fine with high winds,Dry,None,None,No overtaking,324220,671710,559388,Segment,T.V.N.P.,367538,unset,EH105EN,No crossing facility within 50m or physical crossing facility not controlled by authorised person,No physical crossing facility within 50m,At scene,55.93245725885092,-3.214508794887165
222213,,Slight,1,1,29/04/2013,Monday,29,April,13,17,39,S12000036,A,8,Single carriageway - 2 lanes,30,'T' or staggered junction,Automatic Traffic Signal,A,7,Daylight: street lights present,Fine (without high winds),Dry,None,None,No overtaking,325850,674000,517891,Junction,Pedestrian,367539,unset,EH22EJ,No crossing facility within 50m or physical crossing facility not controlled by authorised person,Pedestrian phase at traffic signal junction,At scene,55.95328237312458,-3.1890557164146847
222313,,Slight,1,1,30/04/2013,Tuesday,30,April,13,2,34,S12000036,Unclassified,,One way Street,30,Crossroads,Automatic Traffic Signal,C,,Darkness: street lights present and lit,Fine (without high winds),Dry,None,None,No overtaking,325370,673960,521061,Junction,Pedestrian,367540,unset,EH22PJ,No crossing facility within 50m or physical crossing facility not controlled by authorised person,Pedestrian phase at traffic signal junction,At scene,55.95284865178446,-3.1967297323151502
222713,,Serious,1,1,29/04/2013,Monday,29,April,13,7,48,S12000036,Unclassified,,Single carriageway - 2 lanes,30,Not at or within 20 metres of junction,unset,\,,Daylight: street lights present,Fine (without high winds),Dry,None,None,No overtaking,318930,675800,0,Unset,Pedestrian,367541,unset,EH46DF,No crossing facility within 50m or physical crossing facility not controlled by authorised person,No physical crossing facility within 50m,At scene,55.968331657999826,-3.300387850438258
222913,,Slight,1,1,29/04/2013,Monday,29,April,13,11,30,S12000036,A,71,Single carriageway - 2 lanes,30,'T' or staggered junction,Give way sign or markings,Unclassified,,Daylight: street lights present,Fine (without high winds),Dry,None,None,No overtaking,322950,672260,521961,Junction,Bus,367542,unset,EH111TU,No crossing facility within 50m or physical crossing facility not controlled by authorised person,No physical crossing facility within 50m,At scene,55.93719566845054,-3.234988324685676
225713,,Serious,2,1,29/04/2013,Monday,29,April,13,18,10,S12000036,Unclassified,,Single carriageway - 2 lanes,30,Other junction,Automatic Traffic Signal,A,702,Daylight: street lights present,Fine (without high winds),Dry,None,None,No overtaking,324840,673080,521400,Junction,Cyclist,367543,unset,EH39BH,No crossing facility within 50m or physical crossing facility not controlled by authorised person,No physical crossing facility within 50m,Elsewhere,55.9448611009121,-3.2049696582009775
226513,,Serious,1,1,28/04/2013,Sunday,28,April,13,20,30,S12000036,C,,Single carriageway - 2 lanes,30,Not at or within 20 metres of junction,unset,\,,Daylight: street lights present,Fine (without high winds),Dry,None,None,No overtaking,326330,673750,558221,Segment,Cyclist,367544,unset,EH88BJ,No crossing facility within 50m or physical crossing facility not controlled by authorised person,Zebra crossing,At scene,55.95111059402688,-3.1813021736149363
226813,,Serious,2,1,01/05/2013,Wednesday,1,May,13,11,30,S12000036,A,702,Single carriageway - 2 lanes,30,Crossroads,Automatic Traffic Signal,Unclassified,,Daylight: street lights present,Fine (without high winds),Dry,None,None,No overtaking,324300,670230,530011,Junction,Cyclist,355151,unset,EH106ES,No crossing facility within 50m or physical crossing facility not controlled by authorised person,Pedestrian phase at traffic signal junction,At scene,55.91917536982212,-3.212813247373171
228113,,Slight,2,1,01/05/2013,Wednesday,1,May,13,19,5,S12000036,A,90,Single carriageway - 2 lanes,40,Not at or within 20 metres of junction,unset,\,,Daylight: street lights present,Fine (without high winds),Dry,None,None,No overtaking,317890,675400,555438,Segment,T.V.N.P.,355152,unset,EH46DY,No crossing facility within 50m or physical crossing facility not controlled by authorised person,No physical crossing facility within 50m,At scene,55.964561817263046,-3.3169225397517312
228613,,Slight,2,1,01/05/2013,Wednesday,1,May,13,10,45,S12000036,Unclassified,,Single carriageway - 2 lanes,20,'T' or staggered junction,Give way sign or markings,Unclassified,,Daylight: street lights present,Fine (without high winds),Dry,None,None,No overtaking,327100,672090,0,Unset,T.V.N.P.,355153,unset,EH165HL,No crossing facility within 50m or physical crossing facility not controlled by authorised person,No physical crossing facility within 50m,At scene,55.936316579628944,-3.1685253497018357
231713,,Slight,1,1,03/05/2013,Friday,3,May,13,15,50,S12000036,A,702,Roundabout,40,Roundabout,Give way sign or markings,A,702,Daylight: street lights present,Raining (without high winds),Dry,Road marking defective or obscured,None,No overtaking,324840,667720,522510,Junction,S.V.N.P.,355154,unset,EH107BJ,No crossing facility within 50m or physical crossing facility not controlled by authorised person,No physical crossing facility within 50m,At scene,55.896713236389225,-3.203476453459895
232013,,Slight,2,1,02/05/2013,Thursday,2,May,13,7,20,S12000036,Unclassified,,Single carriageway - 2 lanes,60,'T' or staggered junction,Give way sign or markings,Unclassified,,Daylight: street lights present,Fine (without high winds),Dry,None,None,No overtaking,317110,668860,12230237,Junction,T.V.N.P.,355155,unset,EH144AB,No crossing facility within 50m or physical crossing facility not controlled by authorised person,No physical crossing facility within 50m,At scene,55.90568305746465,-3.327403007095673
234213,,Fatal,1,1,06/05/2013,Monday,6,May,13,13,30,S12000036,Motorway,9,Dual carriageway - 2 lanes,70,Not at or within 20 metres of junction,unset,\,,Daylight: street lights present,Fine (without high winds),Dry,None,None,No overtaking,311470,674380,2306848,Segment,S.V.N.P.,355156,unset,EH299EF,No crossing facility within 50m or physical crossing facility not controlled by authorised person,No physical crossing facility within 50m,At scene,55.954258520293514,-3.419396813006325
234313,,Slight,1,1,01/05/2013,Wednesday,1,May,13,6,30,S12000036,Unclassified,,Single carriageway - 2 lanes,30,'T' or staggered junction,Automatic Traffic Signal,Unclassified,,Daylight: street lights present,Unknown,Dry,None,None,No overtaking,325970,673150,517897,Junction,Pedestrian,355157,unset,EH89BU,No crossing facility within 50m or physical crossing facility not controlled by authorised person,Pedestrian phase at traffic signal junction,At scene,55.945665499679784,-3.1869007697150673
234413,,Slight,1,1,04/05/2013,Saturday,4,May,13,9,50,S12000036,B,6415,Single carriageway - 2 lanes,30,Not at or within 20 metres of junction,unset,\,,Daylight: street lights present,Fine (without high winds),Dry,None,None,No overtaking,330480,673920,563328,Segment,Bus,355158,unset,EH151AH,No crossing facility within 50m or physical crossing facility not controlled by authorised person,Pedestrian phase at traffic signal junction,At scene,55.95325687255747,-3.1149040109067214
234513,,Slight,2,1,04/05/2013,Saturday,4,May,13,11,50,S12000036,A,199,Single carriageway - 2 lanes,30,Not at or within 20 metres of junction,unset,\,,Daylight: street lights present,Other,Dry,None,None,No overtaking,331910,673030,552166,Segment,Cyclist,355159,unset,EH152PD,No crossing facility within 50m or physical crossing facility not controlled by authorised person,No physical crossing facility within 50m,At scene,55.94546695830602,-3.091782960849013
234613,,Slight,2,1,04/05/2013,Saturday,4,May,13,19,0,S12000036,B,6415,Single carriageway - 2 lanes,30,'T' or staggered junction,Give way sign or markings,Unclassified,,Daylight: street lights present,Fine (without high winds),Dry,None,None,No overtaking,331710,673400,531403,Junction,T.V.N.P.,355160,unset,EH152HF,No crossing facility within 50m or physical crossing facility not controlled by authorised person,Central refuge - no other controls,\3,55.94876229516067,-3.095078380624971
234713,,Slight,2,1,29/04/2013,Monday,29,April,13,17,35,S12000036,A,702,Single carriageway - 2 lanes,30,Other junction,Give way sign or markings,Unclassified,,Daylight: street lights present,Fine (without high winds),Dry,None,None,No overtaking,324410,670590,529789,Junction,Cyclist,367545,unset,EH106AQ,No crossing facility within 50m or physical crossing facility not controlled by authorised person,No physical crossing facility within 50m,Elsewhere,55.9224264908019,-3.2111544974785993
234813,,Slight,5,3,03/05/2013,Friday,3,May,13,15,59,S12000036,Motorway,8,Dual carriageway - 2 lanes,70,Roundabout,Automatic Traffic Signal,Motorway,8,Daylight: street lights present,Raining (without high winds),Dry,None,None,No overtaking,318050,670940,6453338,Junction,M.V.N.P.,355161,unset,EH129BU,No crossing facility within 50m or physical crossing facility not controlled by authorised person,No physical crossing facility within 50m,At scene,55.924527679443045,-3.313003626935678
234913,,Slight,2,1,05/05/2013,Sunday,5,May,13,23,0,S12000036,C,,Single carriageway - 2 lanes,30,'T' or staggered junction,Automatic Traffic Signal,Unclassified,,Darkness: street lights present and lit,Fine (without high winds),Dry,None,None,No overtaking,324730,672990,521433,Junction,T.V.N.P.,355162,unset,EH39QG,No crossing facility within 50m or physical crossing facility not controlled by authorised person,Pedestrian phase at traffic signal junction,\3,55.944035416185905,-3.2067052917771828
235613,,Serious,2,1,02/05/2013,Thursday,2,May,13,8,15,S12000036,Unclassified,,Single carriageway - 2 lanes,30,Not at or within 20 metres of junction,unset,\,,Daylight: street lights present,Fine (without high winds),Dry,None,None,No overtaking,319340,672860,551757,Segment,T.V.N.P.,355163,unset,EH127TZ,No crossing facility within 50m or physical crossing facility not controlled by authorised person,"Pelican, puffin, toucan or similar non-junction pedestrian light crossing",At scene,55.941992360793336,-3.2929404035886605
240113,,Slight,2,1,06/05/2013,Monday,6,May,13,12,9,S12000036,Unclassified,,Single carriageway - 2 lanes,30,'T' or staggered junction,Give way sign or markings,Unclassified,,Daylight: street lights present,Fine (without high winds),Dry,None,None,No overtaking,329050,674710,523350,Junction,T.V.N.P.,355164,unset,EH76RW,No crossing facility within 50m or physical crossing facility not controlled by authorised person,"Pelican, puffin, toucan or similar non-junction pedestrian light crossing",At scene,55.96014410250173,-3.1380079430390917
240213,,Slight,2,1,01/05/2013,Wednesday,1,May,13,7,44,S12000036,A,90,Single carriageway - 2 lanes,40,Not at or within 20 metres of junction,unset,\,,Daylight: street lights present,Fine (without high winds),Dry,None,None,No overtaking,321660,674850,555525,Segment,T.V.N.P.,355165,unset,EH42AG,No crossing facility within 50m or physical crossing facility not controlled by authorised person,"Pelican, puffin, toucan or similar non-junction pedestrian light crossing",At scene,55.960251869668426,-3.256386376704181
240613,,Slight,2,1,02/05/2013,Thursday,2,May,13,18,20,S12000036,B,900,Single carriageway - 2 lanes,30,Crossroads,Give way sign or markings,Unclassified,,Daylight: street lights present,Fine (without high winds),Dry,None,None,No overtaking,323760,674680,520083,Junction,T.V.N.P.,355166,unset,EH41AJ,No crossing facility within 50m or physical crossing facility not controlled by authorised person,"Pelican, puffin, toucan or similar non-junction pedestrian light crossing",Elsewhere,55.95906311599989,-3.2227102536973398
241713,,Slight,2,1,07/05/2013,Tuesday,7,May,13,14,0,S12000036,Unclassified,,Single carriageway - 2 lanes,30,'T' or staggered junction,Give way sign or markings,Unclassified,,Daylight: street lights present,Fine (without high winds),Dry,None,None,No overtaking,322100,671210,0,Unset,Cyclist,355167,unset,EH141RL,No crossing facility within 50m or physical crossing facility not controlled by authorised person,No physical crossing facility within 50m,At scene,55.92762675091507,-3.2482880837860066
242013,,Slight,2,1,03/05/2013,Friday,3,May,13,16,0,S12000036,Unclassified,,Single carriageway - 2 lanes,30,'T' or staggered junction,Give way sign or markings,Unclassified,,Daylight: street lights present,Fine (without high winds),Dry,None,None,No overtaking,327180,675760,519544,Junction,Cyclist,355168,unset,EH68HW,No crossing facility within 50m or physical crossing facility not controlled by authorised person,"Pelican, puffin, toucan or similar non-junction pedestrian light crossing",Elsewhere,55.969295895974035,-3.1682376764463016
242113,,Slight,1,1,07/05/2013,Tuesday,7,May,13,16,0,S12000036,A,8,Single carriageway - 2 lanes,30,Not at or within 20 metres of junction,unset,\,,Daylight: street lights present,Fine (without high winds),Dry,None,None,No overtaking,319370,672950,550737,Segment,Pedestrian,355169,unset,EH128SQ,Control by other authorised person,"Pelican, puffin, toucan or similar non-junction pedestrian light crossing",At scene,55.94280582261953,-3.2924871730638454
242513,,Slight,2,1,07/05/2013,Tuesday,7,May,13,20,20,S12000036,A,70,Single carriageway - 2 lanes,60,Not at or within 20 metres of junction,unset,\,,Daylight: street lights present,Fine (without high winds),Dry,None,None,No overtaking,314890,666530,561617,Segment,T.V.N.P.,355170,unset,EH147BG,No crossing facility within 50m or physical crossing facility not controlled by authorised person,No physical crossing facility within 50m,At scene,55.88436647967469,-3.3621671511679296
243013,,Slight,2,1,08/05/2013,Wednesday,8,May,13,9,0,S12000036,A,702,Single carriageway - 2 lanes,30,'T' or staggered junction,Give way sign or markings,Unclassified,,Daylight: street lights present,Fine (without high winds),Dry,None,None,No overtaking,324900,672590,533320,Junction,Cyclist,355171,unset,EH104HW,No crossing facility within 50m or physical crossing facility not controlled by authorised person,No physical crossing facility within 50m,At scene,55.94046892969628,-3.2038726458857854
243113,,Slight,2,1,04/05/2013,Saturday,4,May,13,17,40,S12000036,A,6095,Roundabout,30,Roundabout,Give way sign or markings,Unclassified,,Daylight: street lights present,Fine with high winds,Dry,None,None,No overtaking,331330,671720,4464252,Junction,T.V.N.P.,355172,unset,EH218RX,No crossing facility within 50m or physical crossing facility not controlled by authorised person,Zebra crossing,At scene,55.933616449728206,-3.100733692021778
243213,,Slight,1,1,07/05/2013,Tuesday,7,May,13,10,45,S12000036,A,1,Single carriageway - 2 lanes,30,Not at or within 20 metres of junction,unset,\,,Daylight: street lights present,Fine (without high winds),Dry,None,None,No overtaking,325660,673880,0,Unset,Bus,355173,unset,EH22EJ,No crossing facility within 50m or physical crossing facility not controlled by authorised person,Pedestrian phase at traffic signal junction,Elsewhere,55.952175040106695,-3.1920646081115094
243613,,Slight,1,1,07/05/2013,Tuesday,7,May,13,16,5,S12000036,A,702,Single carriageway - 2 lanes,30,Not at or within 20 metres of junction,unset,\,,Daylight: street lights present,Fine (without high winds),Dry,None,None,No overtaking,324920,672860,549186,Segment,Bus,355174,unset,EH39LZ,No crossing facility within 50m or physical crossing facility not controlled by authorised person,"Pelican, puffin, toucan or similar non-junction pedestrian light crossing",Elsewhere,55.942897408860986,-3.2036277768142285
244013,,Slight,1,1,08/05/2013,Wednesday,8,May,13,10,50,S12000036,Unclassified,,Single carriageway - 2 lanes,30,Not at or within 20 metres of junction,unset,\,,Daylight: street lights present,Fine (without high winds),Dry,None,None,No overtaking,319330,672890,551757,Segment,Pedestrian,355175,unset,EH128HH,No crossing facility within 50m or physical crossing facility not controlled by authorised person,"Pelican, puffin, toucan or similar non-junction pedestrian light crossing",At scene,55.94226015500272,-3.2931094387124866