acc_ref,beat_no,severity,no_vehicle,no_casualt,a_date,a_day,a_date_day,a_date_mon,a_date_yr,a_time_hr,a_time_min,loc_auth,road1_class,road1_no,road_type,speed_limi,junc_det,junc_ctrl,road2_class,road2_no,light_cond,weather,road_surf,spec_cond,cway_hzrds,ovrtk_patrn,easting,northing,net_id,net_type,acc_type,text_id,division,Postcode,ped_xing_hc,ped_xing_p,place_reported,latitude,longitude
245513,,Slight,2,1,08/05/2013,Wednesday,8,May,13,11,20,S12000036,A,6095,Roundabout,30,Roundabout,Give way sign or markings,A,6095,Daylight: street lights present,Fine (without high winds),Dry,None,None,No overtaking,331620,671780,4464231,Junction,T.V.N.P.,355176,unset,EH218RX,No crossing facility within 50m or physical crossing facility not controlled by authorised person,No physical crossing facility within 50m,Elsewhere,55.9341968245758,-3.096108022975842
246213,,Slight,3,2,09/05/2013,Thursday,9,May,13,11,47,S12000036,C,,Single carriageway - 2 lanes,30,Crossroads,Automatic Traffic Signal,C,,Daylight: street lights present,Fine (without high winds),Dry,None,None,No overtaking,327590,669540,530152,Junction,M.V.N.P.,355177,unset,EH166JJ,No crossing facility within 50m or physical crossing facility not controlled by authorised person,Pedestrian phase at traffic signal junction,At scene,55.913484210343725,-3.159998858191282
246313,,Slight,1,1,08/05/2013,Wednesday,8,May,13,15,55,S12000036,C,,Single carriageway - 2 lanes,30,Not at or within 20 metres of junction,unset,\,,Daylight: street lights present,Fine (without high winds),Dry,None,None,No overtaking,326690,673890,558221,Segment,Bus,355178,unset,EH88BZ,No crossing facility within 50m or physical crossing facility not controlled by authorised person,No physical crossing facility within 50m,Elsewhere,55.952423323153106,-3.1755767468446257
246413,,Serious,1,1,11/05/2013,Saturday,11,May,13,3,0,S12000036,A,7,Single carriageway - 2 lanes,30,Not at or within 20 metres of junction,unset,\,,Darkness: street lights present and lit,Fine (without high winds),Dry,None,None,No overtaking,326020,673350,569291,Segment,Pedestrian,355179,unset,EH11LS,No crossing facility within 50m or physical crossing facility not controlled by authorised person,No physical crossing facility within 50m,At scene,55.947469774852394,-3.1861553253826855
246513,,Slight,2,1,09/05/2013,Thursday,9,May,13,8,15,S12000036,Unclassified,,Single carriageway - 2 lanes,50,'T' or staggered junction,Give way sign or markings,Unclassified,,Daylight: street lights present,Fine (without high winds),Dry,None,None,No overtaking,312190,669540,0,Unset,T.V.N.P.,355180,unset,EH278BBA,No crossing facility within 50m or physical crossing facility not controlled by authorised person,No physical crossing facility within 50m,At scene,55.91091757430968,-3.4062937595897003
246613,,Slight,1,1,09/05/2013,Thursday,9,May,13,13,54,S12000036,A,70,Single carriageway - 2 lanes,40,Not at or within 20 metres of junction,unset,\,,Daylight: street lights present,Fine (without high winds),Dry,None,None,No overtaking,319810,668600,0,Unset,Pedestrian,355181,unset,EH145DJ,No crossing facility within 50m or physical crossing facility not controlled by authorised person,No physical crossing facility within 50m,At scene,55.90380549898144,-3.2841516254984593
246713,,Slight,1,1,09/05/2013,Thursday,9,May,13,7,20,S12000036,Unclassified,,Single carriageway - 2 lanes,30,Not at or within 20 metres of junction,unset,\,,Daylight: street lights present,Fine (without high winds),Dry,None,None,No overtaking,326310,673130,558278,Segment,S.V.N.P.,355182,unset,EH89RR,No crossing facility within 50m or physical crossing facility not controlled by authorised person,Pedestrian phase at traffic signal junction,Elsewhere,55.94553815998368,-3.18145272576741
247313,,Serious,2,1,09/05/2013,Thursday,9,May,13,17,15,S12000036,A,8,Dual carriageway - 2 lanes,30,Not at or within 20 metres of junction,unset,\,,Daylight: street lights present,Fine (without high winds),Dry,None,None,No overtaking,325420,673880,550538,Segment,Cyclist,355183,unset,EH22EL,No crossing facility within 50m or physical crossing facility not controlled by authorised person,No physical crossing facility within 50m,At scene,55.95213780175727,-3.195907050446633
247613,,Slight,1,1,09/05/2013,Thursday,9,May,13,20,0,S12000036,A,900,Single carriageway - 2 lanes,30,Crossroads,Automatic Traffic Signal,Unclassified,,Daylight: street lights present,Raining (without high winds),Dry,None,None,No overtaking,326960,675890,522483,Junction,Pedestrian,355184,unset,EH68LN,No crossing facility within 50m or physical crossing facility not controlled by authorised person,Pedestrian phase at traffic signal junction,Elsewhere,55.970430209394095,-3.171796806458935
247713,,Slight,3,2,11/05/2013,Saturday,11,May,13,12,40,S12000036,Unclassified,,Single carriageway - 2 lanes,30,'T' or staggered junction,Give way sign or markings,Unclassified,,Daylight: street lights present,Other,Dry,None,None,No overtaking,324790,675730,519433,Junction,M.V.N.P.,355185,unset,EH35QL,No crossing facility within 50m or physical crossing facility not controlled by authorised person,Central refuge - no other controls,At scene,55.96865756084269,-3.206510432501035
248413,,Slight,1,1,09/05/2013,Thursday,9,May,13,21,30,S12000036,Unclassified,,Single carriageway - 2 lanes,30,'T' or staggered junction,Give way sign or markings,Unclassified,,Darkness: street lights present and lit,Fine (without high winds),Dry,None,None,No overtaking,326300,673190,517360,Junction,Pedestrian,355186,unset,EH89TG,No crossing facility within 50m or physical crossing facility not controlled by authorised person,Pedestrian phase at traffic signal junction,Elsewhere,55.94607559554032,-3.1816292177314827
248513,,Slight,1,1,10/05/2013,Friday,10,May,13,14,45,S12000036,Unclassified,,Single carriageway - 2 lanes,20,Not at or within 20 metres of junction,unset,\,,Daylight: street lights present,Raining (without high winds),Dry,None,None,No overtaking,323220,668440,0,Unset,Pedestrian,355187,unset,EH139NY,No crossing facility within 50m or physical crossing facility not controlled by authorised person,No physical crossing facility within 50m,At scene,55.902924906052746,-3.229580264331313
248613,,Slight,2,1,10/05/2013,Friday,10,May,13,12,55,S12000036,Unclassified,,Single carriageway - 2 lanes,30,Other junction,Automatic Traffic Signal,Unclassified,,Daylight: street lights present,Fine (without high winds),Dry,None,None,No overtaking,327360,674390,520725,Junction,T.V.N.P.,355188,unset,EH75SU,No crossing facility within 50m or physical crossing facility not controlled by authorised person,Pedestrian phase at traffic signal junction,At scene,55.95701665560451,-3.164984667587598
248713,,Slight,2,3,10/05/2013,Friday,10,May,13,15,30,S12000036,A,71,Single carriageway - 2 lanes,30,Not at or within 20 metres of junction,unset,\,,Daylight: street lights present,Raining (without high winds),Dry,None,None,No overtaking,321670,671520,0,Unset,T.V.N.P.,355189,unset,EH113XN,No crossing facility within 50m or physical crossing facility not controlled by authorised person,"Pelican, puffin, toucan or similar non-junction pedestrian light crossing",At scene,55.930341441132725,-3.2552579997911533
250013,,Slight,2,1,09/05/2013,Thursday,9,May,13,8,30,S12000036,A,8,Single carriageway - 2 lanes,30,'T' or staggered junction,Give way sign or markings,Unclassified,,Daylight: street lights present,Fine (without high winds),Dry,None,None,No overtaking,319490,672970,521673,Junction,Bus,355190,unset,EH128RS,No crossing facility within 50m or physical crossing facility not controlled by authorised person,Central refuge - no other controls,At scene,55.9430056097546,-3.290572461264293
250113,,Slight,3,1,10/05/2013,Friday,10,May,13,8,50,S12000036,Unclassified,,Single carriageway - 2 lanes,40,Multiple junction,Automatic Traffic Signal,A,90,Daylight: street lights present,Fine (without high winds),Dry,Automatic Traffic Signal out,None,No overtaking,318580,674950,519945,Junction,M.V.N.P.,355191,unset,EH48DZ,No crossing facility within 50m or physical crossing facility not controlled by authorised person,Pedestrian phase at traffic signal junction,At scene,55.96063733844267,-3.3057363161753126
250313,,Slight,3,4,09/05/2013,Thursday,9,May,13,18,10,S12000036,Unclassified,,Single carriageway - 2 lanes,30,'T' or staggered junction,Give way sign or markings,Unclassified,,Daylight: street lights present,Raining (without high winds),Dry,None,None,No overtaking,325540,671000,529849,Junction,M.V.N.P.,355192,unset,EH106BP,No crossing facility within 50m or physical crossing facility not controlled by authorised person,Central refuge - no other controls,At scene,55.92628591892515,-3.1931900438634075
250413,,Slight,2,1,09/05/2013,Thursday,9,May,13,18,10,S12000036,Unclassified,,Single carriageway - 2 lanes,30,Using private drive or entrance,Give way sign or markings,Unclassified,,Daylight: street lights present,Raining (without high winds),Dry,None,None,No overtaking,325390,670980,564325,Segment,Cyclist,355193,unset,EH106BP,No crossing facility within 50m or physical crossing facility not controlled by authorised person,No physical crossing facility within 50m,At scene,55.926082987471574,-3.195584436387758
250513,,Slight,1,1,10/05/2013,Friday,10,May,13,17,30,S12000036,A,8,Single carriageway - 2 lanes,30,Roundabout,Give way sign or markings,Unclassified,,Daylight: street lights present,Fine (without high winds),Dry,None,None,No overtaking,325710,673740,2310553,Junction,S.V.N.P.,355194,unset,EH11DF,No crossing facility within 50m or physical crossing facility not controlled by authorised person,"Pelican, puffin, toucan or similar non-junction pedestrian light crossing",At scene,55.950925189908276,-3.1912254721072832
250713,,Slight,2,1,09/05/2013,Thursday,9,May,13,22,0,S12000036,Unclassified,,Single carriageway - 2 lanes,30,Not at or within 20 metres of junction,unset,\,,Darkness: street lights present and lit,Raining (without high winds),Dry,None,None,No overtaking,326230,674470,0,Unset,T.V.N.P.,355195,unset,EH75JH,No crossing facility within 50m or physical crossing facility not controlled by authorised person,No physical crossing facility within 50m,Elsewhere,55.957562870684974,-3.183100449393877
250913,,Slight,1,1,13/05/2013,Monday,13,May,13,13,0,S12000036,Unclassified,,Single carriageway - 2 lanes,30,Not at or within 20 metres of junction,unset,\,,Daylight: street lights present,Fine (without high winds),Dry,None,None,No overtaking,321080,675240,12230903,Segment,Bus,355196,unset,EH45DY,No crossing facility within 50m or physical crossing facility not controlled by authorised person,No physical crossing facility within 50m,At scene,55.96366000816242,-3.265788343803772
251613,,Slight,2,1,13/05/2013,Monday,13,May,13,16,30,S12000036,A,900,Single carriageway - 2 lanes,30,'T' or staggered junction,Give way sign or markings,Unclassified,,Daylight: street lights present,Fine (without high winds),Dry,None,None,No overtaking,326510,675040,523233,Junction,T.V.N.P.,355197,unset,EH74NZ,Control by other authorised person,Pedestrian phase at traffic signal junction,At scene,55.96272605719992,-3.1787726087556143
252513,,Serious,1,1,14/05/2013,Tuesday,14,May,13,13,50,S12000036,Unclassified,,Single carriageway - 2 lanes,30,'T' or staggered junction,Give way sign or markings,Unclassified,,Daylight: street lights present,Fine (without high winds),Dry,None,None,No overtaking,324530,671200,530419,Junction,Pedestrian,355198,unset,EH104QT,No crossing facility within 50m or physical crossing facility not controlled by authorised person,No physical crossing facility within 50m,At scene,55.92792485633324,-3.2094054408542547
253113,,Slight,1,1,13/05/2013,Monday,13,May,13,11,40,S12000036,Unclassified,,Single carriageway - 2 lanes,30,'T' or staggered junction,Give way sign or markings,A,900,Daylight: street lights present,Fine (without high winds),Dry,None,None,No overtaking,326680,675380,519882,Junction,Pedestrian,355199,unset,EH65EW,No crossing facility within 50m or physical crossing facility not controlled by authorised person,No physical crossing facility within 50m,Elsewhere,55.965806236585365,-3.17614277776792
253413,,Slight,2,1,13/05/2013,Monday,13,May,13,18,45,S12000036,A,6095,Single carriageway - 2 lanes,30,Not at or within 20 metres of junction,unset,\,,Daylight: street lights present,Fine with high winds,Dry,None,None,No overtaking,330440,671760,553885,Segment,T.V.N.P.,355200,unset,EH153EL,No crossing facility within 50m or physical crossing facility not controlled by authorised person,Pedestrian phase at traffic signal junction,At scene,55.93384766637732,-3.1149866738004954
253513,,Slight,1,1,11/05/2013,Saturday,11,May,13,21,10,S12000036,Unclassified,,Single carriageway - 2 lanes,30,Other junction,Give way sign or markings,A,900,Darkness: street lights present and lit,Fine (without high winds),Dry,None,None,No overtaking,326790,675560,519478,Junction,Pedestrian,355201,unset,EH68NR,No crossing facility within 50m or physical crossing facility not controlled by authorised person,No physical crossing facility within 50m,At scene,55.967439950540296,-3.1744300142419064
253913,,Slight,2,1,13/05/2013,Monday,13,May,13,12,10,S12000036,Unclassified,,Single carriageway - 2 lanes,30,'T' or staggered junction,Give way sign or markings,Unclassified,,Daylight: street lights present,Raining with high winds,Dry,None,None,No overtaking,324590,668320,533134,Junction,Cyclist,355202,unset,EH107AX,No crossing facility within 50m or physical crossing facility not controlled by authorised person,No physical crossing facility within 50m,Elsewhere,55.90206379720288,-3.207640746700731
254013,,Slight,2,1,13/05/2013,Monday,13,May,13,18,50,S12000036,Unclassified,,Single carriageway - 2 lanes,30,Crossroads,Automatic Traffic Signal,A,7,Daylight: street lights present,Fine (without high winds),Dry,None,None,No overtaking,326400,672410,532786,Junction,Cyclist,355203,unset,EH89PZ,No crossing facility within 50m or physical crossing facility not controlled by authorised person,Pedestrian phase at traffic signal junction,Elsewhere,55.939084310376835,-3.179815357346214
255513,,Serious,1,1,09/05/2013,Thursday,9,May,13,8,25,S12000036,Unclassified,,Single carriageway - 2 lanes,20,'T' or staggered junction,Give way sign or markings,Unclassified,,Daylight: street lights present,Fine (without high winds),Dry,None,None,No overtaking,329820,671480,0,Unset,Pedestrian,355204,unset,EH164EP,No crossing facility within 50m or physical crossing facility not controlled by authorised person,No physical crossing facility within 50m,At scene,55.93124219671633,-3.1248356521523633
255713,,Slight,2,2,12/05/2013,Sunday,12,May,13,10,10,S12000036,B,701,Single carriageway - 2 lanes,30,Other junction,Give way sign or markings,Unclassified,,Daylight: street lights present,Raining (without high winds),Dry,None,None,No overtaking,319080,674170,520356,Junction,T.V.N.P.,355205,unset,EH48DB,No crossing facility within 50m or physical crossing facility not controlled by authorised person,No physical crossing facility within 50m,At scene,55.95371562407787,-3.297495336711515
255813,,Slight,2,1,12/05/2013,Sunday,12,May,13,17,25,S12000036,Unclassified,,Single carriageway - 2 lanes,30,Crossroads,Give way sign or markings,Unclassified,,Daylight: street lights present,Fine (without high winds),Dry,None,None,No overtaking,328180,674650,523278,Junction,T.V.N.P.,355206,unset,EH76EQ,No crossing facility within 50m or physical crossing facility not controlled by authorised person,Central refuge - no other controls,At scene,55.95947566543507,-3.151923872323348
256213,,Serious,1,1,12/05/2013,Sunday,12,May,13,23,25,S12000036,A,701,Single carriageway - 2 lanes,30,Crossroads,Automatic Traffic Signal,Unclassified,,Darkness: street lights present and lit,Fine (without high winds),Dry,None,None,No overtaking,326730,671820,529477,Junction,Pedestrian,355207,unset,EH92BT,No crossing facility within 50m or physical crossing facility not controlled by authorised person,Pedestrian phase at traffic signal junction,At scene,55.93383488293439,-3.1743733462717483
256313,,Slight,2,1,14/05/2013,Tuesday,14,May,13,9,45,S12000036,Unclassified,,Roundabout,30,Roundabout,Give way sign or markings,A,8000,Daylight: street lights present,Fine (without high winds),Dry,None,None,No overtaking,312950,677580,10292788,Junction,T.V.N.P.,355208,unset,EH309YA,No crossing facility within 50m or physical crossing facility not controlled by authorised person,Pedestrian phase at traffic signal junction,At scene,55.98327180103256,-3.3967378029094837
256413,,Slight,2,1,07/05/2013,Tuesday,7,May,13,7,45,S12000036,A,701,Single carriageway - 2 lanes,30,Crossroads,Automatic Traffic Signal,Unclassified,,Daylight: street lights present,Fine (without high winds),Dry,None,None,No overtaking,327130,670290,530098,Junction,Cyclist,355209,unset,EH166AJ,No crossing facility within 50m or physical crossing facility not controlled by authorised person,Pedestrian phase at traffic signal junction,At scene,55.92015188116339,-3.1675588111815425
256513,,Slight,2,1,15/05/2013,Wednesday,15,May,13,8,40,S12000036,B,901,Roundabout,30,Roundabout,Give way sign or markings,C,,Daylight: street lights present,Fine (without high winds),Dry,None,None,No overtaking,325730,674680,520206,Junction,Cyclist,355210,unset,EH36NB,No crossing facility within 50m or physical crossing facility not controlled by authorised person,No physical crossing facility within 50m,Elsewhere,55.95937212061521,-3.1911646140549372
256713,,Slight,2,1,14/05/2013,Tuesday,14,May,13,17,0,S12000036,A,901,Single carriageway - 2 lanes,30,'T' or staggered junction,Give way sign or markings,Unclassified,,Daylight: street lights present,Fine (without high winds),Dry,None,None,No overtaking,325000,676980,519037,Junction,T.V.N.P.,355211,unset,EH53BY,No crossing facility within 50m or physical crossing facility not controlled by authorised person,No physical crossing facility within 50m,At scene,55.979918865172635,-3.203495544949477
256813,,Slight,2,1,15/05/2013,Wednesday,15,May,13,18,40,S12000036,C,,Single carriageway - 2 lanes,30,Crossroads,Stop sign,Unclassified,,Daylight: street lights present,Fine (without high winds),Dry,None,None,No overtaking,324120,672300,522018,Junction,T.V.N.P.,355212,unset,EH111LW,No crossing facility within 50m or physical crossing facility not controlled by authorised person,Central refuge - no other controls,At scene,55.93774129191425,-3.216275073466196
256913,,Slight,1,1,15/05/2013,Wednesday,15,May,13,8,30,S12000036,B,900,Single carriageway - 2 lanes,30,Crossroads,Automatic Traffic Signal,C,,Daylight: street lights present,Fine (without high winds),Dry,None,None,No overtaking,324550,674630,520152,Junction,S.V.N.P.,355213,unset,EH41LZ,Control by other authorised person,Pedestrian phase at traffic signal junction,At scene,55.958738864296514,-3.2100460293993933
257213,,Slight,2,1,12/05/2013,Sunday,12,May,13,15,45,S12000036,Unclassified,,Single carriageway - 2 lanes,30,Multiple junction,Automatic Traffic Signal,Unclassified,,Daylight: street lights present,Raining (without high winds),Dry,None,None,No overtaking,323630,671430,529594,Junction,T.V.N.P.,355214,unset,EH105BT,No crossing facility within 50m or physical crossing facility not controlled by authorised person,"Pelican, puffin, toucan or similar non-junction pedestrian light crossing",At scene,55.92984863693291,-3.2238705980984244
258513,,Slight,1,1,16/05/2013,Thursday,16,May,13,15,15,S12000036,Unclassified,,Single carriageway - 2 lanes,30,Not at or within 20 metres of junction,unset,\,,Daylight: street lights present,Fine (without high winds),Dry,None,None,No overtaking,327540,675220,557464,Segment,Pedestrian,355215,unset,EH68BU,No crossing facility within 50m or physical crossing facility not controlled by authorised person,No physical crossing facility within 50m,At scene,55.96449967110523,-3.162325938212619
258713,,Slight,2,1,10/05/2013,Friday,10,May,13,7,0,S12000036,A,772,Single carriageway - 2 lanes,30,'T' or staggered junction,Give way sign or markings,Unclassified,,Daylight: street lights present,Fine (without high winds),Dry,None,None,No overtaking,327820,670170,530107,Junction,Cyclist,355216,unset,EH166AU,No crossing facility within 50m or physical crossing facility not controlled by authorised person,No physical crossing facility within 50m,Elsewhere,55.91917808325129,-3.156488647026632
259313,,Slight,2,1,17/05/2013,Friday,17,May,13,13,0,S12000036,C,,Single carriageway - 2 lanes,30,Mini-roundabout,Give way sign or markings,Unclassified,,Daylight: street lights present,Fine (without high winds),Dry,None,None,No overtaking,324080,672280,522021,Junction,T.V.N.P.,355217,unset,EH111JS,No crossing facility within 50m or physical crossing facility not controlled by authorised person,No physical crossing facility within 50m,At scene,55.937555314228035,-3.216909603405614
261313,,Serious,1,1,19/05/2013,Sunday,19,May,13,3,40,S12000036,A,7,Single carriageway - 2 lanes,30,Not at or within 20 metres of junction,unset,\,,Daylight: street lights present,Raining (without high winds),Dry,None,None,No overtaking,325910,673740,569273,Segment,Pedestrian,355218,unset,EH11QG,No crossing facility within 50m or physical crossing facility not controlled by authorised person,No physical crossing facility within 50m,At scene,55.95095610811808,-3.1880235320881463
263013,,Slight,2,1,17/05/2013,Friday,17,May,13,12,15,S12000036,Unclassified,,Single carriageway - 2 lanes,30,'T' or staggered junction,Give way sign or markings,Unclassified,,Daylight: street lights present,Fine (without high winds),Dry,None,None,No overtaking,327530,676080,12238869,Junction,T.V.N.P.,355219,unset,EH67JH,No crossing facility within 50m or physical crossing facility not controlled by authorised person,Central refuge - no other controls,At scene,55.972223433333745,-3.1627178102048563
264413,,Slight,2,1,18/05/2013,Saturday,18,May,13,14,0,S12000036,C,,Single carriageway - 2 lanes,30,'T' or staggered junction,Give way sign or markings,Unclassified,,Daylight: street lights present,Raining (without high winds),Dry,None,None,No overtaking,326970,674810,520284,Junction,T.V.N.P.,355220,unset,EH75PF,No crossing facility within 50m or physical crossing facility not controlled by authorised person,No physical crossing facility within 50m,At scene,55.96073025301345,-3.1713434407208734
264713,,Slight,2,1,18/05/2013,Saturday,18,May,13,13,0,S12000036,A,71,Single carriageway - 2 lanes,30,Not at or within 20 metres of junction,unset,\,,Daylight: street lights present,Raining (without high winds),Dry,None,None,No overtaking,322200,671800,549749,Segment,T.V.N.P.,355221,unset,EH113BQ,No crossing facility within 50m or physical crossing facility not controlled by authorised person,No physical crossing facility within 50m,At scene,55.93294272298857,-3.2468583393241732
265313,,Slight,1,1,19/05/2013,Sunday,19,May,13,12,55,S12000036,Unclassified,,Single carriageway - 2 lanes,30,Not at or within 20 metres of junction,unset,\,,Daylight: street lights present,Fine (without high winds),Dry,None,None,No overtaking,325740,673970,550541,Segment,Bus,355222,unset,EH22EJ,No crossing facility within 50m or physical crossing facility not controlled by authorised person,No physical crossing facility within 50m,Elsewhere,55.95299587898123,-3.19080861463662
265513,,Slight,1,1,18/05/2013,Saturday,18,May,13,3,25,S12000036,A,7,Single carriageway - 2 lanes,30,Not at or within 20 metres of junction,unset,\,,Darkness: street lights present and lit,Raining (without high winds),Dry,None,None,No overtaking,329040,670160,568105,Segment,Pedestrian,355223,unset,EH164ST,No crossing facility within 50m or physical crossing facility not controlled by authorised person,"Pelican, puffin, toucan or similar non-junction pedestrian light crossing",At scene,55.91926998912561,-3.136969812085851
265613,,Slight,2,1,19/05/2013,Sunday,19,May,13,16,30,S12000036,Unclassified,,One way Street,30,Not at or within 20 metres of junction,unset,\,,Daylight: street lights present,Fine (without high winds),Dry,None,None,No overtaking,315150,673440,6454450,Segment,Bus,355224,unset,EH129DN,No crossing facility within 50m or physical crossing facility not controlled by authorised person,No physical crossing facility within 50m,Elsewhere,55.94647991301458,-3.3601840798473757
265713,,Slight,2,1,20/05/2013,Monday,20,May,13,16,0,S12000036,Unclassified,,Single carriageway - 2 lanes,30,Not at or within 20 metres of junction,unset,\,,Daylight: street lights present,Raining (without high winds),Dry,None,None,No overtaking,319920,672280,0,Unset,T.V.N.P.,355225,unset,EH127JR,No crossing facility within 50m or physical crossing facility not controlled by authorised person,No physical crossing facility within 50m,At scene,55.9368795904886,-3.2834849112215307
265913,,Serious,2,1,04/04/2013,Thursday,4,April,13,17,15,S12000036,Unclassified,,Single carriageway - 2 lanes,30,'T' or staggered junction,Give way sign or markings,Unclassified,,Daylight: street lights present,Fine (without high winds),Dry,None,None,No overtaking,324060,675930,519421,Junction,Cyclist,367546,unset,EH52PR,No crossing facility within 50m or physical crossing facility not controlled by authorised person,No physical crossing facility within 50m,Elsewhere,55.97033906863946,-3.218259206089415
266013,,Serious,1,1,18/05/2013,Saturday,18,May,13,16,30,S12000036,Unclassified,,Single carriageway - 2 lanes,30,Not at or within 20 metres of junction,unset,\,,Daylight: street lights present,Raining (without high winds),Dry,None,None,No overtaking,322740,671910,0,Unset,Pedestrian,355226,unset,EH141NP,No crossing facility within 50m or physical crossing facility not controlled by authorised person,No physical crossing facility within 50m,At scene,55.93401799021828,-3.2382487934173643
266313,,Slight,2,1,22/05/2013,Wednesday,22,May,13,6,25,S12000036,C,,Single carriageway - 2 lanes,30,'T' or staggered junction,Give way sign or markings,Unclassified,,Daylight: street lights present,Fine (without high winds),Dry,None,None,No overtaking,323930,672560,521826,Junction,Cyclist,355227,unset,EH111BY,No crossing facility within 50m or physical crossing facility not controlled by authorised person,"Pelican, puffin, toucan or similar non-junction pedestrian light crossing",At scene,55.940046739716074,-3.2193892405808837
266513,,Slight,4,1,21/05/2013,Tuesday,21,May,13,15,20,S12000036,B,6415,Single carriageway - 2 lanes,30,Not at or within 20 metres of junction,unset,\,,Daylight: street lights present,Fine (without high winds),Dry,None,None,No overtaking,331290,673500,563397,Segment,M.V.N.P.,355228,unset,EH152DJ,No crossing facility within 50m or physical crossing facility not controlled by authorised person,No physical crossing facility within 50m,At scene,55.94960065268921,-3.1018278030606807
266613,,Serious,2,1,22/05/2013,Wednesday,22,May,13,16,50,S12000036,Unclassified,,Single carriageway - 2 lanes,30,'T' or staggered junction,Give way sign or markings,Unclassified,,Daylight: street lights present,Fine (without high winds),Dry,None,None,No overtaking,322950,671840,522246,Junction,T.V.N.P.,355229,unset,EH111QR,No crossing facility within 50m or physical crossing facility not controlled by authorised person,No physical crossing facility within 50m,At scene,55.933422940062194,-3.234868272100461
266713,,Slight,2,1,25/04/2013,Thursday,25,April,13,8,20,S12000036,C,,Unknown,20,Not at or within 20 metres of junction,unset,\,,Daylight: street lights present,Unknown,Dry,None,None,No overtaking,322940,672990,12223624,Segment,Cyclist,367547,unset,EH125PN,No crossing facility within 50m or physical crossing facility not controlled by authorised person,No physical crossing facility within 50m,Elsewhere,55.94375141867452,-3.2353571204150016
266813,,Serious,2,1,22/05/2013,Wednesday,22,May,13,8,52,S12000036,C,,Single carriageway - 2 lanes,30,'T' or staggered junction,Give way sign or markings,Unclassified,,Daylight: street lights present,Fine (without high winds),Dry,None,None,No overtaking,322330,676650,518977,Junction,T.V.N.P.,355230,unset,EH51QW,No crossing facility within 50m or physical crossing facility not controlled by authorised person,No physical crossing facility within 50m,At scene,55.976529482349015,-3.246177267179879
267013,,Slight,1,1,22/05/2013,Wednesday,22,May,13,14,0,S12000036,A,901,Single carriageway - 2 lanes,30,Not at or within 20 metres of junction,unset,\,,Daylight: street lights present,Fine (without high winds),Dry,None,None,No overtaking,326360,676800,558749,Segment,Pedestrian,355231,unset,EH66NW,No crossing facility within 50m or physical crossing facility not controlled by authorised person,No physical crossing facility within 50m,At scene,55.978512802399045,-3.181656725468173
267113,,Slight,3,2,22/05/2013,Wednesday,22,May,13,18,0,S12000036,A,720,Dual carriageway - 2 lanes,70,Not at or within 20 metres of junction,unset,\,,Daylight: street lights present,Fine (without high winds),Dry,None,None,No overtaking,320420,668670,570540,Segment,M.V.N.P.,355232,unset,EH146BA,No crossing facility within 50m or physical crossing facility not controlled by authorised person,No physical crossing facility within 50m,At scene,55.90453562952403,-3.2744184952082165
267413,,Slight,1,1,18/05/2013,Saturday,18,May,13,22,23,S12000036,A,900,Single carriageway - 2 lanes,30,Other junction,Automatic Traffic Signal,Unclassified,,Darkness: street lights present and lit,Raining (without high winds),Dry,None,None,No overtaking,325980,674140,520632,Junction,Pedestrian,355233,unset,EH13BJ,No crossing facility within 50m or physical crossing facility not controlled by authorised person,Pedestrian phase at traffic signal junction,Elsewhere,55.954560037891504,-3.187012819714028
270713,,Slight,1,1,23/05/2013,Thursday,23,May,13,23,57,S12000036,A,7,Single carriageway - 2 lanes,30,'T' or staggered junction,Give way sign or markings,Unclassified,,Darkness: street lights present and lit,Fine (without high winds),Dry,None,None,No overtaking,325960,673580,521106,Junction,Pedestrian,355234,unset,EH11LL,No crossing facility within 50m or physical crossing facility not controlled by authorised person,"Pelican, puffin, toucan or similar non-junction pedestrian light crossing",At scene,55.949526572988844,-3.187179054011287
271013,,Slight,1,1,24/05/2013,Friday,24,May,13,13,0,S12000036,Unclassified,,Single carriageway - 2 lanes,30,Crossroads,Give way sign or markings,Unclassified,,Daylight: street lights present,Fine (without high winds),Dry,None,None,No overtaking,323280,676740,12233130,Junction,Bus,355235,unset,EH51ND,No crossing facility within 50m or physical crossing facility not controlled by authorised person,No physical crossing facility within 50m,At scene,55.977490866853636,-3.2309839424418776
271213,,Slight,1,1,23/05/2013,Thursday,23,May,13,10,5,S12000036,Unclassified,,Single carriageway - 2 lanes,30,'T' or staggered junction,Automatic Traffic Signal,Unclassified,,Daylight: street lights present,Fine (without high winds),Dry,None,None,No overtaking,324650,676010,519205,Junction,Bus,355236,unset,EH35QX,No crossing facility within 50m or physical crossing facility not controlled by authorised person,Pedestrian phase at traffic signal junction,At scene,55.97115074862456,-3.208831242799488
271313,,Slight,2,1,24/05/2013,Friday,24,May,13,21,30,S12000036,Unclassified,,Single carriageway - 2 lanes,30,'T' or staggered junction,Give way sign or markings,Unclassified,,Darkness: street lights present and lit,Fine (without high winds),Dry,None,None,No overtaking,319020,676580,518965,Junction,Cyclist,355237,unset,EH46NJ,No crossing facility within 50m or physical crossing facility not controlled by authorised person,No physical crossing facility within 50m,At scene,55.97535314089635,-3.2991812428430105