acc_ref,beat_no,severity,no_vehicle,no_casualt,a_date,a_day,a_date_day,a_date_mon,a_date_yr,a_time_hr,a_time_min,loc_auth,road1_class,road1_no,road_type,speed_limi,junc_det,junc_ctrl,road2_class,road2_no,light_cond,weather,road_surf,spec_cond,cway_hzrds,ovrtk_patrn,easting,northing,net_id,net_type,acc_type,text_id,division,Postcode,ped_xing_hc,ped_xing_p,place_reported,latitude,longitude
308113,,Slight,2,2,07/06/2013,Friday,7,June,13,10,40,S12000036,A,901,Single carriageway - 2 lanes,30,'T' or staggered junction,Give way sign or markings,Unclassified,,Daylight: street lights present,Fine (without high winds),Dry,None,Other object in carriageway,No overtaking,326800,676080,531352,Junction,Pedestrian,358088,unset,EH65JB,No crossing facility within 50m or physical crossing facility not controlled by authorised person,No physical crossing facility within 50m,At scene,55.97211255159745,-3.1744113781465324
312013,,Serious,4,1,26/05/2013,Sunday,26,May,13,16,20,S12000036,A,702,Roundabout,70,Roundabout,Give way sign or markings,A,720,Daylight: street lights present,Fine (without high winds),Dry,None,None,No overtaking,324920,667510,0,Unset,M.V.N.P.,355267,unset,EH107DUA,No crossing facility within 50m or physical crossing facility not controlled by authorised person,No physical crossing facility within 50m,At scene,55.89483933373722,-3.202139122545689
312913,,Slight,2,1,09/06/2013,Sunday,9,June,13,20,10,S12000036,Unclassified,,Single carriageway - 2 lanes,30,Not at or within 20 metres of junction,unset,\,,Daylight: street lights present,Fine (without high winds),Dry,None,None,No overtaking,320760,671480,0,Unset,Cyclist,358089,unset,EH113QG,No crossing facility within 50m or physical crossing facility not controlled by authorised person,No physical crossing facility within 50m,At scene,55.92983287708475,-3.2698069181682254
313013,,Slight,2,2,12/06/2013,Wednesday,12,June,13,8,30,S12000036,B,701,Single carriageway - 2 lanes,30,Not at or within 20 metres of junction,unset,\,,Daylight: street lights present,Raining (without high winds),Dry,None,None,No overtaking,322140,668870,533038,Junction,T.V.N.P.,358090,unset,EH130AE,No crossing facility within 50m or physical crossing facility not controlled by authorised person,No physical crossing facility within 50m,At scene,55.90661378521782,-3.2469729869105466
313413,,Slight,2,1,12/06/2013,Wednesday,12,June,13,9,0,S12000036,Unclassified,,Single carriageway - 2 lanes,20,'T' or staggered junction,Give way sign or markings,Unclassified,,Daylight: street lights present,Raining with high winds,Dry,None,None,No overtaking,325620,674830,520224,Junction,Cyclist,358091,unset,EH36NE,No crossing facility within 50m or physical crossing facility not controlled by authorised person,No physical crossing facility within 50m,Elsewhere,55.96070249782955,-3.192967519279436
313513,,Slight,3,2,10/06/2013,Monday,10,June,13,15,30,S12000036,A,702,Single carriageway - 2 lanes,40,Roundabout,Give way sign or markings,A,702,Daylight: street lights present,Fine (without high winds),Dry,None,None,No overtaking,324850,667730,522513,Junction,M.V.N.P.,358092,unset,EH107EX,No crossing facility within 50m or physical crossing facility not controlled by authorised person,No physical crossing facility within 50m,Elsewhere,55.89680462769109,-3.2033193618562303
313613,,Slight,2,1,12/06/2013,Wednesday,12,June,13,7,50,S12000036,Unclassified,,Single carriageway - 2 lanes,30,'T' or staggered junction,Automatic Traffic Signal,Unclassified,,Daylight: street lights present,Raining (without high winds),Dry,None,None,No overtaking,326730,672390,522084,Junction,Cyclist,358093,unset,EH165BS,No crossing facility within 50m or physical crossing facility not controlled by authorised person,Pedestrian phase at traffic signal junction,Elsewhere,55.93895512716306,-3.1745283049168607
314613,,Slight,2,1,11/06/2013,Tuesday,11,June,13,10,45,S12000036,Unclassified,,Single carriageway - 2 lanes,30,Other junction,Give way sign or markings,\,,Daylight: street lights present,Fine (without high winds),Dry,None,None,No overtaking,329520,671610,523818,Junction,T.V.N.P.,358094,unset,EH164PA,No crossing facility within 50m or physical crossing facility not controlled by authorised person,Pedestrian phase at traffic signal junction,Elsewhere,55.9323660550957,-3.129670216355712
315013,,Slight,2,2,12/06/2013,Wednesday,12,June,13,20,0,S12000036,Unclassified,,Single carriageway - 2 lanes,30,Other junction,Give way sign or markings,A,702,Daylight: street lights present,Fine (without high winds),Dry,None,None,No overtaking,324460,670800,529798,Junction,T.V.N.P.,358095,unset,EH105LY,No crossing facility within 50m or physical crossing facility not controlled by authorised person,No physical crossing facility within 50m,At scene,55.9243207401226,-3.21041341366592
315413,,Slight,1,1,12/06/2013,Wednesday,12,June,13,11,0,S12000036,Unclassified,,Single carriageway - 2 lanes,30,Not at or within 20 metres of junction,unset,\,,Daylight: street lights present,Fine (without high winds),Dry,None,None,No overtaking,325670,672470,12220033,Junction,Pedestrian,358096,unset,EH91JT,No crossing facility within 50m or physical crossing facility not controlled by authorised person,No physical crossing facility within 50m,Elsewhere,55.93951082022968,-3.191515418320661
315713,,Slight,2,1,24/06/2013,Monday,24,June,13,16,0,S12000036,Unclassified,,Roundabout,30,Roundabout,Give way sign or markings,A,902,Daylight: street lights present,Fine (without high winds),Dry,None,None,No overtaking,322900,675730,519406,Junction,Cyclist,358097,unset,EH42PW,No crossing facility within 50m or physical crossing facility not controlled by authorised person,No physical crossing facility within 50m,At scene,55.96835746066714,-3.2367821167753403
315813,,Slight,1,1,09/05/2013,Thursday,9,May,13,20,24,S12000036,A,900,Dual carriageway - 2 lanes,30,Not at or within 20 metres of junction,unset,\,,Daylight: street lights present,Fine (without high winds),Dry,None,None,No overtaking,325990,674250,12285707,Segment,Bus,355268,unset,EH13SJ,No crossing facility within 50m or physical crossing facility not controlled by authorised person,No physical crossing facility within 50m,At scene,55.95554969024621,-3.186882949160359
316213,,Slight,1,1,13/06/2013,Thursday,13,June,13,15,15,S12000036,Unclassified,,Single carriageway - 2 lanes,30,Not at or within 20 metres of junction,unset,\,,Daylight: street lights present,Fine (without high winds),Dry,None,None,No overtaking,331090,672800,0,Unset,Pedestrian,358098,unset,EH153BD,No crossing facility within 50m or physical crossing facility not controlled by authorised person,No physical crossing facility within 50m,At scene,55.94328381355334,-3.104850619331687
316613,,Serious,1,1,14/06/2013,Friday,14,June,13,9,30,S12000036,Unclassified,,Single carriageway - 2 lanes,30,Not at or within 20 metres of junction,unset,\,,Daylight: street lights present,Fine with high winds,Dry,None,None,No overtaking,319880,671550,559338,Segment,Bus,358099,unset,EH113SH,No crossing facility within 50m or physical crossing facility not controlled by authorised person,No physical crossing facility within 50m,At scene,55.930315679115466,-3.2839081043905116
317413,,Slight,2,1,13/06/2013,Thursday,13,June,13,18,0,S12000036,A,71,Single carriageway - 2 lanes,30,'T' or staggered junction,Give way sign or markings,Unclassified,,Daylight: street lights present,Fine (without high winds),Dry,None,None,No overtaking,322950,672270,521961,Junction,Cyclist,358100,unset,EH112PL,Control by other authorised person,Pedestrian phase at traffic signal junction,Elsewhere,55.93728549528648,-3.2349911834301204
318013,,Slight,2,1,14/06/2013,Friday,14,June,13,16,40,S12000036,Unclassified,,Single carriageway - 2 lanes,30,Crossroads,Automatic Traffic Signal,A,772,Daylight: street lights present,Fine (without high winds),Dry,None,None,No overtaking,329250,668690,530257,Junction,T.V.N.P.,358101,unset,EH178RQ,No crossing facility within 50m or physical crossing facility not controlled by authorised person,No physical crossing facility within 50m,Elsewhere,55.90609587740093,-3.1332251207918542
318413,,Slight,1,1,14/06/2013,Friday,14,June,13,8,47,S12000036,Unclassified,,Single carriageway - 2 lanes,30,Not at or within 20 metres of junction,unset,\,,Daylight: street lights present,Fine (without high winds),Dry,None,None,No overtaking,324280,670330,564716,Segment,Pedestrian,358102,unset,EH105QR,No crossing facility within 50m or physical crossing facility not controlled by authorised person,No physical crossing facility within 50m,Elsewhere,55.92007049677648,-3.213161240189035
318813,,Slight,2,1,14/06/2013,Friday,14,June,13,10,59,S12000036,Unclassified,,Single carriageway - 2 lanes,30,Not at or within 20 metres of junction,unset,\,,Daylight: street lights present,Fine (without high winds),Dry,None,None,No overtaking,320610,670360,0,Unset,T.V.N.P.,358103,unset,EH142AB,No crossing facility within 50m or physical crossing facility not controlled by authorised person,No physical crossing facility within 50m,Elsewhere,55.91974762513552,-3.27187736600959
319013,,Serious,2,1,13/06/2013,Thursday,13,June,13,16,0,S12000036,A,90,Dual carriageway - 2 lanes,50,Not at or within 20 metres of junction,unset,\,,Daylight: street lights present,Fine (without high winds),Dry,None,None,No overtaking,312470,678460,555393,Segment,T.V.N.P.,358104,unset,EH309SQ,No crossing facility within 50m or physical crossing facility not controlled by authorised person,No physical crossing facility within 50m,At scene,55.991088568782985,-3.404714856343505
319413,,Slight,1,1,14/06/2013,Friday,14,June,13,18,0,S12000036,Unclassified,,Single carriageway - 2 lanes,30,Crossroads,Automatic Traffic Signal,Unclassified,,Daylight: street lights present,Fine (without high winds),Dry,None,None,No overtaking,324300,670240,530011,Junction,Bus,358105,unset,EH106ER,No crossing facility within 50m or physical crossing facility not controlled by authorised person,No physical crossing facility within 50m,Elsewhere,55.91926519766614,-3.212816052906064
320413,,Slight,2,1,12/06/2013,Wednesday,12,June,13,20,10,S12000036,C,,Single carriageway - 2 lanes,30,Not at or within 20 metres of junction,unset,\,,Daylight: street lights present,Fine (without high winds),Dry,None,None,No overtaking,326820,673820,521187,Junction,Cyclist,358106,unset,EH88AZ,No crossing facility within 50m or physical crossing facility not controlled by authorised person,No physical crossing facility within 50m,At scene,55.9518143650075,-3.173476368823329
320513,,Slight,2,1,13/06/2013,Thursday,13,June,13,6,50,S12000036,A,7,Single carriageway - 2 lanes,30,Other junction,Give way sign or markings,C,,Daylight: street lights present,Fine (without high winds),Dry,None,None,No overtaking,328490,670400,530119,Junction,T.V.N.P.,358107,unset,EH164SZ,Control by other authorised person,Pedestrian phase at traffic signal junction,At scene,55.92134436170301,-3.145831724657965
320713,,Slight,1,1,12/06/2013,Wednesday,12,June,13,14,45,S12000036,Unclassified,,Single carriageway - 2 lanes,30,Crossroads,Authorised Person,Unclassified,,Daylight: street lights present,Fine (without high winds),Dry,None,None,No overtaking,312510,678360,3948436,Junction,S.V.N.P.,358108,unset,EH309RH,Control by school crossing patrol,"Pelican, puffin, toucan or similar non-junction pedestrian light crossing",At scene,55.990197672336286,-3.404041294507296
321713,,Slight,2,1,14/06/2013,Friday,14,June,13,8,45,S12000036,Unclassified,,Single carriageway - 2 lanes,30,Not at or within 20 metres of junction,unset,\,,Daylight: street lights present,Fine (without high winds),Dry,None,None,No overtaking,327030,676430,12238242,Segment,Cyclist,358109,unset,EH66RA,No crossing facility within 50m or physical crossing facility not controlled by authorised person,No physical crossing facility within 50m,At scene,55.97529160116995,-3.1708220976086907
321913,,Serious,2,1,15/06/2013,Saturday,15,June,13,14,30,S12000036,C,,Single carriageway - 2 lanes,30,Crossroads,Automatic Traffic Signal,Unclassified,,Daylight: street lights present,Fine (without high winds),Dry,None,None,No overtaking,326640,671360,531451,Junction,Cyclist,358110,unset,EH93AF,No crossing facility within 50m or physical crossing facility not controlled by authorised person,Pedestrian phase at traffic signal junction,At scene,55.92968901423107,-3.1756884207514835
322713,,Slight,2,1,15/06/2013,Saturday,15,June,13,21,0,S12000036,A,720,Dual carriageway - 2 lanes,70,Not at or within 20 metres of junction,unset,\,,Daylight: street lights present,Fine (without high winds),Dry,None,None,No overtaking,331270,667900,2579296,Segment,T.V.N.P.,358111,unset,EH181AS,No crossing facility within 50m or physical crossing facility not controlled by authorised person,No physical crossing facility within 50m,At scene,55.89929226191836,-3.100720851305114
322913,,Serious,2,1,15/06/2013,Saturday,15,June,13,16,30,S12000036,C,,Single carriageway - 2 lanes,30,Not at or within 20 metres of junction,unset,\,,Daylight: street lights present,Fine (without high winds),Dry,None,None,No overtaking,325630,673530,567096,Segment,Cyclist,358112,unset,EH11RN,No crossing facility within 50m or physical crossing facility not controlled by authorised person,Central refuge - no other controls,At scene,55.94902641002417,-3.192448250821041
323213,,Slight,2,2,15/06/2013,Saturday,15,June,13,12,20,S12000036,Unclassified,,Single carriageway - 2 lanes,30,Not at or within 20 metres of junction,unset,\,,Daylight: street lights present,Fine (without high winds),Dry,None,None,No overtaking,327010,674240,558982,Segment,T.V.N.P.,358113,unset,EH88EH,No crossing facility within 50m or physical crossing facility not controlled by authorised person,No physical crossing facility within 50m,Elsewhere,55.95561610769236,-3.1705483061982855
324313,,Slight,2,1,17/06/2013,Monday,17,June,13,10,50,S12000036,Unclassified,,Roundabout,30,Roundabout,Give way sign or markings,A,71,Daylight: street lights present,Fine (without high winds),Dry,None,None,No overtaking,320030,670870,529690,Junction,T.V.N.P.,358114,unset,EH113TA,No crossing facility within 50m or physical crossing facility not controlled by authorised person,\7,At scene,55.92423254950781,-3.2813063856645273
325913,,Slight,1,1,16/06/2013,Sunday,16,June,13,13,25,S12000036,Unclassified,,Single carriageway - 2 lanes,30,Not at or within 20 metres of junction,unset,\,,Daylight: street lights present,Fine (without high winds),Dry,None,None,No overtaking,322400,677310,12226736,Segment,Pedestrian,358115,unset,EH51QF,No crossing facility within 50m or physical crossing facility not controlled by authorised person,No physical crossing facility within 50m,At scene,55.98246932367543,-3.2452464029188546
326213,,Slight,2,1,18/06/2013,Tuesday,18,June,13,16,30,S12000036,Unclassified,,Single carriageway - 2 lanes,30,'T' or staggered junction,Give way sign or markings,Unclassified,,Daylight: street lights present,Fine (without high winds),Dry,None,None,No overtaking,323340,674080,520437,Junction,T.V.N.P.,358116,unset,EH43EQ,Control by other authorised person,Pedestrian phase at traffic signal junction,At scene,55.95360658810195,-3.2292647756658286
326513,,Slight,2,3,18/06/2013,Tuesday,18,June,13,13,45,S12000036,A,7,Single carriageway - 2 lanes,30,Not at or within 20 metres of junction,unset,\,,Daylight: street lights present,Fine (without high winds),Dry,None,None,No overtaking,325900,673820,569270,Segment,Bus,358117,unset,EH88DN,No crossing facility within 50m or physical crossing facility not controlled by authorised person,No physical crossing facility within 50m,At scene,55.951673189641554,-3.188205644570456
327113,,Slight,2,1,17/06/2013,Monday,17,June,13,8,20,S12000036,Unclassified,,Single carriageway - 2 lanes,30,'T' or staggered junction,Give way sign or markings,Unclassified,,Daylight: street lights present,Fine (without high winds),Dry,None,None,No overtaking,328280,674150,523383,Junction,Cyclist,358118,unset,EH87AD,No crossing facility within 50m or physical crossing facility not controlled by authorised person,No physical crossing facility within 50m,Elsewhere,55.95499916036605,-3.1501892940529936
327313,,Slight,2,2,18/06/2013,Tuesday,18,June,13,14,0,S12000036,A,90,Dual carriageway - 2 lanes,70,Not at or within 20 metres of junction,unset,\,,Daylight: street lights present,Fine (without high winds),Dry,None,None,No overtaking,312470,677970,555675,Segment,T.V.N.P.,358119,unset,EH309SF,No crossing facility within 50m or physical crossing facility not controlled by authorised person,No physical crossing facility within 50m,At scene,55.986687391476686,-3.4045552340872214
327413,,Slight,1,1,18/06/2013,Tuesday,18,June,13,16,40,S12000036,C,,Roundabout,30,Roundabout,Give way sign or markings,A,900,Daylight: street lights present,Fog (or mist if hazard),Dry,None,None,No overtaking,326020,674360,520656,Junction,Bus,358120,unset,EH13JT,No crossing facility within 50m or physical crossing facility not controlled by authorised person,Pedestrian phase at traffic signal junction,At scene,55.95654242648228,-3.1864328317531223
327713,,Serious,1,1,25/06/2013,Tuesday,25,June,13,17,39,S12000036,Unclassified,,Single carriageway - 2 lanes,30,Crossroads,Give way sign or markings,Unclassified,,Daylight: street lights present,Fine (without high winds),Dry,None,None,No overtaking,326100,676270,12238048,Junction,Pedestrian,358121,unset,EH64DG,No crossing facility within 50m or physical crossing facility not controlled by authorised person,No physical crossing facility within 50m,At scene,55.973711916081434,-3.185676527703367
329013,,Slight,2,1,18/06/2013,Tuesday,18,June,13,15,35,S12000036,Unclassified,,Single carriageway - 2 lanes,30,Other junction,Give way sign or markings,Unclassified,,Daylight: street lights present,Fine (without high winds),Dry,None,None,No overtaking,324490,672380,10308877,Junction,Cyclist,358122,unset,EH104LG,No crossing facility within 50m or physical crossing facility not controlled by authorised person,No physical crossing facility within 50m,At scene,55.93851824146102,-3.2103759605693436
330313,,Slight,3,1,19/06/2013,Wednesday,19,June,13,17,0,S12000036,A,90,Single carriageway - 2 lanes,30,Not at or within 20 metres of junction,unset,\,,Daylight: street lights present,Fine (without high winds),Dry,None,None,No overtaking,324250,674050,555591,Segment,Cyclist,358123,unset,EH43AS,No crossing facility within 50m or physical crossing facility not controlled by authorised person,No physical crossing facility within 50m,At scene,55.953481613480115,-3.21468665313737
331013,,Slight,2,1,19/06/2013,Wednesday,19,June,13,12,30,S12000036,C,,Single carriageway - 2 lanes,30,Crossroads,Give way sign or markings,Unclassified,,Daylight: street lights present,Fine (without high winds),Dry,None,None,No overtaking,326060,673520,521136,Junction,T.V.N.P.,358124,unset,EH11NA,No crossing facility within 50m or physical crossing facility not controlled by authorised person,No physical crossing facility within 50m,At scene,55.94900301989077,-3.1855616663717963
331213,,Slight,2,1,20/06/2013,Thursday,20,June,13,10,0,S12000036,Unclassified,,Single carriageway - 2 lanes,30,Other junction,Automatic Traffic Signal,Unclassified,,Daylight: street lights present,Other,Dry,None,None,No overtaking,325490,673650,521025,Junction,Cyclist,358125,unset,EH12LU,No crossing facility within 50m or physical crossing facility not controlled by authorised person,Pedestrian phase at traffic signal junction,At scene,55.950082631979534,-3.1947226961163313
331413,,Slight,2,2,19/06/2013,Wednesday,19,June,13,10,54,S12000036,A,720,Dual carriageway - 2 lanes,70,Slip road,Give way sign or markings,Unclassified,,Daylight: street lights present,Fine (without high winds),Dry,None,None,No overtaking,320220,669050,2578952,Junction,T.V.N.P.,358126,unset,EH145BP,No crossing facility within 50m or physical crossing facility not controlled by authorised person,No physical crossing facility within 50m,At scene,55.907915866006185,-3.2777287605399414
331613,,Slight,1,1,20/06/2013,Thursday,20,June,13,16,0,S12000036,Unclassified,,Single carriageway - 2 lanes,30,Not at or within 20 metres of junction,unset,\,,Daylight: street lights present,Fine (without high winds),Dry,None,None,No overtaking,312280,674170,0,Unset,Pedestrian,358127,unset,EH299DW,No crossing facility within 50m or physical crossing facility not controlled by authorised person,No physical crossing facility within 50m,At scene,55.95252101017048,-3.4063605669613826
332113,,Serious,1,1,30/06/2013,Sunday,30,June,13,1,55,S12000036,C,,Single carriageway - 2 lanes,30,'T' or staggered junction,Give way sign or markings,Unclassified,,Darkness: street lights present but unlit,Fine (without high winds),Dry,None,None,No overtaking,325460,673080,521475,Junction,Pedestrian,358128,unset,EH39EE,No crossing facility within 50m or physical crossing facility not controlled by authorised person,No physical crossing facility within 50m,At scene,55.94495777681473,-3.195045224332068
333513,,Slight,2,2,20/06/2013,Thursday,20,June,13,22,44,S12000036,A,902,Single carriageway - 2 lanes,30,Other junction,Automatic Traffic Signal,Unclassified,,Darkness: street lights present and lit,Fine (without high winds),Dry,None,None,No overtaking,322510,674970,520062,Junction,T.V.N.P.,358129,unset,EH42NG,No crossing facility within 50m or physical crossing facility not controlled by authorised person,Pedestrian phase at traffic signal junction,At scene,55.96146782191555,-3.2428096965215842
334613,,Slight,3,1,20/06/2013,Thursday,20,June,13,8,0,S12000036,Motorway,9,Roundabout,50,Roundabout,Automatic Traffic Signal,Unclassified,,Darkness: street lights present but unlit,Fine (without high winds),Dry,None,None,No overtaking,312530,672610,517573,Junction,M.V.N.P.,358130,unset,EH288PJ,No crossing facility within 50m or physical crossing facility not controlled by authorised person,No physical crossing facility within 50m,At scene,55.93855460633845,-3.4018518715009933
335513,,Slight,1,1,21/06/2013,Friday,21,June,13,23,55,S12000036,A,772,Roundabout,30,Roundabout,Give way sign or markings,Unclassified,,Darkness: street lights present and lit,Fine (without high winds),Dry,None,None,No overtaking,329770,668360,530350,Junction,S.V.N.P.,358131,unset,EH178RZ,No crossing facility within 50m or physical crossing facility not controlled by authorised person,No physical crossing facility within 50m,At scene,55.90320771550558,-3.1248236745808997
336413,,Slight,1,1,22/06/2013,Saturday,22,June,13,19,0,S12000036,C,,Single carriageway - 2 lanes,30,Not at or within 20 metres of junction,unset,\,,Daylight: street lights present,Fine (without high winds),Dry,None,None,No overtaking,324840,673900,566537,Segment,Pedestrian,358132,unset,EH24JN,No crossing facility within 50m or physical crossing facility not controlled by authorised person,No physical crossing facility within 50m,At scene,55.952226969801316,-3.2051984979489467
336613,,Slight,1,1,21/06/2013,Friday,21,June,13,19,0,S12000036,C,,Single carriageway - 2 lanes,30,'T' or staggered junction,Automatic Traffic Signal,A,199,Daylight: street lights present,Fine (without high winds),Dry,None,None,No overtaking,328210,675980,523242,Junction,Pedestrian,358133,unset,EH67QP,No crossing facility within 50m or physical crossing facility not controlled by authorised person,Pedestrian phase at traffic signal junction,At scene,55.97142743227301,-3.1517984005677895
338613,,Slight,2,1,24/06/2013,Monday,24,June,13,9,0,S12000036,A,90,Single carriageway - 2 lanes,30,Not at or within 20 metres of junction,unset,\,,Daylight: street lights present,Fine (without high winds),Dry,None,None,No overtaking,324080,674250,555582,Segment,T.V.N.P.,358134,unset,EH43AD,No crossing facility within 50m or physical crossing facility not controlled by authorised person,No physical crossing facility within 50m,At scene,55.955251292189075,-3.217464851876825
339313,,Serious,2,1,26/06/2013,Wednesday,26,June,13,8,40,S12000036,C,,Single carriageway - 2 lanes,30,Not at or within 20 metres of junction,unset,\,,Daylight: street lights present,Fine (without high winds),Dry,None,None,No overtaking,324710,672980,559484,Segment,T.V.N.P.,358135,unset,EH39QA,No crossing facility within 50m or physical crossing facility not controlled by authorised person,No physical crossing facility within 50m,At scene,55.9439424521523,-3.2070226320354935
339613,,Slight,2,1,25/06/2013,Tuesday,25,June,13,17,30,S12000036,A,901,Single carriageway - 2 lanes,30,Other junction,Give way sign or markings,Unclassified,,Daylight: street lights present,Fine (without high winds),Dry,None,None,No overtaking,325200,677000,518953,Junction,T.V.N.P.,358136,unset,EH53BX,No crossing facility within 50m or physical crossing facility not controlled by authorised person,No physical crossing facility within 50m,At scene,55.980129767392754,-3.2002967902106376
342013,,Serious,1,1,24/06/2013,Monday,24,June,13,17,40,S12000036,Unclassified,,One way Street,30,Not at or within 20 metres of junction,unset,\,,Daylight: street lights present,Fine (without high winds),Dry,None,None,No overtaking,323930,673320,0,Unset,Bus,358137,unset,EH125EH,No crossing facility within 50m or physical crossing facility not controlled by authorised person,No physical crossing facility within 50m,At scene,55.9468736118895,-3.2196038306424524
342313,,Slight,2,1,26/06/2013,Wednesday,26,June,13,18,10,S12000036,C,,Single carriageway - 2 lanes,30,'T' or staggered junction,Give way sign or markings,Unclassified,,Daylight: street lights present,Fine (without high winds),Dry,None,None,No overtaking,323940,672560,521826,Junction,Cyclist,358138,unset,EH111BP,No crossing facility within 50m or physical crossing facility not controlled by authorised person,No physical crossing facility within 50m,At scene,55.94004832398673,-3.2192291902570216
342513,,Slight,2,1,26/06/2013,Wednesday,26,June,13,8,40,S12000036,Unclassified,,Single carriageway - 2 lanes,30,Multiple junction,Automatic Traffic Signal,Unclassified,,Daylight: street lights present,Fine (without high winds),Dry,None,None,No overtaking,325990,671010,533401,Junction,Cyclist,358139,unset,EH93ER,No crossing facility within 50m or physical crossing facility not controlled by authorised person,Pedestrian phase at traffic signal junction,Elsewhere,55.92644529158219,-3.1859929908614864
343513,,Slight,2,1,27/06/2013,Thursday,27,June,13,13,10,S12000036,Unclassified,,Single carriageway - 2 lanes,20,'T' or staggered junction,Give way sign or markings,Unclassified,,Daylight: street lights present,Raining (without high winds),Dry,None,None,No overtaking,323890,672820,0,Unset,T.V.N.P.,358140,unset,EH112DY,No crossing facility within 50m or physical crossing facility not controlled by authorised person,No physical crossing facility within 50m,At scene,55.942375909821365,-3.220102882170675
343813,,Slight,1,1,08/06/2013,Saturday,8,June,13,11,0,S12000036,B,701,Single carriageway - 2 lanes,40,Not at or within 20 metres of junction,unset,\,,Daylight: street lights present,Fine (without high winds),Dry,None,None,No overtaking,319220,673640,551726,Segment,Pedestrian,358141,unset,EH128SZ,No crossing facility within 50m or physical crossing facility not controlled by authorised person,"Pelican, puffin, toucan or similar non-junction pedestrian light crossing",At scene,55.94897850815855,-3.295094929735829
343913,,Slight,2,1,27/06/2013,Thursday,27,June,13,8,30,S12000036,A,7,Single carriageway - 2 lanes,30,Crossroads,Automatic Traffic Signal,A,701,Daylight: street lights present,Fine (without high winds),Dry,None,None,No overtaking,326430,672410,532786,Junction,Cyclist,358142,unset,EH91QR,No crossing facility within 50m or physical crossing facility not controlled by authorised person,"Pelican, puffin, toucan or similar non-junction pedestrian light crossing",At scene,55.9390889083116,-3.1793352112831577
344313,,Slight,2,1,24/06/2013,Monday,24,June,13,16,25,S12000036,A,8,Single carriageway - 2 lanes,30,Other junction,Automatic Traffic Signal,A,8,Daylight: street lights present,Fine (without high winds),Dry,Road works present,Other object in carriageway,No overtaking,324810,673700,520935,Junction,Cyclist,358143,unset,EH24BL,No crossing facility within 50m or physical crossing facility not controlled by authorised person,"Pelican, puffin, toucan or similar non-junction pedestrian light crossing",At scene,55.95042571817401,-3.205622955425654
344513,,Slight,2,1,29/06/2013,Saturday,29,June,13,13,0,S12000036,Unclassified,,Single carriageway - 3 lanes,40,Slip road,Give way sign or markings,Unclassified,,Daylight: street lights present,Fine with high winds,Dry,None,None,No overtaking,317620,672540,9658454,Junction,T.V.N.P.,358144,unset,EH129BS,No crossing facility within 50m or physical crossing facility not controlled by authorised person,No physical crossing facility within 50m,At scene,55.93882597448135,-3.3203715919429624
344613,,Slight,2,1,27/06/2013,Thursday,27,June,13,17,0,S12000036,A,71,Dual carriageway - 2 lanes,40,Not at or within 20 metres of junction,unset,\,,Daylight: street lights present,Fine (without high winds),Dry,None,None,No overtaking,319470,670680,549815,Segment,T.V.N.P.,358145,unset,EH114NT,No crossing facility within 50m or physical crossing facility not controlled by authorised person,No physical crossing facility within 50m,At scene,55.92243233501024,-3.2902086002510273
345313,,Slight,2,1,30/06/2013,Sunday,30,June,13,16,10,S12000036,B,901,Roundabout,30,Roundabout,Give way sign or markings,A,900,Daylight: street lights present,Raining (without high winds),Dry,None,None,No overtaking,325990,674350,520617,Junction,T.V.N.P.,358146,unset,EH13JT,No crossing facility within 50m or physical crossing facility not controlled by authorised person,"Pelican, puffin, toucan or similar non-junction pedestrian light crossing",At scene,55.95644797180371,-3.1869104431147237
345513,,Slight,2,1,27/06/2013,Thursday,27,June,13,8,30,S12000036,Unclassified,,Single carriageway - 2 lanes,30,'T' or staggered junction,Give way sign or markings,Unclassified,,Daylight: street lights present,Fine (without high winds),Dry,None,None,No overtaking,324440,671860,522294,Junction,Cyclist,358147,unset,EH105DN,No crossing facility within 50m or physical crossing facility not controlled by authorised person,Pedestrian phase at traffic signal junction,Elsewhere,55.933839337769435,-3.2110304083898638
346013,,Slight,1,1,28/06/2013,Friday,28,June,13,8,45,S12000036,A,8,Dual carriageway - 2 lanes,30,'T' or staggered junction,Automatic Traffic Signal,Unclassified,,Daylight: street lights present,Raining (without high winds),Dry,None,Other object in carriageway,No overtaking,324990,673770,520938,Junction,Cyclist,358148,unset,EH23AA,No crossing facility within 50m or physical crossing facility not controlled by authorised person,Pedestrian phase at traffic signal junction,At scene,55.95108267878561,-3.2027607608409756
351613,,Slight,2,3,28/06/2013,Friday,28,June,13,3,0,S12000036,C,,Single carriageway - 2 lanes,30,Not at or within 20 metres of junction,unset,\,,Darkness: street lights present and lit,Fine (without high winds),Dry,None,None,No overtaking,324800,673880,566558,Segment,T.V.N.P.,358149,unset,EH24LH,No crossing facility within 50m or physical crossing facility not controlled by authorised person,No physical crossing facility within 50m,At scene,55.952041048294554,-3.205833317723797
402213,,Serious,1,1,17/06/2013,Monday,17,June,13,8,15,S12000036,A,8,Single carriageway - 2 lanes,30,'T' or staggered junction,Give way sign or markings,C,,Daylight: street lights present,Fine (without high winds),Dry,Road suface defective,Other object in carriageway,No overtaking,321480,672990,521754,Junction,Cyclist,358150,unset,EH125YS,No crossing facility within 50m or physical crossing facility not controlled by authorised person,Pedestrian phase at traffic signal junction,At scene,55.94351484635593,-3.258726382859644